base_x,base_y,base_z,base_qx,base_qy,base_qz,base_qw,J00_HIP_PITCH_L,J01_HIP_ROLL_L,J02_HIP_YAW_L,J03_KNEE_PITCH_L,J04_ANKLE_PITCH_L,J05_ANKLE_ROLL_L,J06_HIP_PITCH_R,J07_HIP_ROLL_R,J08_HIP_YAW_R,J09_KNEE_PITCH_R,J10_ANKLE_PITCH_R,J11_ANKLE_ROLL_R,J12_WAIST_YAW,J13_SHOULDER_PITCH_L,J14_SHOULDER_ROLL_L,J15_SHOULDER_YAW_L,J16_ELBOW_PITCH_L,J17_ELBOW_YAW_L,J18_SHOULDER_PITCH_R,J19_SHOULDER_ROLL_R,J20_SHOULDER_YAW_R,J21_ELBOW_PITCH_R,J22_ELBOW_YAW_R,J23_HEAD_YAW,base_vx,base_vy,base_vz,base_wx,base_wy,base_wz,dJ00_HIP_PITCH_L,dJ01_HIP_ROLL_L,dJ02_HIP_YAW_L,dJ03_KNEE_PITCH_L,dJ04_ANKLE_PITCH_L,dJ05_ANKLE_ROLL_L,dJ06_HIP_PITCH_R,dJ07_HIP_ROLL_R,dJ08_HIP_YAW_R,dJ09_KNEE_PITCH_R,dJ10_ANKLE_PITCH_R,dJ11_ANKLE_ROLL_R,dJ12_WAIST_YAW,dJ13_SHOULDER_PITCH_L,dJ14_SHOULDER_ROLL_L,dJ15_SHOULDER_YAW_L,dJ16_ELBOW_PITCH_L,dJ17_ELBOW_YAW_L,dJ18_SHOULDER_PITCH_R,dJ19_SHOULDER_ROLL_R,dJ20_SHOULDER_YAW_R,dJ21_ELBOW_PITCH_R,dJ22_ELBOW_YAW_R,dJ23_HEAD_YAW,left_foot_contact,right_foot_contact,base_quat_x,base_quat_y,base_quat_z,base_quat_w,LINK_BASE_qx,LINK_BASE_qy,LINK_BASE_qz,LINK_BASE_qw,LINK_HIP_PITCH_L_qx,LINK_HIP_PITCH_L_qy,LINK_HIP_PITCH_L_qz,LINK_HIP_PITCH_L_qw,LINK_HIP_ROLL_L_qx,LINK_HIP_ROLL_L_qy,LINK_HIP_ROLL_L_qz,LINK_HIP_ROLL_L_qw,LINK_HIP_YAW_L_qx,LINK_HIP_YAW_L_qy,LINK_HIP_YAW_L_qz,LINK_HIP_YAW_L_qw,LINK_KNEE_PITCH_L_qx,LINK_KNEE_PITCH_L_qy,LINK_KNEE_PITCH_L_qz,LINK_KNEE_PITCH_L_qw,LINK_ANKLE_PITCH_L_qx,LINK_ANKLE_PITCH_L_qy,LINK_ANKLE_PITCH_L_qz,LINK_ANKLE_PITCH_L_qw,LINK_ANKLE_ROLL_L_qx,LINK_ANKLE_ROLL_L_qy,LINK_ANKLE_ROLL_L_qz,LINK_ANKLE_ROLL_L_qw,LINK_FOOT_L_qx,LINK_FOOT_L_qy,LINK_FOOT_L_qz,LINK_FOOT_L_qw,LINK_HIP_PITCH_R_qx,LINK_HIP_PITCH_R_qy,LINK_HIP_PITCH_R_qz,LINK_HIP_PITCH_R_qw,LINK_HIP_ROLL_R_qx,LINK_HIP_ROLL_R_qy,LINK_HIP_ROLL_R_qz,LINK_HIP_ROLL_R_qw,LINK_HIP_YAW_R_qx,LINK_HIP_YAW_R_qy,LINK_HIP_YAW_R_qz,LINK_HIP_YAW_R_qw,LINK_KNEE_PITCH_R_qx,LINK_KNEE_PITCH_R_qy,LINK_KNEE_PITCH_R_qz,LINK_KNEE_PITCH_R_qw,LINK_ANKLE_PITCH_R_qx,LINK_ANKLE_PITCH_R_qy,LINK_ANKLE_PITCH_R_qz,LINK_ANKLE_PITCH_R_qw,LINK_ANKLE_ROLL_R_qx,LINK_ANKLE_ROLL_R_qy,LINK_ANKLE_ROLL_R_qz,LINK_ANKLE_ROLL_R_qw,LINK_FOOT_R_qx,LINK_FOOT_R_qy,LINK_FOOT_R_qz,LINK_FOOT_R_qw,LINK_TORSO_YAW_qx,LINK_TORSO_YAW_qy,LINK_TORSO_YAW_qz,LINK_TORSO_YAW_qw,LINK_SHOULDER_PITCH_L_qx,LINK_SHOULDER_PITCH_L_qy,LINK_SHOULDER_PITCH_L_qz,LINK_SHOULDER_PITCH_L_qw,LINK_SHOULDER_ROLL_L_qx,LINK_SHOULDER_ROLL_L_qy,LINK_SHOULDER_ROLL_L_qz,LINK_SHOULDER_ROLL_L_qw,LINK_SHOULDER_YAW_L_qx,LINK_SHOULDER_YAW_L_qy,LINK_SHOULDER_YAW_L_qz,LINK_SHOULDER_YAW_L_qw,LINK_ELBOW_PITCH_L_qx,LINK_ELBOW_PITCH_L_qy,LINK_ELBOW_PITCH_L_qz,LINK_ELBOW_PITCH_L_qw,LINK_ELBOW_YAW_L_qx,LINK_ELBOW_YAW_L_qy,LINK_ELBOW_YAW_L_qz,LINK_ELBOW_YAW_L_qw,LINK_ELBOW_END_L_qx,LINK_ELBOW_END_L_qy,LINK_ELBOW_END_L_qz,LINK_ELBOW_END_L_qw,LINK_SHOULDER_PITCH_R_qx,LINK_SHOULDER_PITCH_R_qy,LINK_SHOULDER_PITCH_R_qz,LINK_SHOULDER_PITCH_R_qw,LINK_SHOULDER_ROLL_R_qx,LINK_SHOULDER_ROLL_R_qy,LINK_SHOULDER_ROLL_R_qz,LINK_SHOULDER_ROLL_R_qw,LINK_SHOULDER_YAW_R_qx,LINK_SHOULDER_YAW_R_qy,LINK_SHOULDER_YAW_R_qz,LINK_SHOULDER_YAW_R_qw,LINK_ELBOW_PITCH_R_qx,LINK_ELBOW_PITCH_R_qy,LINK_ELBOW_PITCH_R_qz,LINK_ELBOW_PITCH_R_qw,LINK_ELBOW_YAW_R_qx,LINK_ELBOW_YAW_R_qy,LINK_ELBOW_YAW_R_qz,LINK_ELBOW_YAW_R_qw,LINK_ELBOW_END_R_qx,LINK_ELBOW_END_R_qy,LINK_ELBOW_END_R_qz,LINK_ELBOW_END_R_qw,LINK_HEAD_YAW_qx,LINK_HEAD_YAW_qy,LINK_HEAD_YAW_qz,LINK_HEAD_YAW_qw
0.0001632781059016,0.0000000000000000,0.8199999928474426,0.0118736270815134,0.0112807713449001,-0.0133476536720991,0.9997767806053162,-0.1018774658441544,-0.0021198978647590,0.1763407588005066,0.2530442178249359,-0.2881035208702087,0.0088952658697963,-0.1575563251972198,-0.0374599471688271,-0.0392497740685940,0.2413167804479599,-0.2383476942777634,0.1045473366975784,0.0000000000000000,-0.0196123179048300,0.1467626988887787,-0.4978415369987488,-0.5329694747924805,-0.0911879912018776,-0.0196123179048300,-0.1467626988887787,0.4978415369987488,-0.5329694747924805,-0.0645686313509941,0.0000000000000000,-0.0795149132609367,0.0000000000000000,-0.1115333959460258,-1.0562257433450861,-0.1340942636592065,0.3175849774114305,-1.9198195934295654,-0.3521302044391632,-1.5644457340240479,2.7517495155334473,-1.0365869998931885,0.1815140992403030,-1.8566938638687134,-0.6596160531044006,-0.4608314335346222,3.3019855022430420,-1.7130879163742065,0.0708286464214325,0.0000000000000000,0.7356104254722595,0.5720695257186890,-0.1544791311025620,-1.6644500494003296,0.8141239285469055,0.7356104254722595,-0.5720695257186890,0.1544791311025620,-1.6644500494003296,-0.9004228711128235,0.0000000000000000,0.0000000000000000,0.0000000000000000,0.0118736270815134,0.0112807713449001,-0.0133476536720991,0.9997767806053162,0.0118736270815134,0.0112807713449001,-0.0133476536720991,0.9997767806053162,0.0113504249602556,-0.0380611196160316,-0.0007390389218926,0.9992106556892395,0.0102913063019514,-0.0380603149533272,-0.0007793813711032,0.9992221593856812,0.0068998839706182,-0.0388186834752560,0.0872113332152367,0.9954093098640442,-0.0041600153781474,0.0870971530675888,0.0873848944902420,0.9923510551452637,0.0084275295957923,-0.0562610030174255,0.0870769917964935,0.9945759177207947,0.0128509402275085,-0.0558731630444527,0.0873263552784920,0.9945285916328430,0.0128509402275085,-0.0558731630444527,0.0873263552784920,0.9945285916328430,0.0105924084782600,-0.0645105838775635,-0.0345724858343601,0.9972617030143738,-0.0080870427191257,-0.0638517662882805,-0.0357746332883835,0.9972851872444153,-0.0068324818275869,-0.0639981627464294,-0.0553380958735943,0.9963911175727844,-0.0001219908590429,0.0563985742628574,-0.0557581633329391,0.9968501329421997,-0.0067503228783607,-0.0625189095735550,-0.0553481802344322,0.9964849948883057,0.0453251041471958,-0.0653254464268684,-0.0520059689879417,0.9954765439033508,0.0453251041471958,-0.0653254464268684,-0.0520059689879417,0.9954765439033508,0.0118736270815134,0.0112807713449001,-0.0133476536720991,0.9997767806053162,0.0117354812100530,0.0015030726790428,-0.0140788042917848,0.9998309016227722,0.0850070118904114,0.0004668329493143,-0.0141511140391231,0.9962797760963440,0.0824911594390869,0.0367676690220833,-0.2573568522930145,0.9620866775512695,0.0106423236429691,-0.2158378511667252,-0.2858385145664215,0.9335936307907104,0.0301661305129528,-0.2153042107820511,-0.3248732089996338,0.9204300642013550,0.0301661305129528,-0.2153042107820511,-0.3248732089996338,0.9204300642013550,0.0117493728175759,0.0014884509146214,-0.0128476256504655,0.9998473525047302,-0.0615865625441074,0.0024263754021376,-0.0127039235085249,0.9980179667472839,-0.0588953010737896,0.0329323634505272,0.2321196049451828,0.9703438878059387,0.0040379199199378,-0.2224497646093369,0.2554738521575928,0.9408681392669678,0.0180681850761175,-0.2223157435655594,0.2272734045982361,0.9479430913925171,0.0180681850761175,-0.2223157435655594,0.2272734045982361,0.9479430913925171,0.0118736270815134,0.0112807713449001,-0.0133476536720991,0.9997767806053162
-0.0014270202431362,0.0000000000000000,0.8177693247795105,0.0151850162073970,0.0124528929591179,-0.0028070507105440,0.9998033046722412,-0.1402738600969315,-0.0091625025495887,0.1450518429279327,0.3080792129039764,-0.3088352620601654,0.0125255480408669,-0.1946902036666870,-0.0506522692739964,-0.0484664030373096,0.3073564946651459,-0.2726094543933869,0.1059639096260071,0.0000000000000000,-0.0049001086503267,0.1582040905952454,-0.5009311199188232,-0.5662584781646729,-0.0749055117368698,-0.0049001086503267,-0.1582040905952454,0.5009311199188232,-0.5662584781646729,-0.0825770899653435,0.0000000000000000,-0.0795149132609367,0.0000000000000000,-0.1115333959460258,-1.0562257433450861,-0.1340942636592065,0.3175849774114305,-1.9198195934295654,-0.3521302044391632,-1.5644457340240479,2.7517495155334473,-1.0365869998931885,0.1815140992403030,-1.8566938638687134,-0.6596160531044006,-0.4608314335346222,3.3019855022430420,-1.7130879163742065,0.0708286464214325,0.0000000000000000,0.7356104254722595,0.5720695257186890,-0.1544791311025620,-1.6644500494003296,0.8141239285469055,0.7356104254722595,-0.5720695257186890,0.1544791311025620,-1.6644500494003296,-0.9004228711128235,0.0000000000000000,0.0000000000000000,0.0000000000000000,0.0151850162073970,0.0124528929591179,-0.0028070507105440,0.9998033046722412,0.0151850162073970,0.0124528929591179,-0.0028070507105440,0.9998033046722412,0.0153148323297501,-0.0555440522730350,0.0142564242705703,0.9982370138168335,0.0107441442087293,-0.0556432418525219,0.0139605132862926,0.9982953071594238,0.0068659484386444,-0.0562759861350060,0.0862724035978317,0.9946572780609131,-0.0064329337328672,0.0970035046339035,0.0862787216901779,0.9915165901184082,0.0069080060347915,-0.0566511228680611,0.0862521901726723,0.9946374297142029,0.0131370769813657,-0.0561107248067856,0.0866056010127068,0.9945745468139648,0.0131370769813657,-0.0561107248067856,0.0866056010127068,0.9945745468139648,0.0146534740924835,-0.0810719430446625,-0.0294196233153343,0.9961662888526917,-0.0105724222958088,-0.0803201049566269,-0.0315358340740204,0.9962141513824463,-0.0085722468793392,-0.0805581063032150,-0.0556616112589836,0.9951575994491577,0.0000617479236098,0.0727233365178108,-0.0563339740037918,0.9957599639892578,-0.0075989877805114,-0.0632577463984489,-0.0558106526732445,0.9964064359664917,0.0451785102486610,-0.0661247298121452,-0.0523820072412491,0.9954107403755188,0.0451785102486610,-0.0661247298121452,-0.0523820072412491,0.9954107403755188,0.0151850162073970,0.0124528929591179,-0.0028070507105440,0.9998033046722412,0.0151251573115587,0.0100094377994537,-0.0029816578608006,0.9998311996459961,0.0940839350223541,0.0097822910174727,-0.0037989979609847,0.9955090284347534,0.0887745320796967,0.0482524260878563,-0.2484697103500366,0.9633553624153137,0.0144502948969603,-0.2205244898796082,-0.2802449464797974,0.9341429471969604,0.0306290760636330,-0.2199622988700867,-0.3123428225517273,0.9236452579498291,0.0306290760636330,-0.2199622988700867,-0.3123428225517273,0.9236452579498291,0.0151281710714102,0.0100067453458905,-0.0026739952154458,0.9998320341110229,-0.0639253184199333,0.0101454071700573,-0.0018455220852047,0.9979014396667480,-0.0593854337930679,0.0411729700863361,0.2440638542175293,0.9670631885528564,0.0111456597223878,-0.2292092144489288,0.2678452432155609,0.9357337951660156,0.0293722786009312,-0.2285088151693344,0.2319951653480530,0.9450393319129944,0.0293722786009312,-0.2285088151693344,0.2319951653480530,0.9450393319129944,0.0151850162073970,0.0124528929591179,-0.0028070507105440,0.9998033046722412
-0.0031152839772403,0.0000000000000000,0.8159739613533020,0.0160705354064703,0.0135846594348550,0.0047952556051314,0.9997670650482178,-0.1708368360996246,-0.0144692990928888,0.1219656065106392,0.3504743576049805,-0.3248075902462005,0.0153876569122076,-0.2250288516283035,-0.0604245275259018,-0.0538726627826691,0.3586096704006195,-0.2988262355327606,0.1068307459354401,0.0000000000000000,0.0052902002818882,0.1670997262001038,-0.5036689043045044,-0.5923333525657654,-0.0631847821176052,0.0052902002818882,-0.1670997262001038,0.5036689043045044,-0.5923333525657654,-0.0952845111489296,0.0000000000000000,-0.0824538737535477,0.0000000000000000,-0.0984742566943169,-0.8780508465132002,-0.1292649034915841,0.1744411806656033,-1.6848170757293701,-0.3000559628009796,-1.3183653593063354,2.3725540399551392,-0.8938046216964721,0.1584689021110535,-1.6528369665145874,-0.5570141434669494,-0.3465203583240509,2.8583893775939941,-1.4717385530471800,0.0543365478515625,0.0000000000000000,0.5999534249305725,0.4956968545913696,-0.1439251765608787,-1.4480262041091918,0.6772714376449585,0.5999534249305725,-0.4956968545913696,0.1439251765608787,-1.4480262041091918,-0.7413917541503906,0.0000000000000000,0.0000000000000000,0.0000000000000000,0.0160705354064703,0.0135846594348550,0.0047952556051314,0.9997670650482178,0.0160705354064703,0.0135846594348550,0.0047952556051314,0.9997670650482178,0.0167145859450102,-0.0692049711942673,0.0255414247512817,0.9971354603767395,0.0095005044713616,-0.0693896114826202,0.0250376388430595,0.9972300529479980,0.0052625262178481,-0.0698465928435326,0.0857678428292274,0.9938498735427856,-0.0097690671682358,0.1044926717877388,0.0853520333766937,0.9908081293106079,0.0041606030426919,-0.0570868328213692,0.0858159735798836,0.9946654438972473,0.0118131712079048,-0.0564247108995914,0.0862526744604111,0.9946040511131287,0.0118131712079048,-0.0564247108995914,0.0862526744604111,0.9946040511131287,0.0161009747534990,-0.0944642275571823,-0.0260171033442020,0.9950579404830933,-0.0139642981812358,-0.0936352089047432,-0.0288634598255157,0.9950901269912720,-0.0114408815279603,-0.0939748734235764,-0.0556542165577412,0.9939519762992859,-0.0013302359730005,0.0847984179854393,-0.0568252019584179,0.9947755336761475,-0.0097734369337559,-0.0642264261841774,-0.0559834316372871,0.9963159561157227,0.0434337891638279,-0.0671238228678703,-0.0524746254086494,0.9954167604446411,0.0434337891638279,-0.0671238228678703,-0.0524746254086494,0.9954167604446411,0.0160705354064703,0.0135846594348550,0.0047952556051314,0.9997670650482178,0.0160596612840891,0.0162212811410427,0.0050027053803205,0.9997269511222839,0.0994335189461708,0.0165834948420525,0.0036300369538367,0.9948993921279907,0.0921154990792274,0.0563567206263542,-0.2423491925001144,0.9641605615615845,0.0157171040773392,-0.2250569164752960,-0.2762505412101746,0.9342311620712280,0.0295146480202675,-0.2245059758424759,-0.3033191859722137,0.9255934953689575,0.0295146480202675,-0.2245059758424759,-0.3033191859722137,0.9255934953689575,0.0160551182925701,0.0162264928221703,0.0046706059947610,0.9997285604476929,-0.0674308985471725,0.0157786346971989,0.0060097295790911,0.9975810647010803,-0.0614727810025215,0.0476611182093620,0.2528524994850159,0.9643730521202087,0.0149715393781662,-0.2343861758708954,0.2774684727191925,0.9315848946571350,0.0361828505992889,-0.2333337366580963,0.2362640202045441,0.9425631761550903,0.0361828505992889,-0.2333337366580963,0.2362640202045441,0.9425631761550903,0.0160705354064703,0.0135846594348550,0.0047952556051314,0.9997670650482178
-0.0049994783941656,0.0000000000000000,0.8150492072105407,0.0121071673929691,0.0146380756050348,0.0065200841054320,0.9997982978820801,-0.1857329756021500,-0.0163044793531299,0.1152847290039063,0.3675898015499115,-0.3312610924243927,0.0167134191840887,-0.2417770385742188,-0.0633566580712795,-0.0516581840813160,0.3802897691726684,-0.3089530587196350,0.1065981090068817,0.0000000000000000,0.0064367085695267,0.1709038496017456,-0.5057030916213989,-0.6039799690246582,-0.0605875521898270,0.0064367085695267,-0.1709038496017456,0.5057030916213989,-0.6039799690246582,-0.0973898574709892,0.0000000000000000,-0.0912707552313805,0.0000000000000000,-0.0592968389391899,-0.3435261560175423,-0.1147768229887169,-0.2549902095718782,-0.9798095226287843,-0.1438332378864288,-0.5801242351531983,1.2349676132202150,-0.4654574871063233,0.0893333107233047,-1.0412662744522097,-0.2492084145545960,-0.0035871326923371,1.5276010036468508,-0.7476904630661011,0.0048602521419525,0.0000000000000000,0.1929824233055115,0.2665788412094117,-0.1122633129358292,-0.7987546682357789,0.2667139649391175,0.1929824233055115,-0.2665788412094117,0.1122633129358292,-0.7987546682357789,-0.2642984032630921,0.0000000000000000,0.0000000000000000,0.0000000000000000,0.0121071673929691,0.0146380756050348,0.0065200841054320,0.9997982978820801,0.0121071673929691,0.0146380756050348,0.0065200841054320,0.9997982978820801,0.0129978992044926,-0.0752676576375961,0.0294158160686493,0.9966447353363037,0.0048728962428868,-0.0755066201090813,0.0287987999618053,0.9967174530029297,0.0005234812269919,-0.0756688863039017,0.0861728861927986,0.9934023618698120,-0.0152324447408319,0.1071617305278778,0.0847974047064781,0.9905017018318176,-0.0010425765067339,-0.0576129928231239,0.0861558318138123,0.9946138858795166,0.0072690448723733,-0.0568908229470253,0.0866342931985855,0.9945878386497498,0.0072690448723733,-0.0568908229470253,0.0866342931985855,0.9945878386497498,0.0123282279819250,-0.1015563085675240,-0.0261300876736641,0.9944100975990295,-0.0191734749823809,-0.1006777584552765,-0.0293382573872805,0.9943015575408936,-0.0165704842656851,-0.1011368781328201,-0.0550079271197319,0.9932124614715576,-0.0058735935017467,0.0884039252996445,-0.0571711510419846,0.9944252967834473,-0.0145992860198021,-0.0656538605690002,-0.0555760003626347,0.9961866736412048,0.0384921245276928,-0.0685214176774025,-0.0519995354115963,0.9955497980117798,0.0384921245276928,-0.0685214176774025,-0.0519995354115963,0.9955497980117798,0.0121071673929691,0.0146380756050348,0.0065200841054320,0.9997982978820801,0.0120887067168951,0.0178469792008400,0.0067599737085402,0.9997447729110718,0.0973707512021065,0.0183601118624210,0.0052105942741036,0.9950652718544006,0.0896081402897835,0.0577194988727570,-0.2418653964996338,0.9644376635551453,0.0119028408080339,-0.2293008565902710,-0.2754803299903870,0.9334826469421387,0.0252543576061726,-0.2288839817047119,-0.3013999462127686,0.9252742528915405,0.0252543576061726,-0.2288839817047119,-0.3013999462127686,0.9252742528915405,0.0120827555656433,0.0178517438471317,0.0063558891415596,0.9997474551200867,-0.0732877105474472,0.0172426644712687,0.0078575797379017,0.9971307516098022,-0.0667746067047119,0.0506577752530575,0.2554120421409607,0.9631925225257874,0.0122381318360567,-0.2364978194236755,0.2817115187644958,0.9298160672187805,0.0340150669217110,-0.2354936152696609,0.2396994680166245,0.9412384629249573,0.0340150669217110,-0.2354936152696609,0.2396994680166245,0.9412384629249573,0.0121071673929691,0.0146380756050348,0.0065200841054320,0.9997982978820801
-0.0075861467979848,0.0000000000000000,0.8144547581672669,0.0078547289595008,0.0156558509916067,0.0078082159161568,0.9998160600662231,-0.1977664530277252,-0.0176806565374136,0.1101547583937645,0.3777712821960449,-0.3338212072849274,0.0183241058140993,-0.2547251671552658,-0.0649648904800415,-0.0497190609574318,0.3929297745227814,-0.3139428317546845,0.1053631275892258,0.0000000000000000,0.0057706526480615,0.1738342881202698,-0.5076004028320312,-0.6143610596656799,-0.0587025277316570,0.0057706526480615,-0.1738342881202698,0.5076004028320312,-0.6143610596656799,-0.0984974637627602,0.0000000000000000,-0.1152839332818985,0.0000000000000000,-0.0363285511732101,-0.1389226632831007,-0.1076614489908295,-0.4150870601657304,-0.6589270949363708,-0.0779889181256294,-0.2875166535377502,0.6477532625198364,-0.2058734714984894,0.0748358428478241,-0.7234075665473938,-0.1068895787000656,0.1024632602930069,0.8128020763397217,-0.3522296547889709,-0.0417021771892905,0.0000000000000000,0.0029484875500202,0.1639956116676330,-0.0976030752062798,-0.5443650007247924,0.1084953248500824,0.0029484875500202,-0.1639956116676330,0.0976030752062798,-0.5443650007247924,-0.0753351107239723,0.0000000000000000,0.0000000000000000,0.0000000000000000,0.0078547289595008,0.0156558509916067,0.0078082159161568,0.9998160600662231,0.0078547289595008,0.0156558509916067,0.0078082159161568,0.9998160600662231,0.0089670270681381,-0.0799582451581955,0.0325820110738277,0.9962253570556641,0.0001599915558472,-0.0802443400025368,0.0318723991513252,0.9962655305862427,-0.0042521543800831,-0.0801383182406425,0.0866684615612030,0.9929997920989990,-0.0204487945884466,0.1077370494604111,0.0843171700835228,0.9903864860534668,-0.0061563532799482,-0.0582997091114521,0.0865437239408493,0.9945217370986938,0.0029555915389210,-0.0575039386749268,0.0870744138956070,0.9945363402366638,0.0029555915389210,-0.0575039386749268,0.0870744138956070,0.9945363402366638,0.0082392776384950,-0.1068848073482513,-0.0260723624378443,0.9938953518867493,-0.0240433923900127,-0.1059818342328072,-0.0295313242822886,0.9936387538909912,-0.0214043129235506,-0.1065439879894257,-0.0542214140295982,0.9925977587699890,-0.0104079945012927,0.0892639160156250,-0.0573686733841896,0.9943000078201294,-0.0192478764802217,-0.0672700405120850,-0.0550326928496361,0.9960299730300903,0.0332270190119743,-0.0700751617550850,-0.0514151938259602,0.9956614971160889,0.0332270190119743,-0.0700751617550850,-0.0514151938259602,0.9956614971160889,0.0078547289595008,0.0156558509916067,0.0078082159161568,0.9998160600662231,0.0078355632722378,0.0185333024710417,0.0080142365768552,0.9997653961181641,0.0945933610200882,0.0191597845405340,0.0063748736865819,0.9953112006187439,0.0866615474224091,0.0579429380595684,-0.2417516410350800,0.9647219777107239,0.0077584385871887,-0.2340548932552338,-0.2748509347438812,0.9325314760208130,0.0208253078162670,-0.2337682843208313,-0.2999189198017120,0.9246444702148438,0.0208253078162670,-0.2337682843208313,-0.2999189198017120,0.9246444702148438,0.0078299576416612,0.0185364410281181,0.0076519614085555,0.9997682571411133,-0.0789872258901596,0.0178013555705547,0.0092323152348399,0.9966740608215332,-0.0721407905220985,0.0527410507202148,0.2574460804462433,0.9621516466140747,0.0091466046869755,-0.2389184683561325,0.2854883372783661,0.9280790686607361,0.0312834717333317,-0.2379999011754990,0.2431086152791977,0.9398273825645447,0.0312834717333317,-0.2379999011754990,0.2431086152791977,0.9398273825645447,0.0078547289595008,0.0156558509916067,0.0078082159161568,0.9998160600662231
-0.0105240521952510,0.0000000000000000,0.8140254616737366,0.0034577078185976,0.0166556164622307,0.0088778967037797,0.9998158812522888,-0.2083685994148254,-0.0188273321837187,0.1058002412319183,0.3844857811927795,-0.3344346284866333,0.0200772546231747,-0.2657732665538788,-0.0659111738204956,-0.0479176156222820,0.4010497331619263,-0.3163640797138214,0.1036269739270210,0.0000000000000000,0.0041983146220446,0.1763278841972351,-0.5094292759895325,-0.6241093873977661,-0.0571736060082912,0.0041983146220446,-0.1763278841972351,0.5094292759895325,-0.6241093873977661,-0.0991062000393867,0.0000000000000000,-0.1468952596187592,0.0000000000000000,-0.0214648228138685,-0.0992797694292672,-0.1042324282454321,-0.4405166409377678,-0.5301073193550110,-0.0573337785899639,-0.2177258431911469,0.3357249498367310,-0.0306710600852966,0.0876574367284775,-0.5524049401283264,-0.0473141670227051,0.0900722593069077,0.4059978723526001,-0.1210623979568481,-0.0868076747283340,0.0000000000000000,-0.0786168985068798,0.1246797963976860,-0.0914436504244804,-0.4874163568019867,0.0764460787177086,-0.0786168985068798,-0.1246797963976860,0.0914436504244804,-0.4874163568019867,-0.0304368138313293,0.0000000000000000,0.0000000000000000,0.0000000000000000,0.0034577078185976,0.0166556164622307,0.0088778967037797,0.9998158812522888,0.0034577078185976,0.0166556164622307,0.0088778967037797,0.9998158812522888,0.0047790692187846,-0.0839616209268570,0.0353935845196247,0.9958287477493286,-0.0045954030938447,-0.0842910781502724,0.0346016436815262,0.9958296418190002,-0.0090459035709500,-0.0839301794767380,0.0872081816196442,0.9926069974899292,-0.0255413390696049,0.1072643920779228,0.0838733240962029,0.9903571605682373,-0.0112252784892917,-0.0590659342706203,0.0869545191526413,0.9943963885307312,-0.0012425059685484,-0.0581900663673878,0.0875430628657341,0.9944589138031006,-0.0012425059685484,-0.0581900663673878,0.0875430628657341,0.9944589138031006,0.0039922650903463,-0.1113302782177925,-0.0259290263056755,0.9934371113777161,-0.0287432800978422,-0.1104154810309410,-0.0295832380652428,0.9930292367935181,-0.0260898601263762,-0.1110723763704300,-0.0533642694354057,0.9920355081558228,-0.0149377835914493,0.0887505859136581,-0.0574916414916515,0.9942811131477356,-0.0238075572997332,-0.0689797848463058,-0.0544208250939846,0.9958480596542358,0.0277996696531773,-0.0717056840658188,-0.0507753081619740,0.9957446455955505,0.0277996696531773,-0.0717056840658188,-0.0507753081619740,0.9957446455955505,0.0034577078185976,0.0166556164622307,0.0088778967037797,0.9998158812522888,0.0034412962850183,0.0187497511506081,0.0090169049799442,0.9997776150703430,0.0914581194519997,0.0194708649069071,0.0073309722356498,0.9955915808677673,0.0834948644042015,0.0575963780283928,-0.2418215572834015,0.9650044441223145,0.0034488341771066,-0.2390577197074890,-0.2742847204208374,0.9314544796943665,0.0163114070892334,-0.2388993352651596,-0.2986488938331604,0.9238343238830566,0.0163114070892334,-0.2388993352651596,-0.2986488938331604,0.9238343238830566,0.0034369055647403,0.0187506638467312,0.0087533378973603,0.9997799396514893,-0.0846068412065506,0.0179071072489023,0.0103703318163753,0.9961994886398315,-0.0775379538536072,0.0543668121099472,0.2592134773731232,0.9611662030220032,0.0058759213425219,-0.2414897233247757,0.2890273034572601,0.9263430237770081,0.0282694753259420,-0.2406752556562424,0.2465004026889801,0.9383569955825806,0.0282694753259420,-0.2406752556562424,0.2465004026889801,0.9383569955825806,0.0034577078185976,0.0166556164622307,0.0088778967037797,0.9998158812522888
-0.0134237475693226,0.0000000000000000,0.8132351756095886,0.0040313587523997,0.0181559938937426,0.0098848063498735,0.9997781515121460,-0.2229859501123428,-0.0196081254631281,0.1000669211149216,0.3965685963630676,-0.3387275218963623,0.0228655930608511,-0.2803426325321198,-0.0664947152137756,-0.0452139712870121,0.4134741365909577,-0.3212381541728974,0.1023320883512497,0.0000000000000000,0.0029978697653860,0.1787514299154282,-0.5164052367210388,-0.6347662329673767,-0.0588076412677765,0.0029978697653860,-0.1787514299154282,0.5164052367210388,-0.6347662329673767,-0.1002487227320671,0.0000000000000000,-0.1457489639520645,0.0000000000000000,-0.0322945088148117,-0.1003974181463161,-0.1316400636545482,-0.1419931500579986,-0.6505634307861328,-0.0463573075830936,-0.2590899229049682,0.4967743873596191,-0.1410552155226469,0.1187131255865097,-0.6580429196357727,-0.0364319059997797,0.1171382337808609,0.5351312279701232,-0.1946471810340881,-0.0735696375370026,0.0000000000000000,-0.0674601010978222,0.1225782856345177,-0.2458562597632408,-0.5146719098091126,-0.0184426262974739,-0.0674601010978222,-0.1225782856345177,0.2458562597632408,-0.5146719098091126,-0.0464504033327103,0.0000000000000000,0.0000000000000000,0.0000000000000000,0.0040313587523997,0.0181559938937426,0.0098848063498735,0.9997781515121460,0.0040313587523997,0.0181559938937426,0.0098848063498735,0.9997781515121460,0.0055977413430810,-0.0895207822322845,0.0381770506501198,0.9952373504638672,-0.0041595837101340,-0.0898914635181427,0.0372960977256298,0.9952443838119507,-0.0086393104866147,-0.0895701944828033,0.0870251357555389,0.9921336770057678,-0.0255413390696049,0.1072643920779228,0.0838733240962029,0.9903571605682373,-0.0111515484750271,-0.0608436502516270,0.0867387205362320,0.9943089485168457,0.0002165811602026,-0.0598482042551041,0.0874302983283997,0.9943712949752808,0.0002165811602026,-0.0598482042551041,0.0874302983283997,0.9943712949752808,0.0046716532669961,-0.1167976781725883,-0.0269115418195724,0.9927800893783569,-0.0283320322632790,-0.1158383190631866,-0.0307802259922028,0.9923868179321289,-0.0257111042737961,-0.1164495050907135,-0.0532058663666248,0.9914370775222778,-0.0142428185790777,0.0895401462912560,-0.0573478713631630,0.9942288398742676,-0.0232310183346272,-0.0706187710165977,-0.0543329492211342,0.9957516193389893,0.0277258753776550,-0.0733051896095276,-0.0506508275866508,0.9956365823745728,0.0277258753776550,-0.0733051896095276,-0.0506508275866508,0.9956365823745728,0.0040313587523997,0.0181559938937426,0.0098848063498735,0.9997781515121460,0.0040186373516917,0.0196512565016747,0.0099846897646785,0.9997489452362061,0.0932369381189346,0.0204647481441498,0.0081900386139750,0.9953999519348145,0.0847960859537125,0.0595125183463097,-0.2442525327205658,0.9641622304916382,0.0024888410698622,-0.2418895661830902,-0.2773106992244720,0.9298290014266968,0.0157971400767565,-0.2417733371257782,-0.3023029565811157,0.9219051599502563,0.0157971400767565,-0.2417733371257782,-0.3023029565811157,0.9219051599502563,0.0040152957662940,0.0196519885212183,0.0097964918240905,0.9997509121894836,-0.0852352455258369,0.0186982341110706,0.0115121090784669,0.9961189031600952,-0.0778274983167648,0.0557717457413673,0.2636139392852783,0.9598646163940430,0.0084581617265940,-0.2446728944778442,0.2935398817062378,0.9240659475326538,0.0312522873282433,-0.2436581254005432,0.2506513893604279,0.9363908767700195,0.0312522873282433,-0.2436581254005432,0.2506513893604279,0.9363908767700195,0.0040313587523997,0.0181559938937426,0.0098848063498735,0.9997781515121460
-0.0170328523963690,0.0000000000000000,0.8122746348381042,0.0045958487316966,0.0197727959603071,0.0109185073524714,0.9997342824935913,-0.2402557790279388,-0.0203644961118698,0.0936093077063560,0.4110402047634125,-0.3436533749103546,0.0258753325790167,-0.2972295045852661,-0.0668901950120926,-0.0418712720274925,0.4275845885276794,-0.3263115465641022,0.1011878401041031,0.0000000000000000,0.0014739759732038,0.1824591904878616,-0.5234938740730286,-0.6479358553886414,-0.0614762902259827,0.0014739759732038,-0.1824591904878616,0.5234938740730286,-0.6479358553886414,-0.1018655106425285,0.0000000000000000,-0.1662670493125916,0.0000000000000000,-0.0446219414472580,-0.1027121561281239,-0.1569154396850001,0.0565175460907058,-0.8104418516159060,-0.0383069820702076,-0.3083947777748108,0.6758044958114626,-0.2336334407329560,0.1460589498281479,-0.7979934215545657,-0.0235352203249931,0.1543538630008698,0.6718015670776368,-0.2496832489967346,-0.0602251581847668,0.0000000000000000,-0.0697257056832314,0.1597037181258202,-0.3521783053874969,-0.6082255721092226,-0.1127401649951936,-0.0697257056832314,-0.1597037181258202,0.3521783053874969,-0.6082255721092226,-0.0713540874421597,0.0000000000000000,0.0000000000000000,0.0000000000000000,0.0045958487316966,0.0197727959603071,0.0109185073524714,0.9997342824935913,0.0045958487316966,0.0197727959603071,0.0109185073524714,0.9997342824935913,0.0064471163786948,-0.0962380915880203,0.0413125455379486,0.9944797158241272,-0.0036789141595364,-0.0966543257236481,0.0403290688991547,0.9944938421249390,-0.0081810569390655,-0.0963754504919052,0.0868164598941803,0.9915179014205933,-0.0257244743406773,0.1079982593655586,0.0833191573619843,0.9903194308280945,-0.0111000146716833,-0.0629193708300591,0.0864909440279007,0.9942018985748291,0.0017630953807384,-0.0617953427135944,0.0872997492551804,0.9942620396614075,0.0017630953807384,-0.0617953427135944,0.0872997492551804,0.9942620396614075,0.0053512873128057,-0.1232532188296318,-0.0281747914850712,0.9919608235359192,-0.0278217419981956,-0.1222421452403069,-0.0322805196046829,0.9915850162506104,-0.0252651274204254,-0.1227983683347702,-0.0530324354767799,0.9906916022300720,-0.0134390015155077,0.0901898890733719,-0.0571816191077232,0.9941908121109009,-0.0225486420094967,-0.0724971741437912,-0.0542405322194099,0.9956373572349548,0.0278319548815489,-0.0751475095748901,-0.0505052134394646,0.9955037236213684,0.0278319548815489,-0.0751475095748901,-0.0505052134394646,0.9955037236213684,0.0045958487316966,0.0197727959603071,0.0109185073524714,0.9997342824935913,0.0045891948975623,0.0205079410225153,0.0109678786247969,0.9997190237045288,0.0956475660204887,0.0214231908321381,0.0090527422726154,0.9951434731483459,0.0867068022489548,0.0615729019045830,-0.2467036396265030,0.9632383584976196,0.0017378125339746,-0.2456999272108078,-0.2806260585784912,0.9278348684310913,0.0157615542411804,-0.2456207722425461,-0.3066591620445251,0.9194466471672058,0.0157615542411804,-0.2456207722425461,-0.3066591620445251,0.9194466471672058,0.0045874775387347,0.0205083340406418,0.0108753480017185,0.9997200965881348,-0.0865091532468796,0.0194305628538132,0.0126994028687477,0.9959806799888611,-0.0787491053342819,0.0572972260415554,0.2680803239345551,0.9584615826606750,0.0108517501503229,-0.2488403022289276,0.2983608245849609,0.9213801622390747,0.0342045165598392,-0.2476177960634232,0.2549413442611694,0.9340879321098328,0.0342045165598392,-0.2476177960634232,0.2549413442611694,0.9340879321098328,0.0045958487316966,0.0197727959603071,0.0109185073524714,0.9997342824935913
-0.0220607761293650,0.0000000000000000,0.8109735846519470,0.0051420284435153,0.0216224938631058,0.0120058208703995,0.9996808767318726,-0.2628305643796921,-0.0210720214992762,0.0857031077146530,0.4302893996238709,-0.3498451471328735,0.0293278742581606,-0.3187513887882233,-0.0669095516204834,-0.0372504629194736,0.4450671374797821,-0.3317835748195648,0.1003448665142059,0.0000000000000000,-0.0006968156900257,0.1887353807687759,-0.5308078646659851,-0.6661310315132141,-0.0662141665816307,-0.0006968156900257,-0.1887353807687759,0.5308078646659851,-0.6661310315132141,-0.1044308289885521,0.0000000000000000,-0.2301138967275620,0.0000000000000000,-0.0599448673427105,-0.1074210726394494,-0.1779262969581236,0.0550026527772802,-1.0491648912429810,-0.0361089475452900,-0.3735811829566956,0.8907958865165712,-0.2905997961759568,0.1659850448369980,-1.0065689682960510,-0.0066096778959036,0.2118688017129898,0.8235459327697755,-0.2676218718290329,-0.0466677963733673,0.0000000000000000,-0.0988361068069935,0.2752830371260644,-0.3623192012310028,-0.8343754529953005,-0.2058553934097291,-0.0988361068069935,-0.2752830371260644,0.3623192012310028,-0.8343754529953005,-0.1140379570424557,0.0000000000000000,0.0000000000000000,0.0000000000000000,0.0051420284435153,0.0216224938631058,0.0120058208703995,0.9996808767318726,0.0051420284435153,0.0216224938631058,0.0120058208703995,0.9996808767318726,0.0073578273877501,-0.1052711606025696,0.0451518669724464,0.9933906793594360,-0.0031085894443095,-0.1057416126132011,0.0440388135612011,0.9934130907058716,-0.0076194992288947,-0.1055104210972786,0.0865563079714775,0.9906147122383118,-0.0259210355579853,0.1084073334932327,0.0829334408044815,0.9903019666671753,-0.0110928853973746,-0.0655911192297935,0.0861792787909508,0.9940563440322876,0.0034844505134970,-0.0643205866217613,0.0871338397264481,0.9941118955612183,0.0034844505134970,-0.0643205866217613,0.0871338397264481,0.9941118955612183,0.0060313763096929,-0.1316848099231720,-0.0299994572997093,0.9908193349838257,-0.0271134451031685,-0.1306076794862747,-0.0343873724341393,0.9904665946960449,-0.0246847961097956,-0.1310905516147614,-0.0528290830552578,0.9896540641784668,-0.0124175027012825,0.0905601084232330,-0.0569704845547676,0.9941825270652771,-0.0216546170413494,-0.0748544782400131,-0.0541390813887119,0.9954882860183716,0.0282977856695652,-0.0774754658341408,-0.0503173395991325,0.9953216314315796,0.0282977856695652,-0.0774754658341408,-0.0503173395991325,0.9953216314315796,0.0051420284435153,0.0216224938631058,0.0120058208703995,0.9996808767318726,0.0051461928524077,0.0212750192731619,0.0119818905368447,0.9996886849403381,0.0993216037750244,0.0223107151687145,0.0099226934835315,0.9947557449340820,0.0898368880152702,0.0639220327138901,-0.2491961121559143,0.9621562361717224,0.0014047408476472,-0.2514664232730865,-0.2845190465450287,0.9251008629798889,0.0166831482201815,-0.2514122724533081,-0.3124163150787354,0.9159200787544250,0.0166831482201815,-0.2514122724533081,-0.3124163150787354,0.9159200787544250,0.0051472508348525,0.0212747659534216,0.0120256282389164,0.9996880292892456,-0.0890739262104034,0.0200452487915754,0.0139776999130845,0.9957252740859985,-0.0809361264109612,0.0590647161006927,0.2726830840110779,0.9568724036216736,0.0128679824993014,-0.2549794912338257,0.3038025498390198,0.9178909063339233,0.0370959006249905,-0.2535347342491150,0.2595129907131195,0.9311267733573914,0.0370959006249905,-0.2535347342491150,0.2595129907131195,0.9311267733573914,0.0051420284435153,0.0216224938631058,0.0120058208703995,0.9996808767318726
-0.0271917987614870,0.0000000000000000,0.8091042876243592,0.0056885443627834,0.0243365131318569,0.0134669225662947,0.9995970129966736,-0.2910646259784698,-0.0216041021049023,0.0761456117033958,0.4557338178157807,-0.3588713943958283,0.0334032122045755,-0.3453375101089478,-0.0662385910749435,-0.0308569662272930,0.4677807211875916,-0.3405542790889740,0.0984333902597427,0.0000000000000000,-0.0043758328538388,0.1979340463876724,-0.5408724665641784,-0.6855690360069275,-0.0704837620258331,-0.0043758328538388,-0.1979340463876724,0.5408724665641784,-0.6855690360069275,-0.1072716936469078,0.0000000000000000,-0.2544891476631165,0.0000000000000000,-0.0820999115705490,-0.1311573034906127,-0.2369312539815121,0.0546702265998347,-1.2985174894332885,-0.0301129251718521,-0.4448488593101501,1.1483163595199584,-0.3946228444576263,0.1913109630346298,-1.2280212402343749,0.0197416827664710,0.2842210710048675,1.0310584068298339,-0.3725616931915283,-0.0742037557065487,0.0000000000000000,-0.1537863388657570,0.4014837563037872,-0.4482178270816803,-0.9470436215400696,-0.2228453755378723,-0.1537863388657570,-0.4014837563037872,0.4482178270816803,-0.9470436215400696,-0.1365323007106781,0.0000000000000000,0.0000000000000000,0.0000000000000000,0.0056885443627834,0.0243365131318569,0.0134669225662947,0.9995970129966736,0.0056885443627834,0.0243365131318569,0.0134669225662947,0.9995970129966736,0.0084518473595381,-0.1161575615406036,0.0500367395579815,0.9919336438179016,-0.0022631078027189,-0.1166920363903046,0.0487773381173611,0.9919671416282654,-0.0066618649289012,-0.1165173649787903,0.0865047574043274,0.9893919229507446,-0.0260310582816601,0.1099982708692551,0.0827648192644119,0.9901376962661743,-0.0108418017625809,-0.0684819966554642,0.0860814824700356,0.9938725233078003,0.0057578985579312,-0.0670347437262535,0.0872175917029381,0.9939147233963013,0.0057578985579312,-0.0670347437262535,0.0872175917029381,0.9939147233963013,0.0067629744298756,-0.1416613906621933,-0.0321341529488564,0.9893703460693359,-0.0260025449097157,-0.1405205726623535,-0.0368038006126881,0.9890518188476562,-0.0238572135567665,-0.1409075260162354,-0.0520619601011276,0.9883650541305542,-0.0111510716378689,0.0919969230890274,-0.0561628751456738,0.9941116571426392,-0.0205038003623486,-0.0777914747595787,-0.0534660592675209,0.9953238964080811,0.0284879617393017,-0.0803284496068954,-0.0495767518877983,0.9951272010803223,0.0284879617393017,-0.0803284496068954,-0.0495767518877983,0.9951272010803223,0.0056885443627834,0.0243365131318569,0.0134669225662947,0.9995970129966736,0.0057167019695044,0.0221546031534672,0.0133162755519152,0.9996495842933655,0.1044594943523407,0.0233669187873602,0.0110583035275340,0.9941931366920471,0.0942362248897552,0.0670694112777710,-0.2526635825634003,0.9606156349182129,0.0016658196691424,-0.2568343281745911,-0.2898053228855133,0.9219796657562256,0.0181014984846115,-0.2568024992942810,-0.3193380236625671,0.9120022058486938,0.0181014984846115,-0.2568024992942810,-0.3193380236625671,0.9120022058486938,0.0057239742018282,0.0221529453992844,0.0135909095406532,0.9996457099914551,-0.0930744409561157,0.0206950493156910,0.0157158859074116,0.9953200817108154,-0.0844312459230423,0.0614719539880753,0.2789574265480042,0.9546074271202087,0.0145341008901596,-0.2607807219028473,0.3112564682960510,0.9137295484542847,0.0396990478038788,-0.2590889334678650,0.2660207748413086,0.9276474714279175,0.0396990478038788,-0.2590889334678650,0.2660207748413086,0.9276474714279175,0.0056885443627834,0.0243365131318569,0.0134669225662947,0.9995970129966736
-0.0323743708431721,0.0000000000000000,0.8069508671760559,0.0062351739034057,0.0274824555963278,0.0151147870346904,0.9994885325431824,-0.3221283257007599,-0.0220484603196383,0.0657624676823616,0.4842758476734161,-0.3693148791790009,0.0377899482846260,-0.3744557499885559,-0.0652224719524384,-0.0235771257430315,0.4931098222732544,-0.3509743213653564,0.0959876626729965,0.0000000000000000,-0.0088089627679437,0.2085939496755600,-0.5523123741149902,-0.7056284546852112,-0.0745192170143127,-0.0088089627679437,-0.2085939496755600,0.5523123741149902,-0.7056284546852112,-0.1102503314614296,0.0000000000000000,-0.2591286003589630,0.0000000000000000,-0.1076710149645805,-0.1644071915116949,-0.3149332608800332,0.0549290339903791,-1.5531848669052124,-0.0222179088741541,-0.5191571712493896,1.4271013736724854,-0.5221742391586304,0.2193367928266525,-1.4559118747711182,0.0508059524581768,0.3639920055866241,1.2664549350738525,-0.5210021138191223,-0.1222863756120205,0.0000000000000000,-0.2216564863920212,0.5329951643943787,-0.5719953179359436,-1.0029709339141846,-0.2017727345228195,-0.2216564863920212,-0.5329951643943787,0.5719953179359436,-1.0029709339141846,-0.1489318758249283,0.0000000000000000,0.0000000000000000,0.0000000000000000,0.0062351739034057,0.0274824555963278,0.0151147870346904,0.9994885325431824,0.0062351739034057,0.0274824555963278,0.0151147870346904,0.9994885325431824,0.0096365176141262,-0.1279570758342743,0.0554385334253311,0.9901821613311768,-0.0012798426905647,-0.1285604536533356,0.0540245659649372,0.9902282357215881,-0.0055056158453226,-0.1284488886594772,0.0865494236350060,0.9879168868064880,-0.0260977130383253,0.1121797263622284,0.0827044323086739,0.9898962378501892,-0.0104686869308352,-0.0714820772409439,0.0860901921987534,0.9936645030975342,0.0083073303103447,-0.0698427408933640,0.0874253958463669,0.9936849474906921,0.0083073303103447,-0.0698427408933640,0.0874253958463669,0.9936849474906921,0.0075197676196694,-0.1523990035057068,-0.0344212725758553,0.9876908063888550,-0.0246883407235146,-0.1511956453323364,-0.0393720082938671,0.9874108433723450,-0.0229042861610651,-0.1514761745929718,-0.0510091595351696,0.9868780970573425,-0.0097621129825711,0.0939665362238884,-0.0550567135214806,0.9940038919448853,-0.0192244146019220,-0.0810176283121109,-0.0525067858397961,0.9951429963111877,0.0285401139408350,-0.0834433734416962,-0.0485594719648361,0.9949194192886353,0.0285401139408350,-0.0834433734416962,-0.0485594719648361,0.9949194192886353,0.0062351739034057,0.0274824555963278,0.0151147870346904,0.9994885325431824,0.0062939543277025,0.0230903867632151,0.0148108135908842,0.9996038675308228,0.1103264987468719,0.0245068371295929,0.0123264379799366,0.9935167431831360,0.0992663875222206,0.0706132054328918,-0.2566084265708923,0.9588076472282410,0.0022238946985453,-0.2619917392730713,-0.2957756519317627,0.9186251163482666,0.0197670944035053,-0.2619767785072327,-0.3268228173255920,0.9078349471092224,0.0197670944035053,-0.2619767785072327,-0.3268228173255920,0.9078349471092224,0.0063091553747654,0.0230869371443987,0.0153636513277888,0.9995954632759094,-0.0977910086512566,0.0213620048016310,0.0176836997270584,0.9948205351829529,-0.0885754600167274,0.0641954690217972,0.2860514521598816,0.9519495368003845,0.0160239599645138,-0.2663925886154175,0.3196921348571777,0.9091618061065674,0.0421554781496525,-0.2644452452659607,0.2734796106815338,0.9238508939743042,0.0421554781496525,-0.2644452452659607,0.2734796106815338,0.9238508939743042,0.0062351739034057,0.0274824555963278,0.0151147870346904,0.9994885325431824
-0.0390740841627121,0.0000000000000000,0.8035581231117248,0.0064829546026886,0.0324645191431046,0.0176789313554764,0.9992954730987549,-0.3642254889011383,-0.0243494346737862,0.0512152723968029,0.5204772114753723,-0.3827398180961609,0.0444960184395313,-0.4155274868011474,-0.0632872804999352,-0.0121716555207968,0.5275193095207215,-0.3641323626041412,0.0932267129421234,0.0000000000000000,-0.0148985944688320,0.2258715331554413,-0.5663640379905701,-0.7350493907928467,-0.0815728321671486,-0.0148985944688320,-0.2258715331554413,0.5663640379905701,-0.7350493907928467,-0.1183068782091141,0.0000000000000000,-0.3046428263187408,0.0000000000000000,-0.1448507189750671,-0.2182534040071123,-0.4257986533758907,0.0371931946220618,-1.8841888427734375,-0.0779163930565119,-0.6440786957740783,1.6568814277648924,-0.6116178274154662,0.2889168083667755,-1.8145167827606201,0.0783781200647354,0.4877608776092529,1.5388665199279785,-0.6031420469284058,-0.1317430406808853,0.0000000000000000,-0.2713515341281891,0.7315255522727966,-0.6503480076789856,-1.2838163852691649,-0.2923175394535065,-0.2713515341281891,-0.7315255522727966,0.6503480076789856,-1.2838163852691649,-0.3012691527605056,0.0000000000000000,0.0000000000000000,0.0000000000000000,0.0064829546026886,0.0324645191431046,0.0176789313554764,0.9992954730987549,0.0064829546026886,0.0324645191431046,0.0176789313554764,0.9992954730987549,0.0110409287735820,-0.1431920379400253,0.0630794689059258,0.9876209497451782,-0.0009815582307056,-0.1439549326896667,0.0613197013735771,0.9876821041107178,-0.0045924223959446,-0.1438780725002289,0.0865997970104218,0.9857882857322693,-0.0267191715538502,0.1146208494901657,0.0824971795082092,0.9896173477172852,-0.0105403782799840,-0.0757007375359535,0.0860751867294312,0.9933525323867798,0.0115598049014807,-0.0737669169902802,0.0877472907304764,0.9933404922485352,0.0115598049014807,-0.0737669169902802,0.0877472907304764,0.9933404922485352,0.0081473775207996,-0.1669888496398926,-0.0373493880033493,0.9852174520492554,-0.0230290144681931,-0.1657258570194244,-0.0426046252250671,0.9849820137023926,-0.0220748335123062,-0.1658671796321869,-0.0486071556806564,0.9847021102905273,-0.0086666028946638,0.0965943187475204,-0.0526704303920269,0.9938914775848389,-0.0180503297597170,-0.0849587693810463,-0.0502367094159126,0.9949535131454468,0.0283307991921902,-0.0872094705700874,-0.0462268218398094,0.9947134852409363,0.0283307991921902,-0.0872094705700874,-0.0462268218398094,0.9947134852409363,0.0064829546026886,0.0324645191431046,0.0176789313554764,0.9992954730987549,0.0066035110503435,0.0250374749302864,0.0171621385961771,0.9995173811912537,0.1192023828625679,0.0268243253231049,0.0142185576260090,0.9924056529998779,0.1067015826702118,0.0764472782611847,-0.2609917819499969,0.9563754796981812,0.0032546469010413,-0.2689221501350403,-0.3033621311187744,0.9141343832015991,0.0227267406880856,-0.2689245641231537,-0.3370687961578369,0.9019687175750732,0.0227267406880856,-0.2689245641231537,-0.3370687961578369,0.9019687175750732,0.0066351555287838,0.0250313635915518,0.0180969163775444,0.9995008111000061,-0.1060461699962616,0.0228155236691236,0.0208118949085474,0.9938815832138062,-0.0958102643489838,0.0689520165324211,0.2952708303928375,0.9480934143066406,0.0172099415212870,-0.2737252712249756,0.3313813209533691,0.9027539491653442,0.0456445813179016,-0.2713308334350586,0.2822057902812958,0.9190517067909241,0.0456445813179016,-0.2713308334350586,0.2822057902812958,0.9190517067909241,0.0064829546026886,0.0324645191431046,0.0176789313554764,0.9992954730987549
-0.0456931345164776,0.0000000000000000,0.7996392369270324,0.0064420364797115,0.0379627794027328,0.0206716600805521,0.9990445375442505,-0.4087409019470215,-0.0271120026707649,0.0357869833707810,0.5587630510330200,-0.3956835865974426,0.0517989009618759,-0.4588215589523315,-0.0609381273388863,-0.0004930516704917,0.5639562964439392,-0.3784319996833801,0.0896298438310623,0.0000000000000000,-0.0223032571375370,0.2444628179073334,-0.5801607131958008,-0.7656814575195312,-0.0882471635937691,-0.0223032571375370,-0.2444628179073334,0.5801607131958008,-0.7656814575195312,-0.1246838271617889,0.0000000000000000,-0.3325657546520233,0.0000000000000000,-0.1854214519262314,-0.2790825329258763,-0.5312794245415073,0.0077651292228504,-2.1774056434631346,-0.1288965225219726,-0.7537925243377686,1.8726024150848388,-0.6568117737770081,0.3532078564167022,-2.1202567577362061,0.1091784149408340,0.5784675002098083,1.7812992572784423,-0.6921498775482178,-0.1631250679492950,0.0000000000000000,-0.3439324975013732,0.9032901763916015,-0.6949334740638733,-1.5073806047439575,-0.3413022279739380,-0.3439324975013732,-0.9032901763916015,0.6949334740638733,-1.5073806047439575,-0.3524393916130067,0.0000000000000000,0.0000000000000000,0.0000000000000000,0.0064420364797115,0.0379627794027328,0.0206716600805521,0.9990445375442505,0.0064420364797115,0.0379627794027328,0.0206716600805521,0.9990445375442505,0.0124131096526980,-0.1590138673782349,0.0714480429887772,0.9846094250679016,-0.0009320396929979,-0.1599754244089127,0.0692717880010605,0.9846870303153992,-0.0037280290853232,-0.1599298417568207,0.0868903845548630,0.9832896590232849,-0.0275490544736385,0.1174238398671150,0.0824843794107437,0.9892669916152954,-0.0107972994446754,-0.0793106108903885,0.0862924382090569,0.9930492043495178,0.0149223972111940,-0.0770478099584579,0.0883217379450798,0.9929957389831543,0.0149223972111940,-0.0770478099584579,0.0883217379450798,0.9929957389831543,0.0086013330146670,-0.1820979118347168,-0.0400844812393188,0.9824253320693970,-0.0213338620960712,-0.1807942837476730,-0.0456020087003708,0.9822314381599426,-0.0213330760598183,-0.1808025985956192,-0.0458523109555244,0.9822183251380920,-0.0077619538642466,0.0996476933360100,-0.0499743297696114,0.9937366843223572,-0.0170111712068319,-0.0890423133969307,-0.0476259961724281,0.9947431087493896,0.0275705922394991,-0.0910904854536057,-0.0435939766466618,0.9945058822631836,0.0275705922394991,-0.0910904854536057,-0.0435939766466618,0.9945058822631836,0.0064420364797115,0.0379627794027328,0.0206716600805521,0.9990445375442505,0.0066526895388961,0.0268462467938662,0.0199001338332891,0.9994193315505981,0.1284589320421219,0.0290877614170313,0.0164690837264061,0.9911512732505798,0.1144765466451645,0.0823729410767555,-0.2648444771766663,0.9539219737052917,0.0045015406794846,-0.2762559652328491,-0.3106769621372223,0.9094735383987427,0.0258491523563862,-0.2762555181980133,-0.3468405902385712,0.8959442973136902,0.0258491523563862,-0.2762555181980133,-0.3468405902385712,0.8959442973136902,0.0067076887935400,0.0268374271690845,0.0212991107255220,0.9993903636932373,-0.1151947081089020,0.0240200404077768,0.0244171842932701,0.9927523136138916,-0.1039545089006424,0.0737613588571548,0.3047180771827698,0.9438747167587280,0.0180417802184820,-0.2813082337379456,0.3436511754989624,0.8957924246788025,0.0484061688184738,-0.2785173654556274,0.2922843098640442,0.9135944247245789,0.0484061688184738,-0.2785173654556274,0.2922843098640442,0.9135944247245789,0.0064420364797115,0.0379627794027328,0.0206716600805521,0.9990445375442505
-0.0521508589386940,0.0000000000000000,0.7946680665016175,0.0058238166384399,0.0444935932755470,0.0245216395705938,0.9986916780471802,-0.4580928146839142,-0.0307977579534054,0.0185965068638325,0.6012178421020508,-0.4076650142669678,0.0602954082190991,-0.5065603017807007,-0.0577610507607460,0.0117318222299218,0.6044482827186585,-0.3950148284435273,0.0843611359596252,0.0000000000000000,-0.0323379822075367,0.2656815052032471,-0.5934474110603333,-0.7987357854843140,-0.0941629275679588,-0.0323379822075367,-0.2656815052032471,0.5934474110603333,-0.7987357854843140,-0.1277015805244446,0.0000000000000000,-0.3253060877323151,0.0000000000000000,-0.2327742427587509,-0.3538774946913334,-0.6259909530466422,-0.0450473882381490,-2.3950480937957765,-0.1704399481415749,-0.8330909609794617,2.0602052688598635,-0.6135064363479614,0.4069209694862366,-2.3202668666839599,0.1464349642395973,0.6030496239662171,1.9637742996215821,-0.7948935031890869,-0.2383578121662140,0.0000000000000000,-0.4622852921485902,1.0215232729911805,-0.6719844937324524,-1.6163823604583740,-0.3071666836738586,-0.4622852921485902,-1.0215232729911805,0.6719844937324524,-1.6163823604583740,-0.2012755990028380,0.0000000000000000,0.0000000000000000,0.0000000000000000,0.0058238166384399,0.0444935932755470,0.0245216395705938,0.9986916780471802,0.0058238166384399,0.0444935932755470,0.0245216395705938,0.9986916780471802,0.0137228555977345,-0.1760363727807999,0.0812832117080688,0.9809260964393616,-0.0013802807079628,-0.1772747337818146,0.0785487666726112,0.9810208678245544,-0.0029624020680785,-0.1772505342960358,0.0876785442233086,0.9802477955818176,-0.0287958011031151,0.1209506988525391,0.0828605964779854,0.9887748956680298,-0.0114249410107732,-0.0817047804594040,0.0869763940572739,0.9927884340286255,0.0185055248439312,-0.0790443867444992,0.0894040614366531,0.9926815629005432,0.0185055248439312,-0.0790443867444992,0.0894040614366531,0.9926815629005432,0.0087094502523541,-0.1982738971710205,-0.0424400977790356,0.9791886806488037,-0.0195720493793488,-0.1969677358865738,-0.0481365062296391,0.9790318608283997,-0.0207708515226841,-0.1968524605035782,-0.0424012020230293,0.9792956113815308,-0.0072390921413898,0.1035526692867279,-0.0466589406132698,0.9935026168823242,-0.0162421911954880,-0.0934119597077370,-0.0443349368870258,0.9945072531700134,0.0257089808583260,-0.0952023267745972,-0.0403613895177841,0.9943070411682129,0.0257089808583260,-0.0952023267745972,-0.0403613895177841,0.9943070411682129,0.0058238166384399,0.0444935932755470,0.0245216395705938,0.9986916780471802,0.0061811516061425,0.0283785071223974,0.0234115310013294,0.9993038773536682,0.1384842842817307,0.0312447585165501,0.0194371752440929,0.9896807670593262,0.1229417696595192,0.0884893909096718,-0.2676638066768646,0.9515308141708374,0.0061809271574020,-0.2844272851943970,-0.3174832463264465,0.9045813083648682,0.0293009486049414,-0.2844043970108032,-0.3557286262512207,0.8897823691368103,0.0293009486049414,-0.2844043970108032,-0.3557286262512207,0.8897823691368103,0.0062733278609812,0.0283668860793114,0.0254392120987177,0.9992541074752808,-0.1261329352855682,0.0247273016721010,0.0289769899100065,0.9912817478179932,-0.1139280125498772,0.0786839798092842,0.3146565258502960,0.9390529394149780,0.0181682202965021,-0.2894390523433685,0.3571386337280273,0.8878890275955200,0.0497159138321877,-0.2863267660140991,0.3050885796546936,0.9068992733955383,0.0497159138321877,-0.2863267660140991,0.3050885796546936,0.9068992733955383,0.0058238166384399,0.0444935932755470,0.0245216395705938,0.9986916780471802
-0.0592651255428791,0.0000000000000000,0.7880342841148377,0.0048013566993177,0.0515644848346710,0.0286277644336224,0.9982477426528931,-0.5143718004226685,-0.0369876310229302,-0.0013317734003067,0.6515732526779175,-0.4135338425636291,0.0682651758193970,-0.5624625444412232,-0.0532589241862297,0.0264087945222855,0.6541998505592347,-0.4098814725875854,0.0800197154283523,0.0000000000000000,-0.0468328736722470,0.2893941700458527,-0.6053670644760132,-0.8375738143920899,-0.1038399502635002,-0.0468328736722470,-0.2893941700458527,0.6053670644760132,-0.8375738143920899,-0.1266804844141007,0.0000000000000000,-0.3425824701786042,0.0000000000000000,-0.2984368592500688,-0.3929785981080952,-0.6908792540126464,-0.0867208666186012,-2.6754076957702644,-0.2594112813472750,-0.9416578769683840,2.3597580432891849,-0.4156933665275569,0.4090231478214263,-2.6318418979644780,0.1986053138971330,0.6848066449165346,2.3023867130279547,-0.7776558399200438,-0.2356167674064636,0.0000000000000000,-0.6355412125587466,1.1357536315917971,-0.6233235239982604,-1.8262273550033574,-0.4086259365081790,-0.6355412125587466,-1.1357536315917971,0.6233235239982604,-1.8262273550033574,-0.0297221869230267,0.0000000000000000,0.0000000000000000,0.0000000000000000,0.0048013566993177,0.0515644848346710,0.0286277644336224,0.9982477426528931,0.0048013566993177,0.0515644848346710,0.0286277644336224,0.9982477426528931,0.0151914227753878,-0.1957081854343414,0.0922115743160248,0.9761989712715149,-0.0028505050577223,-0.1974064707756042,0.0885236561298370,0.9763126373291016,-0.0025660418905318,-0.1974067091941833,0.0879046618938446,0.9763692617416382,-0.0305532217025757,0.1254685074090958,0.0824308395385742,0.9881949424743652,-0.0129799582064152,-0.0800772309303284,0.0869491174817085,0.9929044246673584,0.0209122709929943,-0.0770643353462219,0.0896214768290520,0.9927698373794556,0.0209122709929943,-0.0770643353462219,0.0896214768290520,0.9927698373794556,0.0086308121681213,-0.2177302539348602,-0.0454814955592155,0.9749105572700500,-0.0173389948904514,-0.2164488434791565,-0.0512266233563423,0.9747948646545410,-0.0203070752322674,-0.2162074148654938,-0.0383756496012211,0.9753816127777100,-0.0069741206243634,0.1086475774645805,-0.0428672023117542,0.9931311607360840,-0.0155333373695612,-0.0957381576299667,-0.0405542291700840,0.9944587945938110,0.0242565721273422,-0.0972887948155403,-0.0366937518119812,0.9942836761474609,0.0242565721273422,-0.0972887948155403,-0.0366937518119812,0.9942836761474609,0.0048013566993177,0.0515644848346710,0.0286277644336224,0.9982477426528931,0.0054141269065440,0.0282304286956787,0.0270453318953514,0.9992208480834961,0.1494371145963669,0.0318664833903313,0.0226955357939005,0.9879969954490662,0.1327238380908966,0.0934093892574310,-0.2694531977176666,0.9492387175559998,0.0083803031593561,-0.2961805462837219,-0.3242647349834442,0.8983647823333740,0.0344540402293205,-0.2960906028747559,-0.3659150600433350,0.8816175460815430,0.0344540402293205,-0.2960906028747559,-0.3659150600433350,0.8816175460815430,0.0055708941072226,0.0282172486186028,0.0299801900982857,0.9991365671157837,-0.1385547369718552,0.0235618054866791,0.0337220020592213,0.9894999265670776,-0.1258735209703445,0.0822804197669029,0.3239561915397644,0.9340440034866333,0.0177356470376253,-0.3009732961654663,0.3710671067237854,0.8782993555068970,0.0496533140540123,-0.2976809740066528,0.3201503753662109,0.8980112075805664,0.0496533140540123,-0.2976809740066528,0.3201503753662109,0.8980112075805664,0.0048013566993177,0.0515644848346710,0.0286277644336224,0.9982477426528931
-0.0667076632380486,0.0000000000000000,0.7805691957473755,0.0035766053479165,0.0589030198752880,0.0328606329858303,0.9977163076400757,-0.5741143226623535,-0.0444295629858971,-0.0226289555430412,0.7058789730072021,-0.4163463711738586,0.0759715735912323,-0.6224465370178223,-0.0480942726135254,0.0423118174076080,0.7085812091827393,-0.4238900244235992,0.0761419385671616,0.0000000000000000,-0.0635578483343124,0.3143538236618042,-0.6166031956672668,-0.8793036937713623,-0.1153976023197174,-0.0635578483343124,-0.3143538236618042,0.6166031956672668,-0.8793036937713623,-0.1236399635672569,0.0000000000000000,-0.3721268773078918,0.0000000000000000,-0.3732543885707855,-0.4142327723505092,-0.7408559412090853,-0.1228248254587799,-2.9871258735656738,-0.3720965683460236,-1.0648590326309204,2.7152857780456543,-0.1406264305114746,0.3853198587894440,-2.9991993904113770,0.2582325637340546,0.7951511144638062,2.7190678119659424,-0.7004275321960449,-0.1938888281583786,0.0000000000000000,-0.8362486958503723,1.2479826211929321,-0.5618065595626831,-2.0864939689636230,-0.5778825879096985,-0.8362486958503723,-1.2479826211929321,0.5618065595626831,-2.0864939689636230,0.1520260125398636,0.0000000000000000,0.0000000000000000,0.0000000000000000,0.0035766053479165,0.0589030198752880,0.0328606329858303,0.9977163076400757,0.0035766053479165,0.0589030198752880,0.0328606329858303,0.9977163076400757,0.0167334936559200,-0.2166283428668976,0.1036502048373222,0.9705919623374939,-0.0048303510993719,-0.2188772708177567,0.0988126769661903,0.9707242250442505,-0.0023536125663668,-0.2189179062843323,0.0878233462572098,0.9717800617218018,-0.0325653441250324,0.1304791867733002,0.0815964341163635,0.9875508546829224,-0.0149984918534756,-0.0764378160238266,0.0865651443600655,0.9931962490081787,0.0227305963635445,-0.0730952247977257,0.0894055515527725,0.9930493831634521,0.0227305963635445,-0.0730952247977257,0.0894055515527725,0.9930493831634521,0.0084561575204134,-0.2387568056583405,-0.0488513372838497,0.9698129892349243,-0.0148652642965317,-0.2375131547451019,-0.0545780807733536,0.9697359204292297,-0.0198863688856363,-0.2371455430984497,-0.0340517498552799,0.9706735014915466,-0.0068378755822778,0.1143339052796364,-0.0388359762728214,0.9926594495773315,-0.0148544739931822,-0.0970420837402344,-0.0365285389125347,0.9944987893104553,0.0230086781084538,-0.0983621105551720,-0.0328084751963615,0.9943435788154602,0.0230086781084538,-0.0983621105551720,-0.0328084751963615,0.9943435788154602,0.0035766053479165,0.0589030198752880,0.0328606329858303,0.9977163076400757,0.0044993222691119,0.0272419564425945,0.0307400915771723,0.9991459846496582,0.1608407199382782,0.0317179113626480,0.0260969642549753,0.9861253499984741,0.1431542932987213,0.0977241992950439,-0.2707082927227020,0.9469286203384399,0.0108379069715738,-0.3096677660942078,-0.3309719860553741,0.8913170099258423,0.0404473878443241,-0.3094600737094879,-0.3766456544399261,0.8722020983695984,0.0404473878443241,-0.3094600737094879,-0.3766456544399261,0.8722020983695984,0.0047343554906547,0.0272276848554611,0.0347211547195911,0.9990148544311523,-0.1517003476619720,0.0214571300894022,0.0385551154613495,0.9874411821365356,-0.1387841999530792,0.0852006599307060,0.3328855037689209,0.9287986755371094,0.0170183125883341,-0.3141168057918549,0.3851022124290466,0.8676043152809143,0.0488869436085224,-0.3107001185417175,0.3362249135971069,0.8877095580101013,0.0488869436085224,-0.3107001185417175,0.3362249135971069,0.8877095580101013,0.0035766053479165,0.0589030198752880,0.0328606329858303,0.9977163076400757
-0.0737422481179237,0.0000000000000000,0.7704968929290772,0.0017671859823167,0.0692371428012848,0.0377866141498089,0.9968827962875366,-0.6433579802513123,-0.0576974853873253,-0.0455428052693606,0.7661600470542909,-0.4181467592716217,0.0825063064694405,-0.6936856150627138,-0.0398620255291462,0.0640277728438378,0.7733731508255006,-0.4362986743450165,0.0728019803762436,0.0000000000000000,-0.0857808843255043,0.3479552149772644,-0.6261650562286377,-0.9257841944694519,-0.1217093676328659,-0.0857808843255043,-0.3479552149772644,0.6261650562286377,-0.9257841944694519,-0.1179924875497818,0.0000000000000000,-0.3598882794380188,0.0000000000000000,-0.4514708399772645,-0.4536143313235578,-0.9225580183637463,-0.1543048273086803,-3.2721600055694582,-0.5468762636184694,-1.1133590221405030,2.8945464611053469,-0.1102622106671333,0.3501699209213257,-3.3368520259857180,0.3502604246139527,0.9695390462875368,3.0313852310180667,-0.6524304747581482,-0.1777542680501938,0.0000000000000000,-1.0011904954910280,1.5072347164154056,-0.5115784227848053,-2.2290125370025637,-0.4205059766769407,-1.0011904954910280,-1.5072347164154056,0.5115784227848053,-2.2290125370025637,0.2302346825599671,0.0000000000000000,0.0000000000000000,0.0000000000000000,0.0017671859823167,0.0692371428012848,0.0377866141498089,0.9968827962875366,0.0017671859823167,0.0692371428012848,0.0377866141498089,0.9968827962875366,0.0190538074821234,-0.2388912141323090,0.1168560385704041,0.9638012051582336,-0.0087236724793911,-0.2422148883342743,0.1098154559731483,0.9639483690261841,-0.0030276607722044,-0.2423544526100159,0.0878823399543762,0.9661945104598999,-0.0356355160474777,0.1363557130098343,0.0803291648626328,0.9867545366287231,-0.0181871950626373,-0.0714179947972298,0.0859778150916100,0.9935677051544189,0.0228053741157055,-0.0678126960992813,0.0888386219739914,0.9934732317924500,0.0228053741157055,-0.0678126960992813,0.0888386219739914,0.9934732317924500,0.0080364439636469,-0.2620584368705750,-0.0527309924364090,0.9635767936706543,-0.0111866882070899,-0.2609672844409943,-0.0578796863555908,0.9635460376739502,-0.0197035372257233,-0.2604880034923553,-0.0270532071590424,0.9648969173431396,-0.0081840632483363,0.1226329877972603,-0.0325217954814434,0.9918853044509888,-0.0150013500824571,-0.0949412882328033,-0.0299789533019066,0.9949182271957397,0.0212161391973495,-0.0959765762090683,-0.0265012811869383,0.9948045015335083,0.0212161391973495,-0.0959765762090683,-0.0265012811869383,0.9948045015335083,0.0017671859823167,0.0692371428012848,0.0377866141498089,0.9968827962875366,0.0032280082814395,0.0265193358063698,0.0350018516182899,0.9990301132202148,0.1761109828948975,0.0322257727384567,0.0298822727054358,0.9833889007568359,0.1570470333099365,0.1038583219051361,-0.2704312801361084,0.9441486001014709,0.0158411338925362,-0.3230431973934174,-0.3384522795677185,0.8836526870727539,0.0478040203452110,-0.3225995302200317,-0.3859129846096039,0.8629690408706665,0.0478040203452110,-0.3225995302200317,-0.3859129846096039,0.8629690408706665,0.0036104125902057,0.0265116225928068,0.0403686016798019,0.9988266229629517,-0.1693403124809265,0.0190628841519356,0.0443302951753139,0.9843757152557373,-0.1560996323823929,0.0892823040485382,0.3414694070816040,0.9225293397903442,0.0141252577304840,-0.3271642029285431,0.4012002646923065,0.8554544448852539,0.0451817996799946,-0.3238404691219330,0.3554172217845917,0.8756510019302368,0.0451817996799946,-0.3238404691219330,0.3554172217845917,0.8756510019302368,0.0017671859823167,0.0692371428012848,0.0377866141498089,0.9968827962875366
-0.0806628301739693,0.0000000000000000,0.7597148418426514,0.0002701819175854,0.0792975351214409,0.0424849726259708,0.9959452748298645,-0.7126307845115664,-0.0730897024273873,-0.0688259720802308,0.8283251404762270,-0.4217220485210419,0.0891940087080002,-0.7651596784591677,-0.0314524680376053,0.0863416358828545,0.8415179848670962,-0.4496374607086182,0.0692206516861916,0.0000000000000000,-0.1119324058294297,0.3831819057464600,-0.6374162793159485,-0.9722408294677736,-0.1317117720842362,-0.1119324058294297,-0.3831819057464600,0.6374162793159485,-0.9722408294677736,-0.1093464389443397,0.0000000000000000,-0.3483091294765472,0.0000000000000000,-0.5249075770378114,-0.4679293587643918,-1.0269721239978655,-0.1562386741685889,-3.4630571365356446,-0.7271249055862431,-1.1567719697952272,3.0705741405487066,-0.1432664260268215,0.3313257098197938,-3.5690033435821533,0.4169316411018372,1.1037348985671998,3.3401836395263680,-0.6483365297317507,-0.1742390096187592,0.0000000000000000,-1.2290062665939339,1.7288284301757815,-0.5287738680839542,-2.3233089447021484,-0.4263074040412910,-1.2290062665939339,-1.7288284301757815,0.5287738680839542,-2.3233089447021484,0.3723309636116034,0.0000000000000000,0.0000000000000000,0.0000000000000000,0.0002701819175854,0.0792975351214409,0.0424849726259708,0.9959452748298645,0.0002701819175854,0.0792975351214409,0.0424849726259708,0.9959452748298645,0.0218235366046429,-0.2612810730934143,0.1296095103025436,0.9562726020812988,-0.0130947232246399,-0.2658856511116028,0.1198729053139687,0.9564329385757446,-0.0038066972047091,-0.2661875188350677,0.0869321227073669,0.9599856138229370,-0.0384088791906834,0.1426426023244858,0.0780261978507042,0.9859461188316345,-0.0212329085916281,-0.0668775811791420,0.0843409150838852,0.9939634799957275,0.0231021568179131,-0.0630567669868469,0.0872329473495483,0.9939218163490295,0.0231021568179131,-0.0630567669868469,0.0872329473495483,0.9939218163490295,0.0079369125887752,-0.2855410575866699,-0.0569134168326855,0.9566422700881958,-0.0071227899752557,-0.2846211194992065,-0.0613501220941544,0.9566484689712524,-0.0195266827940941,-0.2840590476989746,-0.0200449693948030,0.9583984017372131,-0.0097385784611106,0.1321796774864197,-0.0263087581843138,0.9908287525177002,-0.0153366001322865,-0.0920322686433792,-0.0234728828072548,0.9953612089157104,0.0191149767488241,-0.0927950590848923,-0.0202699229121208,0.9952952861785889,0.0191149767488241,-0.0927950590848923,-0.0202699229121208,0.9952952861785889,0.0002701819175854,0.0792975351214409,0.0424849726259708,0.9959452748298645,0.0023907392751426,0.0235750135034323,0.0389073640108109,0.9989619255065918,0.1925699114799500,0.0305915400385857,0.0337627418339252,0.9802249670028687,0.1726356744766235,0.1086224168539047,-0.2706687450408936,0.9408168196678162,0.0219375751912594,-0.3371658921241760,-0.3474118113517761,0.8747244477272034,0.0573511458933353,-0.3363743722438812,-0.3978778123855591,0.8516198396682739,0.0573511458933353,-0.3363743722438812,-0.3978778123855591,0.8516198396682739,0.0029567629098892,0.0235740225762129,0.0459022223949432,0.9986633658409119,-0.1872637420892715,0.0143698761239648,0.0494805909693241,0.9809573888778687,-0.1743242442607880,0.0915742069482803,0.3500536084175110,0.9157989621162415,0.0107896039262414,-0.3412820398807526,0.4178817570209503,0.8418937921524048,0.0402041040360928,-0.3381713926792145,0.3763533234596252,0.8616158962249756,0.0402041040360928,-0.3381713926792145,0.3763533234596252,0.8616158962249756,0.0002701819175854,0.0792975351214409,0.0424849726259708,0.9959452748298645
-0.0873554065823555,0.0000000000000000,0.7475132942199707,-0.0006015538237989,0.0888198167085648,0.0467332899570465,0.9949505925178528,-0.7819618821144104,-0.0927305087447167,-0.0928477823734284,0.8942582726478577,-0.4288471400737762,0.0961876496672630,-0.8371037125587464,-0.0226882897317409,0.1098513141274452,0.9163686037063599,-0.4648365199565888,0.0651565819978714,0.0000000000000000,-0.1459408983588219,0.4216591954231262,-0.6520462274551392,-1.0186497330665589,-0.1490954548120499,-0.1459408983588219,-0.4216591954231262,0.6520462274551392,-1.0186497330665589,-0.0947032451629639,0.0000000000000000,-0.3380488753318787,0.0000000000000000,-0.5887848854064942,-0.4321113231407974,-0.9768102865909025,-0.0990802110485146,-3.4656802654266357,-0.9183114409446718,-1.1900108337402344,3.2401358127593993,-0.3030075117945672,0.3450929522514343,-3.5901520252227783,0.4328895688056946,1.1575465917587280,3.6419440269470216,-0.7320488095283508,-0.1959623545408249,0.0000000000000000,-1.5825699806213380,1.8751053810119629,-0.6808164775371552,-2.3211610317230225,-0.7584649085998537,-1.5825699806213380,-1.8751053810119629,0.6808164775371552,-2.3211610317230225,0.6422024965286257,0.0000000000000000,0.0000000000000000,0.0000000000000000,-0.0006015538237989,0.0888198167085648,0.0467332899570465,0.9949505925178528,-0.0006015538237989,0.0888198167085648,0.0467332899570465,0.9949505925178528,0.0255034696310759,-0.2840771079063416,0.1415314376354218,0.9479550719261169,-0.0184239875525236,-0.2903744578361511,0.1281091272830963,0.9481199979782104,-0.0047967731952667,-0.2909244298934937,0.0840100720524788,0.9530383348464966,-0.0405894108116627,0.1497534066438675,0.0736541375517845,0.9851403236389160,-0.0239932090044022,-0.0632987618446350,0.0806080698966980,0.9944446086883545,0.0238435864448547,-0.0593561083078384,0.0835523307323456,0.9944482445716858,0.0238435864448547,-0.0593561083078384,0.0835523307323456,0.9944482445716858,0.0084822494536638,-0.3095161318778992,-0.0617279522120953,0.9488506913185120,-0.0022973362356424,-0.3088062703609467,-0.0651886612176895,0.9488856196403503,-0.0193734727799892,-0.3082242608070374,-0.0130379814654589,0.9510271549224854,-0.0117099573835731,0.1442271471023560,-0.0203010104596615,0.9892670512199402,-0.0160491410642862,-0.0875105187296867,-0.0170553512871265,0.9958883523941040,0.0163974873721600,-0.0880252867937088,-0.0141915911808610,0.9958821535110474,0.0163974873721600,-0.0880252867937088,-0.0141915911808610,0.9958821535110474,-0.0006015538237989,0.0888198167085648,0.0467332899570465,0.9949505925178528,0.0024215700104833,0.0161872357130051,0.0420998334884644,0.9989794492721558,0.2114249765872955,0.0246785674244165,0.0378363318741322,0.9763497114181519,0.1916325986385345,0.1106594502925873,-0.2719732522964478,0.9365158081054688,0.0302192941308022,-0.3528210520744324,-0.3593724668025970,0.8633975982666016,0.0712716355919838,-0.3514150381088257,-0.4152348339557648,0.8360667824745178,0.0712716355919838,-0.3514150381088257,-0.4152348339557648,0.8360667824745178,0.0032437436748296,0.0161936413496733,0.0512078255414963,0.9985514879226685,-0.2057958841323853,0.0050871586427093,0.0533918961882591,0.9771240949630737,-0.1944140046834946,0.0903177708387375,0.3587567508220673,0.9084819555282593,0.0065771546214819,-0.3576591014862061,0.4358757734298706,0.8258627057075500,0.0327023454010487,-0.3549742102622986,0.4008704721927643,0.8439353108406067,0.0327023454010487,-0.3549742102622986,0.4008704721927643,0.8439353108406067,-0.0006015538237989,0.0888198167085648,0.0467332899570465,0.9949505925178528
-0.0951828494668007,0.0000000000000000,0.7338021039962769,-0.0012198574841022,0.0987432971596718,0.0513261631131172,0.9937877058982849,-0.8569835305213929,-0.1167015656828880,-0.1181738972663880,0.9652398943901063,-0.4395890891551972,0.1034470021724701,-0.9175420522689820,-0.0132749162614345,0.1359441533684731,1.0052095770835876,-0.4826982975006104,0.0595628172159195,0.0000000000000000,-0.1771209686994553,0.4657159566879273,-0.6626510024070740,-1.0685444831848145,-0.1691745489835739,-0.1771209686994553,-0.4657159566879273,0.6626510024070740,-1.0685444831848145,-0.0745157375931740,0.0000000000000000,-0.3686747848987579,0.0000000000000000,-0.6553665995597839,-0.4426315326513316,-0.9841898172554105,-0.0656535737637554,-3.6372712135314944,-1.1119477987289430,-1.2402195692062379,3.4481111049652102,-0.4647602617740632,0.3576533794403076,-3.8520307064056398,0.4576847434043885,1.2529786825180054,4.1622413635253910,-0.8398344516754152,-0.2490943253040314,0.0000000000000000,-1.6155719041824339,2.0912485122680664,-0.6107421636581419,-2.4250204086303713,-0.9500464320182801,-1.6155719041824339,-2.0912485122680664,0.6107421636581419,-2.4250204086303713,0.8984890818595888,0.0000000000000000,0.0000000000000000,0.0000000000000000,-0.0012198574841022,0.0987432971596718,0.0513261631131172,0.9937877058982849,-0.0012198574841022,0.0987432971596718,0.0513261631131172,0.9937877058982849,0.0302771702408791,-0.3089094758033752,0.1539633572101593,0.9380583167076111,-0.0243869237601757,-0.3174444437026978,0.1354492604732513,0.9382364153862000,-0.0053501147776842,-0.3183443844318390,0.0798914656043053,0.9445874691009521,-0.0416796952486038,0.1564107388257980,0.0682806521654129,0.9844472408294678,-0.0258125625550747,-0.0619918182492256,0.0757308527827263,0.9948645830154419,0.0256579183042049,-0.0580067969858646,0.0788345411419868,0.9948679208755493,0.0256579183042049,-0.0580067969858646,0.0788345411419868,0.9948679208755493,0.0095969494432211,-0.3367000818252563,-0.0673829019069672,0.9391489028930664,0.0033280146308243,-0.3362670838832855,-0.0695234388113022,0.9391912221908569,-0.0197857096791267,-0.3357314467430115,-0.0056690699420869,0.9417328834533691,-0.0147930346429348,0.1594301462173462,-0.0146217150613666,0.9869900941848755,-0.0178172625601292,-0.0810942873358727,-0.0106470081955194,0.9964903593063354,0.0118617340922356,-0.0813887789845467,-0.0082115652039647,0.9965780377388000,0.0118617340922356,-0.0813887789845467,-0.0082115652039647,0.9965780377388000,-0.0012198574841022,0.0987432971596718,0.0513261631131172,0.9937877058982849,0.0028079696930945,0.0106297619640827,0.0457102581858635,0.9988942146301270,0.2332334518432617,0.0209659598767757,0.0420804470777512,0.9712835550308228,0.2128630876541138,0.1154512315988541,-0.2707551121711731,0.9316931366920471,0.0404394567012787,-0.3668226003646851,-0.3710994720458984,0.8521097898483276,0.0879908651113510,-0.3644434809684753,-0.4330222010612488,0.8197136521339417,0.0879908651113510,-0.3644434809684753,-0.4330222010612488,0.8197136521339417,0.0039171809330583,0.0106439795345068,0.0567458868026733,0.9983242750167847,-0.2265580892562866,-0.0028068884275854,0.0575790926814079,0.9722901582717896,-0.2163247764110565,0.0908240973949432,0.3654587864875793,0.9007743597030640,0.0014918086817488,-0.3730221092700958,0.4536051750183105,0.8093792200088501,0.0224666465073824,-0.3710125982761383,0.4268149733543396,0.8244234919548035,0.0224666465073824,-0.3710125982761383,0.4268149733543396,0.8244234919548035,-0.0012198574841022,0.0987432971596718,0.0513261631131172,0.9937877058982849
-0.1035777255892754,0.0000000000000000,0.7193360924720764,-0.0017113253707066,0.1088600009679794,0.0560875087976456,0.9924720525741577,-0.9348504543304443,-0.1428377479314804,-0.1441521644592285,1.0387457609176636,-0.4521394670009613,0.1108392104506493,-1.0022275447845459,-0.0035369452089071,0.1633285731077194,1.1010457277297974,-0.5018914341926575,0.0532042048871517,0.0000000000000000,-0.2068868279457092,0.5125624537467957,-0.6712431907653809,-1.1201821565628052,-0.1906013488769531,-0.2068868279457092,-0.5125624537467957,0.6712431907653809,-1.1201821565628052,-0.0515560731291771,0.0000000000000000,-0.4197437763214111,0.0000000000000000,-0.7233005166053772,-0.4763208647289300,-1.0203400319556541,-0.0440928493966538,-3.8933460712432861,-1.3068090677261353,-1.2989132404327393,3.6752932071685791,-0.6275188326835632,0.3696103990077972,-4.2342743873596191,0.4868985414505005,1.3692209720611572,4.7918071746826172,-0.9596567749977112,-0.3179306089878082,0.0000000000000000,-1.4882929325103760,2.3423247337341309,-0.4296093881130219,-2.5818834304809570,-1.0713399648666382,-1.4882929325103760,-2.3423247337341309,0.4296093881130219,-2.5818834304809570,1.1479831933975220,0.0000000000000000,0.0000000000000000,0.0000000000000000,-0.0017113253707066,0.1088600009679794,0.0560875087976456,0.9924720525741577,-0.0017113253707066,0.1088600009679794,0.0560875087976456,0.9924720525741577,0.0355788990855217,-0.3345769941806793,0.1665590256452560,0.9268497228622437,-0.0306501053273678,-0.3456094264984131,0.1422596126794815,0.9270258545875549,-0.0056819161400199,-0.3469193279743195,0.0751317068934441,0.9348635673522949,-0.0422232002019882,0.1628349870443344,0.0624039955437183,0.9837721586227417,-0.0271610338240862,-0.0618199296295643,0.0702804103493690,0.9952392578125000,0.0280082039535046,-0.0578320994973183,0.0735967904329300,0.9952158331871033,0.0280082039535046,-0.0578320994973183,0.0735967904329300,0.9952158331871033,0.0109901996329427,-0.3652774691581726,-0.0734157636761665,0.9279341101646423,0.0093491571024060,-0.3651470541954041,-0.0740616321563721,0.9279521107673645,-0.0204683411866426,-0.3646927773952484,0.0018815369112417,0.9309009909629822,-0.0184284597635269,0.1761751174926758,-0.0091041214764118,0.9841442108154297,-0.0201119817793369,-0.0737258866429329,-0.0042428034357727,0.9970666766166687,0.0064160767942667,-0.0738126561045647,-0.0022802699822932,0.9972488880157471,0.0064160767942667,-0.0738126561045647,-0.0022802699822932,0.9972488880157471,-0.0017113253707066,0.1088600009679794,0.0560875087976456,0.9924720525741577,0.0033721185754985,0.0059875193983316,0.0495291464030743,0.9987490177154541,0.2564298808574677,0.0183468591421843,0.0463937446475029,0.9652744531631470,0.2351322174072266,0.1215794235467911,-0.2681821286678314,0.9262880682945251,0.0516149066388607,-0.3798934221267700,-0.3826054036617279,0.8406128883361816,0.1060505658388138,-0.3762492537498474,-0.4507663547992706,0.8024957776069641,0.1060505658388138,-0.3762492537498474,-0.4507663547992706,0.8024957776069641,0.0047837528400123,0.0060097104869783,0.0623989589512348,0.9980217218399048,-0.2483560293912888,-0.0100037707015872,0.0618843398988247,0.9666382670402527,-0.2390672862529755,0.0921811461448669,0.3710354268550873,0.8925705552101135,-0.0040284283459187,-0.3877182602882385,0.4710082113742828,0.7923443317413330,0.0108517380431294,-0.3863473832607269,0.4530986249446869,0.8033178448677063,0.0108517380431294,-0.3863473832607269,0.4530986249446869,0.8033178448677063,-0.0017113253707066,0.1088600009679794,0.0560875087976456,0.9924720525741577
-0.1125048860907554,0.0000000000000000,0.7031486749649049,-0.0019910465925932,0.1184515804052353,0.0596639886498451,0.9911637306213379,-1.0143555641174316,-0.1717739731073379,-0.1660860985517502,1.1147353172302246,-0.4672561109066009,0.1194196105003357,-1.0930414915084836,0.0119714390952140,0.1996264696121215,1.2117722511291502,-0.5160028934478760,0.0482552029192448,0.0000000000000000,-0.2503866076469421,0.5688717126846312,-0.6816343545913696,-1.1763249397277831,-0.2188917428255081,-0.2503866076469421,-0.5688717126846312,0.6816343545913696,-1.1763249397277831,-0.0285525478422642,0.0000000000000000,-0.4357123076915741,0.0000000000000000,-0.7749426960945128,-0.4070662064106975,-0.9884282387305716,-0.0255106245652030,-3.9424915790557860,-1.3908103466033934,-1.1775832653045657,3.7498038291931151,-0.7045068144798278,0.4052561521530151,-4.4181280136108398,0.6600109577178952,1.6366251945495600,5.2385184288024895,-0.8072064518928530,-0.2756422936916352,0.0000000000000000,-1.9003105640411371,2.6262075901031490,-0.4835786700248718,-2.7170367240905762,-1.2772477865219112,-1.9003105640411371,-2.6262075901031490,0.4835786700248718,-2.7170367240905762,1.1492989778518676,0.0000000000000000,0.0000000000000000,0.0000000000000000,-0.0019910465925932,0.1184515804052353,0.0596639886498451,0.9911637306213379,-0.0019910465925932,0.1184515804052353,0.0596639886498451,0.9911637306213379,0.0412747487425804,-0.3612359464168549,0.1776014417409897,0.9144740104675293,-0.0372026637196541,-0.3752053976058960,0.1456885784864426,0.9146647453308105,-0.0057332823053002,-0.3770111501216888,0.0694049447774887,0.9235869050025940,-0.0414191074669361,0.1685953140258789,0.0558975413441658,0.9832271337509155,-0.0273851379752159,-0.0636123791337013,0.0639695152640343,0.9955458641052246,0.0320729985833168,-0.0596992596983910,0.0676575601100922,0.9954042434692383,0.0320729985833168,-0.0596992596983910,0.0676575601100922,0.9954042434692383,0.0123433433473110,-0.3966385722160339,-0.0813661962747574,0.9142785072326660,0.0177428405731916,-0.3971602022647858,-0.0788294896483421,0.9141854047775269,-0.0223125144839287,-0.3969757556915283,0.0124922245740891,0.9174728393554688,-0.0257079415023327,0.1961718201637268,-0.0027108215726912,0.9802287220954895,-0.0255085565149784,-0.0604244545102119,0.0039634057320654,0.9978389739990234,-0.0014293268322945,-0.0603247433900833,0.0054423240944743,0.9981629848480225,-0.0014293268322945,-0.0603247433900833,0.0054423240944743,0.9981629848480225,-0.0019910465925932,0.1184515804052353,0.0596639886498451,0.9911637306213379,0.0045736897736788,-0.0060072634369135,0.0516654849052429,0.9986358880996704,0.2846169173717499,0.0088333729654551,0.0514810904860497,0.9572172164916992,0.2642083764076233,0.1234640181064606,-0.2647951543331146,0.9191486239433289,0.0672320723533630,-0.3964307904243469,-0.3988367319107056,0.8241673707962036,0.1312099248170853,-0.3906641006469727,-0.4743449687957764,0.7779217958450317,0.1312099248170853,-0.3906641006469727,-0.4743449687957764,0.7779217958450317,0.0064482288435102,-0.0059755733236670,0.0672036781907082,0.9977005720138550,-0.2737787961959839,-0.0246176347136497,0.0625843778252602,0.9594386219978333,-0.2675731480121613,0.0883642584085464,0.3732705712318420,0.8838922977447510,-0.0138498106971383,-0.4069074988365173,0.4899841248989105,0.7708112597465515,-0.0055066118948162,-0.4062978029251099,0.4803774654865265,0.7772575616836548,-0.0055066118948162,-0.4062978029251099,0.4803774654865265,0.7772575616836548,-0.0019910465925932,0.1184515804052353,0.0596639886498451,0.9911637306213379
-0.1209707468748093,0.0000000000000000,0.6862263441085815,-0.0018107421929017,0.1295194625854492,0.0624207966029644,0.9896084666252136,-1.0982340812683105,-0.2000663965940475,-0.1850297331809997,1.1923942804336547,-0.4819915294647217,0.1263647675514221,-1.1867455244064331,0.0313707519322634,0.2372062146663665,1.3255959987640380,-0.5249966025352478,0.0459956079721451,0.0000000000000000,-0.2930008530616760,0.6318754315376282,-0.6865406632423401,-1.2373170375823974,-0.2441803693771362,-0.2930008530616760,-0.6318754315376282,0.6865406632423401,-1.2373170375823974,-0.0112004525959492,0.0000000000000000,-0.4325190067291260,0.0000000000000000,-0.8314182162284851,-0.3167388407687509,-1.0550699937064920,0.0258133644158165,-4.1064574241638185,-1.4274971485137939,-1.0069876432418825,3.8495597839355469,-0.7443953752517700,0.3799626976251603,-4.6273996353149416,0.8921470403671262,1.8533501625061035,5.6292426109313967,-0.5520404100418094,-0.1667678773403169,0.0000000000000000,-2.1484229564666748,3.0162966251373287,-0.3550125360488894,-2.9526183605194087,-1.3244666457176211,-2.1484229564666748,-3.0162966251373287,0.3550125360488894,-2.9526183605194087,0.9806332826614382,0.0000000000000000,0.0000000000000000,0.0000000000000000,-0.0018107421929017,0.1295194625854492,0.0624207966029644,0.9896084666252136,-0.0018107421929017,0.1295194625854492,0.0624207966029644,0.9896084666252136,0.0474775321781635,-0.3882062137126923,0.1877480298280716,0.9009953141212463,-0.0426547974348068,-0.4050354659557343,0.1478635668754578,0.9012564420700073,-0.0049649341963232,-0.4072425961494446,0.0640114098787308,0.9110605716705322,-0.0399830825626850,0.1745817661285400,0.0502335168421268,0.9825472831726074,-0.0268518477678299,-0.0649687424302101,0.0583182573318481,0.9958198070526123,0.0360783115029335,-0.0611604601144791,0.0623047500848770,0.9955279827117920,0.0360783115029335,-0.0611604601144791,0.0623047500848770,0.9955279827117920,0.0134041896089911,-0.4273807704448700,-0.0904840081930161,0.8994324803352356,0.0274133607745171,-0.4288093745708466,-0.0835858508944511,0.8991020321846008,-0.0238083135336637,-0.4290741980075836,0.0232458915561438,0.9026561379432678,-0.0332511775195599,0.2171894460916519,0.0034657297655940,0.9755569100379944,-0.0312151350080967,-0.0434017740190029,0.0119738439098001,0.9984981417655945,-0.0082451254129410,-0.0431099385023117,0.0129516059532762,0.9989523291587830,-0.0082451254129410,-0.0431099385023117,0.0129516059532762,0.9989523291587830,-0.0018107421929017,0.1295194625854492,0.0624207966029644,0.9896084666252136,0.0061152316629887,-0.0160583574324846,0.0529281347990036,0.9984505772590637,0.3160356879234314,0.0012078182771802,0.0554013960063457,0.9471275210380554,0.2960352599620819,0.1272666007280350,-0.2593151628971100,0.9104515910148621,0.0847389101982117,-0.4118541777133942,-0.4159669280052185,0.8063294887542725,0.1572825908660889,-0.4035154581069946,-0.4971358180046082,0.7518601417541504,0.1572825908660889,-0.4035154581069946,-0.4971358180046082,0.7518601417541504,0.0085050705820322,-0.0160264354199171,0.0710651129484177,0.9973067045211792,-0.3017851114273071,-0.0373101681470871,0.0624553859233856,0.9505962133407593,-0.2980363368988037,0.0862816870212555,0.3717607855796814,0.8749421238899231,-0.0256436895579100,-0.4256117939949036,0.5077251195907593,0.7486068010330200,-0.0222637336701155,-0.4253979325294495,0.5041372776031494,0.7512567639350891,-0.0222637336701155,-0.4253979325294495,0.5041372776031494,0.7512567639350891,-0.0018107421929017,0.1295194625854492,0.0624207966029644,0.9896084666252136
-0.1285140082240105,0.0000000000000000,0.6678341865539551,-0.0007105222903192,0.1435428708791733,0.0635403245687485,0.9876019358634949,-1.1908594131469727,-0.2270712167024612,-0.1979927688837052,1.2733920574188233,-0.4959644973278046,0.1300394386053085,-1.2862297296524048,0.0585519183427096,0.2773496568202973,1.4456141948699952,-0.5237548112869262,0.0491148270666599,0.0000000000000000,-0.3338440299034119,0.7082680702209473,-0.6804772615432739,-1.3080077648162842,-0.2634654611349106,-0.3338440299034119,-0.7082680702209473,0.6804772615432739,-1.3080077648162842,-0.0051512174308300,0.0000000000000000,-0.3910020411014556,0.0000000000000000,-0.8975604176521301,-0.1842660604793768,-1.3188188450844194,0.1426208816959738,-4.5000639438629149,-1.3695549964904785,-0.7378607273101805,3.9998064041137695,-0.7100850939750671,0.2327908277511596,-4.8875072479248045,1.2423304557800294,1.9687166213989258,5.9079926490783690,-0.0914429306983946,0.0752787411212923,0.0000000000000000,-2.0687248706817627,3.6187980175018315,0.1386244297027591,-3.3890566825866699,-1.0543075799942014,-2.0687248706817627,-3.6187980175018315,-0.1386244297027591,-3.3890566825866699,0.4720046281814572,0.0000000000000000,0.0000000000000000,0.0000000000000000,-0.0007105222903192,0.1435428708791733,0.0635403245687485,0.9876019358634949,-0.0007105222903192,0.1435428708791733,0.0635403245687485,0.9876019358634949,0.0547264069318771,-0.4161118865013123,0.1962603926658630,0.8861929178237915,-0.0459383390843868,-0.4356863796710968,0.1476784050464630,0.8867118358612061,-0.0025638532824814,-0.4380918741226196,0.0593593157827854,0.8969645500183105,-0.0372867770493031,0.1810341775417328,0.0462594330310822,0.9816803336143494,-0.0248053483664989,-0.0654565393924713,0.0539900809526443,0.9960849285125732,0.0399667657911777,-0.0618138685822487,0.0581296719610691,0.9955916404724121,0.0399667657911777,-0.0618138685822487,0.0581296719610691,0.9955916404724121,0.0138939246535301,-0.4573214054107666,-0.1020222902297974,0.8833208084106445,0.0396454483270645,-0.4601726531982422,-0.0884091332554817,0.8825266361236572,-0.0246338564902544,-0.4612659513950348,0.0342862904071808,0.8862569332122803,-0.0413274690508842,0.2403145581483841,0.0092037739232183,0.9697713851928711,-0.0375379659235477,-0.0189472585916519,0.0195877961814404,0.9989234805107117,-0.0129977716132998,-0.0184555985033512,0.0200299918651581,0.9995446205139160,-0.0129977716132998,-0.0184555985033512,0.0200299918651581,0.9995446205139160,-0.0007105222903192,0.1435428708791733,0.0635403245687485,0.9876019358634949,0.0083376346156001,-0.0222227368503809,0.0524547137320042,0.9983412027359009,0.3540196716785431,-0.0026261743623763,0.0570092387497425,0.9334949851036072,0.3334194719791412,0.1349480450153351,-0.2497640997171402,0.8990209102630615,0.1060560867190361,-0.4253529310226440,-0.4351972043514252,0.7864035367965698,0.1853765696287155,-0.4139575362205505,-0.5192071199417114,0.7243609428405762,0.1853765696287155,-0.4139575362205505,-0.5192071199417114,0.7243609428405762,0.0113481068983674,-0.0222091842442751,0.0730564296245575,0.9970159530639648,-0.3350975513458252,-0.0461603403091431,0.0607086271047592,0.9390918016433716,-0.3325391411781311,0.0877241194248199,0.3629927337169647,0.8660013675689697,-0.0413839221000671,-0.4438315629959106,0.5235872864723206,0.7260559797286987,-0.0398044250905514,-0.4437643289566040,0.5220003128051758,0.7273271083831787,-0.0398044250905514,-0.4437643289566040,0.5220003128051758,0.7273271083831787,-0.0007105222903192,0.1435428708791733,0.0635403245687485,0.9876019358634949
-0.1371650785207748,0.0000000000000000,0.6481714963912965,-0.0008846219279803,0.1590445637702942,0.0638434290885925,0.9852045774459839,-1.2932276248931884,-0.2501470118761062,-0.2063695609569549,1.3553525686264036,-0.5044674873352051,0.1309751808643341,-1.3855821371078489,0.0922770589590072,0.3187605679035186,1.5603566169738767,-0.5116321802139282,0.0546975567936897,0.0000000000000000,-0.3763827085494995,0.8003352046012877,-0.6612492918968201,-1.3839813232421874,-0.2898072838783264,-0.3763827085494995,-0.8003352046012877,0.6612492918968201,-1.3839813232421874,0.0047362064477056,0.0000000000000000,-0.4103973150253296,0.0000000000000000,-0.9577238202095031,-0.0819556444040186,-1.5025951367867927,0.1190125713099828,-4.9235526084899899,-1.2323701858520510,-0.5105644464492800,4.0787706375122070,-0.5345490097999576,0.1015656799077989,-4.9702558517456055,1.5553775072097775,2.0451961517333985,5.8426362037658697,0.3885147295892233,0.2298662602901457,0.0000000000000000,-2.0930238246917723,4.2898665904998774,0.6981070458889000,-3.6930210590362544,-1.1759564518928525,-2.0930238246917723,-4.2898665904998774,-0.6981070458889000,-3.6930210590362544,0.4176074028015135,0.0000000000000000,0.0000000000000000,0.0000000000000000,-0.0008846219279803,0.1590445637702942,0.0638434290885925,0.9852045774459839,-0.0008846219279803,0.1590445637702942,0.0638434290885925,0.9852045774459839,0.0613475032150745,-0.4462896883487701,0.2049859762191772,0.8689319491386414,-0.0474024489521980,-0.4683949351310730,0.1474812924861908,0.8698325157165527,0.0011630943045020,-0.4707790613174438,0.0571393296122551,0.8803980946540833,-0.0349373146891594,0.1852448284626007,0.0453062430024147,0.9810254573822021,-0.0225247088819742,-0.0654491484165192,0.0525872334837914,0.9962146878242493,0.0427166447043419,-0.0618674829602242,0.0567575693130493,0.9955532550811768,0.0427166447043419,-0.0618674829602242,0.0567575693130493,0.9955532550811768,0.0123168546706438,-0.4855926632881165,-0.1130878180265427,0.8667520284652710,0.0520712062716484,-0.4903830885887146,-0.0902223587036133,0.8652589321136475,-0.0268505010753870,-0.4924933910369873,0.0479943491518497,0.8685770034790039,-0.0530911684036255,0.2608726024627686,0.0147317070513964,0.9637996554374695,-0.0476923398673534,0.0085031408816576,0.0276204980909824,0.9984439015388489,-0.0203730314970016,0.0092718098312616,0.0273106750100851,0.9993764162063599,-0.0203730314970016,0.0092718098312616,0.0273106750100851,0.9993764162063599,-0.0008846219279803,0.1590445637702942,0.0638434290885925,0.9852045774459839,0.0091671366244555,-0.0277256947010756,0.0513101369142532,0.9982556700706482,0.3973298072814941,-0.0055234776809812,0.0582350715994835,0.9158095717430115,0.3765308260917664,0.1418147981166840,-0.2337253689765930,0.8851472735404968,0.1333771944046021,-0.4384042620658875,-0.4558649659156799,0.7630199790000916,0.2215548157691956,-0.4222853183746338,-0.5435991883277893,0.6907159686088562,0.2215548157691956,-0.4222853183746338,-0.5435991883277893,0.6907159686088562,0.0129317790269852,-0.0277034677565098,0.0744463503360748,0.9967561960220337,-0.3763964772224426,-0.0544815622270107,0.0575991123914719,0.9230600595474243,-0.3749093115329742,0.0888585150241852,0.3460479974746704,0.8554519414901733,-0.0658352077007294,-0.4613124132156372,0.5405096411705017,0.7005041837692261,-0.0673926100134850,-0.4613192081451416,0.5418447852134705,0.6993190050125122,-0.0673926100134850,-0.4613192081451416,0.5418447852134705,0.6993190050125122,-0.0008846219279803,0.1590445637702942,0.0638434290885925,0.9852045774459839
-0.1463700532913208,0.0000000000000000,0.6278735399246216,-0.0016957258339971,0.1752585768699646,0.0637281835079193,0.9824562668800354,-1.4004672765731812,-0.2712582945823669,-0.2124532312154770,1.4377944469451904,-0.5102354884147644,0.1305414587259293,-1.4848686456680298,0.1292741894721985,0.3608052134513855,1.6724611520767212,-0.4940691292285919,0.0615120418369770,0.0000000000000000,-0.4197691380977631,0.9002395868301392,-0.6354390382766724,-1.4625962972640991,-0.3196774721145630,-0.4197691380977631,-0.9002395868301392,0.6354390382766724,-1.4625962972640991,0.0165427250321954,0.0000000000000000,-0.4602487087249756,0.0000000000000000,-1.0148978233337402,0.0052735895643319,-1.6463851486513899,0.0251963470909176,-5.3619823455810547,-1.0555640459060669,-0.3041834831237793,4.1220936775207520,-0.2884000241756439,-0.0216861069202423,-4.9643249511718750,1.8498563766479492,2.1022322177886963,5.6052265167236328,0.8781524859368802,0.3407242298126221,0.0000000000000000,-2.1693212985992432,4.9952187538146973,1.2905125319957733,-3.9307484626770020,-1.4935092926025391,-2.1693212985992432,-4.9952187538146973,-1.2905125319957733,-3.9307484626770020,0.5903258919715881,0.0000000000000000,0.0000000000000000,0.0000000000000000,-0.0016957258339971,0.1752585768699646,0.0637281835079193,0.9824562668800354,-0.0016957258339971,0.1752585768699646,0.0637281835079193,0.9824562668800354,0.0676001831889153,-0.4772176146507263,0.2136439085006714,0.8497351408004761,-0.0479164719581604,-0.5017226338386536,0.1471555382013321,0.8510720729827881,0.0055497433058918,-0.5039749741554260,0.0560894869267941,0.8618772625923157,-0.0327616631984711,0.1883362084627151,0.0458639711141586,0.9804859161376953,-0.0201270822435617,-0.0651943460106850,0.0526472292840481,0.9962795376777649,0.0448975041508675,-0.0616216361522675,0.0567873865365982,0.9954708218574524,0.0448975041508675,-0.0616216361522675,0.0567873865365982,0.9954708218574524,0.0097007052972913,-0.5127515792846680,-0.1238494813442230,0.8495016694068909,0.0645515397191048,-0.5196805000305176,-0.0904711559414864,0.8471010923385620,-0.0297400504350662,-0.5228291153907776,0.0629887208342552,0.8495867848396301,-0.0666790232062340,0.2800629436969757,0.0201483909040689,0.9574511647224426,-0.0597278885543346,0.0374355539679527,0.0358417183160782,0.9968683719635010,-0.0290447715669870,0.0385200269520283,0.0346735790371895,0.9982336163520813,-0.0290447715669870,0.0385200269520283,0.0346735790371895,0.9982336163520813,-0.0016957258339971,0.1752585768699646,0.0637281835079193,0.9824562668800354,0.0093000819906592,-0.0328975655138493,0.0498295091092587,0.9981724619865417,0.4426520466804504,-0.0079413084313273,0.0591790936887264,0.8947032690048218,0.4218123555183411,0.1480218768119812,-0.2140526026487350,0.8685305714607239,0.1635003834962845,-0.4506340920925140,-0.4766243696212769,0.7369028329849243,0.2612125277519226,-0.4285571277141571,-0.5678491592407227,0.6524217128753662,0.2612125277519226,-0.4285571277141571,-0.5678491592407227,0.6524217128753662,0.0138856424018741,-0.0328531973063946,0.0755350291728973,0.9965050220489502,-0.4210502803325653,-0.0624441355466843,0.0537178069353104,0.9032894372940063,-0.4204996824264526,0.0896769985556602,0.3244016766548157,0.8425565958023071,-0.0945348292589188,-0.4777874052524567,0.5572192072868347,0.6725244522094727,-0.0998636260628700,-0.4776544868946075,0.5617247819900513,0.6680858731269836,-0.0998636260628700,-0.4776544868946075,0.5617247819900513,0.6680858731269836,-0.0016957258339971,0.1752585768699646,0.0637281835079193,0.9824562668800354
-0.1574670135974884,0.0000000000000000,0.6067466020584106,-0.0068809892982244,0.1875409781932831,0.0631548985838890,0.9802003502845764,-1.5090708494186402,-0.2875740468502045,-0.2257602334022522,1.5179537296295167,-0.5038843572139740,0.1240422964096069,-1.5732620954513550,0.1594558715820313,0.3840090036392212,1.7494106531143190,-0.4827972173690796,0.0609382122755051,0.0000000000000000,-0.4353477656841278,1.0171680212020875,-0.5740125179290770,-1.5217360019683839,-0.3280168354511261,-0.4353477656841278,-1.0171680212020875,0.5740125179290770,-1.5217360019683839,0.0028985783457756,0.0000000000000000,-0.5170082926750184,0.0000000000000000,-1.0397672653198242,0.0805554056910738,-1.4261997377148183,-0.2428239133059970,-5.4028998374938961,-0.9116981506347654,-0.5208834409713747,4.0536159515380863,0.0751739084720616,-0.2036492925137283,-4.6375334739685057,1.6453929424285887,1.5370065212249751,4.5505754947662345,0.6894183516502378,0.1190748095512388,0.0000000000000000,-1.3350873470306388,5.5059402465820320,2.3590004920959484,-3.3464903831481925,-0.8475845813751214,-1.3350873470306388,-5.5059402465820320,-2.3590004920959484,-3.3464903831481925,-0.1731940150260933,0.0000000000000000,0.0000000000000000,0.0000000000000000,-0.0068809892982244,0.1875409781932831,0.0631548985838890,0.9802003502845764,-0.0068809892982244,0.1875409781932831,0.0631548985838890,0.9802003502845764,0.0701826214790344,-0.5106251835823059,0.2243631333112717,0.8270413875579834,-0.0489263385534286,-0.5375316143035889,0.1486916244029999,0.8285872936248779,0.0120895048603415,-0.5396003127098083,0.0545129701495171,0.8400677442550659,-0.0287985764443874,0.1866146624088287,0.0479742586612701,0.9808384776115417,-0.0159322898834944,-0.0637852996587753,0.0536477901041508,0.9963933229446411,0.0458560958504677,-0.0603388994932175,0.0575007870793343,0.9954648017883301,0.0458560958504677,-0.0603388994932175,0.0575007870793343,0.9954648017883301,0.0039924262091517,-0.5391730070114136,-0.1301270723342896,0.8320718407630920,0.0700716972351074,-0.5478404760360718,-0.0865002721548080,0.8291432261466980,-0.0359789915382862,-0.5511484146118164,0.0731673389673233,0.8304139971733093,-0.0791936516761780,0.2837917804718018,0.0189892724156380,0.9554214477539062,-0.0723660215735435,0.0471556633710861,0.0373247191309929,0.9955633878707886,-0.0420031026005745,0.0482707396149635,0.0358727760612965,0.9973057508468628,-0.0420031026005745,0.0482707396149635,0.0358727760612965,0.9973057508468628,-0.0068809892982244,0.1875409781932831,0.0631548985838890,0.9802003502845764,0.0043488778173923,-0.0282448902726173,0.0498802736401558,0.9983463287353516,0.4899433851242065,-0.0004667330067605,0.0571501776576042,0.8698787689208984,0.4693965315818787,0.1525840610265732,-0.1827980875968933,0.8502763509750366,0.2056350708007812,-0.4534248113632202,-0.4927294552326202,0.7136791944503784,0.3050596714019775,-0.4246348738670349,-0.5817098617553711,0.6230870485305786,0.3050596714019775,-0.4246348738670349,-0.5817098617553711,0.6230870485305786,0.0094425491988659,-0.0280549600720406,0.0764604732394218,0.9966331124305725,-0.4770485758781433,-0.0618673488497734,0.0532772652804852,0.8750764131546021,-0.4762512743473053,0.0899423658847809,0.2904626727104187,0.8250615000724792,-0.1423328369855881,-0.4819217920303345,0.5748383998870850,0.6457970142364502,-0.1432386934757233,-0.4819084107875824,0.5755836367607117,0.6449421644210815,-0.1432386934757233,-0.4819084107875824,0.5755836367607117,0.6449421644210815,-0.0068809892982244,0.1875409781932831,0.0631548985838890,0.9802003502845764
-0.1644777655601501,0.0000000000000000,0.5851278424263000,-0.0144206611439586,0.2131955623626709,0.0611844845116138,0.9749852418899536,-1.6398362159729007,-0.3087794423103333,-0.2404167115688324,1.5946310997009279,-0.4913852035999298,0.1163639798760414,-1.6926054954528813,0.1929801702499390,0.3943302094936371,1.8183571815490724,-0.4713876426219940,0.0551109932363033,0.0000000000000000,-0.4619525551795960,1.1489673614501956,-0.4758729636669155,-1.5842150211334229,-0.3219002366065978,-0.4619525551795960,-1.1489673614501956,0.4758729636669155,-1.5842150211334229,-0.0061047550290823,0.0000000000000000,-0.4322617650032035,0.0000000000000000,-1.0711015462875366,0.2209825408910278,-2.1090171639336472,-0.4947927560454440,-6.0950319290161179,-0.9624768495559702,-0.7058343529701235,3.9035067081451409,0.5019971907138837,-0.3603327155113222,-5.3481708526611387,1.6093625068664557,0.7737118959426854,3.6073856353759748,0.5677254676818848,-0.1862931545823823,0.0000000000000000,-1.1097161650657676,6.2925483703613310,4.1727167129516669,-3.0571644306182870,0.0167107284069090,-1.1097161650657676,-6.2925483703613310,-4.1727167129516669,-3.0571644306182870,-0.5429828763008109,0.0000000000000000,0.0000000000000000,0.0000000000000000,-0.0144206611439586,0.2131955623626709,0.0611844845116138,0.9749852418899536,-0.0144206611439586,0.2131955623626709,0.0611844845116138,0.9749852418899536,0.0741334408521652,-0.5403108596801758,0.2362716495990753,0.8042041063308716,-0.0502764284610748,-0.5702541470527649,0.1501888036727905,0.8060556054115295,0.0185778271406889,-0.5721534490585327,0.0525208227336407,0.8182523846626282,-0.0246295034885406,0.1857216358184814,0.0500564686954021,0.9810174703598022,-0.0117195509374142,-0.0584667474031448,0.0545711442828178,0.9967278242111206,0.0462576039135456,-0.0551940277218819,0.0579073131084442,0.9957211017608643,0.0462576039135456,-0.0551940277218819,0.0579073131084442,0.9957211017608643,-0.0066834222525358,-0.5669285058975220,-0.1371579617261887,0.8122407793998718,0.0713943541049957,-0.5774611830711365,-0.0816074609756470,0.8091858625411987,-0.0429994016885757,-0.5802842378616333,0.0785645321011543,0.8094743490219116,-0.0882562026381493,0.2821544706821442,0.0143148107454181,0.9551936388015747,-0.0824425891041756,0.0512990206480026,0.0345149859786034,0.9946761131286621,-0.0550083965063095,0.0522720068693161,0.0330625660717487,0.9965683817863464,-0.0550083965063095,0.0522720068693161,0.0330625660717487,0.9965683817863464,-0.0144206611439586,0.2131955623626709,0.0611844845116138,0.9749852418899536,-0.0031726206652820,-0.0154435271397233,0.0489602945744991,0.9986763596534729,0.5400557518005371,0.0129544967785478,0.0486718788743019,0.8401208519935608,0.5218031406402588,0.1500799506902695,-0.1438983827829361,0.8273396492004395,0.2556956410408020,-0.4579765498638153,-0.5094552040100098,0.6821530461311340,0.3523337244987488,-0.4230894744396210,-0.5912016034126282,0.5893529057502747,0.3523337244987488,-0.4230894744396210,-0.5912016034126282,0.5893529057502747,0.0030213394202292,-0.0150130949914455,0.0769566297531128,0.9969168901443481,-0.5391472578048706,-0.0550246089696884,0.0573462806642056,0.8384532332420349,-0.5383995771408081,0.0831470265984535,0.2469280064105988,0.8013980984687805,-0.2002463936805725,-0.4863915443420410,0.5929864645004272,0.6096652746200562,-0.1982875913381577,-0.4867099523544312,0.5915262699127197,0.6114672422409058,-0.1982875913381577,-0.4867099523544312,0.5915262699127197,0.6114672422409058,-0.0144206611439586,0.2131955623626709,0.0611844845116138,0.9749852418899536
-0.1633161008358002,0.0000000000000000,0.5625254392623901,-0.0266363248229027,0.2651956677436829,0.0563172474503517,0.9621798992156982,-1.8149251699447637,-0.3397641241550446,-0.2577721416950227,1.6643446445465091,-0.4665900051593780,0.1063273549079895,-1.8738487958908088,0.2331897020339967,0.3788862466812133,1.8712977647781375,-0.4597027420997619,0.0387769952416419,0.0000000000000000,-0.5106096684932711,1.3105085134506231,-0.3043073415756220,-1.6533726692199708,-0.2868717133998870,-0.5106096684932711,-1.3105085134506231,0.3043073415756220,-1.6533726692199708,-0.0058264599181712,0.0000000000000000,-0.0645030140876758,0.0000000000000000,-1.1153655052185061,0.4917003142374050,-4.5978402644632617,-0.7146587634699559,-8.0895932197570879,-1.4025447368621839,-0.8272871732711796,3.5901344299316396,1.0553191721439381,-0.4664566040039066,-8.1336659431457612,1.9101980686187754,-0.3857205867767373,2.8871181011199929,0.5801150918006898,-0.6590981896966711,0.0000000000000000,-2.1020707011222872,7.6309297561645550,7.4768895149231067,-3.3577027320861825,1.3177473247051281,-2.1020707011222872,-7.6309297561645550,-7.4768895149231067,-3.3577027320861825,-0.1253096461296068,0.0000000000000000,0.0000000000000000,0.0000000000000000,-0.0266363248229027,0.2651956677436829,0.0563172474503517,0.9621798992156982,-0.0266363248229027,0.2651956677436829,0.0563172474503517,0.9621798992156982,0.0809615552425385,-0.5635746121406555,0.2510091364383698,0.7828302979469299,-0.0524119138717651,-0.5979338288307190,0.1519306004047394,0.7852675914764404,0.0249811019748449,-0.5996957421302795,0.0498188659548759,0.7982851266860962,-0.0200491975992918,0.1864897608757019,0.0520835258066654,0.9808704853057861,-0.0074701039120555,-0.0453242808580399,0.0553349554538727,0.9974106550216675,0.0455400496721268,-0.0423193871974945,0.0576939620077610,0.9963967800140381,0.0455400496721268,-0.0423193871974945,0.0576939620077610,0.9963967800140381,-0.0272709541022778,-0.5975386500358582,-0.1457397043704987,0.7880125045776367,0.0643763840198517,-0.6103875637054443,-0.0749472528696060,0.7859170436859131,-0.0516112260520458,-0.6116148233413696,0.0744722113013268,0.7859500050544739,-0.0904193818569183,0.2698110938072205,0.0026128832250834,0.9586549997329712,-0.0874152034521103,0.0443019494414330,0.0231314171105623,0.9949176311492920,-0.0681122317910194,0.0447836108505726,0.0222422890365124,0.9964239001274109,-0.0681122317910194,0.0447836108505726,0.0222422890365124,0.9964239001274109,-0.0266363248229027,0.2651956677436829,0.0563172474503517,0.9621798992156982,-0.0158302765339613,0.0136590814217925,0.0460699461400509,0.9987194538116455,0.5960581898689270,0.0381919853389263,0.0274059437215328,0.8015640974044800,0.5837761759757996,0.1335728317499161,-0.0901201069355011,0.7957652807235718,0.3212126195430756,-0.4658566713333130,-0.5271412730216980,0.6339734196662903,0.4068186283111572,-0.4270914494991302,-0.5929980874061584,0.5481284260749817,0.4068186283111572,-0.4270914494991302,-0.5929980874061584,0.5481284260749817,-0.0073558529838920,0.0145194660872221,0.0765495300292969,0.9969330430030823,-0.6132712960243225,-0.0357580408453941,0.0704302266240120,0.7859129309654236,-0.6128048896789551,0.0623326152563095,0.1847136914730072,0.7658103704452515,-0.2777838706970215,-0.4911381900310516,0.6116157770156860,0.5545679330825806,-0.2759317457675934,-0.4916406869888306,0.6103955507278442,0.5563886761665344,-0.2759317457675934,-0.4916406869888306,0.6103955507278442,0.5563886761665344,-0.0266363248229027,0.2651956677436829,0.0563172474503517,0.9621798992156982
-0.1764204740524292,0.0000000000000000,0.5398330330848694,-0.0488158762454987,0.2698109149932861,0.0618451237678528,0.9596845507621765,-1.9296916007995604,-0.3780226111412048,-0.2991257965564727,1.7440668106079100,-0.4536808073520661,0.0888020411133766,-1.9569380283355713,0.2160920202732087,0.3426520764827729,1.9293317794799805,-0.4697552025318146,0.0222896464169026,0.0000000000000000,-0.4090834379196169,1.5121890544891354,-0.1418940246105196,-1.6232135772705079,-0.2395056128501893,-0.4090834379196169,-1.5121890544891354,0.1418940246105196,-1.6232135772705079,-0.0517187200486659,0.0000000000000000,-0.3698978580534451,0.0000000000000000,-1.1328202486038208,0.2743507083307304,-2.5408848958983166,-1.6723015955909533,-6.9447715759277369,-1.7674482107162472,-1.5877182126045215,3.7859357357025143,0.8831798315048224,-0.7264918923377988,-6.1175424575805710,0.2912602424621611,-1.3959042787551867,2.7998318672180171,-0.0678758144378652,-0.8213003873825073,0.0000000000000000,2.0726444244384687,9.2812385559082013,8.3037113189697269,-0.4783800601959278,2.1215533494949335,2.0726444244384687,-9.2812385559082013,-8.3037113189697269,-0.4783800601959278,-1.3712018225342013,0.0000000000000000,0.0000000000000000,0.0000000000000000,-0.0488158762454987,0.2698109149932861,0.0618451237678528,0.9596845507621765,-0.0488158762454987,0.2698109149932861,0.0618451237678528,0.9596845507621765,0.0794577002525330,-0.5976866483688354,0.2784663438796997,0.7476053237915039,-0.0618058219552040,-0.6396428346633911,0.1605716794729233,0.7491688132286072,0.0350547209382057,-0.6415629386901855,0.0478899665176868,0.7647709846496582,-0.0143206752836704,0.1728274971246719,0.0577889382839203,0.9831510186195374,-0.0009708236902952,-0.0527114756405354,0.0595443993806839,0.9968326091766357,0.0432856045663357,-0.0500614047050476,0.0616991557180882,0.9958983659744263,0.0432856045663357,-0.0500614047050476,0.0616991557180882,0.9958983659744263,-0.0352826081216335,-0.6289199590682983,-0.1323885619640350,0.7653025388717651,0.0477712079882622,-0.6397781372070312,-0.0642199069261551,0.7643805742263794,-0.0616154596209526,-0.6387219429016113,0.0673674196004868,0.7640022635459900,-0.0901347473263741,0.2640335261821747,-0.0122308591380715,0.9602147340774536,-0.0906207412481308,0.0333192795515060,0.0090980604290962,0.9952863454818726,-0.0795257836580276,0.0335030108690262,0.0086537059396505,0.9962321519851685,-0.0795257836580276,0.0335030108690262,0.0086537059396505,0.9962321519851685,-0.0488158762454987,0.2698109149932861,0.0618451237678528,0.9596845507621765,-0.0396573618054390,0.0690008550882339,0.0567155778408051,0.9952133297920227,0.6537368297576904,0.0863237455487251,-0.0105845760554075,0.7517075538635254,0.6467419862747192,0.1326382160186768,-0.0639897808432579,0.7483564019203186,0.3925865292549133,-0.4221321940422058,-0.5451289415359497,0.6086990833282471,0.4593250155448914,-0.3833779096603394,-0.5976160168647766,0.5337576270103455,0.4593250155448914,-0.3833779096603394,-0.5976160168647766,0.5337576270103455,-0.0326436311006546,0.0700464472174644,0.0811469554901123,0.9937016963958740,-0.7049055099487305,-0.0086201885715127,0.1106233000755310,0.7005686759948730,-0.7033025026321411,0.0397088751196861,0.1622975319623947,0.6909763813018799,-0.3679684996604919,-0.4436179399490356,0.6508173942565918,0.4942053258419037,-0.3536641001701355,-0.4503847360610962,0.6403928995132446,0.5118322372436523,-0.3536641001701355,-0.4503847360610962,0.6403928995132446,0.5118322372436523,-0.0488158762454987,0.2698109149932861,0.0618451237678528,0.9596845507621765
-0.1966578662395477,0.0000000000000000,0.5170956254005432,-0.0759488120675087,0.2507181167602539,0.0725645199418068,0.9623443484306335,-2.0142967700958252,-0.4199180006980896,-0.3524785637855530,1.8287932872772217,-0.4467146098613739,0.0675323829054832,-1.9909502267837524,0.1703407317399979,0.2960228025913239,1.9899125099182129,-0.4906763434410095,0.0057256221771240,0.0000000000000000,-0.2324655354022980,1.7339392900466919,0.0159431397914886,-1.5433961153030396,-0.1859707236289978,-0.2324655354022980,-1.7339392900466919,-0.0159431397914886,-1.5433961153030396,-0.1206962577998638,0.0000000000000000,-1.0118694938719273,0.0000000000000000,-1.1368703842163086,-0.1870325872024698,1.7889597072139063,-2.9988328400601980,-4.2302584648132324,-2.0947694778442383,-2.6676383614540100,4.2363238334655762,0.3483098745346069,-1.0634828805923462,-1.7006096839904785,-2.2875642776489258,-2.3314635753631592,3.0290362834930420,-1.0460569858551028,-0.8282011747360229,0.0000000000000000,8.8308944702148438,11.0875110626220703,7.8918576240539551,3.9908730983734131,2.6767442226409912,8.8308944702148438,-11.0875110626220703,-7.8918576240539551,3.9908730983734131,-3.4488766882568598,0.0000000000000000,0.0000000000000000,0.0000000000000000,-0.0759488120675087,0.2507181167602539,0.0725645199418068,0.9623443484306335,-0.0759488120675087,0.2507181167602539,0.0725645199418068,0.9623443484306335,0.0735248997807503,-0.6351940035820007,0.3113264441490173,0.7029925584793091,-0.0746073126792908,-0.6861313581466675,0.1721025258302689,0.7028785347938538,0.0468466356396675,-0.6885839700698853,0.0462021306157112,0.7221654057502747,-0.0080120414495468,0.1518742442131042,0.0653073638677597,0.9862073659896851,0.0066528762690723,-0.0703480616211891,0.0654597878456116,0.9953501224517822,0.0402518808841705,-0.0680980533361435,0.0677974075078964,0.9945581555366516,0.0402518808841705,-0.0680980533361435,0.0677974075078964,0.9945581555366516,-0.0369600579142570,-0.6599872708320618,-0.1079428195953369,0.7425625324249268,0.0263418033719063,-0.6667773723602295,-0.0514081269502640,0.7430149912834167,-0.0722769126296043,-0.6633716821670532,0.0587275400757790,0.7424722909927368,-0.0886144936084747,0.2615054845809937,-0.0286417193710804,0.9606987237930298,-0.0929175838828087,0.0203360486775637,-0.0062609724700451,0.9954464435577393,-0.0900674313306808,0.0203180406242609,-0.0063191652297974,0.9957083463668823,-0.0900674313306808,0.0203180406242609,-0.0063191652297974,0.9957083463668823,-0.0759488120675087,0.2507181167602539,0.0725645199418068,0.9623443484306335,-0.0688632726669312,0.1370893269777298,0.0738576725125313,0.9853981137275696,0.7066751718521118,0.1450229287147522,-0.0567167438566685,0.6901896595954895,0.7077780365943909,0.1390506625175476,-0.0515777505934238,0.6906915903091431,0.4639852344989777,-0.3499461710453033,-0.5595477223396301,0.5908991098403931,0.5086532235145569,-0.3142048716545105,-0.6009611487388611,0.5304648280143738,0.5086532235145569,-0.3142048716545105,-0.6009611487388611,0.5304648280143738,-0.0652118474245071,0.1381954401731491,0.0878731086850166,0.9843412637710571,-0.7926347851753235,0.0224398206919432,0.1622224301099777,0.5872907638549805,-0.7927069664001465,0.0158391408622265,0.1579416841268539,0.5885739326477051,-0.4586561322212219,-0.3638699948787689,0.6907070279121399,0.4244489967823029,-0.4283535778522491,-0.3828071355819702,0.6709244847297668,0.4688627719879150,-0.4283535778522491,-0.3828071355819702,0.6709244847297668,0.4688627719879150,-0.0759488120675087,0.2507181167602539,0.0725645199418068,0.9623443484306335
-0.2019770979881287,0.0000000000000000,0.4973215937614441,-0.0830685943365097,0.2576242089271545,0.0662590861320496,0.9603849053382874,-2.0910723209381104,-0.4216002821922302,-0.3494411051273346,1.8715687990188599,-0.4420860469341278,0.0640189148485660,-2.0695240020751955,0.1703763425350189,0.2772446393966674,2.0149928092956544,-0.4975823879241943,-0.0064054296351969,0.0000000000000000,-0.1113986492156981,1.8906645536422730,0.1503418367356064,-1.3556982040405272,-0.1159579738974570,-0.1113986492156981,-1.8906645536422730,-0.1503418367356064,-1.3556982040405272,-0.1892886877059937,0.0000000000000000,-0.5643247723579402,0.0000000000000000,-1.0479690670967101,0.3563784234258456,0.2276013580761611,-1.4946487818334624,-3.9953697681426998,-0.8883762359619127,-0.9759315967559796,2.9777948856353746,0.2781808167695998,-0.5307971715927118,-3.0374571084976214,-0.9139574050903305,-1.4959302902221672,1.9640234231948841,-0.6256041288375850,-0.6952119946479796,0.0000000000000000,7.1643640518188461,9.1367620468139634,7.1887037277221673,7.2272863388061559,3.1710800647735602,7.1643640518188461,-9.1367620468139634,-7.1887037277221673,7.2272863388061559,-3.4373233795166014,0.0000000000000000,0.0000000000000000,0.0000000000000000,-0.0830685943365097,0.2576242089271545,0.0662590861320496,0.9603849053382874,-0.0830685943365097,0.2576242089271545,0.0662590861320496,0.9603849053382874,0.0714928433299065,-0.6547629237174988,0.3178465068340302,0.6820175647735596,-0.0727849304676056,-0.7067778706550598,0.1737952530384064,0.6818816661834717,0.0511645711958408,-0.7086765766143799,0.0525949671864510,0.7017076015472412,-0.0120908683165908,0.1445348858833313,0.0723237842321396,0.9867789745330811,0.0040481258183718,-0.0753313526511192,0.0732104182243347,0.9944591522216797,0.0358738005161285,-0.0729591920971870,0.0755784958600998,0.9938198328018188,0.0358738005161285,-0.0729591920971870,0.0755784958600998,0.9938198328018188,-0.0446663536131382,-0.6845016479492188,-0.1106189042329788,0.7191842794418335,0.0166872590780258,-0.6914314031600952,-0.0519765317440033,0.7203766703605652,-0.0788688212633133,-0.6871620416641235,0.0482031628489494,0.7206000685691833,-0.0827547982335091,0.2423383891582489,-0.0408884845674038,0.9657907485961914,-0.0903094261884689,-0.0029321648180485,-0.0192595869302750,0.9957233071327209,-0.0934968590736389,-0.0028176708146930,-0.0193626396358013,0.9954273700714111,-0.0934968590736389,-0.0028176708146930,-0.0193626396358013,0.9954273700714111,-0.0830685943365097,0.2576242089271545,0.0662590861320496,0.9603849053382874,-0.0799299329519272,0.2035898566246033,0.0671283230185509,0.9734763503074646,0.7421942949295044,0.1705591976642609,-0.1274731457233429,0.6354587078094482,0.7509667873382568,0.1097502559423447,-0.0851936191320419,0.6455584764480591,0.5282191634178162,-0.2917372286319733,-0.5598310232162476,0.5678583383560181,0.5535721778869629,-0.2672191858291626,-0.5848554968833923,0.5292408466339111,0.5535721778869629,-0.2672191858291626,-0.5848554968833923,0.5292408466339111,-0.0781659111380577,0.2041419297456741,0.0738578289747238,0.9730165004730225,-0.8338757753372192,0.0573309399187565,0.2114324569702148,0.5066169500350952,-0.8335788249969482,-0.0092497887089849,0.1799331307411194,0.5221924781799316,-0.5396039485931396,-0.3054253756999969,0.6805378198623657,0.3903988897800446,-0.4976013898849487,-0.3434761464595795,0.6503159403800964,0.4598978757858276,-0.4976013898849487,-0.3434761464595795,0.6503159403800964,0.4598978757858276,-0.0830685943365097,0.2576242089271545,0.0662590861320496,0.9603849053382874
-0.2142345696687699,0.0000000000000000,0.4776698470115661,-0.0832736864686012,0.2547067999839783,0.0612464547157288,0.9614773988723755,-2.1642061710357670,-0.4213237464427948,-0.3371964097023010,1.9129434347152712,-0.4317173719406128,0.0588846981525421,-2.1582130432128910,0.1699949860572815,0.2682337641716004,2.0478054523468017,-0.4936124086380004,-0.0120319528505206,0.0000000000000000,-0.0118323206901549,2.0312844753265384,0.2527106225490571,-1.1680390357971187,-0.0608190223574638,-0.0118323206901549,-2.0312844753265384,-0.2527106225490571,-1.1680390357971187,-0.2469625294208527,0.0000000000000000,-0.4741087794303908,0.0000000000000000,-0.9850329756736755,0.5985565823919544,-0.1674349279163617,-0.1347875708436356,-3.7295262813568106,-0.0253495559096332,0.4280900210142154,2.0967492818832394,0.4036314815282833,-0.2242958545684818,-4.2321464538574238,-0.0107284770580009,-0.6458894729614238,1.4859851360321059,-0.0190215051174142,-0.4114166855812060,0.0000000000000000,5.4083271026611284,7.3531024932861300,5.7590371131896907,9.3837329864501946,3.0544233798980684,5.4083271026611284,-7.3531024932861300,-5.7590371131896907,9.3837329864501946,-3.1020636796951271,0.0000000000000000,0.0000000000000000,0.0000000000000000,-0.0832736864686012,0.2547067999839783,0.0612464547157288,0.9614773988723755,-0.0832736864686012,0.2547067999839783,0.0612464547157288,0.9614773988723755,0.0711383894085884,-0.6814093589782715,0.3195567429065704,0.6546023488044739,-0.0673517957329750,-0.7331725955009460,0.1700379997491837,0.6549876332283020,0.0563844516873360,-0.7341299653053284,0.0574367269873619,0.6742218732833862,-0.0144859142601490,0.1277873218059540,0.0791659206151962,0.9885309338569641,0.0027763070538640,-0.0869105160236359,0.0804282799363136,0.9929603338241577,0.0320114158093929,-0.0845179110765457,0.0829061791300774,0.9924507737159729,0.0320114158093929,-0.0845179110765457,0.0829061791300774,0.9924507737159729,-0.0455560199916363,-0.7174146175384521,-0.1197321414947510,0.6847664713859558,0.0127575378865004,-0.7249853610992432,-0.0584085732698441,0.6861647367477417,-0.0844138860702515,-0.7201465964317322,0.0337363816797733,0.6878409981727600,-0.0725083723664284,0.2130214571952820,-0.0543234124779701,0.9728378057479858,-0.0834474861621857,-0.0311046503484249,-0.0348671711981297,0.9954161643981934,-0.0894385725259781,-0.0309299118816853,-0.0349926427006721,0.9948968887329102,-0.0894385725259781,-0.0309299118816853,-0.0349926427006721,0.9948968887329102,-0.0832736864686012,0.2547067999839783,0.0612464547157288,0.9614773988723755,-0.0829691439867020,0.2489970624446869,0.0615382641553879,0.9629795551300049,0.7746154665946960,0.1834598928689957,-0.1792256236076355,0.5780931115150452,0.7899351119995117,0.0797263309359550,-0.1116681396961212,0.5976424217224121,0.5945612192153931,-0.2371364086866379,-0.5471005439758301,0.5393926501274109,0.6059707403182983,-0.2223291397094727,-0.5601418018341064,0.5192403197288513,0.6059707403182983,-0.2223291397094727,-0.5601418018341064,0.5192403197288513,-0.0827443525195122,0.2490809410810471,0.0622417032718658,0.9629321098327637,-0.8619006872177124,0.0783497169613838,0.2445868104696274,0.4372251331806183,-0.8628413677215576,-0.0342538021504879,0.1947741508483887,0.4651822447776794,-0.6146006584167480,-0.2565936744213104,0.6526539921760559,0.3612043261528015,-0.5645919442176819,-0.3144780397415161,0.6157848834991455,0.4507200419902802,-0.5645919442176819,-0.3144780397415161,0.6157848834991455,0.4507200419902802,-0.0832736864686012,0.2547067999839783,0.0612464547157288,0.9614773988723755
-0.2403685212135316,0.0000000000000000,0.4582626700401305,-0.0696286112070084,0.2320779412984848,0.0588048100471497,0.9684181809425354,-2.2300566196441651,-0.4171295762062073,-0.3065372407436370,1.9515163183212281,-0.4098684728145598,0.0505089841783046,-2.2671326160430914,0.1687796950340271,0.2787574648857117,2.0960827827453614,-0.4678903818130492,-0.0046494184061885,0.0000000000000000,0.0447328925132753,2.1396937131881719,0.2910195767879488,-0.9804573535919183,-0.0354276672005653,0.0447328925132753,-2.1396937131881719,-0.2910195767879488,-0.9804573535919183,-0.2827992022037507,0.0000000000000000,-1.0985503554344198,0.0000000000000000,-0.9740273356437683,0.2382690380336547,1.7701729123815402,0.9364279456723755,-3.4017732143402091,0.1509439781308180,1.2567413300275829,1.9706703662872309,0.9202415317296999,-0.3701632320880895,-5.1425202369689966,-0.0482555271359162,0.2331664085388212,2.1818959951400778,0.9598205626010927,0.1739908814430257,0.0000000000000000,3.4732770919799738,5.9036218643188434,2.8763450622558500,9.3802459716796882,1.7157816410064652,3.4732770919799738,-5.9036218643188434,-2.8763450622558500,9.3802459716796882,-2.1193910598754848,0.0000000000000000,0.0000000000000000,0.0000000000000000,-0.0696286112070084,0.2320779412984848,0.0588048100471497,0.9684181809425354,-0.0696286112070084,0.2320779412984848,0.0588048100471497,0.9684181809425354,0.0740825757384300,-0.7216135263442993,0.3113965094089508,0.6138550639152527,-0.0546614192426205,-0.7704576849937439,0.1552665233612061,0.6158728599548340,0.0633637830615044,-0.7698194980621338,0.0591339021921158,0.6323497295379639,-0.0135031268000603,0.0921466425061226,0.0856026560068130,0.9919672012329102,0.0041696610860527,-0.1116522252559662,0.0865557193756104,0.9899618625640869,0.0291725136339664,-0.1094435602426529,0.0893018394708633,0.9895435571670532,0.0291725136339664,-0.1094435602426529,0.0893018394708633,0.9895435571670532,-0.0327218696475029,-0.7654490470886230,-0.1414202451705933,0.6269109249114990,0.0202528089284897,-0.7746414542198181,-0.0764108002185822,0.6274408698081970,-0.0876744911074638,-0.7699083089828491,0.0113662555813789,0.6320011615753174,-0.0534236095845699,0.1632106453180313,-0.0700497329235077,0.9826501607894897,-0.0680737271904945,-0.0690304711461067,-0.0556584447622299,0.9937318563461304,-0.0703889206051826,-0.0689366757869720,-0.0557579398155212,0.9935715198516846,-0.0703889206051826,-0.0689366757869720,-0.0557579398155212,0.9935715198516846,-0.0696286112070084,0.2320779412984848,0.0588048100471497,0.9684181809425354,-0.0705645009875298,0.2537350058555603,0.0587548725306988,0.9629054665565491,0.8106892704963684,0.1733166575431824,-0.1943975687026978,0.5243605375289917,0.8252692222595215,0.0491348356008530,-0.1242981329560280,0.5486953258514404,0.6680865883827209,-0.1922564655542374,-0.5123000741004944,0.5042285919189453,0.6738826036453247,-0.1824485361576080,-0.5194509029388428,0.4927124977111816,0.6738826036453247,-0.1824485361576080,-0.5194509029388428,0.4927124977111816,-0.0711805745959282,0.2535614967346191,0.0560248196125031,0.9630686044692993,-0.8788887262344360,0.0725916326045990,0.2494181245565414,0.4000945985317230,-0.8777270913124084,-0.0591149926185608,0.1971947401762009,0.4326832294464111,-0.6840220093727112,-0.2313918471336365,0.5984368324279785,0.3470520079135895,-0.6296923160552979,-0.3085115551948547,0.5577684044837952,0.4440751373767853,-0.6296923160552979,-0.3085115551948547,0.5577684044837952,0.4440751373767853,-0.0696286112070084,0.2320779412984848,0.0588048100471497,0.9684181809425354
-0.2550959199666977,0.0000000000000000,0.4402503848075866,-0.0536014623939991,0.2204468846321106,0.0563187673687935,0.9722954034805298,-2.2829542636871341,-0.4104680955410003,-0.2716335833072661,1.9829819917678835,-0.3882190942764281,0.0406242594122886,-2.3704361915588383,0.1606496334075927,0.2919902563095094,2.1345165729522706,-0.4417583823204039,-0.0006619305349886,0.0000000000000000,0.0727133154869080,2.2034503459930423,0.2998316943645477,-0.8397449016571039,-0.0233799528330564,0.0727133154869080,-2.2034503459930423,-0.2998316943645477,-0.8397449016571039,-0.2786859214305877,0.0000000000000000,-0.9645009279251076,0.0000000000000000,-0.9285120368003842,0.0350573237738145,1.7420327916119389,1.4589100808309590,-2.9039380550384495,0.2837278038263326,1.6602930307388315,1.7154277563095079,1.0864593029022216,-0.4640560150146488,-5.2774982452392569,-0.2682076416909709,0.6074577331542974,2.1185601234436016,1.2984004259109498,0.2672753036022180,0.0000000000000000,1.9707167625427189,4.0808835983276275,1.0305425405502260,7.9730068206787017,0.8692584514617894,1.9707167625427189,-4.0808835983276275,-1.0305425405502260,7.9730068206787017,-0.5933349847793501,0.0000000000000000,0.0000000000000000,0.0000000000000000,-0.0536014623939991,0.2204468846321106,0.0563187673687935,0.9722954034805298,-0.0536014623939991,0.2204468846321106,0.0563187673687935,0.9722954034805298,0.0787701010704041,-0.7496023178100586,0.2992968559265137,0.5850752592086792,-0.0421726927161217,-0.7948887348175049,0.1402949839830399,0.5888045430183411,0.0656246244907379,-0.7932980060577393,0.0589896701276302,0.6024049520492554,-0.0134299863129854,0.0698339417576790,0.0871947854757309,0.9936498403549194,0.0036462210118771,-0.1231452077627182,0.0881341248750687,0.9884605407714844,0.0237238258123398,-0.1213285326957703,0.0906003639101982,0.9881842732429504,0.0237238258123398,-0.1213285326957703,0.0906003639101982,0.9881842732429504,-0.0231715030968189,-0.8001258373260498,-0.1641925275325775,0.5764567852020264,0.0233391374349594,-0.8106725811958313,-0.0995827615261078,0.5764967799186707,-0.0949768945574760,-0.8053500652313232,-0.0148609643802047,0.5849528908729553,-0.0325534492731094,0.1237338930368423,-0.0900841504335403,0.9876817464828491,-0.0512535683810711,-0.0956758111715317,-0.0805964469909668,0.9908195734024048,-0.0515847615897655,-0.0956709608435631,-0.0806131288409233,0.9908015131950378,-0.0515847615897655,-0.0956709608435631,-0.0806131288409233,0.9908015131950378,-0.0536014623939991,0.2204468846321106,0.0563187673687935,0.9722954034805298,-0.0550974905490875,0.2556941807270050,0.0566337481141090,0.9635233879089355,0.8345359563827515,0.1661259680986404,-0.2025032788515091,0.4847104549407959,0.8480578660964966,0.0353505685925484,-0.1357455551624298,0.5110004544258118,0.7180981636047363,-0.1549509167671204,-0.4814808368682861,0.4780184626579285,0.7213890552520752,-0.1476888060569763,-0.4859837591648102,0.4707499742507935,0.7213890552520752,-0.1476888060569763,-0.4859837591648102,0.4707499742507935,-0.0561002120375633,0.2554592192173004,0.0521942228078842,0.9637786149978638,-0.8850458860397339,0.0689187645912170,0.2514387369155884,0.3856458067893982,-0.8830369710922241,-0.0673945099115372,0.1994280219078064,0.4194428920745850,-0.7274302244186401,-0.2099097371101379,0.5519794225692749,0.3494309782981873,-0.6766949892044067,-0.2925585210323334,0.5119136571884155,0.4409509897232056,-0.6766949892044067,-0.2925585210323334,0.5119136571884155,0.4409509897232056,-0.0536014623939991,0.2204468846321106,0.0563187673687935,0.9722954034805298
-0.2641200423240664,0.0000000000000000,0.4229355454444883,-0.0363865979015827,0.2143108695745468,0.0538092590868473,0.9746031761169434,-2.3293755054473881,-0.4025729596614838,-0.2346076816320419,2.0108940601348877,-0.3666694760322571,0.0299850292503834,-2.4709317684173588,0.1490621864795685,0.3065775930881500,2.1680285930633545,-0.4154213964939116,0.0016280334675685,0.0000000000000000,0.0864013433456421,2.2448806762695312,0.2938953936100006,-0.7224670648574827,-0.0180040616542101,0.0864013433456421,-2.2448806762695312,-0.2938953936100006,-0.7224670648574827,-0.2545976638793945,0.0000000000000000,-0.4512060880661066,0.0000000000000000,-0.8657419085502660,-0.0896164754367950,0.7310186903086245,1.7070255253108289,-2.3210618495941171,0.3947567641735070,1.8512949943542421,1.3956032991409277,1.0774809122085536,-0.5319615006446823,-5.0247783660888610,-0.5793722867965689,0.7293667793273909,1.6756008863449077,1.3168492317199691,0.1144981905817981,0.0000000000000000,0.6844013333320594,2.0715165138244558,-0.2968150079250336,5.8638916015624876,0.2687945365905759,0.6844013333320594,-2.0715165138244558,0.2968150079250336,5.8638916015624876,1.2044128179550153,0.0000000000000000,0.0000000000000000,0.0000000000000000,-0.0363865979015827,0.2143108695745468,0.0538092590868473,0.9746031761169434,-0.0363865979015827,0.2143108695745468,0.0538092590868473,0.9746031761169434,0.0843304917216301,-0.7715137600898743,0.2852741479873657,0.5623819828033447,-0.0298091564327478,-0.8129719495773315,0.1252657622098923,0.5678877830505371,0.0655418708920479,-0.8108737468719482,0.0579421631991863,0.5786456465721130,-0.0138149661943316,0.0542154610157013,0.0863839089870453,0.9946897625923157,0.0021651566494256,-0.1280344426631927,0.0874548107385635,0.9879038929939270,0.0169755201786757,-0.1267089396715164,0.0893644616007805,0.9877603650093079,0.0169755201786757,-0.1267089396715164,0.0893644616007805,0.9877603650093079,-0.0152716077864170,-0.8273276090621948,-0.1872993558645248,0.5293531417846680,0.0241875406354666,-0.8389775753021240,-0.1251748204231262,0.5290207266807556,-0.1041988730430603,-0.8328330516815186,-0.0429313071072102,0.5419304370880127,-0.0107980528846383,0.0893951654434204,-0.1121779903769493,0.9895999431610107,-0.0336993411183357,-0.1166019663214684,-0.1075400188565254,0.9867640733718872,-0.0328960865736008,-0.1166894659399986,-0.1074450686573982,0.9867912530899048,-0.0328960865736008,-0.1166894659399986,-0.1074450686573982,0.9867912530899048,-0.0363865979015827,0.2143108695745468,0.0538092590868473,0.9746031761169434,-0.0380907729268074,0.2562169432640076,0.0548336096107960,0.9643107056617737,0.8524873852729797,0.1604800075292587,-0.2071231752634048,0.4523397982120514,0.8648462891578674,0.0300166383385658,-0.1466294378042221,0.4792074263095856,0.7561822533607483,-0.1216134876012802,-0.4528307020664215,0.4564459621906281,0.7583536505699158,-0.1155948489904404,-0.4561606645584106,0.4510599970817566,0.7583536505699158,-0.1155948489904404,-0.4561606645584106,0.4510599970817566,-0.0392530970275402,0.2560195922851562,0.0495478324592113,0.9646025896072388,-0.8862778544425964,0.0663299858570099,0.2521930932998657,0.3827670216560364,-0.8841003179550171,-0.0674161687493324,0.2016894519329071,0.4161047041416168,-0.7577967047691345,-0.1904121041297913,0.5096903443336487,0.3601431548595428,-0.7142762541770935,-0.2715753614902496,0.4721493124961853,0.4394670724868774,-0.7142762541770935,-0.2715753614902496,0.4721493124961853,0.4394670724868774,-0.0363865979015827,0.2143108695745468,0.0538092590868473,0.9746031761169434
-0.3061905801296235,0.0000000000000000,0.3840441405773162,-0.0260964408516884,0.1601545512676239,0.0510644540190697,0.9854246973991394,-2.3815179347991946,-0.3991626203060150,-0.2342471122741699,2.0244535923004152,-0.3666657924652100,0.0285256315022707,-2.5317638397216800,0.1431037575006485,0.3109070718288421,2.1895746707916262,-0.3985258400440216,0.0010465112049133,0.0000000000000000,0.0861296132206917,2.2443312168121339,0.2879985392093659,-0.6794234037399292,-0.0139473518356681,0.0861296132206917,-2.2443312168121339,-0.2879985392093659,-0.6794234037399292,-0.2415166109800339,0.0000000000000000,-1.4425985336303722,0.0000000000000000,-1.5130389094352730,0.1456092328434512,3.6274013778810597,1.1688689105711685,-2.4926974773406982,0.2602128773927687,0.7513350963592518,0.9650272488594051,0.4311028718948358,-0.2565665304660794,-3.8348733425140367,-0.4105017662048338,0.4216310739517208,1.3166226863861081,1.0336063504219051,0.0283536121249198,0.0000000000000000,0.2656086206436153,0.8121228218078600,-0.2956316173076630,3.6368664741516086,0.2292191058397293,0.2656086206436153,-0.8121228218078600,0.2956316173076630,3.6368664741516086,0.8741966962814327,0.0000000000000000,0.0000000000000000,0.0000000000000000,-0.0260964408516884,0.1601545512676239,0.0510644540190697,0.9854246973991394,-0.0260964408516884,0.1601545512676239,0.0510644540190697,0.9854246973991394,0.0744118839502335,-0.8181998729705811,0.2794550955295563,0.4969071149826050,-0.0256578251719475,-0.8573629260063171,0.1117383688688278,0.5017820000648499,0.0747008919715881,-0.8544878959655762,0.0523283407092094,0.5114020109176636,-0.0048041697591543,-0.0191816128790379,0.0910905748605728,0.9956462383270264,0.0118828425183892,-0.2003740668296814,0.0904398709535599,0.9754638671875000,0.0258011259138584,-0.1990653276443481,0.0932532697916031,0.9751980304718018,0.0258011259138584,-0.1990653276443481,0.0932532697916031,0.9751980304718018,-0.0004562754184008,-0.8662457466125488,-0.2041535079479218,0.4560037553310394,0.0322954319417477,-0.8785971403121948,-0.1417771577835083,0.4548882842063904,-0.1041768342256546,-0.8729758262634277,-0.0697399601340294,0.4713775217533112,0.0143290366977453,0.0189344584941864,-0.1243127286434174,0.9919588565826416,-0.0104631166905165,-0.1778090745210648,-0.1245174184441566,0.9760993719100952,-0.0099498815834522,-0.1778700500726700,-0.1244355365633965,0.9761040210723877,-0.0099498815834522,-0.1778700500726700,-0.1244355365633965,0.9761040210723877,-0.0260964408516884,0.1601545512676239,0.0510644540190697,0.9854246973991394,-0.0278334282338619,0.2024169266223907,0.0525589436292648,0.9774918556213379,0.8686881661415100,0.1351435780525208,-0.1595940589904785,0.4490508735179901,0.8775882124900818,0.0053063700906932,-0.1014268174767494,0.4685331583023071,0.7929546236991882,-0.1326925605535507,-0.3970953226089478,0.4426410794258118,0.7946784496307373,-0.1277669370174408,-0.3995840549468994,0.4387418925762177,0.7946784496307373,-0.1277669370174408,-0.3995840549468994,0.4387418925762177,-0.0286999195814133,0.2022757232189178,0.0472313463687897,0.9777678847312927,-0.8934565782546997,0.0451670289039612,0.2027488648891449,0.3982313275337219,-0.8888188004493713,-0.0868344455957413,0.1516687572002411,0.4236245155334473,-0.7895610332489014,-0.2044118642807007,0.4473317861557007,0.3670198321342468,-0.7469721436500549,-0.2865869402885437,0.4120912551879883,0.4359831809997559,-0.7469721436500549,-0.2865869402885437,0.4120912551879883,0.4359831809997559,-0.0260964408516884,0.1601545512676239,0.0510644540190697,0.9854246973991394
-0.3481230497360230,0.0000000000000000,0.3402290463447570,-0.0169190037995577,0.0993652641773224,0.0489793457090855,0.9937008023262024,-2.4273585796356203,-0.3962618231773377,-0.2343344897031784,2.0302165031433104,-0.3633662104606628,0.0257782630622387,-2.5887791156768798,0.1332091420888900,0.3128074109554291,2.2056941986083984,-0.3814022660255432,-0.0025797316804528,0.0000000000000000,0.0848561972379684,2.2384204387664797,0.2808565616607666,-0.6437778830528259,-0.0130049500614405,0.0848561972379684,-2.2384204387664797,-0.2808565616607666,-0.6437778830528259,-0.2323378056287765,0.0000000000000000,-2.0993847846984863,0.0000000000000000,-2.0922808647155771,0.2712145025384675,5.9243130212520416,0.7155268591715336,-2.4180677175521836,0.1552306875586509,0.0045900639146566,0.4440779328346237,0.0990611255023402,-0.1116089999675753,-2.9270994663238517,-0.4160070061683663,0.1435997396707530,0.9145073890686024,0.8516182899475098,-0.1204177271574742,0.0000000000000000,-0.0436370780691506,-0.1883125167340051,-0.3321963846683504,1.9302388429641708,0.1094062536954874,-0.0436370780691506,0.1883125167340051,0.3321963846683504,1.9302388429641708,0.5369851946830742,0.0000000000000000,0.0000000000000000,0.0000000000000000,-0.0169190037995577,0.0993652641773224,0.0489793457090855,0.9937008023262024,-0.0169190037995577,0.0993652641773224,0.0489793457090855,0.9937008023262024,0.0624386705458164,-0.8604124188423157,0.2735297083854675,0.4254095256328583,-0.0225531235337257,-0.8974192738533020,0.0988322198390961,0.4293743669986725,0.0825172215700150,-0.8939012885093689,0.0479789227247238,0.4379833936691284,0.0027798262890428,-0.0994734987616539,0.0954215675592422,0.9904505014419556,0.0199640654027462,-0.2767972052097321,0.0933407470583916,0.9561759829521179,0.0323195308446884,-0.2755768001079559,0.0967998728156090,0.9558466076850891,0.0323195308446884,-0.2755768001079559,0.0967998728156090,0.9558466076850891,0.0161549635231495,-0.9004548788070679,-0.2185297310352325,0.3757191896438599,0.0414853654801846,-0.9129455089569092,-0.1582366079092026,0.3738593161106110,-0.1012087464332581,-0.9082777500152588,-0.0980150550603867,0.3939307034015656,0.0418298318982124,-0.0581074319779873,-0.1344873160123825,0.9883253574371338,0.0156207550317049,-0.2444048225879669,-0.1398113071918488,0.9594139456748962,0.0144347604364157,-0.2441745847463608,-0.1402823328971863,0.9594223499298096,0.0144347604364157,-0.2441745847463608,-0.1402823328971863,0.9594223499298096,-0.0169190037995577,0.0993652641773224,0.0489793457090855,0.9937008023262024,-0.0187102928757668,0.1413861364126205,0.0508630424737930,0.9884699583053589,0.8812145590782166,0.1072151809930801,-0.1051385998725891,0.4482316970825195,0.8865457177162170,-0.0208678767085075,-0.0492225401103497,0.4595415592193604,0.8253849148750305,-0.1473290771245956,-0.3357156217098236,0.4293352961540222,0.8270256519317627,-0.1423370838165283,-0.3378623723983765,0.4261664450168610,0.8270256519317627,-0.1423370838165283,-0.3378623723983765,0.4261664450168610,-0.0192463062703609,0.1412954032421112,0.0455702431499958,0.9887308478355408,-0.8979899883270264,0.0204094927757978,0.1471403241157532,0.4141823649406433,-0.8906601667404175,-0.1088626608252525,0.0957352817058563,0.4309387207031250,-0.8171157240867615,-0.2217846661806107,0.3804910182952881,0.3719677627086639,-0.7745609879493713,-0.3057860136032104,0.3472814559936523,0.4312143623828888,-0.7745609879493713,-0.3057860136032104,0.3472814559936523,0.4312143623828888,-0.0169190037995577,0.0993652641773224,0.0489793457090855,0.9937008023262024
-0.3897793829441072,0.0000000000000000,0.2865665733814238,-0.0100544793531299,0.0258834268897772,0.0483063571155071,0.9984464645385742,-2.4605956554412844,-0.3943801105022430,-0.2353177607059479,2.0203861713409426,-0.3534748315811157,0.0204549532383680,-2.6381608009338380,0.1154421538114547,0.3098494708538055,2.2109606266021729,-0.3638226568698882,-0.0122954158112407,0.0000000000000000,0.0815794095396995,2.2217870235443113,0.2712243378162384,-0.6229286432266234,-0.0182911643758416,0.0815794095396995,-2.2217870235443113,-0.2712243378162384,-0.6229286432266234,-0.2309634953737259,0.0000000000000000,-2.0869586467742920,0.0000000000000000,-2.5354129076004042,0.1775788950630229,7.0222825762200971,0.4318139344519538,-1.8509071826934795,0.1093718916177748,-0.0357251424342395,-0.2576179146766686,0.3956919669959471,-0.2275263488292698,-2.5835878849029532,-0.7702637672424328,-0.0750228077173240,0.4261178970336897,0.8721398711204530,-0.3944425713270912,0.0000000000000000,-0.1337887963280085,-0.6708311539143340,-0.4442574679851535,1.2644062042236306,-0.1708814412355432,-0.1337887963280085,0.6708311539143340,0.4442574679851535,1.2644062042236306,0.1857829332351673,0.0000000000000000,0.0000000000000000,0.0000000000000000,-0.0100544793531299,0.0258834268897772,0.0483063571155071,0.9984464645385742,-0.0100544793531299,0.0258834268897772,0.0483063571155071,0.9984464645385742,0.0468682795763016,-0.8979263901710510,0.2690002024173737,0.3452104926109314,-0.0217060651630163,-0.9332255721092224,0.0878842622041702,0.3477001786231995,0.0880005657672882,-0.9293198585510254,0.0464790910482407,0.3556122779846191,0.0074342088773847,-0.1929354667663574,0.0992536395788193,0.9761503338813782,0.0247580520808697,-0.3615567684173584,0.0963920801877975,0.9270234704017639,0.0342738889157772,-0.3605573177337646,0.0999851003289223,0.9267290830612183,0.0342738889157772,-0.3605573177337646,0.0999851003289223,0.9267290830612183,0.0361997485160828,-0.9300570487976074,-0.2290278971195221,0.2850083112716675,0.0529453195631504,-0.9416649937629700,-0.1751018613576889,0.2824949622154236,-0.0929761007428169,-0.9385702013969421,-0.1293583363294601,0.3061172366142273,0.0738871917128563,-0.1475748717784882,-0.1410832405090332,0.9761443734169006,0.0471800453960896,-0.3217519819736481,-0.1519544273614883,0.9333593845367432,0.0414971671998501,-0.3207604289054871,-0.1540834605693817,0.9336214065551758,0.0414971671998501,-0.3207604289054871,-0.1540834605693817,0.9336214065551758,-0.0100544793531299,0.0258834268897772,0.0483063571155071,0.9984464645385742,-0.0119435256347060,0.0665225759148598,0.0504110306501389,0.9964390397071838,0.8876042962074280,0.0744507536292076,-0.0373585335910320,0.4530121982097626,0.8891359567642212,-0.0498359948396683,0.0165850725024939,0.4546190500259399,0.8519026041030884,-0.1694844961166382,-0.2649070024490356,0.4187613427639008,0.8543390035629272,-0.1621147394180298,-0.2677842974662781,0.4148676991462708,0.8543390035629272,-0.1621147394180298,-0.2677842974662781,0.4148676991462708,-0.0120828161016107,0.0664704442024231,0.0452980473637581,0.9966864585876465,-0.8984668850898743,-0.0113371014595032,0.0797927230596542,0.4315805137157440,-0.8879623413085938,-0.1361196339130402,0.0284642744809389,0.4383881092071533,-0.8394104242324829,-0.2466528117656708,0.3069943487644196,0.3745759129524231,-0.7946566343307495,-0.3343444466590881,0.2749665677547455,0.4255914092063904,-0.7946566343307495,-0.3343444466590881,0.2749665677547455,0.4255914092063904,-0.0100544793531299,0.0258834268897772,0.0483063571155071,0.9984464645385742
-0.3964661836624145,0.0000000000000000,0.2472272217273712,-0.0078099090605974,-0.0234693493694067,0.0468611568212509,0.9985951185226440,-2.4842263698577880,-0.3922962188720703,-0.2396639615297318,1.9965041160583494,-0.3323665618896484,0.0116996817290783,-2.6708836078643801,0.1037622392177582,0.3061062157154083,2.2020915031433104,-0.3382355451583862,-0.0146098209545016,0.0000000000000000,0.0825182497501373,2.1946614742279054,0.2578120648860931,-0.6138325810432435,-0.0230709563940764,0.0825182497501373,-2.1946614742279054,-0.2578120648860931,-0.6138325810432435,-0.2306462079286575,0.0000000000000000,-1.0337306022644008,0.0000000000000000,-2.2534299373626694,0.1683707983428414,5.9190769060899031,0.1273918063241972,-1.3736628532409658,0.1001509949564934,-0.1500514291226867,-0.9130682170391097,0.8310756146907818,-0.3691243231296543,-1.9693177223205549,-0.7057371616363519,-0.1714564412832261,-0.1607451438903822,1.1192054748535165,-0.2637458086013786,0.0000000000000000,-0.0373705446720119,-1.1464347004890452,-0.5950126349925998,0.6898666620254505,-0.2491180241107940,-0.0373705446720119,1.1464347004890452,0.5950126349925998,0.6898666620254505,0.0370048284530639,0.0000000000000000,0.0000000000000000,0.0000000000000000,-0.0078099090605974,-0.0234693493694067,0.0468611568212509,0.9985951185226440,-0.0078099090605974,-0.0234693493694067,0.0468611568212509,0.9985951185226440,0.0345561504364014,-0.9185777902603149,0.2669558227062225,0.2894051969051361,-0.0225415378808975,-0.9529896974563599,0.0828221440315247,0.2905907928943634,0.0915718525648117,-0.9488420486450195,0.0475775152444839,0.2984120249748230,0.0096633741632104,-0.2632281780242920,0.1027990207076073,0.9591924548149109,0.0264912806451321,-0.4182760715484619,0.0997439920902252,0.9024381041526794,0.0318424925208092,-0.4177019298076630,0.1020390316843987,0.9022744894027710,0.0318424925208092,-0.4177019298076630,0.1020390316843987,0.9022744894027710,0.0481323152780533,-0.9454000592231750,-0.2331213653087616,0.2226128727197647,0.0597487203776836,-0.9562005996704102,-0.1838079988956451,0.2198299169540405,-0.0867163166403770,-0.9541455507278442,-0.1480838507413864,0.2452705502510071,0.0928063243627548,-0.2131926417350769,-0.1444623768329620,0.9618038535118103,0.0671712756156921,-0.3720607161521912,-0.1578213870525360,0.9122232794761658,0.0604985579848289,-0.3709026873111725,-0.1605191975831985,0.9126908779144287,0.0604985579848289,-0.3709026873111725,-0.1605191975831985,0.9126908779144287,-0.0078099090605974,-0.0234693493694067,0.0468611568212509,0.9985951185226440,-0.0097933365032077,0.0176791381090879,0.0490841791033745,0.9985901713371277,0.8842866420745850,0.0514126643538475,0.0064544146880507,0.4640606045722961,0.8835438489913940,-0.0662434548139572,0.0587336122989655,0.4599047303199768,0.8608320951461792,-0.1851000487804413,-0.2192045450210571,0.4203041791915894,0.8640413284301758,-0.1756320595741272,-0.2228428423404694,0.4158449172973633,0.8640413284301758,-0.1756320595741272,-0.2228428423404694,0.4158449172973633,-0.0096670333296061,0.0176386777311563,0.0439118668437004,0.9988329410552979,-0.8933449983596802,-0.0313898101449013,0.0358786396682262,0.4468356370925903,-0.8815553188323975,-0.1493670046329498,-0.0144772622734308,0.4475938081741333,-0.8479177355766296,-0.2606102228164673,0.2603807747364044,0.3812081813812256,-0.8017805814743042,-0.3502596020698547,0.2283779233694077,0.4269776940345764,-0.8017805814743042,-0.3502596020698547,0.2283779233694077,0.4269776940345764,-0.0078099090605974,-0.0234693493694067,0.0468611568212509,0.9985951185226440
-0.3856682181358337,0.0000000000000000,0.2150494307279587,-0.0078874006867409,-0.0606486387550831,0.0450642965734005,0.9971101880073547,-2.5030539035797119,-0.3901112377643585,-0.2456916272640228,1.9655961990356445,-0.3056498467922211,0.0012284293770790,-2.6952769756317139,0.0951258614659309,0.3019703030586243,2.1861546039581299,-0.3086446821689606,-0.0132235866039991,0.0000000000000000,0.0855649039149284,2.1622898578643799,0.2425097674131393,-0.6106131076812744,-0.0275975372642279,0.0855649039149284,-2.1622898578643799,-0.2425097674131393,-0.6106131076812744,-0.2308574318885803,0.0000000000000000,0.5398983955383301,0.0000000000000000,-1.6088894605636597,0.2013764570002906,3.7152836234106035,-0.1873849235076476,-0.9413766264915466,0.1092490479350090,-0.3013832531869411,-1.5453957021236420,1.3358356654644012,-0.5235626101493835,-1.2196682691574097,-0.4318188726902008,-0.2067956179380417,-0.7968449592590332,1.4795430898666382,0.0693117380142212,0.0000000000000000,0.1523326933383942,-1.6185806989669800,-0.7651148438453674,0.1609736680984497,-0.2263290286064148,0.1523326933383942,1.6185806989669800,0.7651148438453674,0.1609736680984497,-0.0105611979961395,0.0000000000000000,0.0000000000000000,0.0000000000000000,-0.0078874006867409,-0.0606486387550831,0.0450642965734005,0.9971101880073547,-0.0078874006867409,-0.0606486387550831,0.0450642965734005,0.9971101880073547,0.0239496324211359,-0.9315602183341980,0.2664074897766113,0.2462701946496964,-0.0242368858307600,-0.9655303359031677,0.0807995572686195,0.2462420910596848,0.0942590236663818,-0.9612239599227905,0.0500168688595295,0.2542873322963715,0.0106684835627675,-0.3216071426868439,0.1061726585030556,0.9408413171768188,0.0267068836838007,-0.4610837697982788,0.1033111438155174,0.8809173107147217,0.0272479522973299,-0.4610202312469482,0.1035943254828453,0.8809007406234741,0.0272479522973299,-0.4610202312469482,0.1035943254828453,0.8809007406234741,0.0560116283595562,-0.9546650648117065,-0.2342688292264938,0.1749155372381210,0.0642646476626396,-0.9647237062454224,-0.1886143535375595,0.1720546483993530,-0.0815726369619370,-0.9634146094322205,-0.1605894416570663,0.1984671354293823,0.1051073893904686,-0.2666865289211273,-0.1462720185518265,0.9468026161193848,0.0813747346401215,-0.4090507328510284,-0.1606898158788681,0.8945582509040833,0.0754583701491356,-0.4079793393611908,-0.1633908450603485,0.8950766921043396,0.0754583701491356,-0.4079793393611908,-0.1633908450603485,0.8950766921043396,-0.0078874006867409,-0.0606486387550831,0.0450642965734005,0.9971101880073547,-0.0099666267633438,-0.0180103071033955,0.0473641529679298,0.9986655712127686,0.8766317367553711,0.0333281382918358,0.0381702668964863,0.4784861803054810,0.8745085000991821,-0.0763776674866676,0.0889931544661522,0.4706182479858398,0.8618203401565552,-0.1975910067558289,-0.1864138394594193,0.4283379316329956,0.8658244609832764,-0.1861679255962372,-0.1908349245786667,0.4234046638011932,0.8658244609832764,-0.1861679255962372,-0.1908349245786667,0.4234046638011932,-0.0096408799290657,-0.0180526711046696,0.0420086234807968,0.9989076256752014,-0.8860671520233154,-0.0455629788339138,0.0038259979337454,0.4612964689731598,-0.8740319013595581,-0.1556974053382874,-0.0451597534120083,0.4580252766609192,-0.8504734039306641,-0.2693674564361572,0.2276478409767151,0.3902725577354431,-0.8032975196838379,-0.3601988255977631,0.1950492411851883,0.4323490560054779,-0.8032975196838379,-0.3601988255977631,0.1950492411851883,0.4323490560054779,-0.0078874006867409,-0.0606486387550831,0.0450642965734005,0.9971101880073547
-0.3942672908306122,0.0000000000000000,0.1721067905426025,-0.0055042062886059,-0.1105087175965309,0.0392058454453945,0.9930863380432129,-2.5070066928863524,-0.3849276900291443,-0.2532254517078400,1.9171389102935790,-0.2700941801071167,-0.0037902109790593,-2.7050596714019775,0.0802892401814461,0.2997114181518555,2.1569687366485595,-0.2642402738332748,0.0024230483919382,0.0000000000000000,0.0912407040596008,2.1167419433593748,0.2321220010519028,-0.6349098443984985,-0.0303000316023827,0.0912407040596008,-2.1167419433593748,-0.2321220010519028,-0.6349098443984985,-0.2411065101623535,0.0000000000000000,-0.0420128345489509,0.0000000000000000,-1.9318349361419682,0.4525877396209880,4.4886592229921076,-0.0904193361392832,-0.4951343297958369,0.1992060467600824,-0.3465680181980134,-2.0718768119812019,1.6010042428970341,-0.3599842667579649,-0.7813481807708735,-0.6178261518478396,-0.1504847899079322,-1.1943139076232914,1.9239494323730473,0.4971236959099774,0.0000000000000000,0.2312070727348328,-2.0138697147369387,-0.6176789283752440,-0.6645125776529320,-0.1716064393520355,0.2312070727348328,2.0138697147369387,0.6176789283752440,-0.6645125776529320,-0.3116968443617228,0.0000000000000000,0.0000000000000000,0.0000000000000000,-0.0055042062886059,-0.1105087175965309,0.0392058454453945,0.9930863380432129,-0.0055042062886059,-0.1105087175965309,0.0392058454453945,0.9930863380432129,0.0070781763643026,-0.9444842934608459,0.2615049183368683,0.1987828016281128,-0.0311612412333488,-0.9770593643188477,0.0760346502065659,0.1964753270149231,0.0924923419952393,-0.9731645584106445,0.0507411286234856,0.2045027315616608,0.0116205066442490,-0.3919078111648560,0.1049658656120300,0.9139231443405151,0.0256424844264984,-0.5113902091979980,0.1023629605770111,0.8528448343276978,0.0240753181278706,-0.5115863084793091,0.1013114750385284,0.8528985381126404,0.0240753181278706,-0.5115863084793091,0.1013114750385284,0.8528985381126404,0.0637104585766792,-0.9618033170700073,-0.2372718453407288,0.1207377761602402,0.0687740147113800,-0.9705234766006470,-0.1985069215297699,0.1181082949042320,-0.0768884718418121,-0.9699227809906006,-0.1786120235919952,0.1464093178510666,0.1210745573043823,-0.3293867707252502,-0.1524286419153214,0.9239106178283691,0.0999640673398972,-0.4482935070991516,-0.1666733324527740,0.8725023269653320,0.1009130254387856,-0.4485771059989929,-0.1659466922283173,0.8723857402801514,0.1009130254387856,-0.4485771059989929,-0.1659466922283173,0.8723857402801514,-0.0055042062886059,-0.1105087175965309,0.0392058454453945,0.9930863380432129,-0.0075935935601592,-0.0651778727769852,0.0417586639523506,0.9969706535339355,0.8652447462081909,0.0038558226078749,0.0768559128046036,0.4954087734222412,0.8603908419609070,-0.0998076349496841,0.1272403746843338,0.4832969307899475,0.8587387204170227,-0.2286183536052704,-0.1566692590713501,0.4309945106506348,0.8635624647140503,-0.2160071879625320,-0.1614571064710617,0.4260662496089935,0.8635624647140503,-0.2160071879625320,-0.1614571064710617,0.4260662496089935,-0.0069489497691393,-0.0652089193463326,0.0360729545354843,0.9971953034400940,-0.8725113868713379,-0.0640806555747986,-0.0388771295547485,0.4828106760978699,-0.8594626188278198,-0.1680307835340500,-0.0880027264356613,0.4747054278850555,-0.8477498292922974,-0.2906148135662079,0.1932441890239716,0.3993996083736420,-0.7957926988601685,-0.3859074711799622,0.1588598936796188,0.4388086497783661,-0.7957926988601685,-0.3859074711799622,0.1588598936796188,0.4388086497783661,-0.0055042062886059,-0.1105087175965309,0.0392058454453945,0.9930863380432129
-0.4020000040531158,0.0000000000000000,0.1441826909780502,-0.0026121644768864,-0.1420956254005432,0.0336234048008919,0.9892783164978027,-2.5053315162658691,-0.3826656997203827,-0.2640658855438232,1.8613118171691896,-0.2275337994098665,-0.0149796481244265,-2.7115806102752686,0.0668137066066265,0.2950995802879334,2.1204110145568849,-0.2209552854299547,0.0159462835639715,0.0000000000000000,0.0981290742754936,2.0645428895950317,0.2155320048332215,-0.6569461464881896,-0.0328984379768371,0.0981290742754936,-2.0645428895950317,-0.2155320048332215,-0.6569461464881896,-0.2522050619125366,0.0000000000000000,-0.4039628207683566,0.0000000000000000,-1.6965757369995162,0.6036043379133578,3.9140584028196503,0.0455156947070682,-0.0288004845380800,0.1715306639671335,-0.4758894681930532,-2.6439583301544167,1.9879246711730936,-0.4360558986663800,-0.3912820577621470,-0.7009983777999882,-0.1835328206419938,-1.6804488658905008,2.1866377353668218,0.7186296880245215,0.0000000000000000,0.3201670944690700,-2.4769298553466776,-0.7054552078247052,-1.1470236897468573,-0.1320020735263825,0.3201670944690700,2.4769298553466776,0.7054552078247052,-1.1470236897468573,-0.5379381060600278,0.0000000000000000,0.0000000000000000,0.0000000000000000,-0.0026121644768864,-0.1420956254005432,0.0336234048008919,0.9892783164978027,-0.0026121644768864,-0.1420956254005432,0.0336234048008919,0.9892783164978027,-0.0048869610764086,-0.9514265656471252,0.2561039328575134,0.1708054095506668,-0.0372886098921299,-0.9827672243118286,0.0705016702413559,0.1667563617229462,0.0924119278788567,-0.9791309833526611,0.0478943809866905,0.1745528429746628,0.0167362913489342,-0.4448591470718384,0.1025509014725685,0.8895525336265564,0.0283258482813835,-0.5429575443267822,0.1001205220818520,0.8332889676094055,0.0220712628215551,-0.5436514616012573,0.0960646718740463,0.8335031270980835,0.0220712628215551,-0.5436514616012573,0.0960646718740463,0.8335031270980835,0.0671028569340706,-0.9645446538925171,-0.2405098676681519,0.0854742228984833,0.0699132010340691,-0.9720408916473389,-0.2081596404314041,0.0831749141216278,-0.0737563371658325,-0.9717576503753662,-0.1936785876750946,0.1128529012203217,0.1328635811805725,-0.3764082193374634,-0.1590865850448608,0.9029705524444580,0.1145759597420692,-0.4736870229244232,-0.1727013736963272,0.8559597730636597,0.1213933378458023,-0.4750657975673676,-0.1689212024211884,0.8550097942352295,0.1213933378458023,-0.4750657975673676,-0.1689212024211884,0.8550097942352295,-0.0026121644768864,-0.1420956254005432,0.0336234048008919,0.9892783164978027,-0.0046822316944599,-0.0934933945536613,0.0365105494856834,0.9949392080307007,0.8517140150070190,-0.0164588391780853,0.0989960730075836,0.5143072009086609,0.8457124233245850,-0.1113508194684982,0.1477099806070328,0.5005529522895813,0.8498386144638062,-0.2496746480464935,-0.1426537334918976,0.4416864812374115,0.8554322123527527,-0.2360795438289642,-0.1479818075895309,0.4365817308425903,0.8554322123527527,-0.2360795438289642,-0.1479818075895309,0.4365817308425903,-0.0038082157261670,-0.0935086086392403,0.0304172374308109,0.9951464533805847,-0.8562425374984741,-0.0739974826574326,-0.0648088008165359,0.5071222186088562,-0.8437727689743042,-0.1690168380737305,-0.1128790080547333,0.4967285394668579,-0.8388149142265320,-0.3028641045093536,0.1746638715267181,0.4173194468021393,-0.7824170589447021,-0.4017765223979950,0.1367254555225372,0.4557469487190247,-0.7824170589447021,-0.4017765223979950,0.1367254555225372,0.4557469487190247,-0.0026121644768864,-0.1420956254005432,0.0336234048008919,0.9892783164978027
-0.4079999983310699,0.0000000000000000,0.1462956726551056,0.0012731939787045,-0.1375753730535507,0.0287605803459883,0.9900729656219482,-2.4924004077911377,-0.3862468242645263,-0.2815195381641388,1.7907451152801515,-0.1709639906883241,-0.0385106767527759,-2.7115780353546142,0.0560603484511376,0.2857818365097046,2.0691095829010009,-0.1799091368913651,0.0252227162942290,0.0000000000000000,0.1074425846338272,1.9990415573120119,0.1865375488996506,-0.6744615793228149,-0.0352886684238911,0.1074425846338272,-1.9990415573120119,-0.1865375488996506,-0.6744615793228149,-0.2650025606155395,0.0000000000000000,-0.3259904682636263,0.0000000000000000,-0.3449071884155304,0.5542315675490727,0.6435047431392382,0.2593896125093964,0.4777164131402959,-0.0914095044136042,-0.7734842956066126,-3.3072407245635973,2.6183488607406602,-0.9914274811744678,-0.0977239549160010,-0.5785004973411563,-0.3952985689043994,-2.3439157247543321,2.0858899593353275,0.5275236368179326,0.0000000000000000,0.4292984008789060,-3.0755322456359853,-1.2636558771133410,-0.9435846090316777,-0.1226341545581818,0.4292984008789060,3.0755322456359853,1.2636558771133410,-0.9435846090316777,-0.6143906831741331,0.0000000000000000,0.0000000000000000,0.0000000000000000,0.0012731939787045,-0.1375753730535507,0.0287605803459883,0.9900729656219482,0.0012731939787045,-0.1375753730535507,0.0287605803459883,0.9900729656219482,-0.0069980709813535,-0.9505870342254639,0.2508692145347595,0.1827567219734192,-0.0419527590274811,-0.9810633659362793,0.0637655928730965,0.1780133098363876,0.0960956513881683,-0.9772545695304871,0.0381204076111317,0.1851649284362793,0.0302780531346798,-0.4665058851242065,0.0986595749855042,0.8784770965576172,0.0386445075273514,-0.5397964119911194,0.0958477109670639,0.8354277014732361,0.0225392226129770,-0.5415012836456299,0.0854505226016045,0.8360421657562256,0.0225392226129770,-0.5415012836456299,0.0854505226016045,0.8360421657562256,0.0621998347342014,-0.9633475542068481,-0.2454147338867188,0.0886811092495918,0.0646537095308304,-0.9698484539985657,-0.2183194160461426,0.0868926867842674,-0.0741220191121101,-0.9691716432571411,-0.2037290781736374,0.1170760840177536,0.1371939480304718,-0.3944916725158691,-0.1678921878337860,0.8929538726806641,0.1216181740164757,-0.4731322824954987,-0.1794731616973877,0.8538993597030640,0.1323733925819397,-0.4753749072551727,-0.1734942942857742,0.8522884845733643,0.1323733925819397,-0.4753749072551727,-0.1734942942857742,0.8522884845733643,0.0012731939787045,-0.1375753730535507,0.0287605803459883,0.9900729656219482,-0.0007235724478960,-0.0843237936496735,0.0321343541145325,0.9959198832511902,0.8373823165893555,-0.0184145588427782,0.0883212238550186,0.5391204953193665,0.8325852155685425,-0.0994098857045174,0.1329845935106277,0.5284265875816345,0.8311619758605957,-0.2512495815753937,-0.1604532599449158,0.4693593680858612,0.8373073339462280,-0.2370218783617020,-0.1666533201932907,0.4636419415473938,0.8373073339462280,-0.2370218783617020,-0.1666533201932907,0.4636419415473938,0.0002029527677223,-0.0843143314123154,0.0254579149186611,0.9961140155792236,-0.8378232717514038,-0.0669335350394249,-0.0572966448962688,0.5387849807739258,-0.8282980322837830,-0.1477815210819244,-0.1020210757851601,0.5307303071022034,-0.8188337087631226,-0.2975620329380035,0.1880708038806915,0.4534288644790649,-0.7589576244354248,-0.3987253308296204,0.1430689096450806,0.4945024549961090,-0.7589576244354248,-0.3987253308296204,0.1430689096450806,0.4945024549961090,0.0012731939787045,-0.1375753730535507,0.0287605803459883,0.9900729656219482
-0.4099999964237213,0.0000000000000000,0.1491550475358963,0.0082059521228075,-0.1263263225555420,0.0244348943233490,0.9916538000106812,-2.4747177124023438,-0.3875054419040680,-0.3104101181030273,1.7080998897552491,-0.1094558328390122,-0.0591962307691574,-2.6989440441131594,0.0465445451438427,0.2720349192619324,2.0178978443145752,-0.1414154082536698,0.0418386239558458,0.0000000000000000,0.1101838573813438,1.9225022554397584,0.1702016294002533,-0.6973214983940125,-0.0363883227109909,0.1101838573813438,-1.9225022554397584,-0.1702016294002533,-0.6973214983940125,-0.2761078357696533,0.0000000000000000,-0.1799998104572298,0.0000000000000000,0.1280408695340156,0.5330512653715475,-0.8480493016531996,0.5269795987170475,0.7891029953956601,-0.1093810111284257,-1.2157903671264643,-3.8906905651092525,2.9766407012939449,-1.0911870956420899,0.3790712118148797,-0.5005412340164185,-0.5987623512744902,-2.5623805522918701,1.9757347583770752,0.6840058505535123,0.0000000000000000,0.2685083806514743,-3.6062055587768551,-1.0699666738510138,-1.0361061453819271,-0.0807942330837250,0.2685083806514743,3.6062055587768551,1.0699666738510138,-1.0361061453819271,-0.5891081929206849,0.0000000000000000,0.0000000000000000,0.0000000000000000,0.0082059521228075,-0.1263263225555420,0.0244348943233490,0.9916538000106812,0.0082059521228075,-0.1263263225555420,0.0244348943233490,0.9916538000106812,-0.0058536306023598,-0.9484565258026123,0.2430464923381805,0.2032839059829712,-0.0448857583105564,-0.9775065183639526,0.0558804720640182,0.1983530819416046,0.1067102104425430,-0.9727365970611572,0.0242793504148722,0.2044675946235657,0.0517618693411350,-0.4848703742027283,0.0957141295075417,0.8677904605865479,0.0569727197289467,-0.5316076278686523,0.0932347774505615,0.8399135470390320,0.0320481285452843,-0.5340612530708313,0.0775224268436432,0.8412740230560303,0.0320481285452843,-0.5340612530708313,0.0775224268436432,0.8412740230560303,0.0567934140563011,-0.9601459503173828,-0.2528005540370941,0.1048159673810005,0.0591517537832260,-0.9657750725746155,-0.2303844094276428,0.1034542173147202,-0.0723806247115135,-0.9648551344871521,-0.2143481969833374,0.1336800307035446,0.1427187323570251,-0.4008622765541077,-0.1755574345588684,0.8877614736557007,0.1300500780344009,-0.4626047611236572,-0.1851282715797424,0.8572114706039429,0.1479927897453308,-0.4664182066917419,-0.1755177974700928,0.8542515039443970,0.1479927897453308,-0.4664182066917419,-0.1755177974700928,0.8542515039443970,0.0082059521228075,-0.1263263225555420,0.0244348943233490,0.9916538000106812,0.0064130611717701,-0.0716662034392357,0.0282757766544819,0.9970071315765381,0.8211063742637634,-0.0174617655575275,0.0750763043761253,0.5655465126037598,0.8170754313468933,-0.0901271998882294,0.1183037906885147,0.5570181012153625,0.8096209764480591,-0.2574767470359802,-0.1792861223220825,0.4960605502128601,0.8161935210227966,-0.2432222515344620,-0.1861380785703659,0.4899222254753113,0.8161935210227966,-0.2432222515344620,-0.1861380785703659,0.4899222254753113,0.0072869411669672,-0.0716096386313438,0.0214185155928135,0.9971760511398315,-0.8134042024612427,-0.0583038404583931,-0.0467703118920326,0.5768769979476929,-0.8057672977447510,-0.1302611529827118,-0.0910560488700867,0.5705085992813110,-0.7915930747985840,-0.2999561429023743,0.2010428309440613,0.4929385185241699,-0.7275736331939697,-0.4014689326286316,0.1484913527965546,0.5361062288284302,-0.7275736331939697,-0.4014689326286316,0.1484913527965546,0.5361062288284302,0.0082059521228075,-0.1263263225555420,0.0244348943233490,0.9916538000106812
-0.4099999964237213,0.0000000000000000,0.1523876190185547,0.0166600905358791,-0.1116838902235031,0.0203722696751356,0.9933952689170837,-2.4546592235565186,-0.3876028060913086,-0.3450191617012024,1.6194154024124146,-0.0454785004258156,-0.0784590467810631,-2.6799943447113037,0.0376475192606449,0.2560734152793884,1.9667309522628784,-0.1041978895664215,0.0621242690831423,0.0000000000000000,0.1096390113234520,1.8404439687728882,0.1601949781179428,-0.7228536605834961,-0.0368426889181137,0.1096390113234520,-1.8404439687728882,-0.1601949781179428,-0.7228536605834961,-0.2863669991493225,0.0000000000000000,0.0000000000000000,0.0000000000000000,0.1616285592317581,0.5259671972874023,-1.4501035390016412,0.8214276191273603,1.0029244422912598,-0.0048682093620300,-1.7304520606994629,-4.4342241287231445,3.1988663673400879,-0.9631407260894775,0.9474849104881287,-0.4448512792587280,-0.7980751395225525,-2.5583443641662598,1.8608758449554443,1.0142821967601776,0.0000000000000000,-0.0272423028945923,-4.1029143333435059,-0.5003325343132019,-1.2766079902648926,-0.0227183103561401,-0.0272423028945923,4.1029143333435059,0.5003325343132019,-1.2766079902648926,-0.5129581689834595,0.0000000000000000,0.0000000000000000,0.0000000000000000,0.0166600905358791,-0.1116838902235031,0.0203722696751356,0.9933952689170837,0.0166600905358791,-0.1116838902235031,0.0203722696751356,0.9933952689170837,-0.0030784956179559,-0.9451718330383301,0.2338004261255264,0.2279869168996811,-0.0469289794564247,-0.9725052714347839,0.0473923683166504,0.2231259346008301,0.1207031831145287,-0.9661260247230530,0.0083881970494986,0.2279492467641830,0.0771764293313026,-0.5012921094894409,0.0931848585605621,0.8567768335342407,0.0792752504348755,-0.5206432938575745,0.0914059877395630,0.8451573252677917,0.0460676439106464,-0.5238276720046997,0.0709163099527359,0.8476161956787109,0.0460676439106464,-0.5238276720046997,0.0709163099527359,0.8476161956787109,0.0511068403720856,-0.9554533958435059,-0.2612974047660828,0.1273597627878189,0.0534950308501720,-0.9602024555206299,-0.2432669550180435,0.1263752281665802,-0.0695483833551407,-0.9591733217239380,-0.2251392006874084,0.1564028561115265,0.1488530933856964,-0.4014126360416412,-0.1826674342155457,0.8850668072700500,0.1391386538743973,-0.4469581544399261,-0.1901711672544479,0.8629621863365173,0.1658726781606674,-0.4526487290859222,-0.1761981844902039,0.8582246899604797,0.1658726781606674,-0.4526487290859222,-0.1761981844902039,0.8582246899604797,0.0166600905358791,-0.1116838902235031,0.0203722696751356,0.9933952689170837,0.0151367858052254,-0.0572506748139858,0.0246704183518887,0.9979401826858521,0.8032644987106323,-0.0150423590093851,0.0604979060590267,0.5923511385917664,0.7997919917106628,-0.0821144953370094,0.1035691350698471,0.5855454206466675,0.7859300971031189,-0.2657922804355621,-0.1984593868255615,0.5218067169189453,0.7928596735000610,-0.2518264949321747,-0.2058462947607040,0.5153486728668213,0.7928596735000610,-0.2518264949321747,-0.2058462947607040,0.5153486728668213,0.0159052684903145,-0.0571360401809216,0.0178349930793047,0.9980803728103638,-0.7845756411552429,-0.0487960204482079,-0.0346635580062866,0.6171373128890991,-0.7783378362655640,-0.1143915653228760,-0.0798915848135948,0.6121455430984497,-0.7593760490417480,-0.3056749403476715,0.2134346663951874,0.5332508683204651,-0.6908614039421082,-0.4063331484794617,0.1531609296798706,0.5780533552169800,-0.6908614039421082,-0.4063331484794617,0.1531609296798706,0.5780533552169800,0.0166600905358791,-0.1116838902235031,0.0203722696751356,0.9933952689170837
-0.4099999964237213,0.0000000000000000,0.1578363299369812,0.0006606429815292,-0.1060550287365913,0.0190682969987392,0.9941772222518921,-2.4066316604614255,-0.3861657500267029,-0.3947648584842682,1.5059824228286742,0.0254385605454446,-0.0969170033931732,-2.6177806854248047,0.0230538837611675,0.2361590862274170,1.9162004232406615,-0.0793377816677093,0.0871789112687111,0.0000000000000000,0.1270216614007950,1.7484056472778320,0.1612624436616898,-0.7712725400924683,-0.0432830572128296,0.1270216614007950,-1.7484056472778320,-0.1612624436616898,-0.7712725400924683,-0.2785277783870697,0.0000000000000000,0.0000000000000000,0.0000000000000000,0.2281127512454987,0.1874768865222976,-0.9390527302249390,-0.6277408434103603,1.8419965267181406,0.0411643941886724,-2.1845516204833988,-5.1766787528991705,3.4070582866668704,-0.9389949440956116,2.2454035639762893,-0.6157495498657228,-0.9166598916053773,-2.5392534732818604,1.4901535034179685,1.1573521852493287,0.0000000000000000,0.5105825562030083,-4.4023152351379400,-0.1681090474128720,-1.9632094383239753,-0.2022983532398941,0.5105825562030083,4.4023152351379400,0.1681090474128720,-1.9632094383239753,0.0299933195114142,0.0000000000000000,0.0000000000000000,0.0000000000000000,0.0006606429815292,-0.1060550287365913,0.0190682969987392,0.9941772222518921,0.0006606429815292,-0.1060550287365913,0.0190682969987392,0.9941772222518921,-0.0084314141422510,-0.9344694614410400,0.2463010847568512,0.2569658160209656,-0.0575699880719185,-0.9643653631210327,0.0624094158411026,0.2505795359611511,0.1325296759605408,-0.9569272994995117,0.0115626258775592,0.2580550611019135,0.0890821665525436,-0.5217083096504211,0.0987062677741051,0.8426991701126099,0.0876354277133942,-0.5109770894050598,0.1000519767403603,0.8492420911788940,0.0463651791214943,-0.5152412056922913,0.0752346515655518,0.8524767160415649,0.0463651791214943,-0.5152412056922913,0.0752346515655518,0.8524767160415649,0.0441735312342644,-0.9548261761665344,-0.2443535327911377,0.1632391810417175,0.0458746217191219,-0.9576004147529602,-0.2333090901374817,0.1626771539449692,-0.0672743618488312,-0.9562748670578003,-0.2127265334129333,0.1891033202409744,0.1354239135980606,-0.3952828645706177,-0.1771260201931000,0.8910881280899048,0.1282488703727722,-0.4302821755409241,-0.1824762523174286,0.8747067451477051,0.1663282215595245,-0.4377268552780151,-0.1636810004711151,0.8682965040206909,0.1663282215595245,-0.4377268552780151,-0.1636810004711151,0.8682965040206909,0.0006606429815292,-0.1060550287365913,0.0190682969987392,0.9941772222518921,-0.0009557693265378,-0.0428636819124222,0.0229428783059120,0.9988169670104980,0.7654913663864136,-0.0095343906432390,0.0478629507124424,0.6415929198265076,0.7624788880348206,-0.0742698013782501,0.0954275354743004,0.6356128454208374,0.7434464693069458,-0.2903077602386475,-0.2123125195503235,0.5638546943664551,0.7523027658462524,-0.2748558223247528,-0.2218697369098663,0.5561193227767944,0.7523027658462524,-0.2748558223247528,-0.2218697369098663,0.5561193227767944,-0.0001145349815488,-0.0428700298070908,0.0150180999189615,0.9989678859710693,-0.7663036584854126,-0.0387233272194862,-0.0235809441655874,0.6408768892288208,-0.7608203291893005,-0.1034316346049309,-0.0711543262004852,0.6367034316062927,-0.7346798181533813,-0.3172445893287659,0.2343102693557739,0.5519965887069702,-0.6661747694015503,-0.4113920331001282,0.1731724143028259,0.5974773168563843,-0.6661747694015503,-0.4113920331001282,0.1731724143028259,0.5974773168563843,0.0006606429815292,-0.1060550287365913,0.0190682969987392,0.9941772222518921
-0.4099999964237213,0.0000000000000000,0.1575591295957565,-0.0143976062536240,-0.1076741591095924,0.0176764167845249,0.9939247965812683,-2.3510001182556151,-0.3853966295719147,-0.4485121846199037,1.3943641901016233,0.0994675353169443,-0.1191461563110352,-2.5540102005004881,0.0069478722289204,0.2102963447570800,1.8530622720718382,-0.0467853933572768,0.1150462895631791,0.0000000000000000,0.1479289919137955,1.6535660028457639,0.1743338316679002,-0.8384277462959292,-0.0487904325127602,0.1479289919137955,-1.6535660028457639,-0.1743338316679002,-0.8384277462959292,-0.2564193129539489,0.0000000000000000,0.0000000000000000,0.0000000000000000,0.1006582140922535,-0.0239344608372625,-0.1584525802402703,-1.5465789886016912,2.6294972896575941,0.0518147289752959,-2.6073335647583016,-5.6172060966491699,3.6392103195190435,-1.0360336542129525,3.1573874950408940,-0.7750530362129214,-1.1741687536239636,-2.9047549247741724,1.4737736701965347,1.3371141672134406,0.0000000000000000,0.9748728752136238,-4.6859555244445810,0.4134909473359609,-2.9830335617065469,-0.2940285980701445,0.9748728752136238,4.6859555244445810,-0.4134909473359609,-2.9830335617065469,0.8200383245945005,0.0000000000000000,0.0000000000000000,0.0000000000000000,-0.0143976062536240,-0.1076741591095924,0.0176764167845249,0.9939247965812683,-0.0143976062536240,-0.1076741591095924,0.0176764167845249,0.9939247965812683,-0.0156561788171530,-0.9240886569023132,0.2568883597850800,0.2825302779674530,-0.0694752484560013,-0.9561814069747925,0.0751641094684601,0.2743006646633148,0.1448265165090561,-0.9477039575576782,0.0120316278189421,0.2841439247131348,0.1033680662512779,-0.5441023111343384,0.1018401458859444,0.8263754248619080,0.0981195643544197,-0.5023655891418457,0.1071265637874603,0.8523644804954529,0.0471769794821739,-0.5078308582305908,0.0770594254136086,0.8567053079605103,0.0471769794821739,-0.5078308582305908,0.0770594254136086,0.8567053079605103,0.0386398322880268,-0.9536713361740112,-0.2278241813182831,0.1926501840353012,0.0392350628972054,-0.9544674754142761,-0.2244978100061417,0.1924924999475479,-0.0611733645200729,-0.9532759189605713,-0.2031778544187546,0.2150384783744812,0.1259234398603439,-0.4006266891956329,-0.1710026562213898,0.8912911415100098,0.1217731088399887,-0.4213597774505615,-0.1738645881414413,0.8817019462585449,0.1722586452960968,-0.4306045472621918,-0.1493138968944550,0.8732765913009644,0.1722586452960968,-0.4306045472621918,-0.1493138968944550,0.8732765913009644,-0.0143976062536240,-0.1076741591095924,0.0176764167845249,0.9939247965812683,-0.0161496587097645,-0.0340060405433178,0.0210946202278137,0.9990684986114502,0.7241358757019043,-0.0075169159099460,0.0392502993345261,0.6884984970092773,0.7209532260894775,-0.0738226175308228,0.0953569114208221,0.6824102401733398,0.6990444660186768,-0.3270621597766876,-0.2224921584129333,0.5957049727439880,0.7100854516029358,-0.3106271922588348,-0.2338094413280487,0.5870457291603088,0.7100854516029358,-0.3106271922588348,-0.2338094413280487,0.5870457291603088,-0.0151379890739918,-0.0341498814523220,0.0118734650313854,0.9992315173149109,-0.7454414963722229,-0.0319516807794571,-0.0171037241816521,0.6655849814414978,-0.7399617433547974,-0.1000462472438812,-0.0710293725132942,0.6613639593124390,-0.7085006833076477,-0.3414269983768463,0.2520878911018372,0.5638316869735718,-0.6428688764572144,-0.4246658682823181,0.1945426762104034,0.6070681810379028,-0.6428688764572144,-0.4246658682823181,0.1945426762104034,0.6070681810379028,-0.0143976062536240,-0.1076741591095924,0.0176764167845249,0.9939247965812683
-0.4099999964237213,0.0000000000000000,0.1458301067352295,-0.0275671966373920,-0.1238081380724907,0.0161129012703896,0.9917923212051392,-2.2801606178283693,-0.3859633803367615,-0.5102627694606779,1.2863754510879519,0.1797203376889227,-0.1489177018404006,-2.4871260643005373,-0.0121828941628336,0.1725367784500123,1.7647088766098025,0.0011515557765960,0.1485391363501548,0.0000000000000000,0.1758856832981109,1.5531237125396731,0.2114130645990371,-0.9430556058883665,-0.0524318218231201,0.1758856832981109,-1.5531237125396731,-0.2114130645990371,-0.9430556058883665,-0.2057723581790925,0.0000000000000000,0.0000000000000000,0.0000000000000000,-0.4146737813949574,0.0188121186142638,1.1612462521603195,-1.4047564991002530,3.3138554096221906,-0.0082994714379309,-2.9674802780151359,-5.4538788795471191,3.9192825794219965,-1.3754413485527031,3.2975018024444576,-0.9111669540405271,-1.7095258355140674,-4.0394410610198950,2.1660788536071762,1.5902601957321161,0.0000000000000000,1.2920941233634942,-4.9380745887756339,1.4938439689576601,-4.6693030357360801,-0.2100592374801638,1.2920941233634942,4.9380745887756339,-1.4938439689576601,-4.6693030357360801,2.1042702734470340,0.0000000000000000,0.0000000000000000,0.0000000000000000,-0.0275671966373920,-0.1238081380724907,0.0161129012703896,0.9917923212051392,-0.0275671966373920,-0.1238081380724907,0.0161129012703896,0.9917923212051392,-0.0266322102397680,-0.9157552123069763,0.2640095949172974,0.3016320765018463,-0.0839887037873268,-0.9493896961212158,0.0834804177284241,0.2909231185913086,0.1582539528608322,-0.9398715496063232,0.0071066804230213,0.3025669753551483,0.1224226430058479,-0.5705873966217041,0.1002269685268402,0.8058518767356873,0.1128698438405991,-0.4959888756275177,0.1110805794596672,0.8537660837173462,0.0490247868001461,-0.5028564929962158,0.0739090964198112,0.8598077297210693,0.0490247868001461,-0.5028564929962158,0.0739090964198112,0.8598077297210693,0.0360137820243835,-0.9537145495414734,-0.2127124369144440,0.2094872891902924,0.0346635207533836,-0.9524117708206177,-0.2185055613517761,0.2096799015998840,-0.0475436709821224,-0.9518188238143921,-0.1997498273849487,0.2277729213237762,0.1242626905441284,-0.4288378655910492,-0.1636882722377777,0.8796949386596680,0.1242401897907257,-0.4283261895179749,-0.1635821163654327,0.8799669742584229,0.1891889125108719,-0.4392292499542236,-0.1313105076551437,0.8683563470840454,0.1891889125108719,-0.4392292499542236,-0.1313105076551437,0.8683563470840454,-0.0275671966373920,-0.1238081380724907,0.0161129012703896,0.9917923212051392,-0.0295431483536959,-0.0362375527620316,0.0190204363316298,0.9987253546714783,0.6788659095764160,-0.0125253926962614,0.0389080047607422,0.7331237792968750,0.6740235090255737,-0.0884443372488022,0.1117787733674049,0.7248278856277466,0.6534481048583984,-0.3890006542205811,-0.2259505093097687,0.6087941527366638,0.6669726371765137,-0.3724722266197205,-0.2381653487682343,0.5997411012649536,0.6669726371765137,-0.3724722266197205,-0.2381653487682343,0.5997411012649536,-0.0281651634722948,-0.0365518331527710,0.0080839423462749,0.9989019632339478,-0.7201509475708008,-0.0318270996212959,-0.0198672898113728,0.6928020715713501,-0.7129459381103516,-0.1118796169757843,-0.0881721600890160,0.6865978837013245,-0.6796396374702454,-0.3908391594886780,0.2636820673942566,0.5619667768478394,-0.6230585575103760,-0.4547689259052277,0.2187696993350983,0.5975977778434753,-0.6230585575103760,-0.4547689259052277,0.2187696993350983,0.5975977778434753,-0.0275671966373920,-0.1238081380724907,0.0161129012703896,0.9917923212051392
-0.4099999964237213,0.0000000000000000,0.1499885767698288,-0.0491805784404278,-0.1298424750566483,0.0182101503014565,0.9901468753814697,-2.2416993141174317,-0.3665028274059296,-0.5288064599037170,1.1978749513626099,0.2256167411804199,-0.1666468501091003,-2.3967333793640138,-0.0212434746325016,0.1446966886520386,1.6917259931564332,0.0098115138709545,0.1736409217119217,0.0000000000000000,0.2214931458234786,1.4533034563064575,0.2514006406068802,-1.0739786982536315,-0.0534999713301659,0.2214931458234786,-1.4533034563064575,-0.2514006406068802,-1.0739786982536315,-0.1153197705745698,0.0000000000000000,0.0000000000000000,0.0000000000000000,-0.1098263382911690,-0.2689739677012984,0.9958152016332914,-1.8207022546450891,2.5706289768219008,0.5724815268069495,-1.7913224220275901,-4.8147893905639663,2.9819482803344743,-1.1273053169250495,4.0494629383087144,-0.6544326663017278,-1.5903939008712773,-3.9565543174743660,1.2185375213623066,1.4229103803634648,0.0000000000000000,1.9273576259613028,-5.0034531593322757,1.9412118673324583,-6.0202497482299790,-0.1048722624778749,1.9273576259613028,5.0034531593322757,-1.9412118673324583,-6.0202497482299790,3.7265165328979473,0.0000000000000000,0.0000000000000000,0.0000000000000000,-0.0491805784404278,-0.1298424750566483,0.0182101503014565,0.9901468753814697,-0.0491805784404278,-0.1298424750566483,0.0182101503014565,0.9901468753814697,-0.0359947532415390,-0.9062407016754150,0.2813999950885773,0.3134423196315765,-0.0924656540155411,-0.9423035383224487,0.1115112006664276,0.3017940521240234,0.1570116579532623,-0.9337296485900879,0.0287855491042137,0.3204180598258972,0.1140167489647865,-0.5904818177223206,0.1129235923290253,0.7909359931945801,0.1004013270139694,-0.4977172911167145,0.1247894167900085,0.8524228930473328,0.0291300881654024,-0.5064731836318970,0.0829095467925072,0.8577659130096436,0.0291300881654024,-0.5064731836318970,0.0829095467925072,0.8577659130096436,0.0289222076535225,-0.9499439001083374,-0.1880269646644592,0.2478222101926804,0.0262222085148096,-0.9479037523269653,-0.1980912685394287,0.2480942606925964,-0.0424164235591888,-0.9472053050994873,-0.1799597144126892,0.2619495987892151,0.1069078817963600,-0.4321210384368896,-0.1504948288202286,0.8827193975448608,0.1076995879411697,-0.4278061985969543,-0.1498703062534332,0.8848285675048828,0.1840660870075226,-0.4390305876731873,-0.1122365891933441,0.8722240328788757,0.1840660870075226,-0.4390305876731873,-0.1122365891933441,0.8722240328788757,-0.0491805784404278,-0.1298424750566483,0.0182101503014565,0.9901468753814697,-0.0518070533871651,-0.0194870196282864,0.0190703626722097,0.9982848167419434,0.6244884133338928,-0.0013461802154779,0.0279012694954872,0.7805343270301819,0.6197434663772583,-0.0848436132073402,0.1211134940385818,0.7707471251487732,0.5969730019569397,-0.4485239982604980,-0.2347976863384247,0.6223499774932861,0.6124152541160583,-0.4331163763999939,-0.2473739087581635,0.6133221387863159,0.6124152541160583,-0.4331163763999939,-0.2473739087581635,0.6133221387863159,-0.0500018969178200,-0.0202278066426516,0.0053313565440476,0.9985301494598389,-0.7007570266723633,-0.0181390363723040,-0.0101366648450494,0.7130974531173706,-0.6930871605873108,-0.1110752969980240,-0.0940027534961700,0.7060141563415527,-0.6482156515121460,-0.4342271089553833,0.2948712706565857,0.5516467690467834,-0.6157505512237549,-0.4695065617561340,0.2701732814311981,0.5722074508666992,-0.6157505512237549,-0.4695065617561340,0.2701732814311981,0.5722074508666992,-0.0491805784404278,-0.1298424750566483,0.0182101503014565,0.9901468753814697
-0.4099999964237213,0.0000000000000000,0.1620907932519913,-0.0749897286295891,-0.1307703703641891,0.0221295394003391,0.9883248209953308,-2.2194271087646484,-0.3370286226272583,-0.5257467031478882,1.1191185712814331,0.2543349564075470,-0.1783547997474670,-2.2945864200592041,-0.0252689607441425,0.1218163371086121,1.6264283657073975,-0.0011670291423798,0.1945471763610840,0.0000000000000000,0.2759259939193726,1.3537942171096802,0.2928423881530762,-1.2180494070053101,-0.0532815009355545,0.2759259939193726,-1.3537942171096802,-0.2928423881530762,-1.2180494070053101,-0.0049643665552139,0.0000000000000000,0.0000000000000000,0.0000000000000000,0.6051108241081238,-0.7220263869004064,0.0878192096424446,-2.5155321327130653,1.1136102676391602,1.4737101215869188,0.1529877185821538,-3.9378187656402588,1.4359107017517090,-0.5853974223136902,5.1073474884033203,-0.2012742757797241,-1.1440174579620361,-3.2648811340332031,-0.5489270687103271,1.0453126430511475,0.0000000000000000,2.7216422557830811,-4.9754614830017090,2.0720872879028320,-7.2035350799560547,0.0109235197305679,2.7216422557830811,4.9754614830017090,-2.0720872879028320,-7.2035350799560547,5.5177698135375977,0.0000000000000000,0.0000000000000000,0.0000000000000000,-0.0749897286295891,-0.1307703703641891,0.0221295394003391,0.9883248209953308,-0.0749897286295891,-0.1307703703641891,0.0221295394003391,0.9883248209953308,-0.0445323772728443,-0.8957559466362000,0.3038007318973541,0.3214705288410187,-0.0978179350495338,-0.9340204000473022,0.1492630988359451,0.3094480335712433,0.1482534259557724,-0.9273529052734375,0.0637235119938850,0.3376046121120453,0.0918179154396057,-0.6067166328430176,0.1326997876167297,0.7783669829368591,0.0742468461394310,-0.5031011104583740,0.1432730555534363,0.8490285873413086,-0.0016620358219370,-0.5138617157936096,0.0978979319334030,0.8522672057151794,-0.0016620358219370,-0.5138617157936096,0.0978979319334030,0.8522672057151794,0.0195252858102322,-0.9417450428009033,-0.1580692082643509,0.2962249219417572,0.0157811790704727,-0.9396727681159973,-0.1699547320604324,0.2964479625225067,-0.0414464510977268,-0.9388909339904785,-0.1515946388244629,0.3062435090541840,0.0816528201103210,-0.4226889610290527,-0.1342816501855850,0.8925442695617676,0.0815744474530220,-0.4232097268104553,-0.1343292742967606,0.8922975063323975,0.1678489744663239,-0.4342551529407501,-0.0925920158624649,0.8801567554473877,0.1678489744663239,-0.4342551529407501,-0.0925920158624649,0.8801567554473877,-0.0749897286295891,-0.1307703703641891,0.0221295394003391,0.9883248209953308,-0.0784438103437424,0.0067716534249485,0.0201611313968897,0.9966916441917419,0.5631564855575562,0.0179071128368378,0.0114743961021304,0.8260765671730042,0.5598430633544922,-0.0718552172183990,0.1264769732952118,0.8157304525375366,0.5327073931694031,-0.5047495365142822,-0.2453167885541916,0.6334590315818787,0.5496523976325989,-0.4910981953144073,-0.2579100430011749,0.6246496438980103,0.5496523976325989,-0.4910981953144073,-0.2579100430011749,0.6246496438980103,-0.0761853158473969,0.0054765283130109,0.0030920701101422,0.9970738291740417,-0.6839323639869690,0.0023322612978518,0.0058407033793628,0.7295182943344116,-0.6769000887870789,-0.1039637252688408,-0.0941818729043007,0.7225839495658875,-0.6138302087783813,-0.4733603000640869,0.3350119888782501,0.5356393456459045,-0.6123459935188293,-0.4747476279735565,0.3340617418289185,0.5367026925086975,-0.6123459935188293,-0.4747476279735565,0.3340617418289185,0.5367026925086975,-0.0749897286295891,-0.1307703703641891,0.0221295394003391,0.9883248209953308
-0.4099999964237213,0.0000000000000000,0.1668363183736801,-0.0893680006265640,-0.1505950689315796,0.0213493574410677,0.9843164086341858,-2.1209768772125241,-0.2587421387434002,-0.5838624119758609,1.0547336101531979,0.2650626480579377,-0.1740197598934173,-2.2090731620788571,0.0042523480951787,0.0986815825104712,1.5838014841079711,0.0426626530941578,0.2024871230125428,0.0000000000000000,0.3804786264896398,1.2517305850982661,0.3053435564041138,-1.3785216093063362,-0.0224306412041186,0.3804786264896398,-1.2517305850982661,-0.3053435564041138,-1.3785216093063362,0.1032432454638188,0.0000000000000000,0.0000000000000000,0.0000000000000000,0.3844100594520559,-0.2714827172899442,1.2196940445862934,-1.9094092309236375,3.3989507675171002,2.9380784273147649,-1.6822760015726170,-3.5066761970520002,0.8961950302124000,-0.1041077733039835,4.6083367347717266,0.8051295131444975,-1.1516495943069458,-2.5847589015960661,1.0953194975853040,0.6563234567642195,0.0000000000000000,4.2252358436584538,-5.0520934104919437,1.2038699626922569,-7.6955801010131859,0.9298951765522402,4.2252358436584538,5.0520934104919437,-1.2038699626922569,-7.6955801010131859,5.4533361434936518,0.0000000000000000,0.0000000000000000,0.0000000000000000,-0.0893680006265640,-0.1505950689315796,0.0213493574410677,0.9843164086341858,-0.0893680006265640,-0.1505950689315796,0.0213493574410677,0.9843164086341858,-0.0599508211016655,-0.8831576108932495,0.3076376020908356,0.3489955067634583,-0.1038286462426186,-0.9154090285301208,0.1908236443996429,0.3388692140579224,0.1636378318071365,-0.9064972400665283,0.0844290405511856,0.3799434900283813,0.0993603691458702,-0.5920471549034119,0.1550942808389664,0.7845721840858459,0.0779160484671593,-0.4831930398941040,0.1668896973133087,0.8559213876724243,0.0032515707425773,-0.4958438873291016,0.1242458745837212,0.8594714403152466,0.0032515707425773,-0.4958438873291016,0.1242458745837212,0.8594714403152466,0.0126323048025370,-0.9376457333564758,-0.1409917920827866,0.3174622356891632,0.0135171264410019,-0.9378946423530579,-0.1390593945980072,0.3175427019596100,-0.0327716954052448,-0.9373291730880737,-0.1233633533120155,0.3242247402667999,0.0651278346776962,-0.4277715086936951,-0.1097569465637207,0.8948314189910889,0.0670958906412125,-0.4085347652435303,-0.1085852608084679,0.9037735462188721,0.1581282019615173,-0.4173480868339539,-0.0667834654450417,0.8923877477645874,0.1581282019615173,-0.4173480868339539,-0.0667834654450417,0.8923877477645874,-0.0893680006265640,-0.1505950689315796,0.0213493574410677,0.9843164086341858,-0.0934335961937904,0.0389317572116852,0.0152794141322374,0.9947467446327209,0.5070158243179321,0.0413028076291084,-0.0096412375569344,0.8608925938606262,0.5073524117469788,-0.0441357120871544,0.1164422333240509,0.8526939153671265,0.4663989543914795,-0.5570291280746460,-0.2634646296501160,0.6346472501754761,0.4739451408386230,-0.5517193078994751,-0.2689658105373383,0.6313788294792175,0.4739451408386230,-0.5517193078994751,-0.2689658105373383,0.6313788294792175,-0.0897747725248337,0.0367492139339447,-0.0080610113218427,0.9952512383460999,-0.6558075547218323,0.0348133370280266,0.0139052001759410,0.7539968490600586,-0.6534005403518677,-0.0722287222743034,-0.0945339649915695,0.7476056218147278,-0.5683413743972778,-0.5054273009300232,0.3700460195541382,0.5334767103195190,-0.6006554365158081,-0.4798901081085205,0.3882370889186859,0.5081244707107544,-0.6006554365158081,-0.4798901081085205,0.3882370889186859,0.5081244707107544,-0.0893680006265640,-0.1505950689315796,0.0213493574410677,0.9843164086341858
-0.4119999945163727,0.0000000000000000,0.1700000017881393,-0.0996100902557373,-0.1723698079586029,0.0143064884468913,0.9798785448074341,-2.0021784305572501,-0.1678903371095650,-0.6110141873359678,0.9537955284118641,0.2661419093608855,-0.1700443565845489,-2.1268862724304194,0.0522133495658642,0.0917949706315996,1.5624854326248170,0.0840615183115008,0.2072733551263809,0.0000000000000000,0.4795436263084418,1.1476938486099235,0.3139831244945526,-1.5069232940673833,0.0021323900204153,0.4795436263084418,-1.1476938486099235,-0.3139831244945526,-1.5069232940673833,0.1723607510328292,0.0000000000000000,-0.0599999368190777,0.0000000000000000,0.1898209929466238,0.4492962623025130,2.0608253294934729,-1.3279433894331090,5.5329575538635378,4.2912835121154860,-1.9768673419952205,-4.3158414840698462,0.2469316959381045,0.2059628814458845,4.1758718013763412,2.0292560577392686,-0.6692934274673364,-1.4920191764831414,2.1185594558715808,0.3023858726024609,0.0000000000000000,5.0630025863647425,-5.1623744964599618,0.5092103600501992,-7.0614945411681935,1.3539080619811974,5.0630025863647425,5.1623744964599618,-0.5092103600501992,-7.0614945411681935,4.2376770019531014,0.0000000000000000,0.0000000000000000,0.0000000000000000,-0.0996100902557373,-0.1723698079586029,0.0143064884468913,0.9798785448074341,-0.0996100902557373,-0.1723698079586029,0.0143064884468913,0.9798785448074341,-0.0791523680090904,-0.8685802221298218,0.3015190660953522,0.3852136433124542,-0.1097748875617981,-0.8909186124801636,0.2269609570503235,0.3777596950531006,0.1635202765464783,-0.8825966715812683,0.1033255010843277,0.4284952878952026,0.0976121425628662,-0.5874496698379517,0.1677289605140686,0.7856473922729492,0.0744615569710732,-0.4780214428901672,0.1792854368686676,0.8566258549690247,0.0014393744058907,-0.4915197193622589,0.1380593776702881,0.8598522543907166,0.0014393744058907,-0.4915197193622589,0.1380593776702881,0.8598522543907166,0.0027480528224260,-0.9335049390792847,-0.1308653056621552,0.3338192105293274,0.0116023533046246,-0.9365134239196777,-0.1064916625618935,0.3338674008846283,-0.0313865020871162,-0.9361259937286377,-0.0910359770059586,0.3382238149642944,0.0417280010879040,-0.4265050590038300,-0.0869209468364716,0.8993313908576965,0.0452044494450092,-0.3883121609687805,-0.0854083374142647,0.9164473414421082,0.1397643089294434,-0.3950731158256531,-0.0447680391371250,0.9068511724472046,0.1397643089294434,-0.3950731158256531,-0.0447680391371250,0.9068511724472046,-0.0996100902557373,-0.1723698079586029,0.0143064884468913,0.9798785448074341,-0.1023220643401146,0.0662923455238342,0.0049537317827344,0.9925276041030884,0.4528914093971252,0.0590138733386993,-0.0317284092307091,0.8890445232391357,0.4562188386917114,-0.0211011916399002,0.1029453575611115,0.8836409449577332,0.4024821519851685,-0.5997000932693481,-0.2737748324871063,0.6351498961448669,0.4016717076301575,-0.6000466942787170,-0.2733101844787598,0.6355354785919189,0.4016717076301575,-0.6000466942787170,-0.2733101844787598,0.6355354785919189,-0.0971280634403229,0.0633220672607422,-0.0242443401366472,0.9929594993591309,-0.6206714510917664,0.0660341382026672,0.0133319543674588,0.7811712622642517,-0.6232179403305054,-0.0392874591052532,-0.1026385650038719,0.7742874622344971,-0.5280346274375916,-0.5307151675224304,0.3834388852119446,0.5408286452293396,-0.5826547741889954,-0.4886670708656311,0.4147435426712036,0.4997056424617767,-0.5826547741889954,-0.4886670708656311,0.4147435426712036,0.4997056424617767,-0.0996100902557373,-0.1723698079586029,0.0143064884468913,0.9798785448074341
-0.4179999887943268,0.0000000000000000,0.1700000017881393,-0.1015984937548637,-0.1980698108673096,-0.0052468450739980,0.9748941659927368,-1.8426835536956780,-0.0519078999757762,-0.5762380957603453,0.7797512054443352,0.2479243099689483,-0.1667882263660431,-2.0513521194458004,0.1370537307113413,0.1174046441912652,1.5837910413742067,0.1205987483263017,0.2057521581649780,0.0000000000000000,0.5676333606243138,1.0397109031677241,0.3148994922637939,-1.5711839437484745,0.0141197621356696,0.5676333606243138,-1.0397109031677241,-0.3148994922637939,-1.5711839437484745,0.1632980227470398,0.0000000000000000,-0.2399997472763069,0.0000000000000000,0.0474552482366556,1.7105458618589418,2.3204695143273324,-0.7957916685403773,7.3642969131469806,5.4221619129180958,0.8098865985870485,-7.6056224822998191,-0.6214269638061563,0.1735955923795699,3.8764985084533676,3.6888280391693189,0.7930393457412785,0.4259555339813317,1.8997859001159658,0.0185515820980059,0.0000000000000000,4.5691156387329084,-5.3399538993835458,0.1616663813590988,-4.1751478195190304,0.7880034446716284,4.5691156387329084,5.3399538993835458,-0.1616663813590988,-4.1751478195190304,0.7195669174194181,0.0000000000000000,0.0000000000000000,0.0000000000000000,-0.1015984937548637,-0.1980698108673096,-0.0052468450739980,0.9748941659927368,-0.1015984937548637,-0.1980698108673096,-0.0052468450739980,0.9748941659927368,-0.1057727262377739,-0.8491184711456299,0.2751816809177399,0.4382749795913696,-0.1157133430242538,-0.8561161756515503,0.2523576617240906,0.4358797669410706,0.1325775980949402,-0.8536207079887390,0.1185896098613739,0.4895829558372498,0.0773671045899391,-0.6034902334213257,0.1609635204076767,0.7771130800247192,0.0568372383713722,-0.5027765631675720,0.1693827211856842,0.8457509875297546,-0.0138181038200855,-0.5151384472846985,0.1269290149211884,0.8475437164306641,-0.0138181038200855,-0.5151384472846985,0.1269290149211884,0.8475437164306641,-0.0131005551666021,-0.9303410053253174,-0.1348043829202652,0.3407666087150574,0.0104084191843867,-0.9372989535331726,-0.0708263590931892,0.3410950601100922,-0.0446056164801121,-0.9363617300987244,-0.0506682172417641,0.3444846868515015,0.0046342830173671,-0.4126130044460297,-0.0675204396247864,0.9083886742591858,0.0085559319704771,-0.3570978045463562,-0.0674362778663635,0.9315901994705200,0.1041750460863113,-0.3621439635753632,-0.0303968451917171,0.9257836341857910,0.1041750460863113,-0.3621439635753632,-0.0303968451917171,0.9257836341857910,-0.1015984937548637,-0.1980698108673096,-0.0052468450739980,0.9748941659927368,-0.0991520583629608,0.0840933620929718,-0.0162260811775923,0.9913797974586487,0.4064389169216156,0.0655722692608833,-0.0557446740567684,0.9096155166625977,0.4111241102218628,-0.0077910814434290,0.0832935422658920,0.9077325463294983,0.3482522070407867,-0.6284731626510620,-0.2709692120552063,0.6405604481697083,0.3428056538105011,-0.6306726336479187,-0.2676928639411926,0.6427105069160461,0.3428056538105011,-0.6306726336479187,-0.2676928639411926,0.6427105069160461,-0.0921340584754944,0.0805215165019035,-0.0504825413227081,0.9912008047103882,-0.5724090933799744,0.0946440622210503,-0.0044909291900694,0.8144752979278564,-0.5801901817321777,-0.0041137984953821,-0.1262637972831726,0.8046239614486694,-0.5013405680656433,-0.5451569557189941,0.3555489480495453,0.5701286196708679,-0.5548033714294434,-0.5068507194519043,0.3875850439071655,0.5339226722717285,-0.5548033714294434,-0.5068507194519043,0.3875850439071655,0.5339226722717285,-0.1015984937548637,-0.1980698108673096,-0.0052468450739980,0.9748941659927368
-0.4239999949932098,0.0000000000000000,0.1700000017881393,-0.1124154552817345,-0.2354106307029724,-0.0215933453291655,0.9651312828063965,-1.7275314331054685,0.0207762433215977,-0.5448046565055846,0.6724896430969236,0.2442504107952118,-0.1752192795276642,-1.9750165939331052,0.2026187688112260,0.1345390111207962,1.6334587335586550,0.1492611259222031,0.2197349697351456,0.0000000000000000,0.7069766879081730,0.9362903356552121,0.3313899815082550,-1.6163512229919434,0.0088822904974222,0.7069766879081730,-0.9362903356552121,-0.3313899815082550,-1.6163512229919434,0.1557797521352768,0.0000000000000000,-0.3000000417232513,0.0000000000000000,0.0000000000000000,1.9086845394615533,3.1714648768097531,-1.1151470295703807,6.6444607734680137,4.5001728057861285,1.6385248899459834,-6.6987333297729421,-0.4745689511299118,-0.1878089815378201,3.8007485866546631,3.6637586593627911,1.0262244224548331,1.9161428451538114,1.5906158447265617,0.3890603795647637,0.0000000000000000,5.9420942306518612,-5.2622756958007812,0.5130420289933697,-2.6402311801910381,0.0826232910156233,5.9420942306518612,5.2622756958007812,-0.5130420289933697,-2.6402311801910381,-0.4068026542663573,0.0000000000000000,0.0000000000000000,0.0000000000000000,-0.1124154552817345,-0.2354106307029724,-0.0215933453291655,0.9651312828063965,-0.1124154552817345,-0.2354106307029724,-0.0215933453291655,0.9651312828063965,-0.1348846852779388,-0.8399373292922974,0.2575729191303253,0.4582222104072571,-0.1299928128719330,-0.8371030092239380,0.2661267518997192,0.4599315822124481,0.1000818014144897,-0.8411623835563660,0.1326912194490433,0.5146090984344482,0.0507330596446991,-0.6242055296897888,0.1591080874204636,0.7632025480270386,0.0309753324836493,-0.5265838503837585,0.1640632748603821,0.8335665464401245,-0.0420103035867214,-0.5389724969863892,0.1172673925757408,0.8330620527267456,-0.0420103035867214,-0.5389724969863892,0.1172673925757408,0.8330620527267456,-0.0287126861512661,-0.9319895505905151,-0.1301713436841965,0.3370853066444397,0.0053891343995929,-0.9402614235877991,-0.0351914800703526,0.3385867476463318,-0.0578456073999405,-0.9385402202606201,-0.0123954508453608,0.3400626182556152,-0.0308913476765156,-0.3946478962898254,-0.0514086149632931,0.9168729782104492,-0.0270743835717440,-0.3251837491989136,-0.0538716390728951,0.9437268972396851,0.0766523405909538,-0.3290013074874878,-0.0181294772773981,0.9410388469696045,0.0766523405909538,-0.3290013074874878,-0.0181294772773981,0.9410388469696045,-0.1124154552817345,-0.2354106307029724,-0.0215933453291655,0.9651312828063965,-0.1019581705331802,0.1149692833423615,-0.0385508611798286,0.9873704910278320,0.3547008335590363,0.0864722281694412,-0.0855127498507500,0.9270369410514832,0.3633442223072052,0.0176810156553984,0.0647522956132889,0.9292339086532593,0.2952769100666046,-0.6422234177589417,-0.2589952647686005,0.6582417488098145,0.2917637825012207,-0.6434715986251831,-0.2568845152854919,0.6594152450561523,0.2917637825012207,-0.6434715986251831,-0.2568845152854919,0.6594152450561523,-0.0914826840162277,0.1100091859698296,-0.0803299248218536,0.9864461421966553,-0.5269606709480286,0.1339946091175079,-0.0235955324023962,0.8389285802841187,-0.5423991680145264,0.0370043367147446,-0.1560430824756622,0.8246724605560303,-0.4874530732631683,-0.5447210073471069,0.3208883702754974,0.6022452116012573,-0.5389423370361328,-0.5086023211479187,0.3540791571140289,0.5705197453498840,-0.5389423370361328,-0.5086023211479187,0.3540791571140289,0.5705197453498840,-0.1124154552817345,-0.2354106307029724,-0.0215933453291655,0.9651312828063965
-0.4300000071525574,0.0000000000000000,0.1700000017881393,-0.1274490356445312,-0.2781484425067902,-0.0362891554832458,0.9513533711433411,-1.6345506906509399,0.0718112466856837,-0.5150425434112549,0.5986194610595703,0.2478483617305756,-0.1894939243793488,-1.8982803821563721,0.2585461437702179,0.1474357247352600,1.6973074674606323,0.1739860773086548,0.2414697855710983,0.0000000000000000,0.8719468116760254,0.8351509571075439,0.3556675314903259,-1.6519718170166016,-0.0049676019698381,0.8719468116760254,-0.8351509571075439,-0.3556675314903259,-1.6519718170166016,0.1490337103605270,0.0000000000000000,-0.3000005781650543,0.0000000000000000,0.0000000000000000,1.5752677560872650,4.3181358281164499,-1.8602559315617446,4.6490368843078613,2.5517499446868896,1.4881055355072021,-3.6935091018676758,0.1798974871635437,-0.7137321978807449,3.8368103504180908,2.7963685989379883,0.6448356509208679,3.1924364566802979,1.2362475395202637,1.0867407098412514,0.0000000000000000,8.2485055923461914,-5.0569686889648438,1.2138774953782558,-1.7810295820236206,-0.6924946308135986,8.2485055923461914,5.0569686889648438,-1.2138774953782558,-1.7810295820236206,-0.3373020589351654,0.0000000000000000,0.0000000000000000,0.0000000000000000,-0.1274490356445312,-0.2781484425067902,-0.0362891554832458,0.9513533711433411,-0.1274490356445312,-0.2781484425067902,-0.0362891554832458,0.9513533711433411,-0.1652665883302689,-0.8364220261573792,0.2445205003023148,0.4618385434150696,-0.1485810279846191,-0.8271051645278931,0.2743887007236481,0.4674735963344574,0.0669692829251289,-0.8376719951629639,0.1462823152542114,0.5219408273696899,0.0208589360117912,-0.6465294957160950,0.1595252454280853,0.7457320094108582,0.0009804980363697,-0.5493935346603394,0.1608802080154419,0.8199288845062256,-0.0765934884548187,-0.5621495246887207,0.1081831082701683,0.8163441419601440,-0.0765934884548187,-0.5621495246887207,0.1081831082701683,0.8163441419601440,-0.0441970415413380,-0.9358212947845459,-0.1212218701839447,0.3280096650123596,-0.0015434449305758,-0.9436398148536682,0.0004294504760765,0.3309702873229980,-0.0710393786430359,-0.9409632682800293,0.0248046144843102,0.3300397694110870,-0.0655697658658028,-0.3743121325969696,-0.0369116216897964,0.9242448806762695,-0.0621148049831390,-0.2925951480865479,-0.0424689613282681,0.9532713294029236,0.0531510636210442,-0.2955802083015442,-0.0069191227667034,0.9538130760192871,0.0531510636210442,-0.2955802083015442,-0.0069191227667034,0.9538130760192871,-0.1274490356445312,-0.2781484425067902,-0.0362891554832458,0.9513533711433411,-0.1076083779335022,0.1522062420845032,-0.0613830871880054,0.9805538058280945,0.2992970347404480,0.1142342686653137,-0.1178352907299995,0.9399397373199463,0.3134356737136841,0.0491497814655304,0.0466431267559528,0.9471889138221741,0.2425152212381363,-0.6473171114921570,-0.2420080155134201,0.6808810830116272,0.2444820702075958,-0.6467523574829102,-0.2432730048894882,0.6802632808685303,0.2444820702075958,-0.6467523574829102,-0.2432730048894882,0.6802632808685303,-0.0928575545549393,0.1454473286867142,-0.1118354573845863,0.9786293506622314,-0.4817574322223663,0.1783041208982468,-0.0432404801249504,0.8568825125694275,-0.5061194300651550,0.0809205248951912,-0.1884890198707581,0.8377152681350708,-0.4793126881122589,-0.5360916256904602,0.2824423909187317,0.6348948478698730,-0.5283376574516296,-0.5014132261276245,0.3169475793838501,0.6074441075325012,-0.5283376574516296,-0.5014132261276245,0.3169475793838501,0.6074441075325012,-0.1274490356445312,-0.2781484425067902,-0.0362891554832458,0.9513533711433411
-0.4360000014305115,0.0000000000000000,0.1520000010728835,-0.1228006929159164,-0.3192481994628906,-0.0388873592019081,0.9388760328292847,-1.5546448230743404,0.1143120616674425,-0.4862719893455504,0.5800129413604735,0.2394181609153747,-0.1794196277856826,-1.8197862863540646,0.2673702359199525,0.1618453025817872,1.7007637977600099,0.1882836639881135,0.2391829520463943,0.0000000000000000,1.1223662853240977,0.7936855077743529,0.3722972095012665,-1.7272004842758182,-0.0022386263124645,1.1223662853240977,-0.7936855077743529,-0.3722972095012665,-1.7272004842758182,0.1436958283185959,0.0000000000000000,-0.3000000417232513,0.0000000000000000,-0.5399999856948876,1.1976234435981974,4.2523101120760973,-0.5279885156802506,4.2567906379699689,2.2957244396209706,1.4583587646484373,-2.0355991363525314,-0.1809469848871247,0.0167360424995454,3.8895468711853032,1.3832701683044371,0.6902215600013735,1.3806644916534343,0.9234265804290758,0.3660913228988616,0.0000000000000000,10.8119861602783320,-3.2667509555816574,0.9844412803649892,-2.9692717075347952,-0.1951285839080789,10.8119861602783320,3.2667509555816574,-0.9844412803649892,-2.9692717075347952,-0.2950572848320006,0.0000000000000000,0.0000000000000000,0.0000000000000000,-0.1228006929159164,-0.3192481994628906,-0.0388873592019081,0.9388760328292847,-0.1228006929159164,-0.3192481994628906,-0.0388873592019081,0.9388760328292847,-0.1713196188211441,-0.8414598703384399,0.2257793843746185,0.4600203633308411,-0.1447421908378601,-0.8272155523300171,0.2734853923320770,0.4690096080303192,0.0586707666516304,-0.8377351760864258,0.1525349318981171,0.5210477113723755,0.0126244127750397,-0.6537462472915649,0.1630023717880249,0.7388415336608887,-0.0069254767149687,-0.5608289837837219,0.1633714884519577,0.8116234540939331,-0.0796392038464546,-0.5731919407844543,0.1125063151121140,0.8077443838119507,-0.0796392038464546,-0.5731919407844543,0.1125063151121140,0.8077443838119507,-0.0397882610559464,-0.9369978308677673,-0.1219596415758133,0.3249273598194122,0.0038647216279060,-0.9448968768119812,0.0040221377275884,0.3273205459117889,-0.0725347027182579,-0.9421248435974121,0.0304482690989971,0.3259023427963257,-0.0707363486289978,-0.3765901923179626,-0.0344314053654671,0.9230334758758545,-0.0671950206160545,-0.2881556153297424,-0.0409533977508545,0.9543448686599731,0.0471434667706490,-0.2909852266311646,-0.0062785339541733,0.9555447101593018,0.0471434667706490,-0.2909852266311646,-0.0062785339541733,0.9555447101593018,-0.1228006929159164,-0.3192481994628906,-0.0388873592019081,0.9388760328292847,-0.0938460230827332,0.2325152158737183,-0.0661474317312241,0.9657919406890869,0.2869998514652252,0.1893473416566849,-0.1498672515153885,0.9269944429397583,0.3155795335769653,0.1222524642944336,0.0205559451133013,0.9407664537429810,0.2119990289211273,-0.6196219921112061,-0.2698527276515961,0.7059068679809570,0.2128842175006866,-0.6193804740905762,-0.2704327404499054,0.7056304216384888,0.2128842175006866,-0.6193804740905762,-0.2704327404499054,0.7056304216384888,-0.0722241550683975,0.2244004905223846,-0.1285714358091354,0.9632743597030640,-0.4391189813613892,0.2569105327129364,-0.0329414084553719,0.8602826595306396,-0.4796789884567261,0.1614758521318436,-0.1861413270235062,0.8421312570571899,-0.4465385973453522,-0.5114274024963379,0.2825314104557037,0.6776587963104248,-0.4929219484329224,-0.4801743626594543,0.3192767500877380,0.6515542864799500,-0.4929219484329224,-0.4801743626594543,0.3192767500877380,0.6515542864799500,-0.1228006929159164,-0.3192481994628906,-0.0388873592019081,0.9388760328292847
-0.4419999957084656,0.0000000000000000,0.1400000005960464,-0.1200778558850288,-0.3615436553955078,-0.0403568036854267,0.9237092137336731,-1.4668568372726434,0.1522610008716585,-0.4594186425209044,0.5821864604949955,0.2311953693628311,-0.1744300246238709,-1.7341829776763908,0.2747374713420868,0.1736287683248520,1.7036166667938233,0.1974528521299362,0.2370359659194946,0.0000000000000000,1.3507206201553357,0.7610553264617919,0.3789525926113128,-1.8035803556442267,-0.0013912368856836,1.3507206201553357,-0.7610553264617919,-0.3789525926113128,-1.8035803556442267,0.1354489162564277,0.0000000000000000,-0.2999996840953827,0.0000000000000000,-0.7199999809265101,0.8573101889986968,4.3406490771267414,0.2595935088994401,4.2317566871643111,1.9884844303131075,1.3810113668441761,-0.3069247603416317,-0.4152877330780028,0.3511739969253510,4.1379809379577681,0.3974988788366309,0.6416954755783065,0.1547126635909077,0.5610273361206024,-0.1101462468504905,0.0000000000000000,11.8590190887451037,-1.8082144260406441,0.5322550296783388,-3.7959692478179941,0.0800011724233616,11.8590190887451037,1.8082144260406441,-0.5322550296783388,-3.7959692478179941,-0.3541649937629717,0.0000000000000000,0.0000000000000000,0.0000000000000000,-0.1200778558850288,-0.3615436553955078,-0.0403568036854267,0.9237092137336731,-0.1200778558850288,-0.3615436553955078,-0.0403568036854267,0.9237092137336731,-0.1775794327259064,-0.8451737761497498,0.2075631916522980,0.4594173729419708,-0.1420905441045761,-0.8269547224044800,0.2712316215038300,0.4715819954872131,0.0499392375349998,-0.8375704884529114,0.1567450165748596,0.5209728479385376,0.0028785760514438,-0.6528214812278748,0.1643988788127899,0.7394517064094543,-0.0161089114844799,-0.5631752014160156,0.1636481434106827,0.8098108768463135,-0.0865985900163651,-0.5752918720245361,0.1139906942844391,0.8053236007690430,-0.0865985900163651,-0.5752918720245361,0.1139906942844391,0.8053236007690430,-0.0362380109727383,-0.9379236102104187,-0.1199129745364189,0.3234302401542664,0.0083944359794259,-0.9455084800720215,0.0096526816487312,0.3253463208675385,-0.0736173242330551,-0.9426801800727844,0.0378264039754868,0.3232700824737549,-0.0769519656896591,-0.3776194751262665,-0.0304847098886967,0.9222540259361267,-0.0735710263252258,-0.2848776578903198,-0.0379189550876617,0.9549840092658997,0.0398628078401089,-0.2873660326004028,-0.0039681345224380,0.9569827914237976,0.0398628078401089,-0.2873660326004028,-0.0039681345224380,0.9569827914237976,-0.1200778558850288,-0.3615436553955078,-0.0403568036854267,0.9237092137336731,-0.0826427564024925,0.2988756895065308,-0.0701147094368935,0.9481179118156433,0.2754553556442261,0.2515133321285248,-0.1759816408157349,0.9109863042831421,0.3156387507915497,0.1844749152660370,-0.0048255175352097,0.9307619333267212,0.1805535852909088,-0.5988720655441284,-0.2950517535209656,0.7222861051559448,0.1810773760080338,-0.5987807512283325,-0.2954448461532593,0.7220697999000549,0.1810773760080338,-0.5987807512283325,-0.2954448461532593,0.7220697999000549,-0.0541435293853283,0.2894703447818756,-0.1424169391393661,0.9449830055236816,-0.4012843370437622,0.3216874599456787,-0.0248519517481327,0.8572458028793335,-0.4547743201255798,0.2303376048803329,-0.1808244585990906,0.8410871028900146,-0.4139108061790466,-0.4931474924087524,0.2853164672851562,0.7099844813346863,-0.4570209383964539,-0.4658189713954926,0.3225581645965576,0.6856387853622437,-0.4570209383964539,-0.4658189713954926,0.3225581645965576,0.6856387853622437,-0.1200778558850288,-0.3615436553955078,-0.0403568036854267,0.9237092137336731
-0.4479999899864197,0.0000000000000000,0.1400000005960464,-0.1213984936475754,-0.4066188335418701,-0.0396249592304230,0.9046288132667542,-1.3633046150207526,0.1811061829328535,-0.4363997101783754,0.6259200572967526,0.2233873963356019,-0.1796098083257675,-1.6343612432479864,0.2791909933090210,0.1801600098609924,1.7052626132965087,0.1963652431964874,0.2351686745882035,0.0000000000000000,1.5349446773529041,0.7460956811904909,0.3656593859195710,-1.8822626352310174,-0.0043070179701317,1.5349446773529041,-0.7460956811904909,-0.3656593859195710,-1.8822626352310174,0.1213839441537858,0.0000000000000000,-0.2999996840953827,0.0000000000000000,-0.1799999952316320,0.5916590501783308,4.7373174043593638,-0.0421952491244355,4.9411473274230913,1.5788154125213651,1.2084627151489269,1.5632787346839780,-0.3966208994388581,-0.1064484119415253,4.7778100967407182,0.2663817822933205,0.4053454041481034,0.1004011541604999,0.0994715213775665,-0.0975599810481072,0.0000000000000000,9.8731567382812635,-1.0130403041839653,-0.3654314041137634,-3.8995776176452628,-0.0893414884805668,9.8731567382812635,1.0130403041839653,0.3654314041137634,-3.8995776176452628,-0.6159776687622053,0.0000000000000000,0.0000000000000000,0.0000000000000000,-0.1213984936475754,-0.4066188335418701,-0.0396249592304230,0.9046288132667542,-0.1213984936475754,-0.4066188335418701,-0.0396249592304230,0.9046288132667542,-0.1843303889036179,-0.8466310501098633,0.1905085444450378,0.4614593684673309,-0.1418132036924362,-0.8259504437446594,0.2662767171859741,0.4762263894081116,0.0403494648635387,-0.8370492458343506,0.1568876355886459,0.5225961804389954,-0.0098858494311571,-0.6355019807815552,0.1616053581237793,0.7549325227737427,-0.0278433486819267,-0.5473952293395996,0.1595109254121780,0.8210601210594177,-0.1013799160718918,-0.5594976544380188,0.1097951531410217,0.8152481317520142,-0.1013799160718918,-0.5594976544380188,0.1097951531410217,0.8152481317520142,-0.0344053469598293,-0.9383555650711060,-0.1122986376285553,0.3251063227653503,0.0111669292673469,-0.9448530673980713,0.0193584617227316,0.3267315626144409,-0.0738750845193863,-0.9420313835144043,0.0486729368567467,0.3236514031887054,-0.0852640569210052,-0.3761463463306427,-0.0236050635576248,0.9223268032073975,-0.0825380757451057,-0.2839237451553345,-0.0318472236394882,0.9547569155693054,0.0300375483930111,-0.2857025563716888,0.0016814827686176,0.9578460454940796,0.0300375483930111,-0.2857025563716888,0.0016814827686176,0.9578460454940796,-0.1213984936475754,-0.4066188335418701,-0.0396249592304230,0.9046288132667542,-0.0775500833988190,0.3395197987556458,-0.0731522887945175,0.9345378875732422,0.2684286236763000,0.2895643413066864,-0.1917378753423691,0.8985183238983154,0.3142255842685699,0.2257881611585617,-0.0285422690212727,0.9216654300689697,0.1481880247592926,-0.5946280956268311,-0.3160361349582672,0.7242783308029175,0.1498099863529205,-0.5943835973739624,-0.3172613382339478,0.7236090898513794,0.1498099863529205,-0.5943835973739624,-0.3172613382339478,0.7236090898513794,-0.0419919155538082,0.3289583623409271,-0.1518061161041260,0.9311165213584900,-0.3784931898117065,0.3616876304149628,-0.0216082483530045,0.8517382144927979,-0.4379708170890808,0.2772326767444611,-0.1715040057897568,0.8378008008003235,-0.3838791251182556,-0.4902447760105133,0.2949132919311523,0.7247917652130127,-0.4227215647697449,-0.4676982462406158,0.3293594121932983,0.7029132843017578,-0.4227215647697449,-0.4676982462406158,0.3293594121932983,0.7029132843017578,-0.1213984936475754,-0.4066188335418701,-0.0396249592304230,0.9046288132667542
-0.4499999880790710,0.0000000000000000,0.1280000001192094,-0.1162029951810837,-0.4505138397216797,-0.0359858311712742,0.8844429254531860,-1.2626630544662480,0.2059084415435790,-0.4066181182861330,0.6304718971252442,0.2292521268129348,-0.1783124148845673,-1.5336485385894780,0.2645410358905793,0.1945875614881515,1.6635916233062746,0.1987573415040970,0.2250694692134858,0.0000000000000000,1.6637208223342892,0.7393706321716309,0.3389075100421907,-1.9980283975601190,-0.0107565596699714,1.6637208223342892,-0.7393706321716309,-0.3389075100421907,-1.9980283975601190,0.1124256595969200,0.0000000000000000,-0.1799998104572304,0.0000000000000000,-0.3599999904632544,0.5050153683355848,4.8374332896568486,0.2710051980602505,5.0902909278869632,1.3209713459014900,1.3538263082504258,1.0112271308899003,0.0197824239730808,-0.0646738708019270,5.0178154945373530,-0.3504282504320106,0.5634513378143295,-1.2172106817364605,0.0500107623636716,-0.3403219804167731,0.0000000000000000,7.5477651596069446,-0.5009443402290361,-1.0684203267097447,-5.0466182231903005,-0.2518018633127205,7.5477651596069446,0.5009443402290361,1.0684203267097447,-5.0466182231903005,-0.5500479459762584,0.0000000000000000,0.0000000000000000,0.0000000000000000,-0.1162029951810837,-0.4505138397216797,-0.0359858311712742,0.8844429254531860,-0.1162029951810837,-0.4505138397216797,-0.0359858311712742,0.8844429254531860,-0.1825379133224487,-0.8502063751220703,0.1725172698497772,0.4626735746860504,-0.1340066045522690,-0.8280251622200012,0.2590042352676392,0.4788878560066223,0.0359225682914257,-0.8380270004272461,0.1569505631923676,0.5213317871093750,-0.0145115982741117,-0.6350966095924377,0.1603651493787766,0.7554631233215332,-0.0327546223998070,-0.5445232391357422,0.1576439291238785,0.8231463432312012,-0.1059193462133408,-0.5563966035842896,0.1085395514965057,0.8169598579406738,-0.1059193462133408,-0.5563966035842896,0.1085395514965057,0.8169598579406738,-0.0270479116588831,-0.9380995035171509,-0.1065071076154709,0.3284720778465271,0.0164849348366261,-0.9439298510551453,0.0181537941098213,0.3292343318462372,-0.0752802565693855,-0.9410589933395386,0.0500699467957020,0.3259356021881104,-0.0877851098775864,-0.3929346203804016,-0.0219399351626635,0.9151037335395813,-0.0851707011461258,-0.3002038598060608,-0.0305394418537617,0.9495741128921509,0.0220402162522078,-0.3017421364784241,0.0032483753748238,0.9531293511390686,0.0220402162522078,-0.3017421364784241,0.0032483753748238,0.9531293511390686,-0.1162029951810837,-0.4505138397216797,-0.0359858311712742,0.8844429254531860,-0.0728964358568192,0.3544703423976898,-0.0687683150172234,0.9296816587448120,0.2679439187049866,0.3056691288948059,-0.1921957731246948,0.8932151794433594,0.3134425878524780,0.2467601001262665,-0.0419121868908405,0.9160275459289551,0.1190644800662994,-0.6187449097633362,-0.3331220746040344,0.7014328837394714,0.1233078911900520,-0.6183417439460754,-0.3359208106994629,0.6997184753417969,0.1233078911900520,-0.6183417439460754,-0.3359208106994629,0.6997184753417969,-0.0310234501957893,0.3437322378158569,-0.1506800353527069,0.9263808131217957,-0.3636479973793030,0.3749622702598572,-0.0163024626672268,0.8525829911231995,-0.4217488169670105,0.2992751598358154,-0.1556639671325684,0.8416240215301514,-0.3451375961303711,-0.5223928093910217,0.3137899637222290,0.7138080596923828,-0.3828259706497192,-0.5038976073265076,0.3449683785438538,0.6932015419006348,-0.3828259706497192,-0.5038976073265076,0.3449683785438538,0.6932015419006348,-0.1162029951810837,-0.4505138397216797,-0.0359858311712742,0.8844429254531860
-0.4499999880790710,0.0000000000000000,0.1099999994039536,-0.1076158434152603,-0.4932256639003754,-0.0308540631085634,0.8626675605773926,-1.1634768247604370,0.2286892384290695,-0.3734551966190338,0.6154328584671021,0.2419532090425491,-0.1737764328718185,-1.4324903488159180,0.2403393387794495,0.2129632681608200,1.6002621650695801,0.2028892934322357,0.2108543068170547,0.0000000000000000,1.7647730112075806,0.7367628812789917,0.3054262995719910,-2.1323359012603760,-0.0189729817211628,1.7647730112075806,-0.7367628812789917,-0.3054262995719910,-2.1323359012603760,0.1060207188129425,0.0000000000000000,0.0000000000000000,0.0000000000000000,-0.8999999761581421,0.5078754149816533,4.7892729539867567,0.8917002478492292,4.9593110084533691,1.1390397548675537,1.6581460237503052,-0.7519519329071045,0.6350539922714233,0.2267991006374359,5.0579090118408203,-1.2100847512483595,0.9187852740287781,-3.1664726808667183,0.2065975703299046,-0.7107581123709680,0.0000000000000000,5.0526089668273926,-0.1303875446319579,-1.6740604043006897,-6.7153749465942383,-0.4108210951089859,5.0526089668273926,0.1303875446319579,1.6740604043006897,-6.7153749465942383,-0.3202470242977142,0.0000000000000000,0.0000000000000000,0.0000000000000000,-0.1076158434152603,-0.4932256639003754,-0.0308540631085634,0.8626675605773926,-0.1076158434152603,-0.4932256639003754,-0.0308540631085634,0.8626675605773926,-0.1764340400695801,-0.8546541929244995,0.1540230959653854,0.4633725285530090,-0.1224131211638451,-0.8314997553825378,0.2505295872688293,0.4804769754409790,0.0340780429542065,-0.8397710919380188,0.1569767892360687,0.5186342597007751,-0.0150682991370559,-0.6432395577430725,0.1599248945713043,0.7486252784729004,-0.0342581830918789,-0.5481929183006287,0.1569375693798065,0.8207810521125793,-0.1053554490208626,-0.5597437620162964,0.1087739467620850,0.8147118091583252,-0.1053554490208626,-0.5597437620162964,0.1087739467620850,0.8147118091583252,-0.0169257223606110,-0.9374067783355713,-0.1016166880726814,0.3326501250267029,0.0230746548622847,-0.9428283572196960,0.0114930775016546,0.3322802186012268,-0.0772603303194046,-0.9399407505989075,0.0467428974807262,0.3291767537593842,-0.0873560979962349,-0.4186076223850250,-0.0228685308247805,0.9036667346954346,-0.0845910757780075,-0.3249405324459076,-0.0315975770354271,0.9414136409759521,0.0149453962221742,-0.3264614343643188,0.0027719903737307,0.9450882673263550,0.0149453962221742,-0.3264614343643188,0.0027719903737307,0.9450882673263550,-0.1076158434152603,-0.4932256639003754,-0.0308540631085634,0.8626675605773926,-0.0685059875249863,0.3567538559436798,-0.0607137158513069,0.9297028779983521,0.2708815038204193,0.3109563589096069,-0.1851096898317337,0.8919998407363892,0.3131699264049530,0.2576904594898224,-0.0501198768615723,0.9126928448677063,0.0912831425666809,-0.6554246544837952,-0.3473852276802063,0.6643865108489990,0.0988970696926117,-0.6548686623573303,-0.3521236181259155,0.6613435745239258,0.0988970696926117,-0.6548686623573303,-0.3521236181259155,0.6613435745239258,-0.0206723343580961,0.3463171422481537,-0.1443763077259064,0.9267106056213379,-0.3529994487762451,0.3750739693641663,-0.0099794575944543,0.8570947051048279,-0.4059303104877472,0.3089296817779541,-0.1366157382726669,0.8491873741149902,-0.3006559908390045,-0.5698709487915039,0.3359902203083038,0.6869961023330688,-0.3385851979255676,-0.5551133751869202,0.3635262548923492,0.6671265363693237,-0.3385851979255676,-0.5551133751869202,0.3635262548923492,0.6671265363693237,-0.1076158434152603,-0.4932256639003754,-0.0308540631085634,0.8626675605773926
-0.4499999880790710,0.0000000000000000,0.1099999994039536,-0.1002549007534981,-0.5247866511344910,-0.0275034829974174,0.8448619842529297,-1.0809597730636598,0.2321119248867035,-0.3402934014797211,0.6045536041259766,0.2465359777212143,-0.1590040773153305,-1.3434776306152345,0.1984106093645097,0.2003414094448090,1.5247293710708620,0.2074869394302368,0.2008743882179261,0.0000000000000000,1.7795835256576538,0.7220618367195130,0.2480009913444520,-2.1287075519561767,-0.0196265824139118,1.7795835256576538,-0.7220618367195130,-0.2480009913444520,-2.1287075519561767,0.0918243542313576,0.0000000000000000,0.0000000000000000,0.0000000000000000,-0.3599999904632580,0.4843750659258730,4.0847438852323092,0.7803927696977172,4.4592359542846687,0.5582964777946485,1.6581121921539306,-0.6271583795547488,0.3915046811103826,0.5338902741670601,4.6935451507568366,-1.7418956756591786,-0.0111415982246379,-3.5325727462768546,0.2205684036016464,-0.5837007761001589,0.0000000000000000,2.4653590202331599,-0.4931863188743583,-2.3923832893371566,-2.5772994995117280,-0.1839364528656011,2.4653590202331599,0.4931863188743583,2.3923832893371566,-2.5772994995117280,-0.5539897203445430,0.0000000000000000,0.0000000000000000,0.0000000000000000,-0.1002549007534981,-0.5247866511344910,-0.0275034829974174,0.8448619842529297,-0.1002549007534981,-0.5247866511344910,-0.0275034829974174,0.8448619842529297,-0.1691450774669647,-0.8565638661384583,0.1389565765857697,0.4673109054565430,-0.1138900592923164,-0.8347193598747253,0.2372097074985504,0.4837397336959839,0.0290722269564867,-0.8419128656387329,0.1518591940402985,0.5169879794120789,-0.0174767877906561,-0.6498379707336426,0.1536415517330170,0.7441770434379578,-0.0362249463796616,-0.5534053444862366,0.1503227204084396,0.8184335231781006,-0.1011184900999069,-0.5636132955551147,0.1059170514345169,0.8129556179046631,-0.1011184900999069,-0.5636132955551147,0.1059170514345169,0.8129556179046631,-0.0105895595625043,-0.9348336458206177,-0.0971234291791916,0.3413810133934021,0.0231596119701862,-0.9398339390754700,-0.0040143993683159,0.3408223092556000,-0.0709575638175011,-0.9374582767486572,0.0300476402044296,0.3394616246223450,-0.0722400546073914,-0.4435427486896515,-0.0276736076921225,0.8929083347320557,-0.0689780935645103,-0.3486898243427277,-0.0349805764853954,0.9340417385101318,0.0250540189445019,-0.3504208922386169,0.0000789032783359,0.9362572431564331,0.0250540189445019,-0.3504208922386169,0.0000789032783359,0.9362572431564331,-0.1002549007534981,-0.5247866511344910,-0.0275034829974174,0.8448619842529297,-0.0674258917570114,0.3296132981777191,-0.0538211613893509,0.9401659965515137,0.2689782977104187,0.2892721593379974,-0.1668959259986877,0.9033925533294678,0.3015670180320740,0.2466363757848740,-0.0563314780592918,0.9192686080932617,0.0813720673322678,-0.6659518480300903,-0.3404216170310974,0.6587865352630615,0.0893349498510361,-0.6654591560363770,-0.3452510237693787,0.6557326316833496,0.0893349498510361,-0.6654591560363770,-0.3452510237693787,0.6557326316833496,-0.0162197127938271,0.3198370933532715,-0.1362322866916656,0.9374870061874390,-0.3462844491004944,0.3473413586616516,-0.0143351480364799,0.8713413476943970,-0.3870252370834351,0.2949098944664001,-0.1188030093908310,0.8655203580856323,-0.2772700190544128,-0.5907831192016602,0.3283948302268982,0.6828274726867676,-0.3110142350196838,-0.5790250897407532,0.3520578145980835,0.6663749217987061,-0.3110142350196838,-0.5790250897407532,0.3520578145980835,0.6663749217987061,-0.1002549007534981,-0.5247866511344910,-0.0275034829974174,0.8448619842529297
-0.4499999880790710,0.0000000000000000,0.1099999994039536,-0.0952701717615128,-0.5454279184341431,-0.0252484064549208,0.8323427438735962,-1.0259484052658081,0.2343937158584595,-0.3181855380535126,0.5973007678985596,0.2495911568403244,-0.1491558402776718,-1.2841358184814453,0.1704581230878830,0.1919268369674683,1.4743741750717163,0.2105520367622375,0.1942211091518402,0.0000000000000000,1.7894572019577026,0.7122611403465271,0.2097174525260925,-2.1262886524200439,-0.0200623162090778,1.7894572019577026,-0.7122611403465271,-0.2097174525260925,-2.1262886524200439,0.0823601111769676,0.0000000000000000,0.0000000000000000,0.0000000000000000,0.0000000000000000,0.3749665332442828,2.8920462715168114,0.5649502274107013,3.3006820678710991,0.1369074463844301,1.3264717102050803,-0.4351701736450203,0.1833107352256778,0.5908941745758066,3.5605087280273495,-1.6771490097045927,-0.5048743247985849,-3.0213115692138723,0.1839058279991153,-0.3991967201232917,0.0000000000000000,0.5924205303192148,-0.5880417346954355,-2.2970121383667030,0.1451339602470400,-0.0261440277099610,0.5924205303192148,0.5880417346954355,2.2970121383667030,0.1451339602470400,-0.5678545475006114,0.0000000000000000,0.0000000000000000,0.0000000000000000,-0.0952701717615128,-0.5454279184341431,-0.0252484064549208,0.8323427438735962,-0.0952701717615128,-0.5454279184341431,-0.0252484064549208,0.8323427438735962,-0.1642574816942215,-0.8576945066452026,0.1288888305425644,0.4698587954044342,-0.1081907153129578,-0.8367401957511902,0.2282938510179520,0.4858421385288239,0.0257340483367443,-0.8433131575584412,0.1484424918889999,0.5158734917640686,-0.0190814081579447,-0.6541976928710938,0.1494433581829071,0.7411666512489319,-0.0375345125794411,-0.5568556189537048,0.1459060609340668,0.8168318867683411,-0.0982913523912430,-0.5661790966987610,0.1040098369121552,0.8117647767066956,-0.0982913523912430,-0.5661790966987610,0.1040098369121552,0.8117647767066956,-0.0063645513728261,-0.9330437779426575,-0.0941201522946358,0.3471745252609253,0.0232121013104916,-0.9376690983772278,-0.0143523067235947,0.3464561402797699,-0.0667385831475258,-0.9355790019035339,0.0189098380506039,0.3462373018264771,-0.0621220804750919,-0.4599240124225616,-0.0308620799332857,0.8852447867393494,-0.0585351102054119,-0.3643546700477600,-0.0372191071510315,0.9286732673645020,0.0317829772830009,-0.3662467002868652,-0.0017166483448818,0.9299732446670532,0.0317829772830009,-0.3662467002868652,-0.0017166483448818,0.9299732446670532,-0.0952701717615128,-0.5454279184341431,-0.0252484064549208,0.8323427438735962,-0.0666722357273102,0.3113542199134827,-0.0491989888250828,0.9466745853424072,0.2675695717334747,0.2746644318103790,-0.1546656191349030,0.9105188250541687,0.2937746942043304,0.2392202913761139,-0.0604620724916458,0.9234794974327087,0.0747514441609383,-0.6728633642196655,-0.3357244729995728,0.6549474596977234,0.0829460173845291,-0.6724151968955994,-0.3406149744987488,0.6518889665603638,0.0829460173845291,-0.6724151968955994,-0.3406149744987488,0.6518889665603638,-0.0132429059594870,0.3020217120647430,-0.1307340860366821,0.9442012906074524,-0.3416079580783844,0.3286511898040771,-0.0172309670597315,0.8803383111953735,-0.3741758167743683,0.2853759229183197,-0.1068514958024025,0.8758628964424133,-0.2615146934986115,-0.6043782830238342,0.3231374919414520,0.6796463131904602,-0.2923780679702759,-0.5944973230361938,0.3441247642040253,0.6653316020965576,-0.2923780679702759,-0.5944973230361938,0.3441247642040253,0.6653316020965576,-0.0952701717615128,-0.5454279184341431,-0.0252484064549208,0.8323427438735962
-0.4499999880790710,0.0000000000000000,0.1099999994039536,-0.0952701717615128,-0.5454279184341431,-0.0252484064549208,0.8323427438735962,-1.0259484052658081,0.2343937158584595,-0.3181855380535126,0.5973007678985596,0.2495911568403244,-0.1491558402776718,-1.2841358184814453,0.1704581230878830,0.1919268369674683,1.4743741750717163,0.2105520367622375,0.1942211091518402,0.0000000000000000,1.7894572019577026,0.7122611403465271,0.2097174525260925,-2.1262886524200439,-0.0200623162090778,1.7894572019577026,-0.7122611403465271,-0.2097174525260925,-2.1262886524200439,0.0823601111769676,0.0000000000000000,0.0000000000000000,0.0000000000000000,0.0000000000000000,0.0937416333110699,0.7230115678791971,0.1412375568526741,0.8251705169677681,0.0342268615961072,0.3316179275512674,-0.1087925434112542,0.0458276838064191,0.1477235436439505,0.8901271820068297,-0.4192872524261448,-0.1262185811996451,-0.7553278923034621,0.0459764569997784,-0.0997991800308221,0.0000000000000000,0.1481051325798025,-0.1470104336738577,-0.5742530345916710,0.0362834900617597,-0.0065360069274902,0.1481051325798025,0.1470104336738577,0.5742530345916710,0.0362834900617597,-0.1419636368751517,0.0000000000000000,0.0000000000000000,0.0000000000000000,-0.0952701717615128,-0.5454279184341431,-0.0252484064549208,0.8323427438735962,-0.0952701717615128,-0.5454279184341431,-0.0252484064549208,0.8323427438735962,-0.1642574816942215,-0.8576945066452026,0.1288888305425644,0.4698587954044342,-0.1081907153129578,-0.8367401957511902,0.2282938510179520,0.4858421385288239,0.0257340483367443,-0.8433131575584412,0.1484424918889999,0.5158734917640686,-0.0190814081579447,-0.6541976928710938,0.1494433581829071,0.7411666512489319,-0.0375345125794411,-0.5568556189537048,0.1459060609340668,0.8168318867683411,-0.0982913523912430,-0.5661790966987610,0.1040098369121552,0.8117647767066956,-0.0982913523912430,-0.5661790966987610,0.1040098369121552,0.8117647767066956,-0.0063645513728261,-0.9330437779426575,-0.0941201522946358,0.3471745252609253,0.0232121013104916,-0.9376690983772278,-0.0143523067235947,0.3464561402797699,-0.0667385831475258,-0.9355790019035339,0.0189098380506039,0.3462373018264771,-0.0621220804750919,-0.4599240124225616,-0.0308620799332857,0.8852447867393494,-0.0585351102054119,-0.3643546700477600,-0.0372191071510315,0.9286732673645020,0.0317829772830009,-0.3662467002868652,-0.0017166483448818,0.9299732446670532,0.0317829772830009,-0.3662467002868652,-0.0017166483448818,0.9299732446670532,-0.0952701717615128,-0.5454279184341431,-0.0252484064549208,0.8323427438735962,-0.0666722357273102,0.3113542199134827,-0.0491989888250828,0.9466745853424072,0.2675695717334747,0.2746644318103790,-0.1546656191349030,0.9105188250541687,0.2937746942043304,0.2392202913761139,-0.0604620724916458,0.9234794974327087,0.0747514441609383,-0.6728633642196655,-0.3357244729995728,0.6549474596977234,0.0829460173845291,-0.6724151968955994,-0.3406149744987488,0.6518889665603638,0.0829460173845291,-0.6724151968955994,-0.3406149744987488,0.6518889665603638,-0.0132429059594870,0.3020217120647430,-0.1307340860366821,0.9442012906074524,-0.3416079580783844,0.3286511898040771,-0.0172309670597315,0.8803383111953735,-0.3741758167743683,0.2853759229183197,-0.1068514958024025,0.8758628964424133,-0.2615146934986115,-0.6043782830238342,0.3231374919414520,0.6796463131904602,-0.2923780679702759,-0.5944973230361938,0.3441247642040253,0.6653316020965576,-0.2923780679702759,-0.5944973230361938,0.3441247642040253,0.6653316020965576,-0.0952701717615128,-0.5454279184341431,-0.0252484064549208,0.8323427438735962
-0.4499999880790710,0.0000000000000000,0.1099999994039536,-0.0952701717615128,-0.5454279184341431,-0.0252484064549208,0.8323427438735962,-1.0259484052658081,0.2343937158584595,-0.3181855380535126,0.5973007678985596,0.2495911568403244,-0.1491558402776718,-1.2841358184814453,0.1704581230878830,0.1919268369674683,1.4743741750717163,0.2105520367622375,0.1942211091518402,0.0000000000000000,1.7894572019577026,0.7122611403465271,0.2097174525260925,-2.1262886524200439,-0.0200623162090778,1.7894572019577026,-0.7122611403465271,-0.2097174525260925,-2.1262886524200439,0.0823601111769676,0.0000000000000000,0.0000000000000000,0.0000000000000000,0.0000000000000000,0.0000000000000000,0.0000000000000000,0.0000000000000000,0.0000000000000000,0.0000000000000000,0.0000000000000000,0.0000000000000000,0.0000000000000000,0.0000000000000000,0.0000000000000000,0.0000000000000000,0.0000000000000000,0.0000000000000000,0.0000000000000000,0.0000000000000000,0.0000000000000000,0.0000000000000000,0.0000000000000000,0.0000000000000000,0.0000000000000000,0.0000000000000000,0.0000000000000000,0.0000000000000000,0.0000000000000000,0.0000000000000000,0.0000000000000000,0.0000000000000000,0.0000000000000000,0.0000000000000000,-0.0952701717615128,-0.5454279184341431,-0.0252484064549208,0.8323427438735962,-0.0952701717615128,-0.5454279184341431,-0.0252484064549208,0.8323427438735962,-0.1642574816942215,-0.8576945066452026,0.1288888305425644,0.4698587954044342,-0.1081907153129578,-0.8367401957511902,0.2282938510179520,0.4858421385288239,0.0257340483367443,-0.8433131575584412,0.1484424918889999,0.5158734917640686,-0.0190814081579447,-0.6541976928710938,0.1494433581829071,0.7411666512489319,-0.0375345125794411,-0.5568556189537048,0.1459060609340668,0.8168318867683411,-0.0982913523912430,-0.5661790966987610,0.1040098369121552,0.8117647767066956,-0.0982913523912430,-0.5661790966987610,0.1040098369121552,0.8117647767066956,-0.0063645513728261,-0.9330437779426575,-0.0941201522946358,0.3471745252609253,0.0232121013104916,-0.9376690983772278,-0.0143523067235947,0.3464561402797699,-0.0667385831475258,-0.9355790019035339,0.0189098380506039,0.3462373018264771,-0.0621220804750919,-0.4599240124225616,-0.0308620799332857,0.8852447867393494,-0.0585351102054119,-0.3643546700477600,-0.0372191071510315,0.9286732673645020,0.0317829772830009,-0.3662467002868652,-0.0017166483448818,0.9299732446670532,0.0317829772830009,-0.3662467002868652,-0.0017166483448818,0.9299732446670532,-0.0952701717615128,-0.5454279184341431,-0.0252484064549208,0.8323427438735962,-0.0666722357273102,0.3113542199134827,-0.0491989888250828,0.9466745853424072,0.2675695717334747,0.2746644318103790,-0.1546656191349030,0.9105188250541687,0.2937746942043304,0.2392202913761139,-0.0604620724916458,0.9234794974327087,0.0747514441609383,-0.6728633642196655,-0.3357244729995728,0.6549474596977234,0.0829460173845291,-0.6724151968955994,-0.3406149744987488,0.6518889665603638,0.0829460173845291,-0.6724151968955994,-0.3406149744987488,0.6518889665603638,-0.0132429059594870,0.3020217120647430,-0.1307340860366821,0.9442012906074524,-0.3416079580783844,0.3286511898040771,-0.0172309670597315,0.8803383111953735,-0.3741758167743683,0.2853759229183197,-0.1068514958024025,0.8758628964424133,-0.2615146934986115,-0.6043782830238342,0.3231374919414520,0.6796463131904602,-0.2923780679702759,-0.5944973230361938,0.3441247642040253,0.6653316020965576,-0.2923780679702759,-0.5944973230361938,0.3441247642040253,0.6653316020965576,-0.0952701717615128,-0.5454279184341431,-0.0252484064549208,0.8323427438735962
-0.4499999880790710,0.0000000000000000,0.1099999994039536,-0.0952701717615128,-0.5454279184341431,-0.0252484064549208,0.8323427438735962,-1.0259484052658081,0.2343937158584595,-0.3181855380535126,0.5973007678985596,0.2495911568403244,-0.1491558402776718,-1.2841358184814453,0.1704581230878830,0.1919268369674683,1.4743741750717163,0.2105520367622375,0.1942211091518402,0.0000000000000000,1.7894572019577026,0.7122611403465271,0.2097174525260925,-2.1262886524200439,-0.0200623162090778,1.7894572019577026,-0.7122611403465271,-0.2097174525260925,-2.1262886524200439,0.0823601111769676,0.0000000000000000,0.0000000000000000,0.0000000000000000,0.0000000000000000,0.0000000000000000,0.0000000000000000,0.0000000000000000,0.0000000000000000,0.0000000000000000,0.0000000000000000,0.0000000000000000,0.0000000000000000,0.0000000000000000,0.0000000000000000,0.0000000000000000,0.0000000000000000,0.0000000000000000,0.0000000000000000,0.0000000000000000,0.0000000000000000,0.0000000000000000,0.0000000000000000,0.0000000000000000,0.0000000000000000,0.0000000000000000,0.0000000000000000,0.0000000000000000,0.0000000000000000,0.0000000000000000,0.0000000000000000,0.0000000000000000,0.0000000000000000,0.0000000000000000,-0.0952701717615128,-0.5454279184341431,-0.0252484064549208,0.8323427438735962,-0.0952701717615128,-0.5454279184341431,-0.0252484064549208,0.8323427438735962,-0.1642574816942215,-0.8576945066452026,0.1288888305425644,0.4698587954044342,-0.1081907153129578,-0.8367401957511902,0.2282938510179520,0.4858421385288239,0.0257340483367443,-0.8433131575584412,0.1484424918889999,0.5158734917640686,-0.0190814081579447,-0.6541976928710938,0.1494433581829071,0.7411666512489319,-0.0375345125794411,-0.5568556189537048,0.1459060609340668,0.8168318867683411,-0.0982913523912430,-0.5661790966987610,0.1040098369121552,0.8117647767066956,-0.0982913523912430,-0.5661790966987610,0.1040098369121552,0.8117647767066956,-0.0063645513728261,-0.9330437779426575,-0.0941201522946358,0.3471745252609253,0.0232121013104916,-0.9376690983772278,-0.0143523067235947,0.3464561402797699,-0.0667385831475258,-0.9355790019035339,0.0189098380506039,0.3462373018264771,-0.0621220804750919,-0.4599240124225616,-0.0308620799332857,0.8852447867393494,-0.0585351102054119,-0.3643546700477600,-0.0372191071510315,0.9286732673645020,0.0317829772830009,-0.3662467002868652,-0.0017166483448818,0.9299732446670532,0.0317829772830009,-0.3662467002868652,-0.0017166483448818,0.9299732446670532,-0.0952701717615128,-0.5454279184341431,-0.0252484064549208,0.8323427438735962,-0.0666722357273102,0.3113542199134827,-0.0491989888250828,0.9466745853424072,0.2675695717334747,0.2746644318103790,-0.1546656191349030,0.9105188250541687,0.2937746942043304,0.2392202913761139,-0.0604620724916458,0.9234794974327087,0.0747514441609383,-0.6728633642196655,-0.3357244729995728,0.6549474596977234,0.0829460173845291,-0.6724151968955994,-0.3406149744987488,0.6518889665603638,0.0829460173845291,-0.6724151968955994,-0.3406149744987488,0.6518889665603638,-0.0132429059594870,0.3020217120647430,-0.1307340860366821,0.9442012906074524,-0.3416079580783844,0.3286511898040771,-0.0172309670597315,0.8803383111953735,-0.3741758167743683,0.2853759229183197,-0.1068514958024025,0.8758628964424133,-0.2615146934986115,-0.6043782830238342,0.3231374919414520,0.6796463131904602,-0.2923780679702759,-0.5944973230361938,0.3441247642040253,0.6653316020965576,-0.2923780679702759,-0.5944973230361938,0.3441247642040253,0.6653316020965576,-0.0952701717615128,-0.5454279184341431,-0.0252484064549208,0.8323427438735962
-0.4499999880790710,0.0000000000000000,0.1099999994039536,-0.0952701717615128,-0.5454279184341431,-0.0252484064549208,0.8323427438735962,-1.0259484052658081,0.2343937158584595,-0.3181855380535126,0.5973007678985596,0.2495911568403244,-0.1491558402776718,-1.2841358184814453,0.1704581230878830,0.1919268369674683,1.4743741750717163,0.2105520367622375,0.1942211091518402,0.0000000000000000,1.7894572019577026,0.7122611403465271,0.2097174525260925,-2.1262886524200439,-0.0200623162090778,1.7894572019577026,-0.7122611403465271,-0.2097174525260925,-2.1262886524200439,0.0823601111769676,0.0000000000000000,0.0000000000000000,0.0000000000000000,0.0000000000000000,0.0000000000000000,0.0000000000000000,0.0000000000000000,0.0000000000000000,0.0000000000000000,0.0000000000000000,0.0000000000000000,0.0000000000000000,0.0000000000000000,0.0000000000000000,0.0000000000000000,0.0000000000000000,0.0000000000000000,0.0000000000000000,0.0000000000000000,0.0000000000000000,0.0000000000000000,0.0000000000000000,0.0000000000000000,0.0000000000000000,0.0000000000000000,0.0000000000000000,0.0000000000000000,0.0000000000000000,0.0000000000000000,0.0000000000000000,0.0000000000000000,0.0000000000000000,0.0000000000000000,-0.0952701717615128,-0.5454279184341431,-0.0252484064549208,0.8323427438735962,-0.0952701717615128,-0.5454279184341431,-0.0252484064549208,0.8323427438735962,-0.1642574816942215,-0.8576945066452026,0.1288888305425644,0.4698587954044342,-0.1081907153129578,-0.8367401957511902,0.2282938510179520,0.4858421385288239,0.0257340483367443,-0.8433131575584412,0.1484424918889999,0.5158734917640686,-0.0190814081579447,-0.6541976928710938,0.1494433581829071,0.7411666512489319,-0.0375345125794411,-0.5568556189537048,0.1459060609340668,0.8168318867683411,-0.0982913523912430,-0.5661790966987610,0.1040098369121552,0.8117647767066956,-0.0982913523912430,-0.5661790966987610,0.1040098369121552,0.8117647767066956,-0.0063645513728261,-0.9330437779426575,-0.0941201522946358,0.3471745252609253,0.0232121013104916,-0.9376690983772278,-0.0143523067235947,0.3464561402797699,-0.0667385831475258,-0.9355790019035339,0.0189098380506039,0.3462373018264771,-0.0621220804750919,-0.4599240124225616,-0.0308620799332857,0.8852447867393494,-0.0585351102054119,-0.3643546700477600,-0.0372191071510315,0.9286732673645020,0.0317829772830009,-0.3662467002868652,-0.0017166483448818,0.9299732446670532,0.0317829772830009,-0.3662467002868652,-0.0017166483448818,0.9299732446670532,-0.0952701717615128,-0.5454279184341431,-0.0252484064549208,0.8323427438735962,-0.0666722357273102,0.3113542199134827,-0.0491989888250828,0.9466745853424072,0.2675695717334747,0.2746644318103790,-0.1546656191349030,0.9105188250541687,0.2937746942043304,0.2392202913761139,-0.0604620724916458,0.9234794974327087,0.0747514441609383,-0.6728633642196655,-0.3357244729995728,0.6549474596977234,0.0829460173845291,-0.6724151968955994,-0.3406149744987488,0.6518889665603638,0.0829460173845291,-0.6724151968955994,-0.3406149744987488,0.6518889665603638,-0.0132429059594870,0.3020217120647430,-0.1307340860366821,0.9442012906074524,-0.3416079580783844,0.3286511898040771,-0.0172309670597315,0.8803383111953735,-0.3741758167743683,0.2853759229183197,-0.1068514958024025,0.8758628964424133,-0.2615146934986115,-0.6043782830238342,0.3231374919414520,0.6796463131904602,-0.2923780679702759,-0.5944973230361938,0.3441247642040253,0.6653316020965576,-0.2923780679702759,-0.5944973230361938,0.3441247642040253,0.6653316020965576,-0.0952701717615128,-0.5454279184341431,-0.0252484064549208,0.8323427438735962
-0.4499999880790710,0.0000000000000000,0.1099999994039536,-0.0952701717615128,-0.5454279184341431,-0.0252484064549208,0.8323427438735962,-1.0259484052658081,0.2343937158584595,-0.3181855380535126,0.5973007678985596,0.2495911568403244,-0.1491558402776718,-1.2841358184814453,0.1704581230878830,0.1919268369674683,1.4743741750717163,0.2105520367622375,0.1942211091518402,0.0000000000000000,1.7894572019577026,0.7122611403465271,0.2097174525260925,-2.1262886524200439,-0.0200623162090778,1.7894572019577026,-0.7122611403465271,-0.2097174525260925,-2.1262886524200439,0.0823601111769676,0.0000000000000000,0.0000000000000000,0.0000000000000000,0.0000000000000000,0.0000000000000000,0.0000000000000000,0.0000000000000000,0.0000000000000000,0.0000000000000000,0.0000000000000000,0.0000000000000000,0.0000000000000000,0.0000000000000000,0.0000000000000000,0.0000000000000000,0.0000000000000000,0.0000000000000000,0.0000000000000000,0.0000000000000000,0.0000000000000000,0.0000000000000000,0.0000000000000000,0.0000000000000000,0.0000000000000000,0.0000000000000000,0.0000000000000000,0.0000000000000000,0.0000000000000000,0.0000000000000000,0.0000000000000000,0.0000000000000000,0.0000000000000000,0.0000000000000000,-0.0952701717615128,-0.5454279184341431,-0.0252484064549208,0.8323427438735962,-0.0952701717615128,-0.5454279184341431,-0.0252484064549208,0.8323427438735962,-0.1642574816942215,-0.8576945066452026,0.1288888305425644,0.4698587954044342,-0.1081907153129578,-0.8367401957511902,0.2282938510179520,0.4858421385288239,0.0257340483367443,-0.8433131575584412,0.1484424918889999,0.5158734917640686,-0.0190814081579447,-0.6541976928710938,0.1494433581829071,0.7411666512489319,-0.0375345125794411,-0.5568556189537048,0.1459060609340668,0.8168318867683411,-0.0982913523912430,-0.5661790966987610,0.1040098369121552,0.8117647767066956,-0.0982913523912430,-0.5661790966987610,0.1040098369121552,0.8117647767066956,-0.0063645513728261,-0.9330437779426575,-0.0941201522946358,0.3471745252609253,0.0232121013104916,-0.9376690983772278,-0.0143523067235947,0.3464561402797699,-0.0667385831475258,-0.9355790019035339,0.0189098380506039,0.3462373018264771,-0.0621220804750919,-0.4599240124225616,-0.0308620799332857,0.8852447867393494,-0.0585351102054119,-0.3643546700477600,-0.0372191071510315,0.9286732673645020,0.0317829772830009,-0.3662467002868652,-0.0017166483448818,0.9299732446670532,0.0317829772830009,-0.3662467002868652,-0.0017166483448818,0.9299732446670532,-0.0952701717615128,-0.5454279184341431,-0.0252484064549208,0.8323427438735962,-0.0666722357273102,0.3113542199134827,-0.0491989888250828,0.9466745853424072,0.2675695717334747,0.2746644318103790,-0.1546656191349030,0.9105188250541687,0.2937746942043304,0.2392202913761139,-0.0604620724916458,0.9234794974327087,0.0747514441609383,-0.6728633642196655,-0.3357244729995728,0.6549474596977234,0.0829460173845291,-0.6724151968955994,-0.3406149744987488,0.6518889665603638,0.0829460173845291,-0.6724151968955994,-0.3406149744987488,0.6518889665603638,-0.0132429059594870,0.3020217120647430,-0.1307340860366821,0.9442012906074524,-0.3416079580783844,0.3286511898040771,-0.0172309670597315,0.8803383111953735,-0.3741758167743683,0.2853759229183197,-0.1068514958024025,0.8758628964424133,-0.2615146934986115,-0.6043782830238342,0.3231374919414520,0.6796463131904602,-0.2923780679702759,-0.5944973230361938,0.3441247642040253,0.6653316020965576,-0.2923780679702759,-0.5944973230361938,0.3441247642040253,0.6653316020965576,-0.0952701717615128,-0.5454279184341431,-0.0252484064549208,0.8323427438735962
-0.4499999880790710,0.0000000000000000,0.1099999994039536,-0.0952701717615128,-0.5454279184341431,-0.0252484064549208,0.8323427438735962,-1.0259484052658081,0.2343937158584595,-0.3181855380535126,0.5973007678985596,0.2495911568403244,-0.1491558402776718,-1.2841358184814453,0.1704581230878830,0.1919268369674683,1.4743741750717163,0.2105520367622375,0.1942211091518402,0.0000000000000000,1.7894572019577026,0.7122611403465271,0.2097174525260925,-2.1262886524200439,-0.0200623162090778,1.7894572019577026,-0.7122611403465271,-0.2097174525260925,-2.1262886524200439,0.0823601111769676,0.0000000000000000,0.0000000000000000,0.0000000000000000,0.0000000000000000,0.0000000000000000,0.0000000000000000,0.0000000000000000,0.0000000000000000,0.0000000000000000,0.0000000000000000,0.0000000000000000,0.0000000000000000,0.0000000000000000,0.0000000000000000,0.0000000000000000,0.0000000000000000,0.0000000000000000,0.0000000000000000,0.0000000000000000,0.0000000000000000,0.0000000000000000,0.0000000000000000,0.0000000000000000,0.0000000000000000,0.0000000000000000,0.0000000000000000,0.0000000000000000,0.0000000000000000,0.0000000000000000,0.0000000000000000,0.0000000000000000,0.0000000000000000,0.0000000000000000,-0.0952701717615128,-0.5454279184341431,-0.0252484064549208,0.8323427438735962,-0.0952701717615128,-0.5454279184341431,-0.0252484064549208,0.8323427438735962,-0.1642574816942215,-0.8576945066452026,0.1288888305425644,0.4698587954044342,-0.1081907153129578,-0.8367401957511902,0.2282938510179520,0.4858421385288239,0.0257340483367443,-0.8433131575584412,0.1484424918889999,0.5158734917640686,-0.0190814081579447,-0.6541976928710938,0.1494433581829071,0.7411666512489319,-0.0375345125794411,-0.5568556189537048,0.1459060609340668,0.8168318867683411,-0.0982913523912430,-0.5661790966987610,0.1040098369121552,0.8117647767066956,-0.0982913523912430,-0.5661790966987610,0.1040098369121552,0.8117647767066956,-0.0063645513728261,-0.9330437779426575,-0.0941201522946358,0.3471745252609253,0.0232121013104916,-0.9376690983772278,-0.0143523067235947,0.3464561402797699,-0.0667385831475258,-0.9355790019035339,0.0189098380506039,0.3462373018264771,-0.0621220804750919,-0.4599240124225616,-0.0308620799332857,0.8852447867393494,-0.0585351102054119,-0.3643546700477600,-0.0372191071510315,0.9286732673645020,0.0317829772830009,-0.3662467002868652,-0.0017166483448818,0.9299732446670532,0.0317829772830009,-0.3662467002868652,-0.0017166483448818,0.9299732446670532,-0.0952701717615128,-0.5454279184341431,-0.0252484064549208,0.8323427438735962,-0.0666722357273102,0.3113542199134827,-0.0491989888250828,0.9466745853424072,0.2675695717334747,0.2746644318103790,-0.1546656191349030,0.9105188250541687,0.2937746942043304,0.2392202913761139,-0.0604620724916458,0.9234794974327087,0.0747514441609383,-0.6728633642196655,-0.3357244729995728,0.6549474596977234,0.0829460173845291,-0.6724151968955994,-0.3406149744987488,0.6518889665603638,0.0829460173845291,-0.6724151968955994,-0.3406149744987488,0.6518889665603638,-0.0132429059594870,0.3020217120647430,-0.1307340860366821,0.9442012906074524,-0.3416079580783844,0.3286511898040771,-0.0172309670597315,0.8803383111953735,-0.3741758167743683,0.2853759229183197,-0.1068514958024025,0.8758628964424133,-0.2615146934986115,-0.6043782830238342,0.3231374919414520,0.6796463131904602,-0.2923780679702759,-0.5944973230361938,0.3441247642040253,0.6653316020965576,-0.2923780679702759,-0.5944973230361938,0.3441247642040253,0.6653316020965576,-0.0952701717615128,-0.5454279184341431,-0.0252484064549208,0.8323427438735962
-0.4499999880790710,0.0000000000000000,0.1099999994039536,-0.0952701717615128,-0.5454279184341431,-0.0252484064549208,0.8323427438735962,-1.0259484052658081,0.2343937158584595,-0.3181855380535126,0.5973007678985596,0.2495911568403244,-0.1491558402776718,-1.2841358184814453,0.1704581230878830,0.1919268369674683,1.4743741750717163,0.2105520367622375,0.1942211091518402,0.0000000000000000,1.7894572019577026,0.7122611403465271,0.2097174525260925,-2.1262886524200439,-0.0200623162090778,1.7894572019577026,-0.7122611403465271,-0.2097174525260925,-2.1262886524200439,0.0823601111769676,0.0000000000000000,0.0000000000000000,0.0000000000000000,0.0000000000000000,0.0000000000000000,0.0000000000000000,0.0000000000000000,0.0000000000000000,0.0000000000000000,0.0000000000000000,0.0000000000000000,0.0000000000000000,0.0000000000000000,0.0000000000000000,0.0000000000000000,0.0000000000000000,0.0000000000000000,0.0000000000000000,0.0000000000000000,0.0000000000000000,0.0000000000000000,0.0000000000000000,0.0000000000000000,0.0000000000000000,0.0000000000000000,0.0000000000000000,0.0000000000000000,0.0000000000000000,0.0000000000000000,0.0000000000000000,0.0000000000000000,0.0000000000000000,0.0000000000000000,-0.0952701717615128,-0.5454279184341431,-0.0252484064549208,0.8323427438735962,-0.0952701717615128,-0.5454279184341431,-0.0252484064549208,0.8323427438735962,-0.1642574816942215,-0.8576945066452026,0.1288888305425644,0.4698587954044342,-0.1081907153129578,-0.8367401957511902,0.2282938510179520,0.4858421385288239,0.0257340483367443,-0.8433131575584412,0.1484424918889999,0.5158734917640686,-0.0190814081579447,-0.6541976928710938,0.1494433581829071,0.7411666512489319,-0.0375345125794411,-0.5568556189537048,0.1459060609340668,0.8168318867683411,-0.0982913523912430,-0.5661790966987610,0.1040098369121552,0.8117647767066956,-0.0982913523912430,-0.5661790966987610,0.1040098369121552,0.8117647767066956,-0.0063645513728261,-0.9330437779426575,-0.0941201522946358,0.3471745252609253,0.0232121013104916,-0.9376690983772278,-0.0143523067235947,0.3464561402797699,-0.0667385831475258,-0.9355790019035339,0.0189098380506039,0.3462373018264771,-0.0621220804750919,-0.4599240124225616,-0.0308620799332857,0.8852447867393494,-0.0585351102054119,-0.3643546700477600,-0.0372191071510315,0.9286732673645020,0.0317829772830009,-0.3662467002868652,-0.0017166483448818,0.9299732446670532,0.0317829772830009,-0.3662467002868652,-0.0017166483448818,0.9299732446670532,-0.0952701717615128,-0.5454279184341431,-0.0252484064549208,0.8323427438735962,-0.0666722357273102,0.3113542199134827,-0.0491989888250828,0.9466745853424072,0.2675695717334747,0.2746644318103790,-0.1546656191349030,0.9105188250541687,0.2937746942043304,0.2392202913761139,-0.0604620724916458,0.9234794974327087,0.0747514441609383,-0.6728633642196655,-0.3357244729995728,0.6549474596977234,0.0829460173845291,-0.6724151968955994,-0.3406149744987488,0.6518889665603638,0.0829460173845291,-0.6724151968955994,-0.3406149744987488,0.6518889665603638,-0.0132429059594870,0.3020217120647430,-0.1307340860366821,0.9442012906074524,-0.3416079580783844,0.3286511898040771,-0.0172309670597315,0.8803383111953735,-0.3741758167743683,0.2853759229183197,-0.1068514958024025,0.8758628964424133,-0.2615146934986115,-0.6043782830238342,0.3231374919414520,0.6796463131904602,-0.2923780679702759,-0.5944973230361938,0.3441247642040253,0.6653316020965576,-0.2923780679702759,-0.5944973230361938,0.3441247642040253,0.6653316020965576,-0.0952701717615128,-0.5454279184341431,-0.0252484064549208,0.8323427438735962
-0.4499999880790710,0.0000000000000000,0.1099999994039536,-0.0952701717615128,-0.5454279184341431,-0.0252484064549208,0.8323427438735962,-1.0259484052658081,0.2343937158584595,-0.3181855380535126,0.5973007678985596,0.2495911568403244,-0.1491558402776718,-1.2841358184814453,0.1704581230878830,0.1919268369674683,1.4743741750717163,0.2105520367622375,0.1942211091518402,0.0000000000000000,1.7894572019577026,0.7122611403465271,0.2097174525260925,-2.1262886524200439,-0.0200623162090778,1.7894572019577026,-0.7122611403465271,-0.2097174525260925,-2.1262886524200439,0.0823601111769676,0.0000000000000000,0.0000000000000000,0.0000000000000000,0.0000000000000000,0.0000000000000000,0.0000000000000000,0.0000000000000000,0.0000000000000000,0.0000000000000000,0.0000000000000000,0.0000000000000000,0.0000000000000000,0.0000000000000000,0.0000000000000000,0.0000000000000000,0.0000000000000000,0.0000000000000000,0.0000000000000000,0.0000000000000000,0.0000000000000000,0.0000000000000000,0.0000000000000000,0.0000000000000000,0.0000000000000000,0.0000000000000000,0.0000000000000000,0.0000000000000000,0.0000000000000000,0.0000000000000000,0.0000000000000000,0.0000000000000000,0.0000000000000000,0.0000000000000000,-0.0952701717615128,-0.5454279184341431,-0.0252484064549208,0.8323427438735962,-0.0952701717615128,-0.5454279184341431,-0.0252484064549208,0.8323427438735962,-0.1642574816942215,-0.8576945066452026,0.1288888305425644,0.4698587954044342,-0.1081907153129578,-0.8367401957511902,0.2282938510179520,0.4858421385288239,0.0257340483367443,-0.8433131575584412,0.1484424918889999,0.5158734917640686,-0.0190814081579447,-0.6541976928710938,0.1494433581829071,0.7411666512489319,-0.0375345125794411,-0.5568556189537048,0.1459060609340668,0.8168318867683411,-0.0982913523912430,-0.5661790966987610,0.1040098369121552,0.8117647767066956,-0.0982913523912430,-0.5661790966987610,0.1040098369121552,0.8117647767066956,-0.0063645513728261,-0.9330437779426575,-0.0941201522946358,0.3471745252609253,0.0232121013104916,-0.9376690983772278,-0.0143523067235947,0.3464561402797699,-0.0667385831475258,-0.9355790019035339,0.0189098380506039,0.3462373018264771,-0.0621220804750919,-0.4599240124225616,-0.0308620799332857,0.8852447867393494,-0.0585351102054119,-0.3643546700477600,-0.0372191071510315,0.9286732673645020,0.0317829772830009,-0.3662467002868652,-0.0017166483448818,0.9299732446670532,0.0317829772830009,-0.3662467002868652,-0.0017166483448818,0.9299732446670532,-0.0952701717615128,-0.5454279184341431,-0.0252484064549208,0.8323427438735962,-0.0666722357273102,0.3113542199134827,-0.0491989888250828,0.9466745853424072,0.2675695717334747,0.2746644318103790,-0.1546656191349030,0.9105188250541687,0.2937746942043304,0.2392202913761139,-0.0604620724916458,0.9234794974327087,0.0747514441609383,-0.6728633642196655,-0.3357244729995728,0.6549474596977234,0.0829460173845291,-0.6724151968955994,-0.3406149744987488,0.6518889665603638,0.0829460173845291,-0.6724151968955994,-0.3406149744987488,0.6518889665603638,-0.0132429059594870,0.3020217120647430,-0.1307340860366821,0.9442012906074524,-0.3416079580783844,0.3286511898040771,-0.0172309670597315,0.8803383111953735,-0.3741758167743683,0.2853759229183197,-0.1068514958024025,0.8758628964424133,-0.2615146934986115,-0.6043782830238342,0.3231374919414520,0.6796463131904602,-0.2923780679702759,-0.5944973230361938,0.3441247642040253,0.6653316020965576,-0.2923780679702759,-0.5944973230361938,0.3441247642040253,0.6653316020965576,-0.0952701717615128,-0.5454279184341431,-0.0252484064549208,0.8323427438735962
-0.4499999880790710,0.0000000000000000,0.1099999994039536,-0.0952701717615128,-0.5454279184341431,-0.0252484064549208,0.8323427438735962,-1.0259484052658081,0.2343937158584595,-0.3181855380535126,0.5973007678985596,0.2495911568403244,-0.1491558402776718,-1.2841358184814453,0.1704581230878830,0.1919268369674683,1.4743741750717163,0.2105520367622375,0.1942211091518402,0.0000000000000000,1.7894572019577026,0.7122611403465271,0.2097174525260925,-2.1262886524200439,-0.0200623162090778,1.7894572019577026,-0.7122611403465271,-0.2097174525260925,-2.1262886524200439,0.0823601111769676,0.0000000000000000,0.0000000000000000,0.0000000000000000,0.0000000000000000,0.0000000000000000,0.0000000000000000,0.0000000000000000,0.0000000000000000,0.0000000000000000,0.0000000000000000,0.0000000000000000,0.0000000000000000,0.0000000000000000,0.0000000000000000,0.0000000000000000,0.0000000000000000,0.0000000000000000,0.0000000000000000,0.0000000000000000,0.0000000000000000,0.0000000000000000,0.0000000000000000,0.0000000000000000,0.0000000000000000,0.0000000000000000,0.0000000000000000,0.0000000000000000,0.0000000000000000,0.0000000000000000,0.0000000000000000,0.0000000000000000,0.0000000000000000,0.0000000000000000,-0.0952701717615128,-0.5454279184341431,-0.0252484064549208,0.8323427438735962,-0.0952701717615128,-0.5454279184341431,-0.0252484064549208,0.8323427438735962,-0.1642574816942215,-0.8576945066452026,0.1288888305425644,0.4698587954044342,-0.1081907153129578,-0.8367401957511902,0.2282938510179520,0.4858421385288239,0.0257340483367443,-0.8433131575584412,0.1484424918889999,0.5158734917640686,-0.0190814081579447,-0.6541976928710938,0.1494433581829071,0.7411666512489319,-0.0375345125794411,-0.5568556189537048,0.1459060609340668,0.8168318867683411,-0.0982913523912430,-0.5661790966987610,0.1040098369121552,0.8117647767066956,-0.0982913523912430,-0.5661790966987610,0.1040098369121552,0.8117647767066956,-0.0063645513728261,-0.9330437779426575,-0.0941201522946358,0.3471745252609253,0.0232121013104916,-0.9376690983772278,-0.0143523067235947,0.3464561402797699,-0.0667385831475258,-0.9355790019035339,0.0189098380506039,0.3462373018264771,-0.0621220804750919,-0.4599240124225616,-0.0308620799332857,0.8852447867393494,-0.0585351102054119,-0.3643546700477600,-0.0372191071510315,0.9286732673645020,0.0317829772830009,-0.3662467002868652,-0.0017166483448818,0.9299732446670532,0.0317829772830009,-0.3662467002868652,-0.0017166483448818,0.9299732446670532,-0.0952701717615128,-0.5454279184341431,-0.0252484064549208,0.8323427438735962,-0.0666722357273102,0.3113542199134827,-0.0491989888250828,0.9466745853424072,0.2675695717334747,0.2746644318103790,-0.1546656191349030,0.9105188250541687,0.2937746942043304,0.2392202913761139,-0.0604620724916458,0.9234794974327087,0.0747514441609383,-0.6728633642196655,-0.3357244729995728,0.6549474596977234,0.0829460173845291,-0.6724151968955994,-0.3406149744987488,0.6518889665603638,0.0829460173845291,-0.6724151968955994,-0.3406149744987488,0.6518889665603638,-0.0132429059594870,0.3020217120647430,-0.1307340860366821,0.9442012906074524,-0.3416079580783844,0.3286511898040771,-0.0172309670597315,0.8803383111953735,-0.3741758167743683,0.2853759229183197,-0.1068514958024025,0.8758628964424133,-0.2615146934986115,-0.6043782830238342,0.3231374919414520,0.6796463131904602,-0.2923780679702759,-0.5944973230361938,0.3441247642040253,0.6653316020965576,-0.2923780679702759,-0.5944973230361938,0.3441247642040253,0.6653316020965576,-0.0952701717615128,-0.5454279184341431,-0.0252484064549208,0.8323427438735962
-0.4499999880790710,0.0000000000000000,0.1099999994039536,-0.0952701717615128,-0.5454279184341431,-0.0252484064549208,0.8323427438735962,-1.0259484052658081,0.2343937158584595,-0.3181855380535126,0.5973007678985596,0.2495911568403244,-0.1491558402776718,-1.2841358184814453,0.1704581230878830,0.1919268369674683,1.4743741750717163,0.2105520367622375,0.1942211091518402,0.0000000000000000,1.7894572019577026,0.7122611403465271,0.2097174525260925,-2.1262886524200439,-0.0200623162090778,1.7894572019577026,-0.7122611403465271,-0.2097174525260925,-2.1262886524200439,0.0823601111769676,0.0000000000000000,0.0000000000000000,0.0000000000000000,0.0000000000000000,0.0000000000000000,0.0000000000000000,0.0000000000000000,0.0000000000000000,0.0000000000000000,0.0000000000000000,0.0000000000000000,0.0000000000000000,0.0000000000000000,0.0000000000000000,0.0000000000000000,0.0000000000000000,0.0000000000000000,0.0000000000000000,0.0000000000000000,0.0000000000000000,0.0000000000000000,0.0000000000000000,0.0000000000000000,0.0000000000000000,0.0000000000000000,0.0000000000000000,0.0000000000000000,0.0000000000000000,0.0000000000000000,0.0000000000000000,0.0000000000000000,0.0000000000000000,0.0000000000000000,-0.0952701717615128,-0.5454279184341431,-0.0252484064549208,0.8323427438735962,-0.0952701717615128,-0.5454279184341431,-0.0252484064549208,0.8323427438735962,-0.1642574816942215,-0.8576945066452026,0.1288888305425644,0.4698587954044342,-0.1081907153129578,-0.8367401957511902,0.2282938510179520,0.4858421385288239,0.0257340483367443,-0.8433131575584412,0.1484424918889999,0.5158734917640686,-0.0190814081579447,-0.6541976928710938,0.1494433581829071,0.7411666512489319,-0.0375345125794411,-0.5568556189537048,0.1459060609340668,0.8168318867683411,-0.0982913523912430,-0.5661790966987610,0.1040098369121552,0.8117647767066956,-0.0982913523912430,-0.5661790966987610,0.1040098369121552,0.8117647767066956,-0.0063645513728261,-0.9330437779426575,-0.0941201522946358,0.3471745252609253,0.0232121013104916,-0.9376690983772278,-0.0143523067235947,0.3464561402797699,-0.0667385831475258,-0.9355790019035339,0.0189098380506039,0.3462373018264771,-0.0621220804750919,-0.4599240124225616,-0.0308620799332857,0.8852447867393494,-0.0585351102054119,-0.3643546700477600,-0.0372191071510315,0.9286732673645020,0.0317829772830009,-0.3662467002868652,-0.0017166483448818,0.9299732446670532,0.0317829772830009,-0.3662467002868652,-0.0017166483448818,0.9299732446670532,-0.0952701717615128,-0.5454279184341431,-0.0252484064549208,0.8323427438735962,-0.0666722357273102,0.3113542199134827,-0.0491989888250828,0.9466745853424072,0.2675695717334747,0.2746644318103790,-0.1546656191349030,0.9105188250541687,0.2937746942043304,0.2392202913761139,-0.0604620724916458,0.9234794974327087,0.0747514441609383,-0.6728633642196655,-0.3357244729995728,0.6549474596977234,0.0829460173845291,-0.6724151968955994,-0.3406149744987488,0.6518889665603638,0.0829460173845291,-0.6724151968955994,-0.3406149744987488,0.6518889665603638,-0.0132429059594870,0.3020217120647430,-0.1307340860366821,0.9442012906074524,-0.3416079580783844,0.3286511898040771,-0.0172309670597315,0.8803383111953735,-0.3741758167743683,0.2853759229183197,-0.1068514958024025,0.8758628964424133,-0.2615146934986115,-0.6043782830238342,0.3231374919414520,0.6796463131904602,-0.2923780679702759,-0.5944973230361938,0.3441247642040253,0.6653316020965576,-0.2923780679702759,-0.5944973230361938,0.3441247642040253,0.6653316020965576,-0.0952701717615128,-0.5454279184341431,-0.0252484064549208,0.8323427438735962
-0.4499999880790710,0.0000000000000000,0.1099999994039536,-0.0952701717615128,-0.5454279184341431,-0.0252484064549208,0.8323427438735962,-1.0259484052658081,0.2343937158584595,-0.3181855380535126,0.5973007678985596,0.2495911568403244,-0.1491558402776718,-1.2841358184814453,0.1704581230878830,0.1919268369674683,1.4743741750717163,0.2105520367622375,0.1942211091518402,0.0000000000000000,1.7894572019577026,0.7122611403465271,0.2097174525260925,-2.1262886524200439,-0.0200623162090778,1.7894572019577026,-0.7122611403465271,-0.2097174525260925,-2.1262886524200439,0.0823601111769676,0.0000000000000000,0.0000000000000000,0.0000000000000000,0.0000000000000000,0.0000000000000000,0.0000000000000000,0.0000000000000000,0.0000000000000000,0.0000000000000000,0.0000000000000000,0.0000000000000000,0.0000000000000000,0.0000000000000000,0.0000000000000000,0.0000000000000000,0.0000000000000000,0.0000000000000000,0.0000000000000000,0.0000000000000000,0.0000000000000000,0.0000000000000000,0.0000000000000000,0.0000000000000000,0.0000000000000000,0.0000000000000000,0.0000000000000000,0.0000000000000000,0.0000000000000000,0.0000000000000000,0.0000000000000000,0.0000000000000000,0.0000000000000000,0.0000000000000000,-0.0952701717615128,-0.5454279184341431,-0.0252484064549208,0.8323427438735962,-0.0952701717615128,-0.5454279184341431,-0.0252484064549208,0.8323427438735962,-0.1642574816942215,-0.8576945066452026,0.1288888305425644,0.4698587954044342,-0.1081907153129578,-0.8367401957511902,0.2282938510179520,0.4858421385288239,0.0257340483367443,-0.8433131575584412,0.1484424918889999,0.5158734917640686,-0.0190814081579447,-0.6541976928710938,0.1494433581829071,0.7411666512489319,-0.0375345125794411,-0.5568556189537048,0.1459060609340668,0.8168318867683411,-0.0982913523912430,-0.5661790966987610,0.1040098369121552,0.8117647767066956,-0.0982913523912430,-0.5661790966987610,0.1040098369121552,0.8117647767066956,-0.0063645513728261,-0.9330437779426575,-0.0941201522946358,0.3471745252609253,0.0232121013104916,-0.9376690983772278,-0.0143523067235947,0.3464561402797699,-0.0667385831475258,-0.9355790019035339,0.0189098380506039,0.3462373018264771,-0.0621220804750919,-0.4599240124225616,-0.0308620799332857,0.8852447867393494,-0.0585351102054119,-0.3643546700477600,-0.0372191071510315,0.9286732673645020,0.0317829772830009,-0.3662467002868652,-0.0017166483448818,0.9299732446670532,0.0317829772830009,-0.3662467002868652,-0.0017166483448818,0.9299732446670532,-0.0952701717615128,-0.5454279184341431,-0.0252484064549208,0.8323427438735962,-0.0666722357273102,0.3113542199134827,-0.0491989888250828,0.9466745853424072,0.2675695717334747,0.2746644318103790,-0.1546656191349030,0.9105188250541687,0.2937746942043304,0.2392202913761139,-0.0604620724916458,0.9234794974327087,0.0747514441609383,-0.6728633642196655,-0.3357244729995728,0.6549474596977234,0.0829460173845291,-0.6724151968955994,-0.3406149744987488,0.6518889665603638,0.0829460173845291,-0.6724151968955994,-0.3406149744987488,0.6518889665603638,-0.0132429059594870,0.3020217120647430,-0.1307340860366821,0.9442012906074524,-0.3416079580783844,0.3286511898040771,-0.0172309670597315,0.8803383111953735,-0.3741758167743683,0.2853759229183197,-0.1068514958024025,0.8758628964424133,-0.2615146934986115,-0.6043782830238342,0.3231374919414520,0.6796463131904602,-0.2923780679702759,-0.5944973230361938,0.3441247642040253,0.6653316020965576,-0.2923780679702759,-0.5944973230361938,0.3441247642040253,0.6653316020965576,-0.0952701717615128,-0.5454279184341431,-0.0252484064549208,0.8323427438735962
-0.4499999880790710,0.0000000000000000,0.1099999994039536,-0.0952701717615128,-0.5454279184341431,-0.0252484064549208,0.8323427438735962,-1.0259484052658081,0.2343937158584595,-0.3181855380535126,0.5973007678985596,0.2495911568403244,-0.1491558402776718,-1.2841358184814453,0.1704581230878830,0.1919268369674683,1.4743741750717163,0.2105520367622375,0.1942211091518402,0.0000000000000000,1.7894572019577026,0.7122611403465271,0.2097174525260925,-2.1262886524200439,-0.0200623162090778,1.7894572019577026,-0.7122611403465271,-0.2097174525260925,-2.1262886524200439,0.0823601111769676,0.0000000000000000,0.0000000000000000,0.0000000000000000,0.0000000000000000,0.0000000000000000,0.0000000000000000,0.0000000000000000,0.0000000000000000,0.0000000000000000,0.0000000000000000,0.0000000000000000,0.0000000000000000,0.0000000000000000,0.0000000000000000,0.0000000000000000,0.0000000000000000,0.0000000000000000,0.0000000000000000,0.0000000000000000,0.0000000000000000,0.0000000000000000,0.0000000000000000,0.0000000000000000,0.0000000000000000,0.0000000000000000,0.0000000000000000,0.0000000000000000,0.0000000000000000,0.0000000000000000,0.0000000000000000,0.0000000000000000,0.0000000000000000,0.0000000000000000,-0.0952701717615128,-0.5454279184341431,-0.0252484064549208,0.8323427438735962,-0.0952701717615128,-0.5454279184341431,-0.0252484064549208,0.8323427438735962,-0.1642574816942215,-0.8576945066452026,0.1288888305425644,0.4698587954044342,-0.1081907153129578,-0.8367401957511902,0.2282938510179520,0.4858421385288239,0.0257340483367443,-0.8433131575584412,0.1484424918889999,0.5158734917640686,-0.0190814081579447,-0.6541976928710938,0.1494433581829071,0.7411666512489319,-0.0375345125794411,-0.5568556189537048,0.1459060609340668,0.8168318867683411,-0.0982913523912430,-0.5661790966987610,0.1040098369121552,0.8117647767066956,-0.0982913523912430,-0.5661790966987610,0.1040098369121552,0.8117647767066956,-0.0063645513728261,-0.9330437779426575,-0.0941201522946358,0.3471745252609253,0.0232121013104916,-0.9376690983772278,-0.0143523067235947,0.3464561402797699,-0.0667385831475258,-0.9355790019035339,0.0189098380506039,0.3462373018264771,-0.0621220804750919,-0.4599240124225616,-0.0308620799332857,0.8852447867393494,-0.0585351102054119,-0.3643546700477600,-0.0372191071510315,0.9286732673645020,0.0317829772830009,-0.3662467002868652,-0.0017166483448818,0.9299732446670532,0.0317829772830009,-0.3662467002868652,-0.0017166483448818,0.9299732446670532,-0.0952701717615128,-0.5454279184341431,-0.0252484064549208,0.8323427438735962,-0.0666722357273102,0.3113542199134827,-0.0491989888250828,0.9466745853424072,0.2675695717334747,0.2746644318103790,-0.1546656191349030,0.9105188250541687,0.2937746942043304,0.2392202913761139,-0.0604620724916458,0.9234794974327087,0.0747514441609383,-0.6728633642196655,-0.3357244729995728,0.6549474596977234,0.0829460173845291,-0.6724151968955994,-0.3406149744987488,0.6518889665603638,0.0829460173845291,-0.6724151968955994,-0.3406149744987488,0.6518889665603638,-0.0132429059594870,0.3020217120647430,-0.1307340860366821,0.9442012906074524,-0.3416079580783844,0.3286511898040771,-0.0172309670597315,0.8803383111953735,-0.3741758167743683,0.2853759229183197,-0.1068514958024025,0.8758628964424133,-0.2615146934986115,-0.6043782830238342,0.3231374919414520,0.6796463131904602,-0.2923780679702759,-0.5944973230361938,0.3441247642040253,0.6653316020965576,-0.2923780679702759,-0.5944973230361938,0.3441247642040253,0.6653316020965576,-0.0952701717615128,-0.5454279184341431,-0.0252484064549208,0.8323427438735962
-0.4499999880790710,0.0000000000000000,0.1099999994039536,-0.0952701717615128,-0.5454279184341431,-0.0252484064549208,0.8323427438735962,-1.0259484052658081,0.2343937158584595,-0.3181855380535126,0.5973007678985596,0.2495911568403244,-0.1491558402776718,-1.2841358184814453,0.1704581230878830,0.1919268369674683,1.4743741750717163,0.2105520367622375,0.1942211091518402,0.0000000000000000,1.7894572019577026,0.7122611403465271,0.2097174525260925,-2.1262886524200439,-0.0200623162090778,1.7894572019577026,-0.7122611403465271,-0.2097174525260925,-2.1262886524200439,0.0823601111769676,0.0000000000000000,0.0000000000000000,0.0000000000000000,0.0000000000000000,0.0000000000000000,0.0000000000000000,0.0000000000000000,0.0000000000000000,0.0000000000000000,0.0000000000000000,0.0000000000000000,0.0000000000000000,0.0000000000000000,0.0000000000000000,0.0000000000000000,0.0000000000000000,0.0000000000000000,0.0000000000000000,0.0000000000000000,0.0000000000000000,0.0000000000000000,0.0000000000000000,0.0000000000000000,0.0000000000000000,0.0000000000000000,0.0000000000000000,0.0000000000000000,0.0000000000000000,0.0000000000000000,0.0000000000000000,0.0000000000000000,0.0000000000000000,0.0000000000000000,-0.0952701717615128,-0.5454279184341431,-0.0252484064549208,0.8323427438735962,-0.0952701717615128,-0.5454279184341431,-0.0252484064549208,0.8323427438735962,-0.1642574816942215,-0.8576945066452026,0.1288888305425644,0.4698587954044342,-0.1081907153129578,-0.8367401957511902,0.2282938510179520,0.4858421385288239,0.0257340483367443,-0.8433131575584412,0.1484424918889999,0.5158734917640686,-0.0190814081579447,-0.6541976928710938,0.1494433581829071,0.7411666512489319,-0.0375345125794411,-0.5568556189537048,0.1459060609340668,0.8168318867683411,-0.0982913523912430,-0.5661790966987610,0.1040098369121552,0.8117647767066956,-0.0982913523912430,-0.5661790966987610,0.1040098369121552,0.8117647767066956,-0.0063645513728261,-0.9330437779426575,-0.0941201522946358,0.3471745252609253,0.0232121013104916,-0.9376690983772278,-0.0143523067235947,0.3464561402797699,-0.0667385831475258,-0.9355790019035339,0.0189098380506039,0.3462373018264771,-0.0621220804750919,-0.4599240124225616,-0.0308620799332857,0.8852447867393494,-0.0585351102054119,-0.3643546700477600,-0.0372191071510315,0.9286732673645020,0.0317829772830009,-0.3662467002868652,-0.0017166483448818,0.9299732446670532,0.0317829772830009,-0.3662467002868652,-0.0017166483448818,0.9299732446670532,-0.0952701717615128,-0.5454279184341431,-0.0252484064549208,0.8323427438735962,-0.0666722357273102,0.3113542199134827,-0.0491989888250828,0.9466745853424072,0.2675695717334747,0.2746644318103790,-0.1546656191349030,0.9105188250541687,0.2937746942043304,0.2392202913761139,-0.0604620724916458,0.9234794974327087,0.0747514441609383,-0.6728633642196655,-0.3357244729995728,0.6549474596977234,0.0829460173845291,-0.6724151968955994,-0.3406149744987488,0.6518889665603638,0.0829460173845291,-0.6724151968955994,-0.3406149744987488,0.6518889665603638,-0.0132429059594870,0.3020217120647430,-0.1307340860366821,0.9442012906074524,-0.3416079580783844,0.3286511898040771,-0.0172309670597315,0.8803383111953735,-0.3741758167743683,0.2853759229183197,-0.1068514958024025,0.8758628964424133,-0.2615146934986115,-0.6043782830238342,0.3231374919414520,0.6796463131904602,-0.2923780679702759,-0.5944973230361938,0.3441247642040253,0.6653316020965576,-0.2923780679702759,-0.5944973230361938,0.3441247642040253,0.6653316020965576,-0.0952701717615128,-0.5454279184341431,-0.0252484064549208,0.8323427438735962
-0.4499999880790710,0.0000000000000000,0.1099999994039536,-0.0952701717615128,-0.5454279184341431,-0.0252484064549208,0.8323427438735962,-1.0259484052658081,0.2343937158584595,-0.3181855380535126,0.5973007678985596,0.2495911568403244,-0.1491558402776718,-1.2841358184814453,0.1704581230878830,0.1919268369674683,1.4743741750717163,0.2105520367622375,0.1942211091518402,0.0000000000000000,1.7894572019577026,0.7122611403465271,0.2097174525260925,-2.1262886524200439,-0.0200623162090778,1.7894572019577026,-0.7122611403465271,-0.2097174525260925,-2.1262886524200439,0.0823601111769676,0.0000000000000000,0.0000000000000000,0.0000000000000000,0.0000000000000000,0.0000000000000000,0.0000000000000000,0.0000000000000000,0.0000000000000000,0.0000000000000000,0.0000000000000000,0.0000000000000000,0.0000000000000000,0.0000000000000000,0.0000000000000000,0.0000000000000000,0.0000000000000000,0.0000000000000000,0.0000000000000000,0.0000000000000000,0.0000000000000000,0.0000000000000000,0.0000000000000000,0.0000000000000000,0.0000000000000000,0.0000000000000000,0.0000000000000000,0.0000000000000000,0.0000000000000000,0.0000000000000000,0.0000000000000000,0.0000000000000000,0.0000000000000000,0.0000000000000000,-0.0952701717615128,-0.5454279184341431,-0.0252484064549208,0.8323427438735962,-0.0952701717615128,-0.5454279184341431,-0.0252484064549208,0.8323427438735962,-0.1642574816942215,-0.8576945066452026,0.1288888305425644,0.4698587954044342,-0.1081907153129578,-0.8367401957511902,0.2282938510179520,0.4858421385288239,0.0257340483367443,-0.8433131575584412,0.1484424918889999,0.5158734917640686,-0.0190814081579447,-0.6541976928710938,0.1494433581829071,0.7411666512489319,-0.0375345125794411,-0.5568556189537048,0.1459060609340668,0.8168318867683411,-0.0982913523912430,-0.5661790966987610,0.1040098369121552,0.8117647767066956,-0.0982913523912430,-0.5661790966987610,0.1040098369121552,0.8117647767066956,-0.0063645513728261,-0.9330437779426575,-0.0941201522946358,0.3471745252609253,0.0232121013104916,-0.9376690983772278,-0.0143523067235947,0.3464561402797699,-0.0667385831475258,-0.9355790019035339,0.0189098380506039,0.3462373018264771,-0.0621220804750919,-0.4599240124225616,-0.0308620799332857,0.8852447867393494,-0.0585351102054119,-0.3643546700477600,-0.0372191071510315,0.9286732673645020,0.0317829772830009,-0.3662467002868652,-0.0017166483448818,0.9299732446670532,0.0317829772830009,-0.3662467002868652,-0.0017166483448818,0.9299732446670532,-0.0952701717615128,-0.5454279184341431,-0.0252484064549208,0.8323427438735962,-0.0666722357273102,0.3113542199134827,-0.0491989888250828,0.9466745853424072,0.2675695717334747,0.2746644318103790,-0.1546656191349030,0.9105188250541687,0.2937746942043304,0.2392202913761139,-0.0604620724916458,0.9234794974327087,0.0747514441609383,-0.6728633642196655,-0.3357244729995728,0.6549474596977234,0.0829460173845291,-0.6724151968955994,-0.3406149744987488,0.6518889665603638,0.0829460173845291,-0.6724151968955994,-0.3406149744987488,0.6518889665603638,-0.0132429059594870,0.3020217120647430,-0.1307340860366821,0.9442012906074524,-0.3416079580783844,0.3286511898040771,-0.0172309670597315,0.8803383111953735,-0.3741758167743683,0.2853759229183197,-0.1068514958024025,0.8758628964424133,-0.2615146934986115,-0.6043782830238342,0.3231374919414520,0.6796463131904602,-0.2923780679702759,-0.5944973230361938,0.3441247642040253,0.6653316020965576,-0.2923780679702759,-0.5944973230361938,0.3441247642040253,0.6653316020965576,-0.0952701717615128,-0.5454279184341431,-0.0252484064549208,0.8323427438735962
-0.4499999880790710,0.0000000000000000,0.1099999994039536,-0.0952701717615128,-0.5454279184341431,-0.0252484064549208,0.8323427438735962,-1.0259484052658081,0.2343937158584595,-0.3181855380535126,0.5973007678985596,0.2495911568403244,-0.1491558402776718,-1.2841358184814453,0.1704581230878830,0.1919268369674683,1.4743741750717163,0.2105520367622375,0.1942211091518402,0.0000000000000000,1.7894572019577026,0.7122611403465271,0.2097174525260925,-2.1262886524200439,-0.0200623162090778,1.7894572019577026,-0.7122611403465271,-0.2097174525260925,-2.1262886524200439,0.0823601111769676,0.0000000000000000,0.0000000000000000,0.0000000000000000,0.0000000000000000,0.0000000000000000,0.0000000000000000,0.0000000000000000,0.0000000000000000,0.0000000000000000,0.0000000000000000,0.0000000000000000,0.0000000000000000,0.0000000000000000,0.0000000000000000,0.0000000000000000,0.0000000000000000,0.0000000000000000,0.0000000000000000,0.0000000000000000,0.0000000000000000,0.0000000000000000,0.0000000000000000,0.0000000000000000,0.0000000000000000,0.0000000000000000,0.0000000000000000,0.0000000000000000,0.0000000000000000,0.0000000000000000,0.0000000000000000,0.0000000000000000,0.0000000000000000,0.0000000000000000,-0.0952701717615128,-0.5454279184341431,-0.0252484064549208,0.8323427438735962,-0.0952701717615128,-0.5454279184341431,-0.0252484064549208,0.8323427438735962,-0.1642574816942215,-0.8576945066452026,0.1288888305425644,0.4698587954044342,-0.1081907153129578,-0.8367401957511902,0.2282938510179520,0.4858421385288239,0.0257340483367443,-0.8433131575584412,0.1484424918889999,0.5158734917640686,-0.0190814081579447,-0.6541976928710938,0.1494433581829071,0.7411666512489319,-0.0375345125794411,-0.5568556189537048,0.1459060609340668,0.8168318867683411,-0.0982913523912430,-0.5661790966987610,0.1040098369121552,0.8117647767066956,-0.0982913523912430,-0.5661790966987610,0.1040098369121552,0.8117647767066956,-0.0063645513728261,-0.9330437779426575,-0.0941201522946358,0.3471745252609253,0.0232121013104916,-0.9376690983772278,-0.0143523067235947,0.3464561402797699,-0.0667385831475258,-0.9355790019035339,0.0189098380506039,0.3462373018264771,-0.0621220804750919,-0.4599240124225616,-0.0308620799332857,0.8852447867393494,-0.0585351102054119,-0.3643546700477600,-0.0372191071510315,0.9286732673645020,0.0317829772830009,-0.3662467002868652,-0.0017166483448818,0.9299732446670532,0.0317829772830009,-0.3662467002868652,-0.0017166483448818,0.9299732446670532,-0.0952701717615128,-0.5454279184341431,-0.0252484064549208,0.8323427438735962,-0.0666722357273102,0.3113542199134827,-0.0491989888250828,0.9466745853424072,0.2675695717334747,0.2746644318103790,-0.1546656191349030,0.9105188250541687,0.2937746942043304,0.2392202913761139,-0.0604620724916458,0.9234794974327087,0.0747514441609383,-0.6728633642196655,-0.3357244729995728,0.6549474596977234,0.0829460173845291,-0.6724151968955994,-0.3406149744987488,0.6518889665603638,0.0829460173845291,-0.6724151968955994,-0.3406149744987488,0.6518889665603638,-0.0132429059594870,0.3020217120647430,-0.1307340860366821,0.9442012906074524,-0.3416079580783844,0.3286511898040771,-0.0172309670597315,0.8803383111953735,-0.3741758167743683,0.2853759229183197,-0.1068514958024025,0.8758628964424133,-0.2615146934986115,-0.6043782830238342,0.3231374919414520,0.6796463131904602,-0.2923780679702759,-0.5944973230361938,0.3441247642040253,0.6653316020965576,-0.2923780679702759,-0.5944973230361938,0.3441247642040253,0.6653316020965576,-0.0952701717615128,-0.5454279184341431,-0.0252484064549208,0.8323427438735962
-0.4499999880790710,0.0000000000000000,0.1099999994039536,-0.0952701717615128,-0.5454279184341431,-0.0252484064549208,0.8323427438735962,-1.0259484052658081,0.2343937158584595,-0.3181855380535126,0.5973007678985596,0.2495911568403244,-0.1491558402776718,-1.2841358184814453,0.1704581230878830,0.1919268369674683,1.4743741750717163,0.2105520367622375,0.1942211091518402,0.0000000000000000,1.7894572019577026,0.7122611403465271,0.2097174525260925,-2.1262886524200439,-0.0200623162090778,1.7894572019577026,-0.7122611403465271,-0.2097174525260925,-2.1262886524200439,0.0823601111769676,0.0000000000000000,0.0000000000000000,0.0000000000000000,0.0000000000000000,0.0000000000000000,0.0000000000000000,0.0000000000000000,0.0000000000000000,0.0000000000000000,0.0000000000000000,0.0000000000000000,0.0000000000000000,0.0000000000000000,0.0000000000000000,0.0000000000000000,0.0000000000000000,0.0000000000000000,0.0000000000000000,0.0000000000000000,0.0000000000000000,0.0000000000000000,0.0000000000000000,0.0000000000000000,0.0000000000000000,0.0000000000000000,0.0000000000000000,0.0000000000000000,0.0000000000000000,0.0000000000000000,0.0000000000000000,0.0000000000000000,0.0000000000000000,0.0000000000000000,-0.0952701717615128,-0.5454279184341431,-0.0252484064549208,0.8323427438735962,-0.0952701717615128,-0.5454279184341431,-0.0252484064549208,0.8323427438735962,-0.1642574816942215,-0.8576945066452026,0.1288888305425644,0.4698587954044342,-0.1081907153129578,-0.8367401957511902,0.2282938510179520,0.4858421385288239,0.0257340483367443,-0.8433131575584412,0.1484424918889999,0.5158734917640686,-0.0190814081579447,-0.6541976928710938,0.1494433581829071,0.7411666512489319,-0.0375345125794411,-0.5568556189537048,0.1459060609340668,0.8168318867683411,-0.0982913523912430,-0.5661790966987610,0.1040098369121552,0.8117647767066956,-0.0982913523912430,-0.5661790966987610,0.1040098369121552,0.8117647767066956,-0.0063645513728261,-0.9330437779426575,-0.0941201522946358,0.3471745252609253,0.0232121013104916,-0.9376690983772278,-0.0143523067235947,0.3464561402797699,-0.0667385831475258,-0.9355790019035339,0.0189098380506039,0.3462373018264771,-0.0621220804750919,-0.4599240124225616,-0.0308620799332857,0.8852447867393494,-0.0585351102054119,-0.3643546700477600,-0.0372191071510315,0.9286732673645020,0.0317829772830009,-0.3662467002868652,-0.0017166483448818,0.9299732446670532,0.0317829772830009,-0.3662467002868652,-0.0017166483448818,0.9299732446670532,-0.0952701717615128,-0.5454279184341431,-0.0252484064549208,0.8323427438735962,-0.0666722357273102,0.3113542199134827,-0.0491989888250828,0.9466745853424072,0.2675695717334747,0.2746644318103790,-0.1546656191349030,0.9105188250541687,0.2937746942043304,0.2392202913761139,-0.0604620724916458,0.9234794974327087,0.0747514441609383,-0.6728633642196655,-0.3357244729995728,0.6549474596977234,0.0829460173845291,-0.6724151968955994,-0.3406149744987488,0.6518889665603638,0.0829460173845291,-0.6724151968955994,-0.3406149744987488,0.6518889665603638,-0.0132429059594870,0.3020217120647430,-0.1307340860366821,0.9442012906074524,-0.3416079580783844,0.3286511898040771,-0.0172309670597315,0.8803383111953735,-0.3741758167743683,0.2853759229183197,-0.1068514958024025,0.8758628964424133,-0.2615146934986115,-0.6043782830238342,0.3231374919414520,0.6796463131904602,-0.2923780679702759,-0.5944973230361938,0.3441247642040253,0.6653316020965576,-0.2923780679702759,-0.5944973230361938,0.3441247642040253,0.6653316020965576,-0.0952701717615128,-0.5454279184341431,-0.0252484064549208,0.8323427438735962
-0.4499999880790710,0.0000000000000000,0.1099999994039536,-0.0952701717615128,-0.5454279184341431,-0.0252484064549208,0.8323427438735962,-1.0259484052658081,0.2343937158584595,-0.3181855380535126,0.5973007678985596,0.2495911568403244,-0.1491558402776718,-1.2841358184814453,0.1704581230878830,0.1919268369674683,1.4743741750717163,0.2105520367622375,0.1942211091518402,0.0000000000000000,1.7894572019577026,0.7122611403465271,0.2097174525260925,-2.1262886524200439,-0.0200623162090778,1.7894572019577026,-0.7122611403465271,-0.2097174525260925,-2.1262886524200439,0.0823601111769676,0.0000000000000000,0.0000000000000000,0.0000000000000000,0.0000000000000000,0.0000000000000000,0.0000000000000000,0.0000000000000000,0.0000000000000000,0.0000000000000000,0.0000000000000000,0.0000000000000000,0.0000000000000000,0.0000000000000000,0.0000000000000000,0.0000000000000000,0.0000000000000000,0.0000000000000000,0.0000000000000000,0.0000000000000000,0.0000000000000000,0.0000000000000000,0.0000000000000000,0.0000000000000000,0.0000000000000000,0.0000000000000000,0.0000000000000000,0.0000000000000000,0.0000000000000000,0.0000000000000000,0.0000000000000000,0.0000000000000000,0.0000000000000000,0.0000000000000000,-0.0952701717615128,-0.5454279184341431,-0.0252484064549208,0.8323427438735962,-0.0952701717615128,-0.5454279184341431,-0.0252484064549208,0.8323427438735962,-0.1642574816942215,-0.8576945066452026,0.1288888305425644,0.4698587954044342,-0.1081907153129578,-0.8367401957511902,0.2282938510179520,0.4858421385288239,0.0257340483367443,-0.8433131575584412,0.1484424918889999,0.5158734917640686,-0.0190814081579447,-0.6541976928710938,0.1494433581829071,0.7411666512489319,-0.0375345125794411,-0.5568556189537048,0.1459060609340668,0.8168318867683411,-0.0982913523912430,-0.5661790966987610,0.1040098369121552,0.8117647767066956,-0.0982913523912430,-0.5661790966987610,0.1040098369121552,0.8117647767066956,-0.0063645513728261,-0.9330437779426575,-0.0941201522946358,0.3471745252609253,0.0232121013104916,-0.9376690983772278,-0.0143523067235947,0.3464561402797699,-0.0667385831475258,-0.9355790019035339,0.0189098380506039,0.3462373018264771,-0.0621220804750919,-0.4599240124225616,-0.0308620799332857,0.8852447867393494,-0.0585351102054119,-0.3643546700477600,-0.0372191071510315,0.9286732673645020,0.0317829772830009,-0.3662467002868652,-0.0017166483448818,0.9299732446670532,0.0317829772830009,-0.3662467002868652,-0.0017166483448818,0.9299732446670532,-0.0952701717615128,-0.5454279184341431,-0.0252484064549208,0.8323427438735962,-0.0666722357273102,0.3113542199134827,-0.0491989888250828,0.9466745853424072,0.2675695717334747,0.2746644318103790,-0.1546656191349030,0.9105188250541687,0.2937746942043304,0.2392202913761139,-0.0604620724916458,0.9234794974327087,0.0747514441609383,-0.6728633642196655,-0.3357244729995728,0.6549474596977234,0.0829460173845291,-0.6724151968955994,-0.3406149744987488,0.6518889665603638,0.0829460173845291,-0.6724151968955994,-0.3406149744987488,0.6518889665603638,-0.0132429059594870,0.3020217120647430,-0.1307340860366821,0.9442012906074524,-0.3416079580783844,0.3286511898040771,-0.0172309670597315,0.8803383111953735,-0.3741758167743683,0.2853759229183197,-0.1068514958024025,0.8758628964424133,-0.2615146934986115,-0.6043782830238342,0.3231374919414520,0.6796463131904602,-0.2923780679702759,-0.5944973230361938,0.3441247642040253,0.6653316020965576,-0.2923780679702759,-0.5944973230361938,0.3441247642040253,0.6653316020965576,-0.0952701717615128,-0.5454279184341431,-0.0252484064549208,0.8323427438735962
-0.4499999880790710,0.0000000000000000,0.1099999994039536,-0.0952701717615128,-0.5454279184341431,-0.0252484064549208,0.8323427438735962,-1.0259484052658081,0.2343937158584595,-0.3181855380535126,0.5973007678985596,0.2495911568403244,-0.1491558402776718,-1.2841358184814453,0.1704581230878830,0.1919268369674683,1.4743741750717163,0.2105520367622375,0.1942211091518402,0.0000000000000000,1.7894572019577026,0.7122611403465271,0.2097174525260925,-2.1262886524200439,-0.0200623162090778,1.7894572019577026,-0.7122611403465271,-0.2097174525260925,-2.1262886524200439,0.0823601111769676,0.0000000000000000,0.0000000000000000,0.0000000000000000,0.0000000000000000,0.0000000000000000,0.0000000000000000,0.0000000000000000,0.0000000000000000,0.0000000000000000,0.0000000000000000,0.0000000000000000,0.0000000000000000,0.0000000000000000,0.0000000000000000,0.0000000000000000,0.0000000000000000,0.0000000000000000,0.0000000000000000,0.0000000000000000,0.0000000000000000,0.0000000000000000,0.0000000000000000,0.0000000000000000,0.0000000000000000,0.0000000000000000,0.0000000000000000,0.0000000000000000,0.0000000000000000,0.0000000000000000,0.0000000000000000,0.0000000000000000,0.0000000000000000,0.0000000000000000,-0.0952701717615128,-0.5454279184341431,-0.0252484064549208,0.8323427438735962,-0.0952701717615128,-0.5454279184341431,-0.0252484064549208,0.8323427438735962,-0.1642574816942215,-0.8576945066452026,0.1288888305425644,0.4698587954044342,-0.1081907153129578,-0.8367401957511902,0.2282938510179520,0.4858421385288239,0.0257340483367443,-0.8433131575584412,0.1484424918889999,0.5158734917640686,-0.0190814081579447,-0.6541976928710938,0.1494433581829071,0.7411666512489319,-0.0375345125794411,-0.5568556189537048,0.1459060609340668,0.8168318867683411,-0.0982913523912430,-0.5661790966987610,0.1040098369121552,0.8117647767066956,-0.0982913523912430,-0.5661790966987610,0.1040098369121552,0.8117647767066956,-0.0063645513728261,-0.9330437779426575,-0.0941201522946358,0.3471745252609253,0.0232121013104916,-0.9376690983772278,-0.0143523067235947,0.3464561402797699,-0.0667385831475258,-0.9355790019035339,0.0189098380506039,0.3462373018264771,-0.0621220804750919,-0.4599240124225616,-0.0308620799332857,0.8852447867393494,-0.0585351102054119,-0.3643546700477600,-0.0372191071510315,0.9286732673645020,0.0317829772830009,-0.3662467002868652,-0.0017166483448818,0.9299732446670532,0.0317829772830009,-0.3662467002868652,-0.0017166483448818,0.9299732446670532,-0.0952701717615128,-0.5454279184341431,-0.0252484064549208,0.8323427438735962,-0.0666722357273102,0.3113542199134827,-0.0491989888250828,0.9466745853424072,0.2675695717334747,0.2746644318103790,-0.1546656191349030,0.9105188250541687,0.2937746942043304,0.2392202913761139,-0.0604620724916458,0.9234794974327087,0.0747514441609383,-0.6728633642196655,-0.3357244729995728,0.6549474596977234,0.0829460173845291,-0.6724151968955994,-0.3406149744987488,0.6518889665603638,0.0829460173845291,-0.6724151968955994,-0.3406149744987488,0.6518889665603638,-0.0132429059594870,0.3020217120647430,-0.1307340860366821,0.9442012906074524,-0.3416079580783844,0.3286511898040771,-0.0172309670597315,0.8803383111953735,-0.3741758167743683,0.2853759229183197,-0.1068514958024025,0.8758628964424133,-0.2615146934986115,-0.6043782830238342,0.3231374919414520,0.6796463131904602,-0.2923780679702759,-0.5944973230361938,0.3441247642040253,0.6653316020965576,-0.2923780679702759,-0.5944973230361938,0.3441247642040253,0.6653316020965576,-0.0952701717615128,-0.5454279184341431,-0.0252484064549208,0.8323427438735962
-0.4499999880790710,0.0000000000000000,0.1099999994039536,-0.0952701717615128,-0.5454279184341431,-0.0252484064549208,0.8323427438735962,-1.0259484052658081,0.2343937158584595,-0.3181855380535126,0.5973007678985596,0.2495911568403244,-0.1491558402776718,-1.2841358184814453,0.1704581230878830,0.1919268369674683,1.4743741750717163,0.2105520367622375,0.1942211091518402,0.0000000000000000,1.7894572019577026,0.7122611403465271,0.2097174525260925,-2.1262886524200439,-0.0200623162090778,1.7894572019577026,-0.7122611403465271,-0.2097174525260925,-2.1262886524200439,0.0823601111769676,0.0000000000000000,0.0000000000000000,0.0000000000000000,0.0000000000000000,0.0000000000000000,0.0000000000000000,0.0000000000000000,0.0000000000000000,0.0000000000000000,0.0000000000000000,0.0000000000000000,0.0000000000000000,0.0000000000000000,0.0000000000000000,0.0000000000000000,0.0000000000000000,0.0000000000000000,0.0000000000000000,0.0000000000000000,0.0000000000000000,0.0000000000000000,0.0000000000000000,0.0000000000000000,0.0000000000000000,0.0000000000000000,0.0000000000000000,0.0000000000000000,0.0000000000000000,0.0000000000000000,0.0000000000000000,0.0000000000000000,0.0000000000000000,0.0000000000000000,-0.0952701717615128,-0.5454279184341431,-0.0252484064549208,0.8323427438735962,-0.0952701717615128,-0.5454279184341431,-0.0252484064549208,0.8323427438735962,-0.1642574816942215,-0.8576945066452026,0.1288888305425644,0.4698587954044342,-0.1081907153129578,-0.8367401957511902,0.2282938510179520,0.4858421385288239,0.0257340483367443,-0.8433131575584412,0.1484424918889999,0.5158734917640686,-0.0190814081579447,-0.6541976928710938,0.1494433581829071,0.7411666512489319,-0.0375345125794411,-0.5568556189537048,0.1459060609340668,0.8168318867683411,-0.0982913523912430,-0.5661790966987610,0.1040098369121552,0.8117647767066956,-0.0982913523912430,-0.5661790966987610,0.1040098369121552,0.8117647767066956,-0.0063645513728261,-0.9330437779426575,-0.0941201522946358,0.3471745252609253,0.0232121013104916,-0.9376690983772278,-0.0143523067235947,0.3464561402797699,-0.0667385831475258,-0.9355790019035339,0.0189098380506039,0.3462373018264771,-0.0621220804750919,-0.4599240124225616,-0.0308620799332857,0.8852447867393494,-0.0585351102054119,-0.3643546700477600,-0.0372191071510315,0.9286732673645020,0.0317829772830009,-0.3662467002868652,-0.0017166483448818,0.9299732446670532,0.0317829772830009,-0.3662467002868652,-0.0017166483448818,0.9299732446670532,-0.0952701717615128,-0.5454279184341431,-0.0252484064549208,0.8323427438735962,-0.0666722357273102,0.3113542199134827,-0.0491989888250828,0.9466745853424072,0.2675695717334747,0.2746644318103790,-0.1546656191349030,0.9105188250541687,0.2937746942043304,0.2392202913761139,-0.0604620724916458,0.9234794974327087,0.0747514441609383,-0.6728633642196655,-0.3357244729995728,0.6549474596977234,0.0829460173845291,-0.6724151968955994,-0.3406149744987488,0.6518889665603638,0.0829460173845291,-0.6724151968955994,-0.3406149744987488,0.6518889665603638,-0.0132429059594870,0.3020217120647430,-0.1307340860366821,0.9442012906074524,-0.3416079580783844,0.3286511898040771,-0.0172309670597315,0.8803383111953735,-0.3741758167743683,0.2853759229183197,-0.1068514958024025,0.8758628964424133,-0.2615146934986115,-0.6043782830238342,0.3231374919414520,0.6796463131904602,-0.2923780679702759,-0.5944973230361938,0.3441247642040253,0.6653316020965576,-0.2923780679702759,-0.5944973230361938,0.3441247642040253,0.6653316020965576,-0.0952701717615128,-0.5454279184341431,-0.0252484064549208,0.8323427438735962
