base_x,base_y,base_z,base_qx,base_qy,base_qz,base_qw,J00_HIP_PITCH_L,J01_HIP_ROLL_L,J02_HIP_YAW_L,J03_KNEE_PITCH_L,J04_ANKLE_PITCH_L,J05_ANKLE_ROLL_L,J06_HIP_PITCH_R,J07_HIP_ROLL_R,J08_HIP_YAW_R,J09_KNEE_PITCH_R,J10_ANKLE_PITCH_R,J11_ANKLE_ROLL_R,J12_WAIST_YAW,J13_SHOULDER_PITCH_L,J14_SHOULDER_ROLL_L,J15_SHOULDER_YAW_L,J16_ELBOW_PITCH_L,J17_ELBOW_YAW_L,J18_SHOULDER_PITCH_R,J19_SHOULDER_ROLL_R,J20_SHOULDER_YAW_R,J21_ELBOW_PITCH_R,J22_ELBOW_YAW_R,J23_HEAD_YAW,base_vx,base_vy,base_vz,base_wx,base_wy,base_wz,dJ00_HIP_PITCH_L,dJ01_HIP_ROLL_L,dJ02_HIP_YAW_L,dJ03_KNEE_PITCH_L,dJ04_ANKLE_PITCH_L,dJ05_ANKLE_ROLL_L,dJ06_HIP_PITCH_R,dJ07_HIP_ROLL_R,dJ08_HIP_YAW_R,dJ09_KNEE_PITCH_R,dJ10_ANKLE_PITCH_R,dJ11_ANKLE_ROLL_R,dJ12_WAIST_YAW,dJ13_SHOULDER_PITCH_L,dJ14_SHOULDER_ROLL_L,dJ15_SHOULDER_YAW_L,dJ16_ELBOW_PITCH_L,dJ17_ELBOW_YAW_L,dJ18_SHOULDER_PITCH_R,dJ19_SHOULDER_ROLL_R,dJ20_SHOULDER_YAW_R,dJ21_ELBOW_PITCH_R,dJ22_ELBOW_YAW_R,dJ23_HEAD_YAW,left_foot_contact,right_foot_contact,base_quat_x,base_quat_y,base_quat_z,base_quat_w,LINK_BASE_qx,LINK_BASE_qy,LINK_BASE_qz,LINK_BASE_qw,LINK_HIP_PITCH_L_qx,LINK_HIP_PITCH_L_qy,LINK_HIP_PITCH_L_qz,LINK_HIP_PITCH_L_qw,LINK_HIP_ROLL_L_qx,LINK_HIP_ROLL_L_qy,LINK_HIP_ROLL_L_qz,LINK_HIP_ROLL_L_qw,LINK_HIP_YAW_L_qx,LINK_HIP_YAW_L_qy,LINK_HIP_YAW_L_qz,LINK_HIP_YAW_L_qw,LINK_KNEE_PITCH_L_qx,LINK_KNEE_PITCH_L_qy,LINK_KNEE_PITCH_L_qz,LINK_KNEE_PITCH_L_qw,LINK_ANKLE_PITCH_L_qx,LINK_ANKLE_PITCH_L_qy,LINK_ANKLE_PITCH_L_qz,LINK_ANKLE_PITCH_L_qw,LINK_ANKLE_ROLL_L_qx,LINK_ANKLE_ROLL_L_qy,LINK_ANKLE_ROLL_L_qz,LINK_ANKLE_ROLL_L_qw,LINK_FOOT_L_qx,LINK_FOOT_L_qy,LINK_FOOT_L_qz,LINK_FOOT_L_qw,LINK_HIP_PITCH_R_qx,LINK_HIP_PITCH_R_qy,LINK_HIP_PITCH_R_qz,LINK_HIP_PITCH_R_qw,LINK_HIP_ROLL_R_qx,LINK_HIP_ROLL_R_qy,LINK_HIP_ROLL_R_qz,LINK_HIP_ROLL_R_qw,LINK_HIP_YAW_R_qx,LINK_HIP_YAW_R_qy,LINK_HIP_YAW_R_qz,LINK_HIP_YAW_R_qw,LINK_KNEE_PITCH_R_qx,LINK_KNEE_PITCH_R_qy,LINK_KNEE_PITCH_R_qz,LINK_KNEE_PITCH_R_qw,LINK_ANKLE_PITCH_R_qx,LINK_ANKLE_PITCH_R_qy,LINK_ANKLE_PITCH_R_qz,LINK_ANKLE_PITCH_R_qw,LINK_ANKLE_ROLL_R_qx,LINK_ANKLE_ROLL_R_qy,LINK_ANKLE_ROLL_R_qz,LINK_ANKLE_ROLL_R_qw,LINK_FOOT_R_qx,LINK_FOOT_R_qy,LINK_FOOT_R_qz,LINK_FOOT_R_qw,LINK_TORSO_YAW_qx,LINK_TORSO_YAW_qy,LINK_TORSO_YAW_qz,LINK_TORSO_YAW_qw,LINK_SHOULDER_PITCH_L_qx,LINK_SHOULDER_PITCH_L_qy,LINK_SHOULDER_PITCH_L_qz,LINK_SHOULDER_PITCH_L_qw,LINK_SHOULDER_ROLL_L_qx,LINK_SHOULDER_ROLL_L_qy,LINK_SHOULDER_ROLL_L_qz,LINK_SHOULDER_ROLL_L_qw,LINK_SHOULDER_YAW_L_qx,LINK_SHOULDER_YAW_L_qy,LINK_SHOULDER_YAW_L_qz,LINK_SHOULDER_YAW_L_qw,LINK_ELBOW_PITCH_L_qx,LINK_ELBOW_PITCH_L_qy,LINK_ELBOW_PITCH_L_qz,LINK_ELBOW_PITCH_L_qw,LINK_ELBOW_YAW_L_qx,LINK_ELBOW_YAW_L_qy,LINK_ELBOW_YAW_L_qz,LINK_ELBOW_YAW_L_qw,LINK_ELBOW_END_L_qx,LINK_ELBOW_END_L_qy,LINK_ELBOW_END_L_qz,LINK_ELBOW_END_L_qw,LINK_SHOULDER_PITCH_R_qx,LINK_SHOULDER_PITCH_R_qy,LINK_SHOULDER_PITCH_R_qz,LINK_SHOULDER_PITCH_R_qw,LINK_SHOULDER_ROLL_R_qx,LINK_SHOULDER_ROLL_R_qy,LINK_SHOULDER_ROLL_R_qz,LINK_SHOULDER_ROLL_R_qw,LINK_SHOULDER_YAW_R_qx,LINK_SHOULDER_YAW_R_qy,LINK_SHOULDER_YAW_R_qz,LINK_SHOULDER_YAW_R_qw,LINK_ELBOW_PITCH_R_qx,LINK_ELBOW_PITCH_R_qy,LINK_ELBOW_PITCH_R_qz,LINK_ELBOW_PITCH_R_qw,LINK_ELBOW_YAW_R_qx,LINK_ELBOW_YAW_R_qy,LINK_ELBOW_YAW_R_qz,LINK_ELBOW_YAW_R_qw,LINK_ELBOW_END_R_qx,LINK_ELBOW_END_R_qy,LINK_ELBOW_END_R_qz,LINK_ELBOW_END_R_qw,LINK_HEAD_YAW_qx,LINK_HEAD_YAW_qy,LINK_HEAD_YAW_qz,LINK_HEAD_YAW_qw
-0.0040192808955908,0.0059738648124039,0.8133254647254944,0.0211982242763042,-0.0114559158682823,-0.0240108091384172,0.9994212985038757,-0.0654956251382828,-0.0400826334953308,0.0181952808052301,0.3408787846565247,-0.3305414617061615,0.0011476452928036,-0.1753184944391251,-0.0899535715579987,0.0069520799443126,0.4721172749996185,-0.3623016476631165,0.1159059554338455,0.0000000000000000,0.0112864496186376,0.1655906140804291,-0.5598335266113281,-0.6076371669769287,-0.0215008296072483,0.0112864496186376,-0.1655906140804291,0.5598335266113281,-0.6076371669769287,-0.0649440959095955,0.0000000000000000,0.0373300462961197,-0.0252210199832916,-0.0034403798636049,0.0260967822087089,-0.0682078459968793,-0.0391926608662633,-0.0451898537576199,0.0622242279350758,-0.0602842643857002,0.0590828023850918,-0.1651471704244614,0.0031567607074976,0.0287170689553022,0.0500173829495907,-0.0556872934103012,-0.0641959905624390,-0.1383090019226074,-0.0517478547990322,0.0000000000000000,0.1707292795181274,-0.0816486701369286,0.1770669072866440,0.4788171947002411,0.1081554889678955,0.1707292795181274,0.0816486701369286,-0.1770669072866440,0.4788171947002411,-0.0609865002334118,0.0000000000000000,0.0000000000000000,0.0000000000000000,0.0211982242763042,-0.0114559158682823,-0.0240108091384172,0.9994212985038757,0.0211982242763042,-0.0114559158682823,-0.0240108091384172,0.9994212985038757,0.0203304048627615,-0.0432374142110348,-0.0161990206688643,0.9987266063690186,0.0003118659660686,-0.0429041050374508,-0.0170622449368238,0.9989334344863892,-0.0000784676522017,-0.0429051667451859,-0.0079737259075046,0.9990473389625549,0.0012751360191032,0.1271703243255615,-0.0078714992851019,0.9918488264083862,-0.0000372532958863,-0.0377408787608147,-0.0079740257933736,0.9992557168006897,0.0005361422663555,-0.0377454459667206,-0.0079523678869009,0.9992555975914001,0.0005361422663555,-0.0377454459667206,-0.0079523678869009,0.9992555975914001,0.0193459596484900,-0.0954466015100479,-0.0483569391071796,0.9940710663795471,-0.0253686532378197,-0.0931758657097816,-0.0525994710624218,0.9939355850219727,-0.0256923828274012,-0.0930871218442917,-0.0491441972553730,0.9941124320030212,-0.0134863918647170,0.1419898867607117,-0.0537900365889072,0.9883134961128235,-0.0229566171765327,-0.0383897200226784,-0.0504801385104656,0.9977229237556458,0.0348705761134624,-0.0412491075694561,-0.0481718406081200,0.9973775744438171,0.0348705761134624,-0.0412491075694561,-0.0481718406081200,0.9973775744438171,0.0211982242763042,-0.0114559158682823,-0.0240108091384172,0.9994212985038757,0.0213290564715862,-0.0058344448916614,-0.0235369000583887,0.9994783997535706,0.1039135977625847,-0.0077609778381884,-0.0229737609624863,0.9942906498908997,0.1024076715111732,0.0384450107812881,-0.2944326400756836,0.9493914246559143,0.0083113629370928,-0.2446156293153763,-0.3293305933475494,0.9119405150413513,0.0131989261135459,-0.2446677982807159,-0.3382966816425323,0.9085806608200073,0.0131989261135459,-0.2446677982807159,-0.3382966816425323,0.9085806608200073,0.0213371757417917,-0.0058194221928716,-0.0242451727390289,0.9994613528251648,-0.0613921172916889,-0.0037943932693452,-0.0246433895081282,0.9978022575378418,-0.0596213676035404,0.0305904056876898,0.2503752708435059,0.9658269882202148,0.0176523923873901,-0.2582661211490631,0.2748774588108063,0.9259748458862305,0.0328255705535412,-0.2575156986713409,0.2471957653760910,0.9335429072380066,0.0328255705535412,-0.2575156986713409,0.2471957653760910,0.9335429072380066,0.0211982242763042,-0.0114559158682823,-0.0240108091384172,0.9994212985038757
-0.0032726799137890,0.0054694443941116,0.8132566571235657,0.0208258833736181,-0.0107592856511474,-0.0242616496980190,0.9994307756423950,-0.0663994222879410,-0.0388381488621235,0.0169895954430103,0.3420604407787323,-0.3338444054126740,0.0012107805116102,-0.1747441530227661,-0.0889532238245010,0.0058383340016007,0.4708333551883698,-0.3650678277015686,0.1148709982633591,0.0000000000000000,0.0147010352462530,0.1639576405286789,-0.5562921881675720,-0.5980608224868774,-0.0193377196788788,0.0147010352462530,-0.1639576405286789,0.5562921881675720,-0.5980608224868774,-0.0661638259887695,0.0000000000000000,0.0373300462961197,-0.0252210199832916,-0.0034403798636049,0.0260967822087089,-0.0682078459968793,-0.0391926608662633,-0.0451898537576199,0.0622242279350758,-0.0602842643857002,0.0590828023850918,-0.1651471704244614,0.0031567607074976,0.0287170689553022,0.0500173829495907,-0.0556872934103012,-0.0641959905624390,-0.1383090019226074,-0.0517478547990322,0.0000000000000000,0.1707292795181274,-0.0816486701369286,0.1770669072866440,0.4788171947002411,0.1081554889678955,0.1707292795181274,0.0816486701369286,-0.1770669072866440,0.4788171947002411,-0.0609865002334118,0.0000000000000000,0.0000000000000000,0.0000000000000000,0.0208258833736181,-0.0107592856511474,-0.0242616496980190,0.9994307756423950,0.0208258833736181,-0.0107592856511474,-0.0242616496980190,0.9994307756423950,0.0203304048627615,-0.0432374142110348,-0.0161990206688643,0.9987266063690186,0.0003118659660686,-0.0429041050374508,-0.0170622449368238,0.9989334344863892,0.0001844192884164,-0.0426544360816479,-0.0086748627945781,0.9990522861480713,0.0016584242694080,0.1280042231082916,-0.0085167596116662,0.9917356967926025,0.0002195591077907,-0.0385499596595764,-0.0086742183193564,0.9992190599441528,0.0008244757773355,-0.0385552160441875,-0.0086508616805077,0.9992188215255737,0.0008244757773355,-0.0385552160441875,-0.0086508616805077,0.9992188215255737,0.0189445596188307,-0.0944875106215477,-0.0484964773058891,0.9941636323928833,-0.0252765975892544,-0.0922378376126289,-0.0526499301195145,0.9940227270126343,-0.0255460962653160,-0.0921636223793030,-0.0497480221092701,0.9941722154617310,-0.0132380602881312,0.1422673761844635,-0.0543345138430595,0.9882471561431885,-0.0228815730661154,-0.0394846759736538,-0.0510289743542671,0.9976539611816406,0.0344254374504089,-0.0423486605286598,-0.0486786365509033,0.9973223805427551,0.0344254374504089,-0.0423486605286598,-0.0486786365509033,0.9973223805427551,0.0208258833736181,-0.0107592856511474,-0.0242616496980190,0.9994307756423950,0.0209986940026283,-0.0034368070773780,-0.0236473772674799,0.9994939565658569,0.1027737557888031,-0.0053615127690136,-0.0232852399349213,0.9944177865982056,0.1006967574357986,0.0401575118303299,-0.2931194603443146,0.9499096870422363,0.0085371332243085,-0.2388078421354294,-0.3272652328014374,0.9142185449600220,0.0128856366500258,-0.2388494312763214,-0.3353625535964966,0.9112172126770020,0.0128856366500258,-0.2388494312763214,-0.3353625535964966,0.9112172126770020,0.0210085231810808,-0.0034176362678409,-0.0245699323713779,0.9994714260101318,-0.0609057731926441,-0.0013942683581263,-0.0247685909271240,0.9978351593017578,-0.0585225373506546,0.0325541086494923,0.2485715597867966,0.9662957191467285,0.0169903263449669,-0.2521074712276459,0.2726503014564514,0.9283399581909180,0.0322600007057190,-0.2513865828514099,0.2443275153636932,0.9359852075576782,0.0322600007057190,-0.2513865828514099,0.2443275153636932,0.9359852075576782,0.0208258833736181,-0.0107592856511474,-0.0242616496980190,0.9994307756423950
-0.0023848471464589,0.0048417180310935,0.8131445527076722,0.0205691289156675,-0.0098569924011827,-0.0244356263428926,0.9994412660598755,-0.0676407679915428,-0.0376384407281876,0.0157587105408311,0.3433532595634460,-0.3370478451251984,0.0011154976440594,-0.1743467330932617,-0.0880300909280777,0.0045334673952311,0.4693993806838989,-0.3680107057094574,0.1138325899839401,0.0000000000000000,0.0175801593810320,0.1619212061166763,-0.5530318856239319,-0.5867947816848755,-0.0172758750617504,0.0175801593810320,-0.1619212061166763,0.5530318856239319,-0.5867947816848755,-0.0673564165830612,0.0000000000000000,0.0415670000016689,-0.0289201982319355,-0.0047392840962857,0.0218115329507542,-0.0808055784646697,-0.0325165700731107,-0.0553163096308708,0.0608809329569340,-0.0610402509570122,0.0624176815152168,-0.1621620506048203,-0.0015957817435265,0.0234094247221947,0.0477009378373623,-0.0614209130406380,-0.0686976298689842,-0.1436099380254746,-0.0518513880670071,0.0000000000000000,0.1546654343605041,-0.0937524974346161,0.1686358332633972,0.5295080780982971,0.1051175296306610,0.1546654343605041,0.0937524974346161,-0.1686358332633972,0.5295080780982971,-0.0601723156869411,0.0000000000000000,0.0000000000000000,0.0000000000000000,0.0205691289156675,-0.0098569924011827,-0.0244356263428926,0.9994412660598755,0.0205691289156675,-0.0098569924011827,-0.0244356263428926,0.9994412660598755,0.0196864996105433,-0.0428026579320431,-0.0164167322218418,0.9987546801567078,0.0008748322725296,-0.0423596464097500,-0.0171469133347273,0.9989548325538635,0.0005409376462922,-0.0423650741577148,-0.0092753469944000,0.9990589618682861,0.0021176370792091,0.1289315223693848,-0.0090463832020760,0.9916099309921265,0.0005700456677005,-0.0392151251435280,-0.0092737749218941,0.9991875886917114,0.0011273431591690,-0.0392202585935593,-0.0092519354075193,0.9991871714591980,0.0011273431591690,-0.0392202585935593,-0.0092519354075193,0.9991871714591980,0.0186581909656525,-0.0934054702520370,-0.0485935844480991,0.9942664504051208,-0.0251084137707949,-0.0911768376827240,-0.0526566654443741,0.9941244721412659,-0.0253155156970024,-0.0911195725202560,-0.0504031740128994,0.9942414760589600,-0.0129004083573818,0.1425902992486954,-0.0549086630344391,0.9881734848022461,-0.0227297209203243,-0.0406216531991959,-0.0516216307878494,0.9975812435150146,0.0340550877153873,-0.0434922538697720,-0.0492275431752205,0.9972589015960693,0.0340550877153873,-0.0434922538697720,-0.0492275431752205,0.9972589015960693,0.0205691289156675,-0.0098569924011827,-0.0244356263428926,0.9994412660598755,0.0207773111760616,-0.0011002436513081,-0.0237026363611221,0.9995025992393494,0.1015412062406540,-0.0030134457629174,-0.0235346220433712,0.9945483207702637,0.0989095196127892,0.0418208092451096,-0.2918807268142700,0.9504071474075317,0.0089228097349405,-0.2322572469711304,-0.3251917958259583,0.9166390895843506,0.0127555485814810,-0.2322872430086136,-0.3324599266052246,0.9139750599861145,0.0127555485814810,-0.2322872430086136,-0.3324599266052246,0.9139750599861145,0.0207881256937981,-0.0010775395203382,-0.0248058792203665,0.9994755983352661,-0.0601097382605076,0.0009321713587269,-0.0248131658881903,0.9978828430175781,-0.0571479834616184,0.0343817770481110,0.2469889074563980,0.9667204022407532,0.0164513923227787,-0.2452710568904877,0.2705171108245850,0.9308018088340759,0.0317857302725315,-0.2445763200521469,0.2415536046028137,0.9385222196578979,0.0317857302725315,-0.2445763200521469,0.2415536046028137,0.9385222196578979,0.0205691289156675,-0.0098569924011827,-0.0244356263428926,0.9994412660598755
-0.0012145508080721,0.0039673797786236,0.8129458546638488,0.0205435398966074,-0.0085433702915907,-0.0244558695703745,0.9994533658027649,-0.0695572108030319,-0.0365282855927944,0.0144774265587330,0.3448684036731720,-0.3400522768497467,0.0007033786037937,-0.1743031561374664,-0.0872613877058029,0.0028463594615459,0.4676652967929840,-0.3713069796562195,0.1127872794866562,0.0000000000000000,0.0193883605301380,0.1590778499841690,-0.5503336548805237,-0.5721493482589721,-0.0154165610671043,0.0193883605301380,-0.1590778499841690,0.5503336548805237,-0.5721493482589721,-0.0684947282075882,0.0000000000000000,0.0542778611183166,-0.0400177329778671,-0.0086359967943281,0.0089557851768901,-0.1185987758680408,-0.0124882976936527,-0.0856956772506237,0.0568510480225086,-0.0633082106709480,0.0724223189055920,-0.1532066911458969,-0.0158534090965986,0.0074864920228720,0.0407516025006771,-0.0786217719316483,-0.0822025477886200,-0.1595127463340759,-0.0521619878709316,0.0000000000000000,0.1064738988876343,-0.1300639793276787,0.1433426111936569,0.6815807282924652,0.0960036516189575,0.1064738988876343,0.1300639793276787,-0.1433426111936569,0.6815807282924652,-0.0577297620475292,0.0000000000000000,0.0000000000000000,0.0000000000000000,0.0205435398966074,-0.0085433702915907,-0.0244558695703745,0.9994533658027649,0.0205435398966074,-0.0085433702915907,-0.0244558695703745,0.9994533658027649,0.0196864996105433,-0.0428026579320431,-0.0164167322218418,0.9987546801567078,0.0013888081302866,-0.0419896915555000,-0.0169061981141567,0.9989739656448364,0.0010847187368199,-0.0419984981417656,-0.0096745369955897,0.9990701675415039,0.0027287001721561,0.1300457715988159,-0.0093447444960475,0.9914602041244507,0.0011078808456659,-0.0395925529301167,-0.0096720764413476,0.9991684556007385,0.0014592793304473,-0.0395959168672562,-0.0096581857651472,0.9991680383682251,0.0014592793304473,-0.0395959168672562,-0.0096581857651472,0.9991680383682251,0.0186018999665976,-0.0920776128768921,-0.0486058779060841,0.9943907856941223,-0.0247879773378372,-0.0898699313402176,-0.0525759793817997,0.9942557811737061,-0.0249163471162319,-0.0898344591259956,-0.0511609800159931,0.9943298101425171,-0.0123841157183051,0.1430040597915649,-0.0555421523749828,0.9880847930908203,-0.0224242843687534,-0.0418427363038063,-0.0523020029067993,0.9975023269653320,0.0338343568146229,-0.0447240099310875,-0.0498607307672501,0.9971804618835449,0.0338343568146229,-0.0447240099310875,-0.0498607307672501,0.9971804618835449,0.0205435398966074,-0.0085433702915907,-0.0244558695703745,0.9994533658027649,0.0207740366458893,0.0011141371214762,-0.0236476212739944,0.9995039701461792,0.1001240238547325,-0.0007682320429012,-0.0236599855124950,0.9946932792663574,0.0969704389572144,0.0433859899640083,-0.2907933294773102,0.9508700370788574,0.0096284467726946,-0.2242266535758972,-0.3231093287467957,0.9193639755249023,0.0129922246560454,-0.2242445349693298,-0.3296297192573547,0.9170004129409790,0.0129922246560454,-0.2242445349693298,-0.3296297192573547,0.9170004129409790,0.0207843687385321,0.0011391453444958,-0.0248643495142460,0.9994741082191467,-0.0586946383118629,0.0031112178694457,-0.0246966257691383,0.9979655742645264,-0.0552225336432457,0.0359376519918442,0.2458506077528000,0.9670658111572266,0.0161592643707991,-0.2370869219303131,0.2685800194740295,0.9334845542907715,0.0314951725304127,-0.2364125549793243,0.2389766126871109,0.9412796497344971,0.0314951725304127,-0.2364125549793243,0.2389766126871109,0.9412796497344971,0.0205435398966074,-0.0085433702915907,-0.0244558695703745,0.9994533658027649
-0.0006749805528671,0.0033387022558600,0.8128750681877136,0.0203366018831730,-0.0072400923818350,-0.0239481385797262,0.9994801282882690,-0.0728227987885475,-0.0352758482098579,0.0126743121072650,0.3468224287033081,-0.3432667553424835,0.0003090880811214,-0.1751599550247192,-0.0864748686552048,0.0004254485946149,0.4661829113960266,-0.3740420520305633,0.1111382097005844,0.0000000000000000,0.0207308825105429,0.1570740610361099,-0.5477859616279602,-0.5597270488739013,-0.0130711808800697,0.0207308825105429,-0.1570740610361099,0.5477859616279602,-0.5597270488739013,-0.0691296666860580,0.0000000000000000,0.0395930327475071,-0.0363470897078514,-0.0060975546017289,-0.0271131871124615,-0.1309677065873080,-0.0164334086743241,-0.1362964853644371,0.0597762219607830,-0.0797191098332405,0.0889236256480217,-0.1565229743719101,-0.0200710959732532,-0.0248324275016785,0.0389696322381496,-0.1063694760203362,-0.0791532352566719,-0.1479776382446289,-0.0703782983124256,0.0000000000000000,0.0764396786689758,-0.1169807881116867,0.1303954094648361,0.6655776143074036,0.1075476765632629,0.0764396786689758,0.1169807881116867,-0.1303954094648361,0.6655776143074036,-0.0418143831193447,0.0000000000000000,0.0000000000000000,0.0000000000000000,0.0203366018831730,-0.0072400923818350,-0.0239481385797262,0.9994801282882690,0.0203366018831730,-0.0072400923818350,-0.0239481385797262,0.9994801282882690,0.0194142274558544,-0.0425715073943138,-0.0152300093322992,0.9987887144088745,0.0017955580260605,-0.0422957241535187,-0.0159781910479069,0.9989757537841797,0.0015279324725270,-0.0423059761524200,-0.0096472296863794,0.9990569949150085,0.0031693596392870,0.1307092159986496,-0.0092386491596699,0.9913725852966309,0.0015451735816896,-0.0405297502875328,-0.0096446499228477,0.9991306066513062,0.0016995894256979,-0.0405312702059746,-0.0096385423094034,0.9991303682327271,0.0016995894256979,-0.0405312702059746,-0.0096385423094034,0.9991303682327271,0.0183994174003601,-0.0911957398056984,-0.0482010506093502,0.9944956302642822,-0.0246037989854813,-0.0890268981456757,-0.0520980060100555,0.9943615198135376,-0.0246232859790325,-0.0890214890241623,-0.0518865287303925,0.9943724870681763,-0.0119725950062275,0.1430725455284119,-0.0561711713671684,0.9880443811416626,-0.0222084410488605,-0.0431320220232010,-0.0529657900333405,0.9974172711372375,0.0332229621708393,-0.0460068061947823,-0.0504893362522125,0.9971110820770264,0.0332229621708393,-0.0460068061947823,-0.0504893362522125,0.9971110820770264,0.0203366018831730,-0.0072400923818350,-0.0239481385797262,0.9994801282882690,0.0205782912671566,0.0030865005683154,-0.0230860933661461,0.9995169639587402,0.0989332795143127,0.0012653846060857,-0.0232560858130455,0.9948215484619141,0.0953003764152527,0.0448252819478512,-0.2892579436302185,0.9514402151107788,0.0103492438793182,-0.2173359394073486,-0.3207525610923767,0.9218327999114990,0.0131623726338148,-0.2173442244529724,-0.3263062834739685,0.9198436737060547,0.0131623726338148,-0.2173442244529724,-0.3263062834739685,0.9198436737060547,0.0205876566469669,0.0031129587441683,-0.0243871062994003,0.9994857907295227,-0.0578917711973190,0.0050171529874206,-0.0240686405450106,0.9980201125144958,-0.0539719238877296,0.0374087467789650,0.2452583611011505,0.9672311544418335,0.0156631991267204,-0.2299389541149139,0.2674031555652618,0.9356166124343872,0.0309150852262974,-0.2292910367250443,0.2374014407396317,0.9434566497802734,0.0309150852262974,-0.2292910367250443,0.2374014407396317,0.9434566497802734,0.0203366018831730,-0.0072400923818350,-0.0239481385797262,0.9994801282882690
-0.0004507733392529,0.0028328550979495,0.8128682374954224,0.0200389605015516,-0.0059419767931104,-0.0231763906776905,0.9995128512382507,-0.0767629593610764,-0.0339522697031498,0.0106102824211121,0.3489958941936493,-0.3465862572193146,-0.0000762881827541,-0.1764669418334961,-0.0856794416904449,-0.0023623637389392,0.4648263752460480,-0.3764965236186981,0.1091872602701187,0.0000000000000000,0.0218405649065971,0.1554900556802750,-0.5453135371208191,-0.5484163165092468,-0.0104827675968409,0.0218405649065971,-0.1554900556802750,0.5453135371208191,-0.5484163165092468,-0.0695129185914993,0.0000000000000000,0.0112103596329689,-0.0252923574298620,-0.0003415346145630,-0.0747887716595570,-0.1306245039645234,-0.0323652113350601,-0.1970080137252808,0.0661789253354073,-0.1032014787197113,0.1086732670664787,-0.1659750789403915,-0.0192688126116991,-0.0653493404388428,0.0397713445127010,-0.1393906027078629,-0.0678268074989319,-0.1227235719561577,-0.0975474640727043,0.0000000000000000,0.0554841160774231,-0.0792002603411674,0.1236212179064751,0.5655366182327271,0.1294206529855728,0.0554841160774231,0.0792002603411674,-0.1236212179064751,0.5655366182327271,-0.0191625915467739,0.0000000000000000,0.0000000000000000,0.0000000000000000,0.0200389605015516,-0.0059419767931104,-0.0231763906776905,0.9995128512382507,0.0200389605015516,-0.0059419767931104,-0.0231763906776905,0.9995128512382507,0.0191061682999134,-0.0431831218302250,-0.0139754796400666,0.9987866878509521,0.0021486915647984,-0.0429396629333496,-0.0147065129131079,0.9989671111106873,0.0019208613084629,-0.0429504550993443,-0.0094066690653563,0.9990310668945312,0.0035248177591711,0.1311473101377487,-0.0089303301647305,0.9913163781166077,0.0019321932923049,-0.0417467765510082,-0.0094043482095003,0.9990820884704590,0.0018940841546282,-0.0417464151978493,-0.0094059407711029,0.9990821480751038,0.0018940841546282,-0.0417464151978493,-0.0094059407711029,0.9990821480751038,0.0181238334625959,-0.0905368253588676,-0.0475876443088055,0.9945904016494751,-0.0244877375662327,-0.0884157419204712,-0.0514213703572750,0.9944540262222290,-0.0243832841515541,-0.0884446054697037,-0.0525959655642509,0.9943926334381104,-0.0116134565323591,0.1429683417081833,-0.0567979551851749,0.9880279302597046,-0.0220373664051294,-0.0444553568959236,-0.0536212138831615,0.9973278641700745,0.0324161723256111,-0.0473150499165058,-0.0511155538260937,0.9970444440841675,0.0324161723256111,-0.0473150499165058,-0.0511155538260937,0.9970444440841675,0.0200389605015516,-0.0059419767931104,-0.0231763906776905,0.9995128512382507,0.0202862806618214,0.0049378452822566,-0.0222712680697441,0.9995339512825012,0.0978555381298065,0.0031931931152940,-0.0225875023752451,0.9949391484260559,0.0937644466757774,0.0462014414370060,-0.2874974012374878,0.9520603418350220,0.0110774068161845,-0.2110115438699722,-0.3182530105113983,0.9241571426391602,0.0132989473640919,-0.2110104113817215,-0.3227287828922272,0.9225745797157288,0.0132989473640919,-0.2110104113817215,-0.3227287828922272,0.9225745797157288,0.0202944278717041,0.0049653258174658,-0.0236419606953859,0.9995021224021912,-0.0573949404060841,0.0067865210585296,-0.0231849048286676,0.9980592131614685,-0.0530587285757065,0.0388374365866184,0.2449391037225723,0.9673061966896057,0.0150649575516582,-0.2233060300350189,0.2666026353836060,0.9374595880508423,0.0301898308098316,-0.2226877957582474,0.2363240122795105,0.9453304409980774,0.0301898308098316,-0.2226877957582474,0.2363240122795105,0.9453304409980774,0.0200389605015516,-0.0059419767931104,-0.0231763906776905,0.9995128512382507
-0.0014767140964977,0.0016003630124033,0.8127167820930481,0.0201242491602898,-0.0046228296123445,-0.0230646785348654,0.9995207786560059,-0.0839219182729721,-0.0324088886380196,0.0083093170076609,0.3540503382682800,-0.3510852336883545,0.0002246852702228,-0.1821687817573547,-0.0845614656805992,-0.0037830621004105,0.4671469151973724,-0.3805068552494049,0.1079297646880150,0.0000000000000000,0.0238934997469187,0.1546524822711945,-0.5414247274398803,-0.5405077338218689,-0.0046520944684744,0.0238934997469187,-0.1546524822711945,0.5414247274398803,-0.5405077338218689,-0.0741113960742950,0.0000000000000000,-0.0262940749526024,-0.0470917027443647,-0.0046802756085526,-0.0350095213879614,-0.1316158225229289,-0.0096352764418088,-0.2935719549655914,0.0727729976177216,-0.1103095516562462,0.1951026245951652,-0.2013593167066574,0.0013216789811850,-0.1971949338912964,0.0494478158652782,-0.0983771905303002,0.0424854755401611,-0.1693993687629700,-0.0767438530921936,0.0000000000000000,0.0837816894054413,-0.0568073041737080,0.1661127686500549,0.4634721100330353,0.2266884505748749,0.0837816894054413,0.0568073041737080,-0.1661127686500549,0.4634721100330353,-0.1456193517893553,0.0000000000000000,0.0000000000000000,0.0000000000000000,0.0201242491602898,-0.0046228296123445,-0.0230646785348654,0.9995207786560059,0.0201242491602898,-0.0046228296123445,-0.0230646785348654,0.9995207786560059,0.0191227868199348,-0.0453371815383434,-0.0130080580711365,0.9987039566040039,0.0029374971054494,-0.0451199710369110,-0.0137398652732372,0.9988828301429749,0.0027516873087734,-0.0451311543583870,-0.0095896655693650,0.9989312887191772,0.0043974849395454,0.1314879804849625,-0.0089537557214499,0.9912676215171814,0.0027659335173666,-0.0436501353979111,-0.0095854178071022,0.9989970922470093,0.0028781555593014,-0.0436512418091297,-0.0095803253352642,0.9989968538284302,0.0028781555593014,-0.0436512418091297,-0.0095803253352642,0.9989968538284302,0.0181227140128613,-0.0919469296932220,-0.0482677295804024,0.9944282770156860,-0.0239261724054813,-0.0898248553276062,-0.0521105006337166,0.9943055510520935,-0.0237555652856827,-0.0898697078227997,-0.0539911165833473,0.9942052364349365,-0.0106130111962557,0.1426848024129868,-0.0580225810408592,0.9880090355873108,-0.0213959030807018,-0.0467298328876495,-0.0549696683883667,0.9971644878387451,0.0324210673570633,-0.0496262684464455,-0.0523700676858425,0.9968669414520264,0.0324210673570633,-0.0496262684464455,-0.0523700676858425,0.9968669414520264,0.0201242491602898,-0.0046228296123445,-0.0230646785348654,0.9995207786560059,0.0203943438827991,0.0072795795276761,-0.0220732875168324,0.9995219707489014,0.0975456684827805,0.0055526779033244,-0.0225690118968487,0.9949596524238586,0.0928929895162582,0.0480955168604851,-0.2856534421443939,0.9526069164276123,0.0119052594527602,-0.2057033032178879,-0.3159759640693665,0.9261229038238525,0.0128893852233887,-0.2057038396596909,-0.3179658353328705,0.9254283905029297,0.0128893852233887,-0.2057038396596909,-0.3179658353328705,0.9254283905029297,0.0204011648893356,0.0073097785934806,-0.0235728267580271,0.9994872808456421,-0.0568693950772285,0.0091089867055416,-0.0229383632540703,0.9980765581130981,-0.0519846454262733,0.0407156459987164,0.2433188855648041,0.9676961898803711,0.0147174764424562,-0.2179072499275208,0.2645926475524902,0.9393032789230347,0.0306496322154999,-0.2172774672508240,0.2321895807981491,0.9475965499877930,0.0306496322154999,-0.2172774672508240,0.2321895807981491,0.9475965499877930,0.0201242491602898,-0.0046228296123445,-0.0230646785348654,0.9995207786560059
-0.0026258318684995,0.0003750834031962,0.8126085519790649,0.0201119221746922,-0.0032212890218943,-0.0227194204926491,0.9995343089103699,-0.0915896862745285,-0.0306342821568251,0.0057950453832746,0.3591985881328583,-0.3557198286056519,0.0004674604278989,-0.1880395710468292,-0.0832092940807343,-0.0053624900057912,0.4692041099071503,-0.3842297613620758,0.1066889896988869,0.0000000000000000,0.0259028792381287,0.1542954653501511,-0.5367877840995788,-0.5335703849792480,0.0011667228303850,0.0259028792381287,-0.1542954653501511,0.5367877840995788,-0.5335703849792480,-0.0782384216785431,0.0000000000000000,-0.0549923434853554,-0.0614082254469395,-0.0062760110944509,-0.0224259830468015,-0.1373672912278700,-0.0004042627793222,-0.3732121884822846,0.0841058090329170,-0.1214474529027939,0.2555363774299622,-0.2290173619985580,0.0133027236908674,-0.2901604712009430,0.0629246637225151,-0.0757968008518219,0.1081266328692436,-0.1918938010931015,-0.0623731605708599,0.0000000000000000,0.1013400778174400,-0.0274619735777378,0.2168844759464265,0.3662920922040939,0.2911779880523682,0.1013400778174400,0.0274619735777378,-0.2168844759464265,0.3662920922040939,-0.2157803028821945,0.0000000000000000,0.0000000000000000,0.0000000000000000,0.0201119221746922,-0.0032212890218943,-0.0227194204926491,0.9995343089103699,0.0201119221746922,-0.0032212890218943,-0.0227194204926491,0.9995343089103699,0.0190503075718880,-0.0476545467972755,-0.0117416633293033,0.9986131787300110,0.0037527172826231,-0.0474682003259659,-0.0124688586220145,0.9987878203392029,0.0036169127561152,-0.0474782586097717,-0.0095747150480747,0.9988198280334473,0.0052684224210680,0.1317099183797836,-0.0087735708802938,0.9912354946136475,0.0036335210315883,-0.0457408651709557,-0.0095683168619871,0.9989008903503418,0.0038669912610203,-0.0457430854439735,-0.0095575563609600,0.9989000558853149,0.0038669912610203,-0.0457430854439735,-0.0095575563609600,0.9989000558853149,0.0180416218936443,-0.0933586433529854,-0.0487295538187027,0.9942756295204163,-0.0233286004513502,-0.0912510901689529,-0.0525698438286781,0.9941656589508057,-0.0230832342058420,-0.0913130342960358,-0.0552352070808411,0.9940211772918701,-0.0096109062433243,0.1422544568777084,-0.0590876266360283,0.9880182147026062,-0.0207166597247124,-0.0490101724863052,-0.0561661273241043,0.9970026016235352,0.0324722304940224,-0.0519349649548531,-0.0534736551344395,0.9966888427734375,0.0324722304940224,-0.0519349649548531,-0.0534736551344395,0.9966888427734375,0.0201119221746922,-0.0032212890218943,-0.0227194204926491,0.9995343089103699,0.0204009898006916,0.0096821440383792,-0.0216448362916708,0.9995106458663940,0.0973738282918930,0.0079852435737848,-0.0223270189017057,0.9949654340744019,0.0921496227383614,0.0500414595007896,-0.2832331061363220,0.9533012509346008,0.0128511451184750,-0.2008219510316849,-0.3132068216800690,0.9281201958656311,0.0126141589134932,-0.2008269876241684,-0.3127022683620453,0.9282923340797424,0.0126141589134932,-0.2008269876241684,-0.3127022683620453,0.9282923340797424,0.0204061437398195,0.0097148427739739,-0.0232704989612103,0.9994737505912781,-0.0566852241754532,0.0114793051034212,-0.0224522203207016,0.9980736374855042,-0.0512470640242100,0.0426897741854191,0.2415578663349152,0.9680915474891663,0.0141357500106096,-0.2128601372241974,0.2625520229339600,0.9410404562950134,0.0307769682258368,-0.2122329026460648,0.2282315492630005,0.9496948122978210,0.0307769682258368,-0.2122329026460648,0.2282315492630005,0.9496948122978210,0.0201119221746922,-0.0032212890218943,-0.0227194204926491,0.9995343089103699
-0.0040213034953922,-0.0008357710787095,0.8125867724418641,0.0199043862521648,-0.0016549703432247,-0.0219071041792631,0.9995604157447815,-0.1002750724554062,-0.0283972248435020,0.0028541613370180,0.3645344495773316,-0.3606256604194641,0.0005938390095253,-0.1942482590675354,-0.0813887313008308,-0.0072593769989908,0.4707346141338348,-0.3873778164386749,0.1054816558957100,0.0000000000000000,0.0278251480311155,0.1548995614051819,-0.5306545734405518,-0.5285755038261414,0.0069618298672140,0.0278251480311155,-0.1548995614051819,0.5306545734405518,-0.5285755038261414,-0.0814225435256958,0.0000000000000000,-0.0660782687366009,-0.0607590973377228,-0.0023857354186475,-0.0642338685665129,-0.1526390602258819,-0.0181710915783650,-0.4190050065517426,0.1049160987138748,-0.1406450107693672,0.2639788985252380,-0.2412230223417282,0.0080648774281144,-0.3053658962249756,0.0840022645890713,-0.0900824561715126,0.0844255611300468,-0.1660255044698715,-0.0608683049678802,0.0000000000000000,0.0974200963973999,0.0157881058752537,0.2842164963483811,0.2788810551166534,0.2901110053062439,0.0974200963973999,-0.0157881058752537,-0.2842164963483811,0.2788810551166534,-0.1733496338129043,0.0000000000000000,0.0000000000000000,0.0000000000000000,0.0199043862521648,-0.0016549703432247,-0.0219071041792631,0.9995604157447815,0.0199043862521648,-0.0016549703432247,-0.0219071041792631,0.9995604157447815,0.0187996774911880,-0.0502986162900925,-0.0098773678764701,0.9985083937644958,0.0046207676641643,-0.0501523874700069,-0.0105891907587647,0.9986746907234192,0.0045509422197938,-0.0501583144068718,-0.0091639021411538,0.9986889362335205,0.0061359060928226,0.1316945999860764,-0.0081861745566130,0.9912375807762146,0.0045688031241298,-0.0482063852250576,-0.0091548990458250,0.9987850189208984,0.0048653585836291,-0.0482090935111046,-0.0091405156999826,0.9987835884094238,0.0048653585836291,-0.0482090935111046,-0.0091405156999826,0.9987835884094238,0.0178006440401077,-0.0947738140821457,-0.0487550087273121,0.9941448569297791,-0.0226590782403946,-0.0927118808031082,-0.0525697655975819,0.9940459728240967,-0.0223217979073524,-0.0927932187914848,-0.0561774373054504,0.9938486218452454,-0.0086055155843496,0.1415309011936188,-0.0598336532711983,0.9880864620208740,-0.0199620462954044,-0.0513026006519794,-0.0570590421557426,0.9968519806861877,0.0326161794364452,-0.0542389862239361,-0.0542758218944073,0.9965180754661560,0.0326161794364452,-0.0542389862239361,-0.0542758218944073,0.9965180754661560,0.0199043862521648,-0.0016549703432247,-0.0219071041792631,0.9995604157447815,0.0202048998326063,0.0122063877061009,-0.0207555573433638,0.9995058774948120,0.0974784791469574,0.0105639826506376,-0.0216381251811981,0.9949464201927185,0.0916625633835793,0.0520911850035191,-0.2796603739261627,0.9542926549911499,0.0140335289761424,-0.1968025863170624,-0.3094660341739655,0.9302165508270264,0.0126083539798856,-0.1968216300010681,-0.3064558804035187,0.9312286972999573,0.0126083539798856,-0.1968216300010681,-0.3064558804035187,0.9312286972999573,0.0202077068388462,0.0122411511838436,-0.0225018989294767,0.9994676113128662,-0.0571840554475784,0.0139453522861004,-0.0214869901537895,0.9980350136756897,-0.0511828511953354,0.0448559857904911,0.2395168244838715,0.9685041308403015,0.0130861951038241,-0.2085260748863220,0.2604617178440094,0.9426056146621704,0.0302413087338209,-0.2079337835311890,0.2246411889791489,0.9515173435211182,0.0302413087338209,-0.2079337835311890,0.2246411889791489,0.9515173435211182,0.0199043862521648,-0.0016549703432247,-0.0219071041792631,0.9995604157447815
-0.0056523627601564,-0.0026918422430754,0.8124832153320313,0.0200193710625172,0.0004059632774442,-0.0216952115297318,0.9995641112327576,-0.1103962272405624,-0.0256974805146456,0.0010015971725807,0.3701411187648773,-0.3643563985824585,0.0005284297512844,-0.2018904864788055,-0.0791385918855667,-0.0089682789519429,0.4715570867061615,-0.3904916226863861,0.1038223698735237,0.0000000000000000,0.0295095399022102,0.1557652801275253,-0.5243569970130920,-0.5246637582778930,0.0121134562417865,0.0295095399022102,-0.1557652801275253,0.5243569970130920,-0.5246637582778930,-0.0863462895154953,0.0000000000000000,-0.0768412068486214,-0.0798992209136486,-0.0035423038527369,-0.0415203297559603,-0.1870962545445788,-0.0054068003178110,-0.4773423492908477,0.1257334694266319,-0.1143945962190628,0.2749172925949097,-0.2100387662649155,0.0005652938038111,-0.3534405529499054,0.1039154306054115,-0.0892047911882401,0.0552842572331429,-0.1563752740621567,-0.0739252515137196,0.0000000000000000,0.0889771267771721,0.0380534801632166,0.3115914762020111,0.2172499746084213,0.2704509377479553,0.0889771267771721,-0.0380534801632166,-0.3115914762020111,0.2172499746084213,-0.2113948017358780,0.0000000000000000,0.0000000000000000,0.0000000000000000,0.0200193710625172,0.0004059632774442,-0.0216952115297318,0.9995641112327576,0.0200193710625172,0.0004059632774442,-0.0216952115297318,0.9995641112327576,0.0188401713967323,-0.0531477555632591,-0.0084570497274399,0.9983731508255005,0.0060109877958894,-0.0530335828661919,-0.0091363182291389,0.9985328912734985,0.0059857238084078,-0.0530358403921127,-0.0086361803114414,0.9985374212265015,0.0074709611944854,0.1316165626049042,-0.0073842285200953,0.9912450909614563,0.0060101496055722,-0.0501474961638451,-0.0086173489689827,0.9986865520477295,0.0062740221619606,-0.0501498021185398,-0.0086041893810034,0.9986849427223206,0.0062740221619606,-0.0501498021185398,-0.0086041893810034,0.9986849427223206,0.0177929755300283,-0.0963714569807053,-0.0496046841144562,0.9939493536949158,-0.0215407535433769,-0.0943348258733749,-0.0533768683671951,0.9938752651214600,-0.0211166273802519,-0.0944298058748245,-0.0578329265117645,0.9936259388923645,-0.0070223594084382,0.1402938812971115,-0.0611653923988342,0.9881938695907593,-0.0187575370073318,-0.0540888234972954,-0.0586425140500069,0.9966362118721008,0.0329812355339527,-0.0570576265454292,-0.0557588711380959,0.9962668418884277,0.0329812355339527,-0.0570576265454292,-0.0557588711380959,0.9962668418884277,0.0200193710625172,0.0004059632774442,-0.0216952115297318,0.9995641112327576,0.0203371755778790,0.0151060614734888,-0.0204719174653292,0.9994694590568542,0.0980381518602371,0.0134673900902271,-0.0215861946344376,0.9948574304580688,0.0915622115135193,0.0545608811080456,-0.2765960693359375,0.9550570249557495,0.0152747817337513,-0.1928065568208694,-0.3063478469848633,0.9320640563964844,0.0128148309886456,-0.1928481310606003,-0.3010936081409454,0.9338030219078064,0.0128148309886456,-0.1928481310606003,-0.3010936081409454,0.9338030219078064,0.0203362740576267,0.0151431728154421,-0.0223239697515965,0.9994293451309204,-0.0574848838150501,0.0168341193348169,-0.0210770741105080,0.9979819059371948,-0.0508293211460114,0.0473715439438820,0.2368593811988831,0.9690563082695007,0.0123037109151483,-0.2043997347354889,0.2577252089977264,0.9442706704139709,0.0303261056542397,-0.2038297355175018,0.2196204364299774,0.9535725116729736,0.0303261056542397,-0.2038297355175018,0.2196204364299774,0.9535725116729736,0.0200193710625172,0.0004059632774442,-0.0216952115297318,0.9995641112327576
-0.0074012158438563,-0.0048705218359828,0.8123387694358826,0.0202955398708582,0.0027141994796693,-0.0217834506183863,0.9995530247688293,-0.1212352663278580,-0.0227663926780224,-0.0003068068763241,0.3758831918239594,-0.3674995899200439,0.0003671265731100,-0.2102494835853577,-0.0766736641526222,-0.0105831883847713,0.4720255434513092,-0.3935883045196533,0.1019371077418327,0.0000000000000000,0.0310749933123589,0.1567618101835251,-0.5179772377014160,-0.5212935805320740,0.0169433429837227,0.0310749933123589,-0.1567618101835251,0.5179772377014160,-0.5212935805320740,-0.0921398475766182,0.0000000000000000,-0.0874426513910294,-0.1089339703321457,-0.0072222943417728,0.0134539212197242,-0.2311461615236181,0.0226230509725415,-0.5419519543647766,0.1465543806552887,-0.0654201954603195,0.2871036231517792,-0.1571595519781113,-0.0080651585012674,-0.4179498255252838,0.1232463791966438,-0.0807454660534859,0.0234228372573853,-0.1548340767621994,-0.0942630991339684,0.0000000000000000,0.0782726630568504,0.0498264990746975,0.3189879357814789,0.1685088723897934,0.2414943277835846,0.0782726630568504,-0.0498264990746975,-0.3189879357814789,0.1685088723897934,-0.2896778881549835,0.0000000000000000,0.0000000000000000,0.0000000000000000,0.0202955398708582,0.0027141994796693,-0.0217834506183863,0.9995530247688293,0.0202955398708582,0.0027141994796693,-0.0217834506183863,0.9995530247688293,0.0190261341631413,-0.0560991391539574,-0.0072586825117469,0.9982175230979919,0.0076622399501503,-0.0560128763318062,-0.0078967865556479,0.9983693957328796,0.0076708323322237,-0.0560117028653622,-0.0080499397590756,0.9983682036399841,0.0090397838503122,0.1315068602561951,-0.0064749908633530,0.9912528991699219,0.0077045089565217,-0.0518262609839439,-0.0080177141353488,0.9985942244529724,0.0078878141939640,-0.0518277324736118,-0.0080082006752491,0.9985927939414978,0.0078878141939640,-0.0518277324736118,-0.0080082006752491,0.9985927939414978,0.0179019067436457,-0.0980600714683533,-0.0508663132786751,0.9937184453010559,-0.0201979335397482,-0.0960384383797646,-0.0545873306691647,0.9936744570732117,-0.0196894574910402,-0.0961439758539200,-0.0598446652293205,0.9933716654777527,-0.0051502799615264,0.1387992352247238,-0.0627895966172218,0.9883145689964294,-0.0173278935253620,-0.0571213662624359,-0.0605706423521042,0.9963774681091309,0.0334565453231335,-0.0601330511271954,-0.0575818493962288,0.9959663748741150,0.0334565453231335,-0.0601330511271954,-0.0575818493962288,0.9959663748741150,0.0202955398708582,0.0027141994796693,-0.0217834506183863,0.9995530247688293,0.0206335168331861,0.0181933529675007,-0.0204909779131413,0.9994115233421326,0.0988247618079185,0.0165330395102501,-0.0218526180833578,0.9947274923324585,0.0916545763611794,0.0572401732206345,-0.2737841606140137,0.9557014107704163,0.0165452696382999,-0.1888200342655182,-0.3035374283790588,0.9337763786315918,0.0131272254511714,-0.1888873875141144,-0.2961684167385101,0.9361802935600281,0.0131272254511714,-0.1888873875141144,-0.2961684167385101,0.9361802935600281,0.0206282213330269,0.0182329528033733,-0.0224412493407726,0.9993690252304077,-0.0576863773167133,0.0199341382831335,-0.0209446977823973,0.9979159235954285,-0.0503305792808533,0.0500612258911133,0.2338911592960358,0.9696677923202515,0.0116545837372541,-0.2003742009401321,0.2546616792678833,0.9459713697433472,0.0307201221585274,-0.1998164653778076,0.2138772606849670,0.9557123780250549,0.0307201221585274,-0.1998164653778076,0.2138772606849670,0.9557123780250549,0.0202955398708582,0.0027141994796693,-0.0217834506183863,0.9995530247688293
-0.0098110683262348,-0.0066661518067121,0.8121728301048279,0.0198635645210743,0.0053765536285937,-0.0215255431830883,0.9995565414428711,-0.1361244052648544,-0.0188072923570871,-0.0026616011222359,0.3855149507522583,-0.3732631564140320,0.0009251415787730,-0.2209620475769043,-0.0729270964860916,-0.0116471799090505,0.4738193154335022,-0.3955715298652649,0.1007534936070442,0.0000000000000000,0.0336274974048138,0.1589276582002640,-0.5104458808898926,-0.5210700273513794,0.0236084278672934,0.0336274974048138,-0.1589276582002640,0.5104458808898926,-0.5210700273513794,-0.0972369790077210,0.0000000000000000,-0.1072726294398308,-0.0974424839019775,-0.0078670976683497,-0.0067780869821094,-0.2518773972319639,-0.0203838022806510,-0.6634549140930176,0.1773947596549988,-0.0968119025230408,0.4037941992282867,-0.2357707977294922,0.0135143842548132,-0.4885568499565124,0.1616955727338791,-0.0642179310321808,0.0631822880357504,-0.1214303866028786,-0.0732136614620686,0.0000000000000000,0.1078841835260391,0.0849060356616974,0.3535358607769012,0.0741101443767548,0.2965502619743347,0.1078841835260391,-0.0849060356616974,-0.3535358607769012,0.0741101443767548,-0.2687850892543793,0.0000000000000000,0.0000000000000000,0.0000000000000000,0.0198635645210743,0.0053765536285937,-0.0215255431830883,0.9995565414428711,0.0198635645210743,0.0053765536285937,-0.0215255431830883,0.9995565414428711,0.0185027085244656,-0.0606482885777950,-0.0051841554231942,0.9979742765426636,0.0091170873492956,-0.0605941489338875,-0.0057482011616230,0.9981043338775635,0.0092012956738472,-0.0605807155370712,-0.0070762466639280,0.9980958700180054,0.0103822974488139,0.1317425072193146,-0.0051782336086035,0.9912161827087402,0.0092431502416730,-0.0544653907418251,-0.0070177400484681,0.9984482526779175,0.0097049772739410,-0.0544684603810310,-0.0069920569658279,0.9984438419342041,0.0097049772739410,-0.0544684603810310,-0.0069920569658279,0.9984438419342041,0.0172950141131878,-0.1005421727895737,-0.0520316883921623,0.9934207201004028,-0.0189324915409088,-0.0985800027847290,-0.0556593388319016,0.9933910369873047,-0.0183571912348270,-0.0986881703138351,-0.0614433810114861,0.9930500984191895,-0.0034229448065162,0.1371369510889053,-0.0640344768762589,0.9884742498397827,-0.0159399528056383,-0.0597705692052841,-0.0621144846081734,0.9961501359939575,0.0342419520020485,-0.0628219544887543,-0.0590269491076469,0.9956891536712646,0.0342419520020485,-0.0628219544887543,-0.0590269491076469,0.9956891536712646,0.0198635645210743,0.0053765536285937,-0.0215255431830883,0.9995565414428711,0.0202276017516851,0.0221271980553865,-0.0201343819499016,0.9993478059768677,0.0994921475648880,0.0204591229557991,-0.0218301489949226,0.9945883750915527,0.0914703011512756,0.0606349632143974,-0.2701448202133179,0.9565449953079224,0.0172799024730921,-0.1856581866741180,-0.2999763488769531,0.9355461597442627,0.0125580318272114,-0.1857722997665405,-0.2896721065044403,0.9388402700424194,0.0125580318272114,-0.1857722997665405,-0.2896721065044403,0.9388402700424194,0.0202159658074379,0.0221690908074379,-0.0222448483109474,0.9993023276329041,-0.0591726191341877,0.0238645747303963,-0.0204120501875877,0.9977537989616394,-0.0509295463562012,0.0538162589073181,0.2307085394859314,0.9701977968215942,0.0102914739400148,-0.1967644989490509,0.2517463564872742,0.9475240707397461,0.0302427504211664,-0.1962720155715942,0.2085853815078735,0.9576299190521240,0.0302427504211664,-0.1962720155715942,0.2085853815078735,0.9576299190521240,0.0198635645210743,0.0053765536285937,-0.0215255431830883,0.9995565414428711
-0.0125990763306618,-0.0087199497967958,0.8118554949760437,0.0194807387888432,0.0084101399406791,-0.0214115846902132,0.9995455741882324,-0.1536070674657821,-0.0147127537056804,-0.0058701537549496,0.3973828911781311,-0.3794427990913391,0.0020421277498826,-0.2341117203235626,-0.0687715917825699,-0.0118488093838096,0.4774773240089417,-0.3977620363235473,0.0993040502071381,0.0000000000000000,0.0368396177887917,0.1613882482051849,-0.5021320104598999,-0.5220271348953247,0.0296334743499756,0.0368396177887917,-0.1613882482051849,0.5021320104598999,-0.5220271348953247,-0.1018101572990417,0.0000000000000000,-0.1318372815847397,-0.0975265324115753,-0.0128388401120901,-0.0111996988044743,-0.2878615800168357,-0.0465039949346586,-0.8222625970840453,0.2020181596279144,-0.1433524519205093,0.5486733555793761,-0.3006605803966522,0.0446698829531669,-0.6087414503097532,0.1995964795351028,-0.0273287147283554,0.1456156834959983,-0.1053796947002411,-0.0671555802226066,0.0000000000000000,0.1474136859178543,0.1171346515417099,0.4000432193279266,-0.0242421606555581,0.3140530675649643,0.1474136859178543,-0.1171346515417099,-0.4000432193279266,-0.0242421606555581,-0.2391379624605179,0.0000000000000000,0.0000000000000000,0.0000000000000000,0.0194807387888432,0.0084101399406791,-0.0214115846902132,0.9995455741882324,0.0194807387888432,0.0084101399406791,-0.0214115846902132,0.9995455741882324,0.0180072821676731,-0.0660811588168144,-0.0029411583673209,0.9976474046707153,0.0106673166155815,-0.0660552531480789,-0.0034201894886792,0.9977530837059021,0.0108689973130822,-0.0660215392708778,-0.0063480907119811,0.9977388381958008,0.0119056040421128,0.1322176903486252,-0.0040709627792239,0.9911408424377441,0.0109247937798500,-0.0570692792534828,-0.0062462287023664,0.9982908964157104,0.0119440359994769,-0.0570755302906036,-0.0061867013573647,0.9982792735099792,0.0119440359994769,-0.0570755302906036,-0.0061867013573647,0.9982792735099792,0.0166731346398592,-0.1038170158863068,-0.0536740757524967,0.9930071234703064,-0.0174760613590479,-0.1019133552908897,-0.0572061613202095,0.9929933547973633,-0.0168736260384321,-0.1020156294107437,-0.0630881711840630,0.9926369190216064,-0.0014740452170372,0.1356137841939926,-0.0652849972248077,0.9886074662208557,-0.0143445087596774,-0.0623810142278671,-0.0637081339955330,0.9959137439727783,0.0351021103560925,-0.0654653310775757,-0.0605346560478210,0.9953983426094055,0.0351021103560925,-0.0654653310775757,-0.0605346560478210,0.9953983426094055,0.0194807387888432,0.0084101399406791,-0.0214115846902132,0.9995455741882324,0.0198812521994114,0.0267602708190680,-0.0198942050337791,0.9992462396621704,0.1003622561693192,0.0250692572444677,-0.0219905935227871,0.9943920969963074,0.0913560017943382,0.0646830797195435,-0.2662912607192993,0.9573708772659302,0.0179598219692707,-0.1824112981557846,-0.2962706089019775,0.9373513460159302,0.0120721776038408,-0.1825700998306274,-0.2832969725131989,0.9414165616035461,0.0120721776038408,-0.1825700998306274,-0.2832969725131989,0.9414165616035461,0.0198613218963146,0.0268052965402603,-0.0222062170505524,0.9991966485977173,-0.0607450157403946,0.0285079032182693,-0.0199691858142614,0.9975463151931763,-0.0514742918312550,0.0582363903522491,0.2270478606224060,0.9707770943641663,0.0090034911409020,-0.1930858045816422,0.2483859062194824,0.9491794109344482,0.0297215133905411,-0.1926669180393219,0.2030696868896484,0.9595618247985840,0.0297215133905411,-0.1926669180393219,0.2030696868896484,0.9595618247985840,0.0194807387888432,0.0084101399406791,-0.0214115846902132,0.9995455741882324
-0.0161433953791857,-0.0112900838255882,0.8112353682518005,0.0191962756216526,0.0121861658990383,-0.0215855725109577,0.9995083808898926,-0.1762767761945725,-0.0103473383933306,-0.0107862226665020,0.4137231945991516,-0.3864545941352844,0.0042770563391969,-0.2521356105804444,-0.0637982130050659,-0.0103257147595286,0.4848638057708740,-0.4003671050071717,0.0973229482769966,0.0000000000000000,0.0413709707558155,0.1644383221864700,-0.4922531127929687,-0.5253455638885498,0.0343784440308809,0.0413709707558155,-0.1644383221864700,0.4922531127929687,-0.5253455638885498,-0.1053354293107986,0.0000000000000000,-0.1658712819218636,-0.1207616508007050,-0.0264644607901573,0.0159994821320982,-0.3543516569547599,-0.0388508663902963,-1.0556797266006470,0.2142076015472412,-0.2201906859874726,0.7499296724796296,-0.3381074368953705,0.0949772879481316,-0.8280812025070192,0.2364008128643036,0.0502838641405106,0.3133969590067864,-0.1240349993109703,-0.0910802118480206,0.0000000000000000,0.2067791521549225,0.1436614260077477,0.4704694449901581,-0.1305016169324518,0.2564496159553528,0.2067791521549225,-0.1436614260077477,-0.4704694449901581,-0.1305016169324518,-0.1919821798801422,0.0000000000000000,0.0000000000000000,0.0000000000000000,0.0191962756216526,0.0121861658990383,-0.0215855725109577,0.9995083808898926,0.0191962756216526,0.0121861658990383,-0.0215855725109577,0.9995083808898926,0.0175679326057434,-0.0732813552021980,-0.0003613602602854,0.9971564412117004,0.0124082695692778,-0.0732760280370712,-0.0007334879483096,0.9972342848777771,0.0128111187368631,-0.0732059031724930,-0.0061110639944673,0.9972158670425415,0.0137905217707157,0.1331723332405090,-0.0033426852896810,0.9909913539886475,0.0128925219178200,-0.0596032291650772,-0.0059317210689187,0.9981212615966797,0.0150269269943237,-0.0596156790852547,-0.0058029922656715,0.9980914592742920,0.0150269269943237,-0.0596156790852547,-0.0058029922656715,0.9980914592742920,0.0160211566835642,-0.1086764633655548,-0.0562700219452381,0.9923539757728577,-0.0156375709921122,-0.1068294942378998,-0.0597021766006947,0.9923600554466248,-0.0150874648243189,-0.1069093272089958,-0.0648249313235283,0.9920386075973511,0.0009179443586618,0.1343697905540466,-0.0665471702814102,0.9886937737464905,-0.0123342387378216,-0.0649145096540451,-0.0654020160436630,0.9956688880920410,0.0361120812594891,-0.0680182203650475,-0.0621681064367294,0.9950904250144958,0.0361120812594891,-0.0680182203650475,-0.0621681064367294,0.9950904250144958,0.0191962756216526,0.0121861658990383,-0.0215855725109577,0.9995083808898926,0.0196540839970112,0.0327916927635670,-0.0198869165033102,0.9990711212158203,0.1016378253698349,0.0310473423451185,-0.0225168745964766,0.9940819740295410,0.0913826525211334,0.0700383484363556,-0.2620123326778412,0.9581719040870667,0.0185306854546070,-0.1789985895156860,-0.2922825217247009,0.9392482042312622,0.0117538161575794,-0.1792055517435074,-0.2771826982498169,0.9438838958740234,0.0117538161575794,-0.1792055517435074,-0.2771826982498169,0.9438838958740234,0.0196219552308321,0.0328415222465992,-0.0224831756204367,0.9990150332450867,-0.0624898746609688,0.0345769077539444,-0.0197059754282236,0.9972518682479858,-0.0519108437001705,0.0639867782592773,0.2224324494600296,0.9714601635932922,0.0078659933060408,-0.1892728507518768,0.2441398948431015,0.9510573148727417,0.0291137378662825,-0.1889481842517853,0.1971146166324615,0.9615595936775208,0.0291137378662825,-0.1889481842517853,0.1971146166324615,0.9615595936775208,0.0191962756216526,0.0121861658990383,-0.0215855725109577,0.9995083808898926
-0.0193414099514484,-0.0146573748439550,0.8101467013359069,0.0191625580191612,0.0180237181484699,-0.0216369144618511,0.9994198083877563,-0.2055771261453629,-0.0052245019003749,-0.0161215625703335,0.4342645406723023,-0.3927885055541993,0.0054277763701975,-0.2752609670162202,-0.0577343374490738,-0.0085555868223309,0.4942763924598694,-0.4018622279167176,0.0966572403907776,0.0000000000000000,0.0456567063927651,0.1684430897235870,-0.4823094487190246,-0.5276543855667114,0.0370746552944183,0.0456567063927651,-0.1684430897235870,0.4823094487190246,-0.5276543855667114,-0.1086753845214844,0.0000000000000000,-0.1668268114328384,-0.1524214029312135,-0.0450625400990248,0.0199378443552384,-0.5006513613100467,-0.0239797166643375,-1.3324046373367315,0.2409933865070344,-0.2583815664052964,0.9430463910102848,-0.3302532136440277,0.0792201653122901,-1.0542384386062627,0.2813838213682175,0.0835657238960266,0.4301072180271150,-0.0969550609588622,-0.0595932707190513,0.0000000000000000,0.2191991180181503,0.1811444908380509,0.4958878457546234,-0.1356332182884216,0.1757857173681258,0.2191991180181503,-0.1811444908380509,-0.4958878457546234,-0.1356332182884216,-0.1707040816545486,0.0000000000000000,0.0000000000000000,0.0000000000000000,0.0191625580191612,0.0180237181484699,-0.0216369144618511,0.9994198083877563,0.0191625580191612,0.0180237181484699,-0.0216369144618511,0.9994198083877563,0.0174135658890009,-0.0816348791122437,0.0031178696081042,0.9965052604675293,0.0148090124130249,-0.0816356316208839,0.0029210001230240,0.9965479373931885,0.0154829099774361,-0.0815078094601631,-0.0051105199381709,0.9965394735336304,0.0162040665745735,0.1350903809070587,-0.0016348306089640,0.9906994104385376,0.0155767388641834,-0.0608257576823235,-0.0047714542597532,0.9980154037475586,0.0182851757854223,-0.0608382001519203,-0.0046062516048551,0.9979695081710815,0.0182851757854223,-0.0608382001519203,-0.0046062516048551,0.9979695081710815,0.0154580287635326,-0.1139113232493401,-0.0594572722911835,0.9915896654129028,-0.0131706632673740,-0.1121556013822556,-0.0627085417509079,0.9916225671768188,-0.0126942209899426,-0.1122124269604683,-0.0669502764940262,0.9913450479507446,0.0040749604813755,0.1337095201015472,-0.0680091530084610,0.9886758327484131,-0.0095811132341623,-0.0663022324442863,-0.0674551650881767,0.9954707622528076,0.0385210737586021,-0.0694835558533669,-0.0641733556985855,0.9947712421417236,0.0385210737586021,-0.0694835558533669,-0.0641733556985855,0.9947712421417236,0.0191625580191612,0.0180237181484699,-0.0216369144618511,0.9994198083877563,0.0196770802140236,0.0407596491277218,-0.0197623446583748,0.9987796545028687,0.1036261171102524,0.0389518737792969,-0.0231344066560268,0.9935840368270874,0.0917198508977890,0.0774259120225906,-0.2577353119850159,0.9587310552597046,0.0195205137133598,-0.1730892658233643,-0.2883347570896149,0.9415532350540161,0.0123140271753073,-0.1733465194702148,-0.2719839215278625,0.9464799165725708,0.0123140271753073,-0.1733465194702148,-0.2719839215278625,0.9464799165725708,0.0196242202073336,0.0408146008849144,-0.0226272605359554,0.9987178444862366,-0.0644589439034462,0.0425723716616631,-0.0191003307700157,0.9968289136886597,-0.0521900616586208,0.0716528818011284,0.2180841267108917,0.9718957543373108,0.0068553602322936,-0.1830745041370392,0.2400857955217361,0.9533077478408813,0.0284572355449200,-0.1828492879867554,0.1913758516311646,0.9639148116111755,0.0284572355449200,-0.1828492879867554,0.1913758516311646,0.9639148116111755,0.0191625580191612,0.0180237181484699,-0.0216369144618511,0.9994198083877563
-0.0223662722855806,-0.0184232443571091,0.8088237643241882,0.0192535463720560,0.0248913466930389,-0.0216261781752110,0.9992707371711731,-0.2381927967071533,0.0002770451828837,-0.0216665379703045,0.4569064080715179,-0.3987834751605988,0.0060363919474185,-0.3009370565414429,-0.0511252135038376,-0.0066619422286749,0.5047020316123962,-0.4028023779392242,0.0966492295265198,0.0000000000000000,0.0498196333646774,0.1729252040386200,-0.4723334014415741,-0.5294584035873413,0.0387464873492718,0.0498196333646774,-0.1729252040386200,0.4723334014415741,-0.5294584035873413,-0.1119226813316345,0.0000000000000000,-0.1512431055307388,-0.1882934719324112,-0.0661468487232924,0.0122457972216627,-0.6868558793740143,-0.0054995563475805,-1.6307834386825562,0.2750773429870605,-0.2772487699985504,1.1320933103561401,-0.2997484505176544,0.0304307788610458,-1.2838044166564941,0.3304561674594879,0.0946822240948677,0.5212819576263428,-0.0470075011253357,-0.0004005432128906,0.0000000000000000,0.2081463336944580,0.2241057008504868,0.4988023340702057,-0.0902008935809135,0.0835915952920914,0.2081463336944580,-0.2241057008504868,-0.4988023340702057,-0.0902008935809135,-0.1623648256063461,0.0000000000000000,0.0000000000000000,0.0000000000000000,0.0192535463720560,0.0248913466930389,-0.0216261781752110,0.9992707371711731,0.0192535463720560,0.0248913466930389,-0.0216261781752110,0.9992707371711731,0.0174006484448910,-0.0905598923563957,0.0070465132594109,0.9957140684127808,0.0175385773181915,-0.0905589163303375,0.0070590577088296,0.9957116246223450,0.0185185782611370,-0.0903635993599892,-0.0037279573734850,0.9957296848297119,0.0188817009329796,0.1374883204698563,0.0005628274520859,0.9903232455253601,0.0186190847307444,-0.0613921545445919,-0.0031882820185274,0.9979349374771118,0.0216309577226639,-0.0614014975726604,-0.0030029742047191,0.9978742003440857,0.0216309577226639,-0.0614014975726604,-0.0030029742047191,0.9978742003440857,0.0149389496073127,-0.1193309426307678,-0.0629386380314827,0.9907450079917908,-0.0103891976177692,-0.1176832616329193,-0.0659681558609009,0.9908031821250916,-0.0099971415475011,-0.1177172139286995,-0.0692681223154068,0.9905779361724854,0.0076144346967340,0.1333398073911667,-0.0695703625679016,0.9885962009429932,-0.0064564966596663,-0.0671165138483047,-0.0696873664855957,0.9952875971794128,0.0416292101144791,-0.0704044625163078,-0.0663638934493065,0.9944375753402710,0.0416292101144791,-0.0704044625163078,-0.0663638934493065,0.9944375753402710,0.0192535463720560,0.0248913466930389,-0.0216261781752110,0.9992707371711731,0.0198240876197815,0.0496934764087200,-0.0195780582726002,0.9983758330345154,0.1059646904468536,0.0478171817958355,-0.0237961988896132,0.9929344058036804,0.0922069400548935,0.0858248695731163,-0.2534442245960236,0.9591131210327148,0.0207187943160534,-0.1659227758646011,-0.2843923866748810,0.9440134167671204,0.0133129004389048,-0.1662318855524063,-0.2672295570373535,0.9490932822227478,0.0133129004389048,-0.1662318855524063,-0.2672295570373535,0.9490932822227478,0.0197462309151888,0.0497536994516850,-0.0227036681026220,0.9983081817626953,-0.0665363445878029,0.0515284165740013,-0.0183223802596331,0.9962841272354126,-0.0523875504732132,0.0802724137902260,0.2138567268848419,0.9721508026123047,0.0059078270569444,-0.1756741404533386,0.2361152917146683,0.9556951522827148,0.0277747251093388,-0.1755497455596924,0.1857341974973679,0.9663920998573303,0.0277747251093388,-0.1755497455596924,0.1857341974973679,0.9663920998573303,0.0192535463720560,0.0248913466930389,-0.0216261781752110,0.9992707371711731
-0.0278043337166309,-0.0216280348598957,0.8073058485984802,0.0190472379326820,0.0339961461722851,-0.0219735801219940,0.9989987611770630,-0.2820429086685181,0.0051280244952068,-0.0292893178761005,0.4837071299552917,-0.4034228205680847,0.0048888582736254,-0.3384304404258728,-0.0435822784900665,-0.0032900065183639,0.5218035459518433,-0.3982906341552734,0.0996546626091003,0.0000000000000000,0.0533562511205673,0.1774396389722824,-0.4602198123931885,-0.5382503271102905,0.0357628270983696,0.0533562511205673,-0.1774396389722824,0.4602198123931885,-0.5382503271102905,-0.1119034633040428,0.0000000000000000,-0.2236390829086304,-0.1714610993862152,-0.0719962075352669,0.0369066944479335,-0.8203766942405732,-0.0255507295373944,-1.9678167343139652,0.2555603027343750,-0.3395828962326051,1.2568589448928835,-0.2590797334909439,-0.0222536955028773,-1.6383232116699222,0.3584704995155334,0.1390309542417527,0.7215581774711611,0.1165492989122869,0.0900027662806680,0.0000000000000000,0.1893570572137832,0.2250753194093704,0.5629285693168641,-0.2998380407691004,-0.0560731649398805,0.1893570572137832,-0.2250753194093704,-0.5629285693168641,-0.2998380407691004,-0.0643693894147872,0.0000000000000000,0.0000000000000000,0.0000000000000000,0.0190472379326820,0.0339961461722851,-0.0219735801219940,0.9989987611770630,0.0190472379326820,0.0339961461722851,-0.0219735801219940,0.9989987611770630,0.0171390697360039,-0.1026636809110641,0.0120013076812029,0.9944961071014404,0.0196868367493153,-0.1026245355606079,0.0122840451076627,0.9944494962692261,0.0212178602814674,-0.1023180112242699,-0.0022768983617425,0.9945229291915894,0.0211250856518745,0.1388503462076187,0.0028911470435560,0.9900839328765869,0.0212787967175245,-0.0623244196176529,-0.0014039205852896,0.9978282451629639,0.0237178672105074,-0.0623282715678215,-0.0012519218726084,0.9977729320526123,0.0237178672105074,-0.0623282715678215,-0.0012519218726084,0.9977729320526123,0.0136847048997879,-0.1281690001487732,-0.0682904496788979,0.9893037080764771,-0.0078786667436361,-0.1266640722751617,-0.0710448324680328,0.9893668889999390,-0.0076803276315331,-0.1266789436340332,-0.0726734697818756,0.9892482757568359,0.0113406516611576,0.1327855288982391,-0.0721738189458847,0.9884485006332397,-0.0031567988917232,-0.0653855651617050,-0.0729861706495285,0.9951823949813843,0.0464137345552444,-0.0689431950449944,-0.0696407184004784,0.9941040277481079,0.0464137345552444,-0.0689431950449944,-0.0696407184004784,0.9941040277481079,0.0190472379326820,0.0339961461722851,-0.0219735801219940,0.9989987611770630,0.0196836926043034,0.0605478361248970,-0.0197858847677708,0.9977751970291138,0.1080116033554077,0.0585548095405102,-0.0250890366733074,0.9921064376831055,0.0922374278306961,0.0958107560873032,-0.2487200796604156,0.9594012498855591,0.0206323787570000,-0.1605103015899658,-0.2801900804042816,0.9462052583694458,0.0138824619352818,-0.1608140170574188,-0.2642961740493774,0.9508384466171265,0.0138824619352818,-0.1608140170574188,-0.2642961740493774,0.9508384466171265,0.0195684581995010,0.0606116056442261,-0.0231324024498463,0.9977014660835266,-0.0689073652029037,0.0624220632016659,-0.0176547057926655,0.9955117702484131,-0.0526731349527836,0.0907199904322624,0.2084393501281738,0.9723930954933167,0.0053316997364163,-0.1698570847511292,0.2312116324901581,0.9579464793205261,0.0268887765705585,-0.1698399484157562,0.1806563436985016,0.9683979749679565,0.0268887765705585,-0.1698399484157562,0.1806563436985016,0.9683979749679565,0.0190472379326820,0.0339961461722851,-0.0219735801219940,0.9989987611770630
-0.0335942573845387,-0.0246980495750904,0.8054730892181396,0.0187519453465939,0.0433977507054806,-0.0213584620505571,0.9986535310745239,-0.3291258871555329,0.0092343810945749,-0.0388069160282612,0.5131567001342774,-0.4073110759258270,0.0034434317611158,-0.3795111417770387,-0.0366178877651691,-0.0007457760861143,0.5446510791778565,-0.3900152742862701,0.1041852116584778,0.0000000000000000,0.0569507338106632,0.1829329043626785,-0.4498958170413971,-0.5475044846534729,0.0314706463366747,0.0569507338106632,-0.1829329043626785,0.4498958170413971,-0.5475044846534729,-0.1123194307088852,0.0000000000000000,-0.2824589312076569,-0.1561962455511093,-0.0853410884737969,-0.0036865928373407,-0.9282965642531146,-0.0468754686848470,-2.2894915580749520,0.2202102810144423,-0.4379835247993473,1.4195014715194707,-0.2094345554709433,-0.0663134634494782,-1.9822885990142829,0.3597903966903686,0.1437656253576277,1.0274562120437634,0.3384956449270256,0.1960251152515415,0.0000000000000000,0.1785668224096298,0.2550866425037386,0.5519915878772732,-0.4534631729125977,-0.1884386181831362,0.1785668224096298,-0.2550866425037386,-0.5519915878772732,-0.4534631729125977,-0.0120946616516449,0.0000000000000000,0.0000000000000000,0.0000000000000000,0.0187519453465939,0.0433977507054806,-0.0213584620505571,0.9986535310745239,0.0187519453465939,0.0433977507054806,-0.0213584620505571,0.9986535310745239,0.0170171242207289,-0.1160110607743263,0.0183023232966661,0.9929335117340088,0.0216002613306046,-0.1159201040863991,0.0188469719141722,0.9928448200225830,0.0238911416381598,-0.1154705584049225,-0.0004142008256167,0.9930233955383301,0.0231860056519508,0.1403110176324844,0.0056756259873509,0.9898197650909424,0.0238564517349005,-0.0627803429961205,0.0008676673169248,0.9977418780326843,0.0255742315202951,-0.0627801492810249,0.0009759806562215,0.9976993203163147,0.0255742315202951,-0.0627801492810249,0.0009759806562215,0.9976993203163147,0.0124036660417914,-0.1384147703647614,-0.0731351822614670,0.9875924587249756,-0.0056819939054549,-0.1370576769113541,-0.0756401419639587,0.9876545667648315,-0.0056334952823818,-0.1370599865913391,-0.0760087817907333,0.9876261949539185,0.0150370318442583,0.1336331367492676,-0.0746975839138031,0.9880973100662231,0.0002881888067350,-0.0603681989014149,-0.0761856883764267,0.9952645897865295,0.0521108880639076,-0.0642595738172531,-0.0729585960507393,0.9938975572586060,0.0521108880639076,-0.0642595738172531,-0.0729585960507393,0.9938975572586060,0.0187519453465939,0.0433977507054806,-0.0213584620505571,0.9986535310745239,0.0194274373352528,0.0717237964272499,-0.0190322399139404,0.9970536828041077,0.1104146167635918,0.0696880817413330,-0.0255237333476543,0.9911109209060669,0.0924951881170273,0.1063956990838051,-0.2439717203378677,0.9594802260398865,0.0207192841917276,-0.1546970009803772,-0.2760523557662964,0.9483852982521057,0.0148604372516274,-0.1549834758043289,-0.2620200812816620,0.9524205923080444,0.0148604372516274,-0.1549834758043289,-0.2620200812816620,0.9524205923080444,0.0192712303251028,0.0717907845973969,-0.0226029083132744,0.9969774484634399,-0.0718708708882332,0.0735494792461395,-0.0159320253878832,0.9945709705352783,-0.0534812882542610,0.1016229242086411,0.2048713564872742,0.9720289707183838,0.0047989627346396,-0.1636682450771332,0.2282452434301376,0.9597362279891968,0.0261076930910349,-0.1637311279773712,0.1773341298103333,0.9700840711593628,0.0261076930910349,-0.1637311279773712,0.1773341298103333,0.9700840711593628,0.0187519453465939,0.0433977507054806,-0.0213584620505571,0.9986535310745239
-0.0400879055261612,-0.0274985127151012,0.8030106425285339,0.0182799920439720,0.0533942840993404,-0.0188198555260897,0.9982287883758545,-0.3826745986938477,0.0118514940142632,-0.0521141506731510,0.5479039669036866,-0.4096971511840820,0.0014022195711732,-0.4277664780616761,-0.0308105856180191,0.0001430444885045,0.5789906501770020,-0.3742126822471619,0.1117659926414490,0.0000000000000000,0.0606609463691711,0.1903838306665420,-0.4431510090827942,-0.5576831102371216,0.0245614245533943,0.0606609463691711,-0.1903838306665420,0.4431510090827942,-0.5576831102371216,-0.1136057689785957,0.0000000000000000,-0.3141265213489532,-0.1440664291381836,-0.1136770173907280,-0.1747882491457036,-0.9850145445576212,-0.0707473397475771,-2.5804494380950929,0.1531942963600158,-0.6085171580314637,1.6578977823257448,-0.1418364554643631,-0.0931238166987896,-2.3051471710205078,0.3077214241027832,0.0692721784114837,1.5445978760719301,0.6772210568189623,0.3332855433225632,0.0000000000000000,0.1837746709585190,0.3431813746690751,0.3909281730651855,-0.4950642526149750,-0.3062054574489594,0.1837746709585190,-0.3431813746690751,-0.3909281730651855,-0.4950642526149750,-0.0512613505707123,0.0000000000000000,0.0000000000000000,0.0000000000000000,0.0182799920439720,0.0533942840993404,-0.0188198555260897,0.9982287883758545,0.0182799920439720,0.0533942840993404,-0.0188198555260897,0.9982287883758545,0.0171755626797676,-0.1318479627370834,0.0272945202887058,0.9907453060150146,0.0230448376387358,-0.1316787004470825,0.0280845258384943,0.9906265139579773,0.0265135485678911,-0.1310247033834457,0.0022711171768606,0.9910218715667725,0.0248821210116148,0.1419700831174850,0.0093723945319653,0.9895138144493103,0.0262701176106930,-0.0622840411961079,0.0041136601939797,0.9977042675018311,0.0269695986062288,-0.0622825399041176,0.0041575501672924,0.9976854324340820,0.0269695986062288,-0.0622825399041176,0.0041575501672924,0.9976854324340820,0.0110700335353613,-0.1514812558889389,-0.0769687220454216,0.9853968024253845,-0.0041139023378491,-0.1502826511859894,-0.0792762339115143,0.9854509830474854,-0.0041272589005530,-0.1502825468778610,-0.0792061388492584,0.9854564666748047,0.0186737738549709,0.1372862607240677,-0.0770628675818443,0.9873526096343994,0.0040234928019345,-0.0487746372818947,-0.0791815891861916,0.9956582188606262,0.0596291534602642,-0.0531274564564228,-0.0763532966375351,0.9938773512840271,0.0596291534602642,-0.0531274564564228,-0.0763532966375351,0.9938773512840271,0.0182799920439720,0.0533942840993404,-0.0188198555260897,0.9982287883758545,0.0189414583146572,0.0835473760962486,-0.0163577478379011,0.9961895942687988,0.1135401949286461,0.0816168189048767,-0.0242445878684521,0.9898786544799805,0.0932162180542946,0.1181862503290176,-0.2391993403434753,0.9592322111129761,0.0211537126451731,-0.1480894386768341,-0.2720561623573303,0.9505826234817505,0.0166556835174561,-0.1483335196971893,-0.2610680162906647,0.9537103176116943,0.0166556835174561,-0.1483335196971893,-0.2610680162906647,0.9537103176116943,0.0187370758503675,0.0836169272661209,-0.0201593488454819,0.9961178898811340,-0.0760255604982376,0.0851487368345261,-0.0121013466268778,0.9933898448944092,-0.0553415119647980,0.1134471669793129,0.2050306499004364,0.9705820083618164,0.0043534226715565,-0.1567485481500626,0.2291703373193741,0.9606726169586182,0.0255383402109146,-0.1568369567394257,0.1775365024805069,0.9712007045745850,0.0255383402109146,-0.1568369567394257,0.1775365024805069,0.9712007045745850,0.0182799920439720,0.0533942840993404,-0.0188198555260897,0.9982287883758545
-0.0471282832324505,-0.0297893919050694,0.7997345924377441,0.0178055372089148,0.0655688196420670,-0.0161433164030313,0.9975584745407104,-0.4448307931423188,0.0114411428570747,-0.0685489825904369,0.5872491836547852,-0.4120351612567902,-0.0012129641720094,-0.4844432353973389,-0.0275139324367046,0.0000915145676117,0.6279055833816529,-0.3574166834354400,0.1185151100158691,0.0000000000000000,0.0636578433215618,0.1973351269960404,-0.4345745503902435,-0.5680064797401428,0.0192326422780752,0.0636578433215618,-0.1973351269960404,0.4345745503902435,-0.5680064797401428,-0.1118805408477783,0.0000000000000000,-0.3410842716693878,-0.1247356355190277,-0.1475304260849953,-0.2374361813512464,-1.1353135004075106,-0.0814042841803855,-2.9356598854064941,0.0400317221879958,-0.7591896176338196,1.8753017663955689,-0.1178617998957634,-0.1192797452211380,-2.6654093265533447,0.2150456309318542,0.0162305139005184,2.1542392969131474,0.8199317455291748,0.3540891110897064,0.0000000000000000,0.1641111522912979,0.3575573861598969,0.3921898901462555,-0.5132735967636108,-0.2980478882789611,0.1641111522912979,-0.3575573861598969,-0.3921898901462555,-0.5132735967636108,0.0260300725698472,0.0000000000000000,0.0000000000000000,0.0000000000000000,0.0178055372089148,0.0655688196420670,-0.0161433164030313,0.9975584745407104,0.0178055372089148,0.0655688196420670,-0.0161433164030313,0.9975584745407104,0.0177996531128883,-0.1496171057224274,0.0373941510915756,0.9878762960433960,0.0234526433050632,-0.1494074761867523,0.0382374189794064,0.9877577424049377,0.0286689624190331,-0.1485027968883514,0.0043838699348271,0.9884866476058960,0.0261343680322170,0.1439435631036758,0.0125085096806288,0.9891617298126221,0.0281424410641193,-0.0614465326070786,0.0068966206163168,0.9976897835731506,0.0275373086333275,-0.0614530704915524,0.0068603148683906,0.9977064728736877,0.0275373086333275,-0.0614530704915524,0.0068603148683906,0.9977064728736877,0.0094594852998853,-0.1663670688867569,-0.0817037746310234,0.9826277494430542,-0.0040610930882394,-0.1652308702468872,-0.0839738994836807,0.9826651215553284,-0.0040659103542566,-0.1652309745550156,-0.0839284732937813,0.9826689362525940,0.0221463032066822,0.1463054716587067,-0.0810368880629539,0.9856659770011902,0.0074196700006723,-0.0312379151582718,-0.0836744755506516,0.9959758520126343,0.0663912594318390,-0.0361522249877453,-0.0817204192280769,0.9937842488288879,0.0663912594318390,-0.0361522249877453,-0.0817204192280769,0.9937842488288879,0.0178055372089148,0.0655688196420670,-0.0161433164030313,0.9975584745407104,0.0184388179332018,0.0971833318471909,-0.0135769769549370,0.9950031042098999,0.1163612082600594,0.0953761041164398,-0.0231171268969774,0.9883466362953186,0.0934641733765602,0.1315520554780960,-0.2336508631706238,0.9588356018066406,0.0213492736220360,-0.1400348842144012,-0.2671930193901062,0.9531749486923218,0.0178952403366566,-0.1402408778667450,-0.2585534155368805,0.9555952548980713,0.0178952403366566,-0.1402408778667450,-0.2585534155368805,0.9555952548980713,0.0181753020733595,0.0972544103860855,-0.0175636224448681,0.9949385523796082,-0.0799190327525139,0.0985026285052299,-0.0078661935403943,0.9918912649154663,-0.0567843765020370,0.1268042325973511,0.2046535015106201,0.9689237475395203,0.0042141573503613,-0.1483892202377319,0.2294721007347107,0.9619280099868774,0.0246496032923460,-0.1485006511211395,0.1784625351428986,0.9723637104034424,0.0246496032923460,-0.1485006511211395,0.1784625351428986,0.9723637104034424,0.0178055372089148,0.0655688196420670,-0.0161433164030313,0.9975584745407104
-0.0544420257210732,-0.0318254791200161,0.7960517406463623,0.0173277612775564,0.0788238942623138,-0.0133960731327534,0.9966479539871216,-0.5112907290458679,0.0095170596614480,-0.0865476131439209,0.6288933753967285,-0.4143491387367249,-0.0041151336045004,-0.5453307032585144,-0.0254726037383080,-0.0004301905573811,0.6841081976890564,-0.3401239812374115,0.1248483955860138,0.0000000000000000,0.0662980824708939,0.2040366083383560,-0.4250822663307190,-0.5784022212028503,0.0146940797567368,0.0662980824708939,-0.2040366083383560,0.4250822663307190,-0.5784022212028503,-0.1086495295166969,0.0000000000000000,-0.3656871020793915,-0.1018043532967567,-0.1841425746679306,-0.2458572515053791,-1.3324029440300911,-0.0854537652982332,-3.3229966163635254,-0.0962041467428207,-0.8999314904212952,2.0822095870971680,-0.1156988665461540,-0.1451084613800049,-3.0443732738494873,0.1020664274692535,-0.0260852538049221,2.8101305961608887,0.8646350502967834,0.3166642487049103,0.0000000000000000,0.1320119500160217,0.3350740373134613,0.4746141731739044,-0.5197870731353760,-0.2269281148910522,0.1320119500160217,-0.3350740373134613,-0.4746141731739044,-0.5197870731353760,0.1615505516529083,0.0000000000000000,0.0000000000000000,0.0000000000000000,0.0173277612775564,0.0788238942623138,-0.0133960731327534,0.9966479539871216,0.0173277612775564,0.0788238942623138,-0.0133960731327534,0.9966479539871216,0.0186514034867287,-0.1683066934347153,0.0480350553989410,0.9843869209289551,0.0233354084193707,-0.1680762022733688,0.0488354004919529,0.9842870235443115,0.0305845905095339,-0.1669093668460846,0.0062091294676065,0.9854782223701477,0.0271645337343216,0.1460734754800797,0.0153641998767853,0.9887813329696655,0.0297439973801374,-0.0604382418096066,0.0094480235129595,0.9976839423179626,0.0276911333203316,-0.0604575537145138,0.0093236481770873,0.9977430105209351,0.0276911333203316,-0.0604575537145138,0.0093236481770873,0.9977430105209351,0.0077089788392186,-0.1821315735578537,-0.0868746489286423,0.9793984889984131,-0.0047652241773903,-0.1810103654861450,-0.0891872197389603,0.9794172644615173,-0.0047262897714972,-0.1810113936662674,-0.0893978849053383,0.9793980717658997,0.0255336128175259,0.1579875648021698,-0.0858041644096375,0.9833745956420898,0.0106434803456068,-0.0107212327420712,-0.0888877734541893,0.9959270954132080,0.0727523267269135,-0.0162454955279827,-0.0880458131432533,0.9933232665061951,0.0727523267269135,-0.0162454955279827,-0.0880458131432533,0.9933232665061951,0.0173277612775564,0.0788238942623138,-0.0133960731327534,0.9966479539871216,0.0179253891110420,0.1117112189531326,-0.0107414554804564,0.9935209751129150,0.1190137863159180,0.1100364699959755,-0.0220624376088381,0.9865297675132751,0.0934622511267662,0.1456856131553650,-0.2276815623044968,0.9582283496856689,0.0214238427579403,-0.1312469691038132,-0.2618771195411682,0.9558951854705811,0.0188558120280504,-0.1314184665679932,-0.2552416920661926,0.9577187895774841,0.0188558120280504,-0.1314184665679932,-0.2552416920661926,0.9577187895774841,0.0175973121076822,0.1117833405733109,-0.0148896500468254,0.9934651851654053,-0.0836701020598412,0.1127185225486755,-0.0034280580002815,0.9900919795036316,-0.0580115169286728,0.1409111917018890,0.2039831876754761,0.9670416712760925,0.0042278058826923,-0.1393023431301117,0.2294498085975647,0.9632911086082458,0.0235998295247555,-0.1394352316856384,0.1797404140233994,0.9734959006309509,0.0235998295247555,-0.1394352316856384,0.1797404140233994,0.9734959006309509,0.0173277612775564,0.0788238942623138,-0.0133960731327534,0.9966479539871216
-0.0620412155985832,-0.0334842219948769,0.7906715512275696,0.0149040073156357,0.0926691815257072,-0.0076370099559426,0.9955561161041260,-0.5875658869743345,0.0049218751490116,-0.1123658686876297,0.6810769677162170,-0.4122632741928101,-0.0002809355966747,-0.6191390156745910,-0.0279774125665426,0.0069483049272094,0.7685731768608092,-0.3338357031345368,0.1273702710866928,0.0000000000000000,0.0721088513731956,0.2170883357524871,-0.4198172867298126,-0.5938458800315857,0.0111592495813966,0.0721088513731956,-0.2170883357524871,0.4198172867298126,-0.5938458800315857,-0.1170627474784851,0.0000000000000000,-0.3742505192756653,-0.0904840230941773,-0.2350627124309539,-0.4160056674833855,-1.3701293980414506,-0.2163566031202053,-3.6174532413482661,-0.1763371869921683,-1.1345202445983882,2.3983915328979486,0.0162963852286337,0.0569825410842892,-3.4319985389709466,-0.0343176871538160,0.2109207589179273,3.6580016136169418,0.5345023274421697,0.2023219645023348,0.0000000000000000,0.2271278381347654,0.5255814194679257,0.3477950572967531,-0.6712245583534238,-0.1968161433935166,0.2271278381347654,-0.5255814194679257,-0.3477950572967531,-0.6712245583534238,-0.1877763092517847,0.0000000000000000,0.0000000000000000,0.0000000000000000,0.0149040073156357,0.0926691815257072,-0.0076370099559426,0.9955561161041260,0.0149040073156357,0.0926691815257072,-0.0076370099559426,0.9955561161041260,0.0193092525005341,-0.1908827126026154,0.0631247907876968,0.9793907403945923,0.0217274390161037,-0.1907493472099304,0.0635597109794617,0.9793379306793213,0.0325952246785164,-0.1892065405845642,0.0085032768547535,0.9813593029975891,0.0278232898563147,0.1494262516498566,0.0189140141010284,0.9882003068923950,0.0311032496392727,-0.0559970438480377,0.0128198545426130,0.9978640079498291,0.0309633612632751,-0.0559946522116661,0.0128063410520554,0.9978687167167664,0.0309633612632751,-0.0559946522116661,0.0128063410520554,0.9978687167167664,0.0047039967030287,-0.2035378813743591,-0.0901058837771416,0.9749007225036621,-0.0089296810328960,-0.2022548913955688,-0.0929621383547783,0.9748699665069580,-0.0096843438223004,-0.2022105157375336,-0.0895855948328972,0.9751879572868347,0.0246483087539673,0.1781303435564041,-0.0867566987872124,0.9798649549484253,0.0098936967551708,0.0128559600561857,-0.0896520465612411,0.9958410263061523,0.0732506588101387,0.0071223569102585,-0.0903080105781555,0.9931908845901489,0.0732506588101387,0.0071223569102585,-0.0903080105781555,0.9931908845901489,0.0149040073156357,0.0926691815257072,-0.0076370099559426,0.9955561161041260,0.0153699666261673,0.1283913701772690,-0.0048479093238711,0.9915925264358521,0.1226904243230820,0.1271264851093292,-0.0188027340918779,0.9840896725654602,0.0938373059034348,0.1627290546894073,-0.2214387357234955,0.9569109678268433,0.0213411450386047,-0.1219169646501541,-0.2565903067588806,0.9585626125335693,0.0194297898560762,-0.1220525503158569,-0.2515305280685425,0.9599261283874512,0.0194297898560762,-0.1220525503158569,-0.2515305280685425,0.9599261283874512,0.0149470791220665,0.1284580975770950,-0.0093544069677591,0.9915581941604614,-0.0925488770008087,0.1286856383085251,0.0046861879527569,0.9873462915420532,-0.0638460144400597,0.1580139994621277,0.2087058424949646,0.9630146026611328,0.0020623144228011,-0.1290865540504456,0.2360330224037170,0.9631307125091553,0.0223483107984066,-0.1292713284492493,0.1823180019855499,0.9744484424591064,0.0223483107984066,-0.1292713284492493,0.1823180019855499,0.9744484424591064,0.0149040073156357,0.0926691815257072,-0.0076370099559426,0.9955561161041260
-0.0698547467589378,-0.0354945965111256,0.7846650838851928,0.0126481689512730,0.1066412925720215,-0.0010850856779143,0.9942165017127991,-0.6649868845939636,-0.0038634330034256,-0.1428123921155929,0.7341475248336792,-0.4097205042839051,0.0049781887792051,-0.6947493553161621,-0.0312288254499435,0.0190141383558512,0.8596570253372192,-0.3312185108661652,0.1280101090669632,0.0000000000000000,0.0779928162693977,0.2314702212810516,-0.4116466045379639,-0.6098204970359802,0.0072572760283947,0.0779928162693977,-0.2314702212810516,0.4116466045379639,-0.6098204970359802,-0.1261124521493912,0.0000000000000000,-0.3863897025585175,-0.0934860855340958,-0.2877978026866913,-0.5775776353497712,-1.4049054930900513,-0.2982538043340813,-3.8481328487396240,-0.3554629206657408,-1.4297607660293576,2.6357884407043457,0.1180003792047500,0.2344576835632323,-3.7444762229919433,-0.1476385504007339,0.5095449030399319,4.4218150138854977,0.2042813122272493,0.0696326553821565,0.0000000000000000,0.2927343070507050,0.6924910783767699,0.3504200458526610,-0.7881116271018982,-0.1877557963132858,0.2927343070507050,-0.6924910783767699,-0.3504200458526610,-0.7881116271018982,-0.4397554874420166,0.0000000000000000,0.0000000000000000,0.0000000000000000,0.0126481689512730,0.1066412925720215,-0.0010850856779143,0.9942165017127991,0.0126481689512730,0.1066412925720215,-0.0010850856779143,0.9942165017127991,0.0208216048777103,-0.2137283086776733,0.0789340212941170,0.9734764099121094,0.0189671982079744,-0.2139415442943573,0.0784292966127396,0.9735081791877747,0.0343953445553780,-0.2120379954576492,0.0088221197947860,0.9766162037849426,0.0289637725800276,0.1525807380676270,0.0206044726073742,0.9876514673233032,0.0325516201555729,-0.0515280961990356,0.0142828049138188,0.9980385899543762,0.0350361913442612,-0.0514968149363995,0.0144029278308153,0.9979544878005981,0.0350361913442612,-0.0514968149363995,0.0144029278308153,0.9979544878005981,0.0022198592778295,-0.2255487293004990,-0.0927667543292046,0.9698025584220886,-0.0129165779799223,-0.2240706384181976,-0.0963016301393509,0.9697172045707703,-0.0151556665077806,-0.2239162474870682,-0.0871048718690872,0.9705899953842163,0.0224119517952204,0.2009209692478180,-0.0856645107269287,0.9755973219871521,0.0079892408102751,0.0373410284519196,-0.0881803706288338,0.9953723549842834,0.0716388598084450,0.0316217020153999,-0.0903701335191727,0.9928248524665833,0.0716388598084450,0.0316217020153999,-0.0903701335191727,0.9928248524665833,0.0126481689512730,0.1066412925720215,-0.0010850856779143,0.9942165017127991,0.0129325035959482,0.1452140957117081,0.0018386726733297,0.9893139600753784,0.1270783990621567,0.1444765180349350,-0.0150105357170105,0.9811994433403015,0.0951796025037766,0.1799364089965820,-0.2132075130939484,0.9555659294128418,0.0227695386856794,-0.1127027347683907,-0.2497665137052536,0.9614552855491638,0.0215562582015991,-0.1127960830926895,-0.2464604377746582,0.9623251557350159,0.0215562582015991,-0.1127960830926895,-0.2464604377746582,0.9623251557350159,0.0124079678207636,0.1452755033969879,-0.0030288321431726,0.9893087744712830,-0.1019079685211182,0.1446179747581482,0.0138285616412759,0.9841285943984985,-0.0704867020249367,0.1749532371759415,0.2129738330841064,0.9586789608001709,-0.0008857632055879,-0.1191888600587845,0.2424915730953217,0.9628037810325623,0.0203943159431219,-0.1194866746664047,0.1844840496778488,0.9753320813179016,0.0203943159431219,-0.1194866746664047,0.1844840496778488,0.9753320813179016,0.0126481689512730,0.1066412925720215,-0.0010850856779143,0.9942165017127991
-0.0780969604849815,-0.0382082343101501,0.7774060606956482,0.0107317846268415,0.1208821386098862,0.0070492266677320,0.9925837516784668,-0.7446995615959168,-0.0210289884358645,-0.1825154513120651,0.7889920115470886,-0.4062639236450195,0.0130871660076082,-0.7739637494087219,-0.0359734464436769,0.0404546488076449,0.9639786124229431,-0.3359434902667999,0.1248858720064163,0.0000000000000000,0.0840231731534004,0.2485124230384827,-0.3976645171642303,-0.6268570303916932,0.0026210157200694,0.0840231731534004,-0.2485124230384827,0.3976645171642303,-0.6268570303916932,-0.1364351302385330,0.0000000000000000,-0.4056804180145264,-0.1251329332590103,-0.3441627979278565,-0.7219967069929147,-1.4337808702131338,-0.2821397323317637,-3.9512584209442139,-0.7325740337371828,-1.8463048219680789,2.7156152725219727,0.1591218575835228,0.3627010613679886,-3.9066587448120118,-0.2148329108953476,0.9314053118228914,5.0175131797790531,-0.1261163771152498,-0.0997507035732270,0.0000000000000000,0.2993219375610351,0.8122052907943726,0.6119332432746889,-0.8358978629112244,-0.2207986980676651,0.2993219375610351,-0.8122052907943726,-0.6119332432746889,-0.8358978629112244,-0.4970393002033234,0.0000000000000000,0.0000000000000000,0.0000000000000000,0.0107317846268415,0.1208821386098862,0.0070492266677320,0.9925837516784668,0.0107317846268415,0.1208821386098862,0.0070492266677320,0.9925837516784668,0.0240543279796839,-0.2372194975614548,0.0962100178003311,0.9663809537887573,0.0139194112271070,-0.2382786124944687,0.0936187729239464,0.9665739536285400,0.0357883125543594,-0.2360109537839890,0.0051942323334515,0.9710773825645447,0.0310685299336910,0.1553431749343872,0.0185767691582441,0.9871970415115356,0.0341793037950993,-0.0470058172941208,0.0119284167885780,0.9982383847236633,0.0407110340893269,-0.0469311773777008,0.0122276572510600,0.9979933500289917,0.0407110340893269,-0.0469311773777008,0.0122276572510600,0.9979933500289917,0.0007808586815372,-0.2488463073968887,-0.0943253040313721,0.9639385342597961,-0.0165501162409782,-0.2471073567867279,-0.0988102108240128,0.9637948870658875,-0.0216538477689028,-0.2467001676559448,-0.0793238431215286,0.9655973315238953,0.0174784176051617,0.2290098518133163,-0.0804943889379501,0.9699328541755676,0.0037812064401805,0.0636299401521683,-0.0822768807411194,0.9945690035820007,0.0658380687236786,0.0583689510822296,-0.0860691294074059,0.9923963546752930,0.0658380687236786,0.0583689510822296,-0.0860691294074059,0.9923963546752930,0.0107317846268415,0.1208821386098862,0.0070492266677320,0.9925837516784668,0.0107362847775221,0.1623529195785522,0.0101074483245611,0.9866225123405457,0.1329212933778763,0.1623751819133759,-0.0101600140333176,0.9776824712753296,0.0984782353043556,0.1975029855966568,-0.2010565102100372,0.9543955922126770,0.0272211432456970,-0.1037296056747437,-0.2398865520954132,0.9648593664169312,0.0267884694039822,-0.1037672907114029,-0.2386883944272995,0.9651645421981812,0.0267884694039822,-0.1037672907114029,-0.2386883944272995,0.9651645421981812,0.0100962929427624,0.1624090075492859,0.0048724119551480,0.9866597652435303,-0.1122550964355469,0.1605174541473389,0.0250243190675974,0.9803094863891602,-0.0787599086761475,0.1916150599718094,0.2164050042629242,0.9540700316429138,-0.0053982459940016,-0.1099491342902184,0.2487370371818542,0.9622951149940491,0.0170383527874947,-0.1104775741696358,0.1858494579792023,0.9761990308761597,0.0170383527874947,-0.1104775741696358,0.1858494579792023,0.9761990308761597,0.0107317846268415,0.1208821386098862,0.0070492266677320,0.9925837516784668
-0.0866124853491783,-0.0416157223284244,0.7695043325424195,0.0096975583583117,0.1367039233446121,0.0175036583095789,0.9904098510742188,-0.8249330401420593,-0.0473058804869651,-0.2250228196382522,0.8389774322509765,-0.4043298363685608,0.0199672792106867,-0.8531844377517699,-0.0431034982204437,0.0664031274616718,1.0783476591110228,-0.3360923588275909,0.1223062515258789,0.0000000000000000,0.0896993532776832,0.2705373942852020,-0.3798949480056763,-0.6450562357902526,0.0014108789386228,0.0896993532776832,-0.2705373942852020,0.3798949480056763,-0.6450562357902526,-0.1481886714696884,0.0000000000000000,-0.4203099906444550,-0.1564973860979080,-0.3822322785854339,-0.9142008808089235,-1.5423988978542000,-0.2404821009978534,-4.0012577533721920,-1.1316177964210505,-2.0692821264266965,2.5964522361755376,0.1271542221307755,0.3685829162597657,-3.9609084129333496,-0.3087939590215681,1.2072643995285031,5.5175028800964352,-0.0989656418561938,-0.1398733437061310,0.0000000000000000,0.2908925235271454,1.0015930891036984,0.8127287626266477,-0.8867067694664000,-0.1290292948484422,0.2908925235271454,-1.0015930891036984,-0.8127287626266477,-0.8867067694664000,-0.5590597867965698,0.0000000000000000,0.0000000000000000,0.0000000000000000,0.0096975583583117,0.1367039233446121,0.0175036583095789,0.9904098510742188,0.0096975583583117,0.1367039233446121,0.0175036583095789,0.9904098510742188,0.0302213020622730,-0.2592867016792297,0.1148681193590164,0.9584686756134033,0.0076283384114504,-0.2620964050292969,0.1084680855274200,0.9588962197303772,0.0373512431979179,-0.2595787942409515,0.0002167981583625,0.9649993777275085,0.0340822078287601,0.1559639573097229,0.0154656022787094,0.9870533943176270,0.0364951081573963,-0.0454034730792046,0.0083082839846611,0.9982673525810242,0.0464595332741737,-0.0453273877501488,0.0087609924376011,0.9978529214859009,0.0464595332741737,-0.0453273877501488,0.0087609924376011,0.9978529214859009,0.0013562294188887,-0.2703371942043304,-0.0940564051270485,0.9581594467163086,-0.0192764513194561,-0.2682466804981232,-0.0999164581298828,0.9579608440399170,-0.0283591262996197,-0.2674291431903839,-0.0681152641773224,0.9607486724853516,0.0103291245177388,0.2638024389743805,-0.0734504833817482,0.9617207050323486,-0.0021081371232867,0.0992328673601151,-0.0741503089666367,0.9922954440116882,0.0585428178310394,0.0945112332701683,-0.0800456479191780,0.9905720353126526,0.0585428178310394,0.0945112332701683,-0.0800456479191780,0.9905720353126526,0.0096975583583117,0.1367039233446121,0.0175036583095789,0.9904098510742188,0.0092704650014639,0.1808561682701111,0.0207065604627132,0.9832479953765869,0.1417502462863922,0.1820661723613739,-0.0040404223836958,0.9730070233345032,0.1050914824008942,0.2170069515705109,-0.1856705546379089,0.9525703191757202,0.0358668640255928,-0.0932749360799789,-0.2281634211540222,0.9684807062149048,0.0356478914618492,-0.0933096930384636,-0.2275125682353973,0.9686385393142700,0.0356478914618492,-0.0933096930384636,-0.2275125682353973,0.9686385393142700,0.0084969010204077,0.1809101402759552,0.0151305124163628,0.9833465218544006,-0.1241627484560013,0.1771075278520584,0.0395326614379883,0.9755274057388306,-0.0891327708959579,0.2088022828102112,0.2212083041667938,0.9484322667121887,-0.0111602675169706,-0.1003885194659233,0.2570778727531433,0.9610975980758667,0.0125365564599633,-0.1012507975101471,0.1886611282825470,0.9767283201217651,0.0125365564599633,-0.1012507975101471,0.1886611282825470,0.9767283201217651,0.0096975583583117,0.1367039233446121,0.0175036583095789,0.9904098510742188
-0.0952646657824516,-0.0453701354563236,0.7612812519073486,0.0091020874679089,0.1532787978649139,0.0291120950132608,0.9877121448516846,-0.9054269194602966,-0.0781384408473969,-0.2689323425292969,0.8865333199501038,-0.4031569957733154,0.0262329597026110,-0.9324082732200623,-0.0514262653887272,0.0946055874228477,1.1977404356002808,-0.3339531719684601,0.1199989393353462,0.0000000000000000,0.0951984450221062,0.2950537502765656,-0.3602316379547119,-0.6638367772102356,0.0019138040952384,0.0951984450221062,-0.2950537502765656,0.3602316379547119,-0.6638367772102356,-0.1606576442718506,0.0000000000000000,-0.4326089918613434,-0.1877206414937973,-0.4111540019512177,-1.1302976057113656,-1.6908882507542582,-0.1860526899981465,-4.0246939659118652,-1.5416278839111328,-2.1954760551452637,2.3777942657470703,0.0586420297622681,0.3132840096950531,-3.9611916542053223,-0.4161383509635925,1.4101228713989258,5.9696383476257324,0.1069593280553818,-0.1153656020760536,0.0000000000000000,0.2749545872211456,1.2258176803588867,0.9831654429435730,-0.9390270113945007,0.0251462608575821,0.2749545872211456,-1.2258176803588867,-0.9831654429435730,-0.9390270113945007,-0.6234486103057861,0.0000000000000000,0.0000000000000000,0.0000000000000000,0.0091020874679089,0.1532787978649139,0.0291120950132608,0.9877121448516846,0.0091020874679089,0.1532787978649139,0.0291120950132608,0.9877121448516846,0.0378377065062523,-0.2805037200450897,0.1341519802808762,0.9496784806251526,0.0007150718010962,-0.2855295538902283,0.1230933293700218,0.9504317045211792,0.0389870852231979,-0.2828562259674072,-0.0054339561611414,0.9583542346954346,0.0375497788190842,0.1555114239454269,0.0118124829605222,0.9870494604110718,0.0391545109450817,-0.0452606156468391,0.0040552294813097,0.9981993436813354,0.0522436313331127,-0.0452035330235958,0.0046485234051943,0.9975999593734741,0.0522436313331127,-0.0452035330235958,0.0046485234051943,0.9975999593734741,0.0029384111985564,-0.2908673286437988,-0.0928559303283691,0.9522422552108765,-0.0215449947863817,-0.2883838415145874,-0.1003035232424736,0.9520030617713928,-0.0351571701467037,-0.2870424985885620,-0.0551757141947746,0.9556810259819031,0.0020642117597163,0.3016372621059418,-0.0653920844197273,0.9511753916740417,-0.0088327769190073,0.1393550187349319,-0.0648256763815880,0.9880788326263428,0.0504317581653595,0.1352170854806900,-0.0730652362108231,0.9868305325508118,0.0504317581653595,0.1352170854806900,-0.0730652362108231,0.9868305325508118,0.0091020874679089,0.1532787978649139,0.0291120950132608,0.9877121448516846,0.0081672668457031,0.1999818384647369,0.0324623063206673,0.9792276620864868,0.1520175039768219,0.2025812715291977,0.0027138954028487,0.9673903584480286,0.1133082881569862,0.2373671084642410,-0.1685793250799179,0.9499468803405762,0.0465986616909504,-0.0820550620555878,-0.2154572010040283,0.9719432592391968,0.0463095754384995,-0.0821117982268333,-0.2145702093839645,0.9721484780311584,0.0463095754384995,-0.0821117982268333,-0.2145702093839645,0.9721484780311584,0.0072513758204877,0.2000362277030945,0.0265604034066200,0.9794015884399414,-0.1367918998003006,0.1939591765403748,0.0556756854057312,0.9698288440704346,-0.1005273237824440,0.2261877059936523,0.2266320288181305,0.9420039057731628,-0.0175450388342142,-0.0906541943550110,0.2664298117160797,0.9594212770462036,0.0074611539021134,-0.0919082611799240,0.1921820044517517,0.9770175218582153,0.0074611539021134,-0.0919082611799240,0.1921820044517517,0.9770175218582153,0.0091020874679089,0.1532787978649139,0.0291120950132608,0.9877121448516846
-0.1042099714279175,-0.0505991019308567,0.7518309354782104,0.0109440283849835,0.1704269647598267,0.0403051152825356,0.9844848513603210,-0.9824689388275147,-0.1122377485036850,-0.2994808435440064,0.9278821825981141,-0.4119771718978882,0.0252197563648224,-1.0073072433471681,-0.0602086514234543,0.1264962077140808,1.3008441209793091,-0.3388193786144257,0.1126536518335342,0.0000000000000000,0.0953901425004005,0.3251953065395355,-0.3365932762622833,-0.6864289164543153,0.0020522140432149,0.0953901425004005,-0.3251953065395355,0.3365932762622833,-0.6864289164543153,-0.1634094297885895,0.0000000000000000,-0.4414027571678162,-0.2319572508335114,-0.4479710757732392,-1.1287086782462066,-1.7252544455141912,-0.0364833690755467,-3.9211380958557127,-1.6396303653717041,-1.7946453809738154,2.1915835857391355,-0.2411484576761726,0.0949175059795377,-3.8314456939697266,-0.4299269080162049,1.5207677125930787,5.4809656143188468,-0.1032024517655375,-0.2665048614144327,0.0000000000000000,0.1157327592372893,1.3945736885070803,1.1024169921875002,-1.0533749818801881,0.0142108015716076,0.1157327592372893,-1.3945736885070803,-1.1024169921875002,-1.0533749818801881,-0.3319330096244809,0.0000000000000000,0.0000000000000000,0.0000000000000000,0.0109440283849835,0.1704269647598267,0.0403051152825356,0.9844848513603210,0.0109440283849835,0.1704269647598267,0.0403051152825356,0.9844848513603210,0.0491284579038620,-0.2996694743633270,0.1504988670349121,0.9408160448074341,-0.0036210713442415,-0.3077670037746429,0.1332074552774429,0.9420838952064514,0.0425571985542774,-0.3048370182514191,-0.0087521057575941,0.9514130353927612,0.0419809184968472,0.1531175076961517,0.0112770618870854,0.9872514605522156,0.0433960780501366,-0.0520464256405830,0.0024396786466241,0.9976983666419983,0.0559732690453529,-0.0520109385251999,0.0030934638343751,0.9970719814300537,0.0559732690453529,-0.0520109385251999,0.0030934638343751,0.9970719814300537,0.0072004362009466,-0.3082903027534485,-0.0928846970200539,0.9467194080352783,-0.0212823450565338,-0.3053482174873352,-0.1021712571382523,0.9465043544769287,-0.0407182276248932,-0.3033753931522369,-0.0421993732452393,0.9510650634765625,-0.0070905298925936,0.3344595730304718,-0.0586241558194160,0.9405583143234253,-0.0168588347733021,0.1710925996303558,-0.0565735064446926,0.9834848642349243,0.0385474897921085,0.1676249802112579,-0.0660390406847000,0.9828807711601257,0.0385474897921085,0.1676249802112579,-0.0660390406847000,0.9828807711601257,0.0109440283849835,0.1704269647598267,0.0403051152825356,0.9844848513603210,0.0095233134925365,0.2170450389385223,0.0437273792922497,0.9751353263854980,0.1672097146511078,0.2213444262742996,0.0078278556466103,0.9607217907905579,0.1279338002204895,0.2561951577663422,-0.1511890590190887,0.9461178779602051,0.0634808242321014,-0.0736563503742218,-0.2052059769630432,0.9738765358924866,0.0631798505783081,-0.0737373381853104,-0.2042520493268967,0.9740905761718750,0.0631798505783081,-0.0737373381853104,-0.2042520493268967,0.9740905761718750,0.0085027674213052,0.2171105593442917,0.0378329381346703,0.9753764867782593,-0.1494666934013367,0.2079843580722809,0.0726314932107925,0.9639123678207397,-0.1134513691067696,0.2400622963905334,0.2312187403440475,0.9359683990478516,-0.0248911716043949,-0.0860735177993774,0.2758763432502747,0.9570077657699585,0.0002054150681943,-0.0877697467803955,0.2004608064889908,0.9757621884346008,0.0002054150681943,-0.0877697467803955,0.2004608064889908,0.9757621884346008,0.0109440283849835,0.1704269647598267,0.0403051152825356,0.9844848513603210
-0.1133798420429230,-0.0557305596768856,0.7421040654182434,0.0115335332229733,0.1879517138004303,0.0506931319832802,0.9808014631271362,-1.0619108438491822,-0.1437142252922059,-0.3271741509437561,0.9697857618331910,-0.4232238233089448,0.0242610234767199,-1.0812675714492799,-0.0686652928590775,0.1579816699028016,1.3964681625366213,-0.3466945886611939,0.1043853014707565,0.0000000000000000,0.0953684732317925,0.3575983285903931,-0.3137525796890258,-0.7084406614303589,0.0030773413833231,0.0953684732317925,-0.3575983285903931,0.3137525796890258,-0.7084406614303589,-0.1639920175075531,0.0000000000000000,-0.4540022134780884,-0.2585230588912963,-0.4808124065399170,-1.0673874737905895,-1.7780292657366039,-0.0003888451527866,-3.9240974426269535,-1.6262804269790645,-1.4417691469192500,2.0840846061706544,-0.5138030290603642,-0.0490260496735573,-3.7167891025543209,-0.4293469429016112,1.5823761940002441,4.9307945251464833,-0.3335804075002676,-0.3949562430381777,0.0000000000000000,0.0031838713213801,1.5749216794967655,1.1579880714416502,-1.1121951341629026,0.0335220171138646,0.0031838713213801,-1.5749216794967655,-1.1579880714416502,-1.1121951341629026,-0.0725133419036861,0.0000000000000000,0.0000000000000000,0.0000000000000000,0.0115335332229733,0.1879517138004303,0.0506931319832802,0.9808014631271362,0.0115335332229733,0.1879517138004303,0.0506931319832802,0.9808014631271362,0.0595835745334625,-0.3191580772399902,0.1664867550134659,0.9310586452484131,-0.0073574939742684,-0.3303474485874176,0.1430087089538574,0.9329335689544678,0.0466532967984676,-0.3271108865737915,-0.0107953092083335,0.9437718987464905,0.0462684631347656,0.1504996716976166,0.0122330086305737,0.9874510765075684,0.0478169955313206,-0.0602569133043289,0.0022251328919083,0.9970345497131348,0.0599078536033630,-0.0602259412407875,0.0029538120143116,0.9963810443878174,0.0599078536033630,-0.0602259412407875,0.0029538120143116,0.9963810443878174,0.0101173110306263,-0.3249138891696930,-0.0929256528615952,0.9411129355430603,-0.0221838932484388,-0.3215305507183075,-0.1040498167276382,0.9409036040306091,-0.0475839711725712,-0.3187433481216431,-0.0295152943581343,0.9461856484413147,-0.0175206232815981,0.3641117215156555,-0.0534540712833405,0.9296549558639526,-0.0264627635478973,0.1983085274696350,-0.0495887808501720,0.9785265922546387,0.0246302243322134,0.1954503804445267,-0.0598267987370491,0.9785771965980530,0.0246302243322134,0.1954503804445267,-0.0598267987370491,0.9785771965980530,0.0115335332229733,0.1879517138004303,0.0506931319832802,0.9808014631271362,0.0096721146255732,0.2343623489141464,0.0541198663413525,0.9705935716629028,0.1820947080850601,0.2402876019477844,0.0114181637763977,0.9534007310867310,0.1423803567886353,0.2750330567359924,-0.1356346607208252,0.9411098957061768,0.0797203853726387,-0.0645921751856804,-0.1968003511428833,0.9750601053237915,0.0792887657880783,-0.0647491961717606,-0.1953656524419785,0.9753732681274414,0.0792887657880783,-0.0647491961717606,-0.1953656524419785,0.9753732681274414,0.0085472697392106,0.2344314455986023,0.0482487604022026,0.9708968997001648,-0.1642228960990906,0.2220221906900406,0.0893068164587021,0.9569541811943054,-0.1285288929939270,0.2541955709457397,0.2358516752719879,0.9291064739227295,-0.0341857075691223,-0.0806173905730247,0.2862263619899750,0.9541524052619934,-0.0093933530151844,-0.0828706994652748,0.2106860578060150,0.9739895462989807,-0.0093933530151844,-0.0828706994652748,0.2106860578060150,0.9739895462989807,0.0115335332229733,0.1879517138004303,0.0506931319832802,0.9808014631271362
-0.1229988425970078,-0.0606669999659062,0.7318240880966186,0.0096226958557963,0.2062955796718597,0.0594840943813324,0.9766325950622559,-1.1461525201797489,-0.1699450403451920,-0.3491570711135865,1.0127987742424012,-0.4393234252929688,0.0234112314879894,-1.1533506155014042,-0.0764704450964928,0.1886568158864976,1.4771329164505007,-0.3605878055095673,0.0942708253860473,0.0000000000000000,0.0949200704693794,0.3945242822170259,-0.2925072133541107,-0.7292916178703309,0.0058759035076946,0.0949200704693794,-0.3945242822170259,0.2925072133541107,-0.7292916178703309,-0.1602362096309662,0.0000000000000000,-0.4742130517959595,-0.2497472643852233,-0.5057022511959077,-0.8866017153540572,-1.8676213368839762,-0.1912439152297041,-4.1400872230529790,-1.3902256488800040,-1.1848017930984489,2.1340090274810795,-0.7321857869625099,-0.0441237092018127,-3.6323112487792968,-0.4000299334526061,1.5459119558334349,4.2576267242431616,-0.6043906778097161,-0.4780318915843966,0.0000000000000000,-0.0160191336646677,1.7784536361694343,1.0861982107162473,-1.0599596500396726,0.1133265776559713,-0.0160191336646677,-1.7784536361694343,-1.0861982107162473,-1.0599596500396726,0.1227144598960883,0.0000000000000000,0.0000000000000000,0.0000000000000000,0.0096226958557963,0.2062955796718597,0.0594840943813324,0.9766325950622559,0.0096226958557963,0.2062955796718597,0.0594840943813324,0.9766325950622559,0.0683998167514801,-0.3395267426967621,0.1818692535161972,0.9203079938888550,-0.0098941288888454,-0.3537958264350891,0.1522630155086517,0.9227928519248962,0.0518203228712082,-0.3501113355159760,-0.0102918976917863,0.9352170228958130,0.0502693057060242,0.1474364846944809,0.0161718185991049,0.9876608848571777,0.0525964349508286,-0.0713160857558250,0.0048126033507288,0.9960545301437378,0.0642521381378174,-0.0712553262710571,0.0056449677795172,0.9953705668449402,0.0642521381378174,-0.0712553262710571,0.0056449677795172,0.9953705668449402,0.0103460764512420,-0.3400618135929108,-0.0930294394493103,0.9357331991195679,-0.0254212822765112,-0.3362550139427185,-0.1059865355491638,0.9354428052902222,-0.0570769608020782,-0.3323310911655426,-0.0174432694911957,0.9412725567817688,-0.0305033735930920,0.3879448175430298,-0.0515806488692760,0.9197324514389038,-0.0392428003251553,0.2167326360940933,-0.0452327243983746,0.9743925333023071,0.0067206635139883,0.2143596410751343,-0.0553545244038105,0.9751619100570679,0.0067206635139883,0.2143596410751343,-0.0553545244038105,0.9751619100570679,0.0096226958557963,0.2062955796718597,0.0594840943813324,0.9766325950622559,0.0074106464162469,0.2522768080234528,0.0627821907401085,0.9655877947807312,0.1964655518531799,0.2597239613533020,0.0119640845805407,0.9454108476638794,0.1565831899642944,0.2941270470619202,-0.1239119544625282,0.9346747994422913,0.0947028696537018,-0.0542401447892189,-0.1921996921300888,0.9752684831619263,0.0939031094312668,-0.0545769184827805,-0.1894565373659134,0.9758635759353638,0.0939031094312668,-0.0545769184827805,-0.1894565373659134,0.9758635759353638,0.0061817960813642,0.2523342072963715,0.0569635108113289,0.9659421443939209,-0.1832093894481659,0.2361850738525391,0.1054459586739540,0.9484366178512573,-0.1479306817054749,0.2688944935798645,0.2406293898820877,0.9208201766014099,-0.0473742634057999,-0.0734144598245621,0.2983864545822144,0.9504376053810120,-0.0236741546541452,-0.0764466151595116,0.2247862815856934,0.9711161851882935,-0.0236741546541452,-0.0764466151595116,0.2247862815856934,0.9711161851882935,0.0096226958557963,0.2062955796718597,0.0594840943813324,0.9766325950622559
-0.1324516892433166,-0.0658888407051563,0.7197324395179748,0.0080530103296041,0.2271769046783447,0.0671270638704300,0.9715038537979126,-1.2369307756423948,-0.2004373848438263,-0.3691706776618957,1.0587492704391479,-0.4596595108509063,0.0240668419748545,-1.2376064538955687,-0.0786249428987503,0.2207643270492553,1.5364692211151123,-0.3816664457321167,0.0828537046909332,0.0000000000000000,0.0921682879328728,0.4413315534591674,-0.2749971270561218,-0.7528110980987549,0.0145291837863624,0.0921682879328728,-0.4413315534591674,0.2749971270561218,-0.7528110980987549,-0.1603643119335175,0.0000000000000000,-0.4759653806686401,-0.2553840160369873,-0.5683489799499510,-0.7656752196289832,-2.0561363800644172,-0.2102303922381384,-4.4081809997558592,-1.4393865823745726,-1.0400665760040284,2.2387749671936032,-0.9320745468139646,0.0026724770665168,-3.9693358898162838,-0.2207379698753360,1.5767281532287596,3.3933839797973642,-0.9102234601974484,-0.5448031067848205,0.0000000000000000,-0.0915215235203503,2.1427371263504025,0.9502098560333254,-1.1226034879684448,0.3155696392059323,-0.0915215235203503,-2.1427371263504025,-0.9502098560333254,-1.1226034879684448,0.0712730854749681,0.0000000000000000,0.0000000000000000,0.0000000000000000,0.0080530103296041,0.2271769046783447,0.0671270638704300,0.9715038537979126,0.0080530103296041,0.2271769046783447,0.0671270638704300,0.9715038537979126,0.0785385817289352,-0.3602061569690704,0.1957076489925385,0.9087253808975220,-0.0126539422199130,-0.3780504465103149,0.1584275513887405,0.9120408892631531,0.0571023821830750,-0.3739237189292908,-0.0115942060947418,0.9256274104118347,0.0551055260002613,0.1446886211633682,0.0189114958047867,0.9877606630325317,0.0579724945127964,-0.0841369107365608,0.0058186976239085,0.9947493672370911,0.0699376985430717,-0.0840608552098274,0.0068371538072824,0.9939798116683960,0.0699376985430717,-0.0840608552098274,0.0068371538072824,0.9939798116683960,0.0101086916401982,-0.3580719232559204,-0.0956705436110497,0.9287247061729431,-0.0264019537717104,-0.3540361821651459,-0.1096653789281845,0.9284043908119202,-0.0654468536376953,-0.3489295244216919,-0.0068070106208324,0.9348360896110535,-0.0423483625054359,0.3986470401287079,-0.0505584776401520,0.9147300720214844,-0.0511451140046120,0.2179117351770401,-0.0415165834128857,0.9737428426742554,-0.0107808886095881,0.2160004973411560,-0.0505373813211918,0.9750248789787292,-0.0107808886095881,0.2160004973411560,-0.0505373813211918,0.9750248789787292,0.0080530103296041,0.2271769046783447,0.0671270638704300,0.9715038537979126,0.0056224106810987,0.2715795040130615,0.0702368021011353,0.9598332643508911,0.2154681533575058,0.2803970575332642,0.0087280618026853,0.9353475570678711,0.1751209795475006,0.3151785731315613,-0.1175166815519333,0.9253027439117432,0.1114769428968430,-0.0421393811702728,-0.1946988701820374,0.9735960960388184,0.1096126586198807,-0.0431209243834019,-0.1879103779792786,0.9750976562500000,0.1096126586198807,-0.0431209243834019,-0.1879103779792786,0.9750976562500000,0.0043117864988744,0.2716266512870789,0.0646156966686249,0.9602214097976685,-0.2058630585670471,0.2507105469703674,0.1228156834840775,0.9379130601882935,-0.1707535386085510,0.2844417095184326,0.2482472658157349,0.9101151823997498,-0.0619120821356773,-0.0655896887183189,0.3148978054523468,0.9448304176330566,-0.0387806147336960,-0.0694865435361862,0.2415579259395599,0.9671181440353394,-0.0387806147336960,-0.0694865435361862,0.2415579259395599,0.9671181440353394,0.0080530103296041,0.2271769046783447,0.0671270638704300,0.9715038537979126
-0.1418214589357376,-0.0712533816695213,0.7067349553108215,0.0066515807993710,0.2492464929819107,0.0741719007492065,0.9655725955963135,-1.3309773206710815,-0.2330604940652847,-0.3881996273994446,1.1061685085296631,-0.4821138381958008,0.0254751536995173,-1.3279486894607544,-0.0779541134834290,0.2535880208015442,1.5851413011550903,-0.4063377976417542,0.0707852616906166,0.0000000000000000,0.0882648155093193,0.4930794835090637,-0.2593546807765961,-0.7776648402214050,0.0261098234914243,0.0882648155093193,-0.4930794835090637,0.2593546807765961,-0.7776648402214050,-0.1624343693256378,0.0000000000000000,-0.4684884548187256,-0.2682270407676697,-0.6498741507530212,-0.6746783552596370,-2.2941129092613934,-0.1432825727123320,-4.7023267745971680,-1.6311553716659546,-0.9514474272727966,2.3709616661071777,-1.1227163076400757,0.0704155862331390,-4.5171117782592773,0.0335414707660675,1.6411845684051514,2.4336037635803223,-1.2335674762725830,-0.6034221053123474,0.0000000000000000,-0.1951736044138670,2.5873963832855225,0.7821222543716431,-1.2426869869232178,0.5790319442749023,-0.1951736044138670,-2.5873963832855225,-0.7821222543716431,-1.2426869869232178,-0.1035028547048569,0.0000000000000000,0.0000000000000000,0.0000000000000000,0.0066515807993710,0.2492464929819107,0.0741719007492065,0.9655725955963135,0.0066515807993710,0.2492464929819107,0.0741719007492065,0.9655725955963135,0.0892998203635216,-0.3808739483356476,0.2086821049451828,0.8963327407836914,-0.0155194494873285,-0.4025536775588989,0.1629838794469833,0.9006364345550537,0.0624178722500801,-0.3979878425598145,-0.0137944333255291,0.9151608347892761,0.0603583008050919,0.1420957595109940,0.0210511907935143,0.9877866506576538,0.0636386424303055,-0.0978262051939964,0.0060332375578582,0.9931483864784241,0.0762834474444389,-0.0977414250373840,0.0072787832468748,0.9922572374343872,0.0762834474444389,-0.0977414250373840,0.0072787832468748,0.9922572374343872,0.0096353041008115,-0.3774056136608124,-0.0995518863201141,0.9206310510635376,-0.0262464191764593,-0.3732397258281708,-0.1141827106475830,0.9203073382377625,-0.0732335820794106,-0.3669245243072510,0.0031109412666410,0.9273583889007568,-0.0536267012357712,0.4028405547142029,-0.0499701127409935,0.9123303294181824,-0.0626063868403435,0.2104703783988953,-0.0381218567490578,0.9748483896255493,-0.0280719324946404,0.2089896202087402,-0.0455455258488655,0.9764532446861267,-0.0280719324946404,0.2089896202087402,-0.0455455258488655,0.9764532446861267,0.0066515807993710,0.2492464929819107,0.0741719007492065,0.9655725955963135,0.0040697045624256,0.2915005385875702,0.0770673975348473,0.9534524083137512,0.2366365194320679,0.3014946281909943,0.0035964392591268,0.9236293435096741,0.1957098543643951,0.3370043039321899,-0.1137145832180977,0.9138898849487305,0.1291080266237259,-0.0291531328111887,-0.2006854414939880,0.9706732630729675,0.1258421093225479,-0.0310153681784868,-0.1885033994913101,0.9734825491905212,0.1258421093225479,-0.0310153681784868,-0.1885033994913101,0.9734825491905212,0.0026887746062130,0.2915374040603638,0.0717177242040634,0.9538633227348328,-0.2301826775074005,0.2652193903923035,0.1406988054513931,0.9256772994995117,-0.1951634734869003,0.3002159297466278,0.2571154534816742,0.8975930213928223,-0.0770937129855156,-0.0574265047907829,0.3334408104419708,0.9378571510314941,-0.0542813353240490,-0.0622334852814674,0.2595684230327606,0.9621874690055847,-0.0542813353240490,-0.0622334852814674,0.2595684230327606,0.9621874690055847,0.0066515807993710,0.2492464929819107,0.0741719007492065,0.9655725955963135
-0.1525401920080185,-0.0769768849015236,0.6889152526855469,0.0029497083742172,0.2760824859142303,0.0748417451977730,0.9582110643386841,-1.4506620645523072,-0.2618412673473359,-0.4016145527362824,1.1699922800064089,-0.4948868393898010,0.0240550156682730,-1.4518181085586550,-0.0454225167632103,0.2856441199779511,1.6237025260925293,-0.4319866538047791,0.0593840204179287,0.0000000000000000,0.0793552100658417,0.5746413469314576,-0.2429425835609436,-0.8195474267005921,0.0449532765895128,0.0793552100658417,-0.5746413469314576,0.2429425835609436,-0.8195474267005921,-0.1768534511327744,0.0000000000000000,-0.5089573740959168,-0.2789958953857422,-0.7945407032966616,-0.2753689822512103,-2.5994246447329865,-0.1594427526326410,-5.4714727401733407,-1.5158853292465209,-0.7830266952514646,2.8630976676940922,-0.8322765231132504,-0.0144379019737245,-5.5229269981384288,0.9893644630908977,1.6181567668914794,2.1302781820297239,-1.2628926038742065,-0.5834060668945312,0.0000000000000000,-0.3453576058149339,3.4818143844604501,0.8052117824554443,-1.7535523891448981,0.7969163298606875,-0.3453576058149339,-3.4818143844604501,-0.8052117824554443,-1.7535523891448981,-0.4739735767245297,0.0000000000000000,0.0000000000000000,0.0000000000000000,0.0029497083742172,0.2760824859142303,0.0748417451977730,0.9582110643386841,0.0029497083742172,0.2760824859142303,0.0748417451977730,0.9582110643386841,0.0977861732244492,-0.4079358279705048,0.2184297144412994,0.8810871839523315,-0.0179343614727259,-0.4329897165298462,0.1630268394947052,0.8863524198532104,0.0689242109656334,-0.4278445839881897,-0.0169767159968615,0.9010607004165649,0.0667718574404716,0.1408518552780151,0.0240416005253792,0.9874838590621948,0.0706325396895409,-0.1052966415882111,0.0069256178103387,0.9919052124023438,0.0825576633214951,-0.1052058413624763,0.0081879869103432,0.9909838438034058,0.0825576633214951,-0.1052058413624763,0.0081879869103432,0.9909838438034058,0.0026621879078448,-0.4074892997741699,-0.1102684140205383,0.9065242409706116,-0.0180832371115685,-0.4049717485904694,-0.1191630437970161,0.9063503742218018,-0.0758794695138931,-0.3982712030410767,0.0109111992642283,0.9140588045120239,-0.0601521655917168,0.3891286849975586,-0.0476211607456207,0.9179830551147461,-0.0689378827810287,0.1833496987819672,-0.0335772223770618,0.9800526499748230,-0.0398321971297264,0.1822556555271149,-0.0391092672944069,0.9816652536392212,-0.0398321971297264,0.1822556555271149,-0.0391092672944069,0.9816652536392212,0.0029497083742172,0.2760824859142303,0.0748417451977730,0.9582110643386841,0.0006685327389278,0.3137917220592499,0.0772923156619072,0.9463404417037964,0.2686419486999512,0.3226547837257385,-0.0153811778873205,0.9074628353118896,0.2278705388307571,0.3594907224178314,-0.1230720281600952,0.8964901566505432,0.1497316956520081,-0.0207499675452709,-0.2257839292287827,0.9623781442642212,0.1443019956350327,-0.0243590082973242,-0.2049600630998611,0.9677680730819702,0.1443019956350327,-0.0243590082973242,-0.2049600630998611,0.9677680730819702,-0.0006966777145863,0.3138078153133392,0.0725165754556656,0.9467130303382874,-0.2687465548515320,0.2802186608314514,0.1590537875890732,0.9077194929122925,-0.2341703772544861,0.3173451125621796,0.2657178342342377,0.8796876668930054,-0.1017705649137497,-0.0529363155364990,0.3594723343849182,0.9260779619216919,-0.0772881731390953,-0.0598107650876045,0.2799175083637238,0.9550368189811707,-0.0772881731390953,-0.0598107650876045,0.2799175083637238,0.9550368189811707,0.0029497083742172,0.2760824859142303,0.0748417451977730,0.9582110643386841
-0.1703393608331681,-0.0831935331225395,0.6722375154495239,-0.0015666965628043,0.3028137385845184,0.0746475234627724,0.9501205682754517,-1.5731923818588260,-0.2888372957706452,-0.4131810605525971,1.2152565479278565,-0.5048988103866577,0.0225211657583713,-1.5787415266036990,-0.0109805598855018,0.3118926048278809,1.6572710752487183,-0.4561877310276032,0.0453251786530017,0.0000000000000000,0.0680593445897102,0.6608306288719179,-0.2270525842905044,-0.8602837204933167,0.0605131179094315,0.0680593445897102,-0.6608306288719179,0.2270525842905044,-0.8602837204933167,-0.1904624283313751,0.0000000000000000,-0.7483497262001052,-0.3009694814682008,-0.8567261099815366,0.0513083506604758,-2.8125980614577522,-0.2019500150390542,-6.0696039199829110,-1.3854962825775143,-0.6152936875820156,2.6344032764434777,-0.5558191061019891,-0.0744182571768761,-6.2850904464721689,1.6838905572891238,1.4285764694213856,1.7782808542251578,-1.2390093326568601,-0.6497900485992437,0.0000000000000000,-0.5170680522918706,4.2169156074523935,0.8049418687820433,-2.0597405195236203,0.8436643064022058,-0.5170680522918706,-4.2169156074523935,-0.8049418687820433,-2.0597405195236203,-0.6966509222984313,0.0000000000000000,0.0000000000000000,0.0000000000000000,-0.0015666965628043,0.3028137385845184,0.0746475234627724,0.9501205682754517,-0.0015666965628043,0.3028137385845184,0.0746475234627724,0.9501205682754517,0.1055656373500824,-0.4355649054050446,0.2278086543083191,0.8644317388534546,-0.0198497176170349,-0.4638277888298035,0.1625904142856598,0.8706516623497009,0.0757697671651840,-0.4580252766609192,-0.0194282457232475,0.8854910731315613,0.0732880681753159,0.1295044124126434,0.0273184329271317,0.9884893894195557,0.0777931660413742,-0.1215011477470398,0.0081397537142038,0.9895046949386597,0.0889321714639664,-0.1214022785425186,0.0094942012801766,0.9885659217834473,0.0889321714639664,-0.1214022785425186,0.0094942012801766,0.9885659217834473,-0.0055929915979505,-0.4386150538921356,-0.1206208765506744,0.8905258178710938,-0.0106396600604057,-0.4379907846450806,-0.1227300837635994,0.8904988169670105,-0.0786544978618622,-0.4310152530670166,0.0170079600065947,0.8987492322921753,-0.0656794607639313,0.3710703253746033,-0.0464853160083294,0.9251118898391724,-0.0745019987225533,0.1522732079029083,-0.0304162148386240,0.9850569367408752,-0.0521841049194336,0.1515415012836456,-0.0340266227722168,0.9864857792854309,-0.0521841049194336,0.1515415012836456,-0.0340266227722168,0.9864857792854309,-0.0015666965628043,0.3028137385845184,0.0746475234627724,0.9501205682754517,-0.0034663607366383,0.3349021673202515,0.0765968561172485,0.9391280412673950,0.3012938797473907,0.3414290249347687,-0.0365585424005985,0.8895571231842041,0.2610531151294708,0.3794987797737122,-0.1348238438367844,0.8772996068000793,0.1699286997318268,-0.0130673283711076,-0.2538856267929077,0.9521007537841797,0.1628019660711288,-0.0182263758033514,-0.2261025458574295,0.9602296948432922,0.1628019660711288,-0.0182263758033514,-0.2261025458574295,0.9602296948432922,-0.0047480608336627,0.3348977267742157,0.0725336819887161,0.9394465088844299,-0.3091285824775696,0.2931633591651917,0.1776645332574844,0.8870909214019775,-0.2752890884876251,0.3323845267295837,0.2746981680393219,0.8592306971549988,-0.1278793513774872,-0.0484148710966110,0.3873320221900940,0.9117437601089478,-0.1019078567624092,-0.0575525239109993,0.3028219938278198,0.9458336234092712,-0.1019078567624092,-0.0575525239109993,0.3028219938278198,0.9458336234092712,-0.0015666965628043,0.3028137385845184,0.0746475234627724,0.9501205682754517
-0.2022994011640550,-0.0903964713215828,0.6578437089920044,-0.0077061229385436,0.3295230567455292,0.0727822706103325,0.9413064718246460,-1.7014138460159307,-0.3122638344764710,-0.4210507333278656,1.2234018087387086,-0.5093887209892273,0.0207598920911550,-1.7117729425430301,0.0272821173071863,0.3265258610248566,1.6808542728424074,-0.4774932503700257,0.0259511359035968,0.0000000000000000,0.0519909590482711,0.7562747478485110,-0.2122067809104919,-0.8987274289131166,0.0695057421922684,0.0519909590482711,-0.7562747478485110,0.2122067809104919,-0.8987274289131166,-0.2024511963129044,0.0000000000000000,-1.3855889439582847,-0.3453525304794313,-0.7539492249488827,0.2327216033786817,-2.8414948406888647,-0.2971514424176753,-6.3257055282592782,-1.2248692274093622,-0.4489361286163325,0.9640480995178167,-0.3073264241218558,-0.0846523240208626,-6.5599503517150888,1.8558229446411139,0.9058911800384504,1.3289400339126574,-1.1087092638015743,-0.8889740705490120,0.0000000000000000,-0.7318314373493202,4.6333832740783709,0.7579530715942381,-1.9565741062164304,0.5481394648551932,-0.7318314373493202,-4.6333832740783709,-0.7579530715942381,-1.9565741062164304,-0.6237415075302122,0.0000000000000000,0.0000000000000000,0.0000000000000000,-0.0077061229385436,0.3295230567455292,0.0727822706103325,0.9413064718246460,-0.0077061229385436,0.3295230567455292,0.0727822706103325,0.9413064718246460,0.1120202541351318,-0.4647049903869629,0.2366589903831482,0.8458682298660278,-0.0207815077155828,-0.4958629012107849,0.1613590270280838,0.8530248999595642,0.0833543613553047,-0.4892463088035583,-0.0204323399811983,0.8679128885269165,0.0799620300531387,0.0978747755289078,0.0311500858515501,0.9914919734001160,0.0852353647351265,-0.1550879925489426,0.0099916923791170,0.9841660261154175,0.0954480990767479,-0.1549763679504395,0.0115877687931061,0.9832283258438110,0.0954480990767479,-0.1549763679504395,0.0115877687931061,0.9832283258438110,-0.0163960121572018,-0.4721750020980835,-0.1303369998931885,0.8716617822647095,-0.0046658143401146,-0.4739500880241394,-0.1235886663198471,0.8718229532241821,-0.0817555487155914,-0.4668807983398438,0.0196989849209785,0.8803125619888306,-0.0692001655697823,0.3442913293838501,-0.0477711819112301,0.9350896477699280,-0.0785469412803650,0.1133922487497330,-0.0300378594547510,0.9899849891662598,-0.0657161325216293,0.1129899397492409,-0.0316745266318321,0.9909144639968872,-0.0657161325216293,0.1129899397492409,-0.0316745266318321,0.9909144639968872,-0.0077061229385436,0.3295230567455292,0.0727822706103325,0.9413064718246460,-0.0090663321316242,0.3538411259651184,0.0741101950407028,0.9323207736015320,0.3356626927852631,0.3559902906417847,-0.0621131993830204,0.8699101209640503,0.2965999543666840,0.3951275050640106,-0.1515503823757172,0.8561164140701294,0.1893603205680847,-0.0068551357835531,-0.2881291806697845,0.9386572837829590,0.1813869029283524,-0.0131537746638060,-0.2566286921501160,0.9492458105087280,0.1813869029283524,-0.0131537746638060,-0.2566286921501160,0.9492458105087280,-0.0101298745721579,0.3538182079792023,0.0710338354110718,0.9325578212738037,-0.3535499572753906,0.3025055527687073,0.1970410346984863,0.8629413843154907,-0.3209279179573059,0.3437608182430267,0.2848758697509766,0.8352721333503723,-0.1568920463323593,-0.0438896156847477,0.4191245138645172,0.8931927084922791,-0.1297528743743896,-0.0556573495268822,0.3309428989887238,0.9330290555953979,-0.1297528743743896,-0.0556573495268822,0.3309428989887238,0.9330290555953979,-0.0077061229385436,0.3295230567455292,0.0727822706103325,0.9413064718246460
-0.2182005435228348,-0.0971375212073326,0.6362550020217894,-0.0139056518673897,0.3534709513187408,0.0703633874654770,0.9326918125152588,-1.8310944795608526,-0.3348178327083589,-0.4281185448169709,1.2799130916595463,-0.4967822670936584,0.0122373089194297,-1.8551515817642219,0.0653700850903990,0.3271746397018432,1.7083686113357546,-0.4878018081188202,0.0031822718679904,0.0000000000000000,0.0313745349645614,0.8248536705970767,-0.1934724658727645,-0.9409133076667787,0.0751536548137665,0.0313745349645614,-0.8248536705970767,0.1934724658727645,-0.9409133076667787,-0.2193698704242707,0.0000000000000000,-1.1162350177764861,-0.3462902307510375,-0.9355372548103347,0.3280079125410784,-2.6917186250780221,-0.3328090783724808,-6.4548479080200201,-1.1451506614685056,-0.3694277703762053,1.8582436740398505,0.2883953958749805,-0.2909029588103308,-6.9619871139526390,1.9078923463821411,0.3121284484863253,1.2970939874649057,-0.7353670835494973,-1.0705467224121101,0.0000000000000000,-0.9398603677749643,3.9662499427795357,0.8589454889297493,-2.0344504594802864,0.3492898404598229,-0.9398603677749643,-3.9662499427795357,-0.8589454889297493,-2.0344504594802864,-0.7473355412483225,0.0000000000000000,0.0000000000000000,0.0000000000000000,-0.0139056518673897,0.3534709513187408,0.0703633874654770,0.9326918125152588,-0.0139056518673897,0.3534709513187408,0.0703633874654770,0.9326918125152588,0.1181279420852661,-0.4960732460021973,0.2448600232601166,0.8246216773986816,-0.0207693837583065,-0.5299414396286011,0.1585283726453781,0.8328262567520142,0.0923549234867096,-0.5222414731979370,-0.0219566822052002,0.8474977016448975,0.0869786813855171,0.0871665626764297,0.0377341024577618,0.9916718006134033,0.0935441255569458,-0.1593130379915237,0.0152558498084545,0.9826679229736328,0.0995483845472336,-0.1592379808425903,0.0162711478769779,0.9820737242698669,0.0995483845472336,-0.1592379808425903,0.0162711478769779,0.9820737242698669,-0.0271273590624332,-0.5118815898895264,-0.1397015452384949,0.8471865057945251,0.0002245365176350,-0.5162135362625122,-0.1223444119095802,0.8476765155792236,-0.0837534219026566,-0.5093686580657959,0.0173986945301294,0.8562863469123840,-0.0680551305413246,0.3111017942428589,-0.0516712777316570,0.9465274214744568,-0.0785331875085831,0.0733173713088036,-0.0337128750979900,0.9936400651931763,-0.0769721567630768,0.0733077153563499,-0.0341601595282555,0.9937475919723511,-0.0769721567630768,0.0733077153563499,-0.0341601595282555,0.9937475919723511,-0.0139056518673897,0.3534709513187408,0.0703633874654770,0.9326918125152588,-0.0146865528076887,0.3680390715599060,0.0710938274860382,0.9269720315933228,0.3580502271652222,0.3655112385749817,-0.0825597643852234,0.8552108407020569,0.3216665685176849,0.4033640623092651,-0.1625248044729233,0.8410789966583252,0.2004031538963318,-0.0114627508446574,-0.3139888048171997,0.9279646873474121,0.1916054636240005,-0.0184188168495893,-0.2803518772125244,0.9403994083404541,0.1916054636240005,-0.0184188168495893,-0.2803518772125244,0.9403994083404541,-0.0153610808774829,0.3680162727832794,0.0692483708262444,0.9271098375320435,-0.3855969905853271,0.3093646168708801,0.2111820429563522,0.8432145118713379,-0.3552849888801575,0.3500146269798279,0.2892569899559021,0.8170634508132935,-0.1766146272420883,-0.0476885922253132,0.4424978196620941,0.8779115676879883,-0.1467508375644684,-0.0618382617831230,0.3485173583030701,0.9236752390861511,-0.1467508375644684,-0.0618382617831230,0.3485173583030701,0.9236752390861511,-0.0139056518673897,0.3534709513187408,0.0703633874654770,0.9326918125152588
-0.2260722368955612,-0.1036476269364357,0.6110688447952269,-0.0201293602585793,0.3759417533874512,0.0676513463258743,0.9239512681961060,-1.9615046977996833,-0.3569355607032776,-0.4347854256629943,1.3606073856353762,-0.4756276309490203,0.0003340714902151,-2.0037038326263432,0.1033706963062288,0.3208311796188353,1.7378485202789307,-0.4926118850708008,-0.0212840009480715,0.0000000000000000,0.0084840906783937,0.8799999952316284,-0.1727938950061798,-0.9849702715873720,0.0791292116045952,0.0084840906783937,-0.8799999952316284,0.1727938950061798,-0.9849702715873720,-0.2387534976005554,0.0000000000000000,-0.3935846388339992,-0.3255052566528324,-1.2593077421188350,0.3802307499255688,-2.4526059120462014,-0.3386948186153786,-6.5205106735229448,-1.1058863401412942,-0.3333440124988530,4.0347146987915004,1.0577317476272556,-0.5951618552207931,-7.4276123046874938,1.9000302553176853,-0.3171729743480703,1.4739953279495221,-0.2405038326978685,-1.2233136892318701,0.0000000000000000,-1.1445220708847037,2.7573161125183012,1.0339285135269152,-2.2028481960296618,0.1987778246402725,-1.1445220708847037,-2.7573161125183012,-1.0339285135269152,-2.2028481960296618,-0.9691812992095917,0.0000000000000000,0.0000000000000000,0.0000000000000000,-0.0201293602585793,0.3759417533874512,0.0676513463258743,0.9239512681961060,-0.0201293602585793,0.3759417533874512,0.0676513463258743,0.9239512681961060,0.1239461302757263,-0.5280644297599792,0.2524989843368530,0.8012674450874329,-0.0202650502324104,-0.5645012855529785,0.1547455191612244,0.8105439543724060,0.1019660457968712,-0.5555853843688965,-0.0237184315919876,0.8248424530029297,0.0941861346364021,0.0869479849934578,0.0457013398408890,0.9906969070434570,0.1023015454411507,-0.1488860696554184,0.0222268626093864,0.9832972288131714,0.1024657934904099,-0.1488823443651199,0.0222517289221287,0.9832800030708313,0.1024657934904099,-0.1488823443651199,0.0222517289221287,0.9832800030708313,-0.0377654060721397,-0.5537311434745789,-0.1486377865076065,0.8184512257575989,0.0045681316405535,-0.5606706738471985,-0.1198322549462318,0.8193093538284302,-0.0850455835461617,-0.5542018413543701,0.0125733017921448,0.8279308080673218,-0.0645109564065933,0.2744172811508179,-0.0568258427083492,0.9577600359916687,-0.0764194428920746,0.0326113142073154,-0.0393815599381924,0.9957637786865234,-0.0870118439197540,0.0330285616219044,-0.0390322916209698,0.9948942661285400,-0.0870118439197540,0.0330285616219044,-0.0390322916209698,0.9948942661285400,-0.0201293602585793,0.3759417533874512,0.0676513463258743,0.9239512681961060,-0.0203154534101486,0.3798554241657257,0.0678116157650948,0.9223333001136780,0.3744777143001556,0.3725584745407104,-0.1004427298903465,0.8431357145309448,0.3415408432483673,0.4079877138137817,-0.1706488728523254,0.8293218612670898,0.2072429955005646,-0.0214777644723654,-0.3356367051601410,0.9186604619026184,0.1976259499788284,-0.0288493763655424,-0.3006466329097748,0.9325896501541138,0.1976259499788284,-0.0288493763655424,-0.3006466329097748,0.9325896501541138,-0.0205157250165939,0.3798446655273438,0.0673194080591202,0.9223693013191223,-0.4114351272583008,0.3149911165237427,0.2226981967687607,0.8257768154144287,-0.3839803636074066,0.3537229299545288,0.2907535433769226,0.8018113374710083,-0.1916782408952713,-0.0556487888097763,0.4616541564464569,0.8643136024475098,-0.1583415269851685,-0.0720661655068398,0.3608759343624115,0.9162439703941345,-0.1583415269851685,-0.0720661655068398,0.3608759343624115,0.9162439703941345,-0.0201293602585793,0.3759417533874512,0.0676513463258743,0.9239512681961060
-0.2317454576492310,-0.1121256694197655,0.5885323882102966,-0.0222895182669163,0.3906841874122620,0.0703905001282692,0.9175588488578796,-2.0643401622772219,-0.3663658499717712,-0.4257557332515716,1.4179844856262207,-0.4698240101337433,-0.0022158867388498,-2.1161690711975099,0.1256536304950714,0.3017331182956695,1.7565302848815918,-0.4985074520111084,-0.0306771740317345,0.0000000000000000,-0.0090827243402600,0.8799999952316284,-0.1607432216405869,-1.0223177433013917,0.0739408671855926,-0.0090827243402600,-0.8799999952316284,0.1607432216405869,-1.0223177433013917,-0.2398094385862350,0.0000000000000000,-0.3276304781436919,-0.3845433592796326,-1.1798167943954467,0.0052080635496966,-1.9480131152497435,-0.2649021723246230,-5.6932679176330554,-0.7252632141113278,0.1375531494617467,3.3351987361907951,0.5972013235092158,-0.3145634889602658,-6.3450017929077136,1.4285001277923579,-0.6998109757900242,1.1500510334968563,-0.2730685234069825,-0.7711206436157222,0.0000000000000000,-0.9848132610321043,1.1029264450073224,0.7750915884971616,-2.0015633583068846,-0.0761391937732699,-0.9848132610321043,-1.1029264450073224,-0.7750915884971616,-2.0015633583068846,-0.4193507313728326,0.0000000000000000,0.0000000000000000,0.0000000000000000,-0.0222895182669163,0.3906841874122620,0.0703905001282692,0.9175588488578796,-0.0222895182669163,0.3906841874122620,0.0703905001282692,0.9175588488578796,0.1338413208723068,-0.5554779171943665,0.2582416236400604,0.7790006995201111,-0.0102360984310508,-0.5932146906852722,0.1526446938514709,0.7903740406036377,0.1152467578649521,-0.5820258259773254,-0.0178478974848986,0.8047642707824707,0.0987845361232758,0.0821642726659775,0.0615696348249912,0.9897978305816650,0.1103737056255341,-0.1504782438278198,0.0369013398885727,0.9817394018173218,0.1092863976955414,-0.1505302190780640,0.0367329381406307,0.9818593263626099,0.1092863976955414,-0.1505302190780640,0.0367329381406307,0.9818593263626099,-0.0397265776991844,-0.5857309103012085,-0.1535804420709610,0.7948297262191772,0.0100775007158518,-0.5942372083663940,-0.1162647306919098,0.7957782745361328,-0.0791350603103638,-0.5890098810195923,0.0048124790191650,0.8042274713516235,-0.0542139708995819,0.2428886592388153,-0.0577563494443893,0.9668145179748535,-0.0667969584465027,-0.0031129922717810,-0.0426198393106461,0.9968510270118713,-0.0820780918002129,-0.0024472456425428,-0.0427728407084942,0.9957047104835510,-0.0820780918002129,-0.0024472456425428,-0.0427728407084942,0.9957047104835510,-0.0222895182669163,0.3906841874122620,0.0703905001282692,0.9175588488578796,-0.0220689699053764,0.3865152001380920,0.0702374354004860,0.9193397760391235,0.3716161549091339,0.3796171545982361,-0.1010846346616745,0.8411743044853210,0.3405292928218842,0.4124156832695007,-0.1662892252206802,0.8284329175949097,0.2020786404609680,-0.0340903364121914,-0.3361812233924866,0.9192302227020264,0.1926652342081070,-0.0407916232943535,-0.3035628199577332,0.9322370290756226,0.1926652342081070,-0.0407916232943535,-0.3035628199577332,0.9322370290756226,-0.0218354016542435,0.3865301609039307,0.0707560405135155,0.9192992448806763,-0.4113214612007141,0.3195760250091553,0.2286551147699356,0.8224370479583740,-0.3855445981025696,0.3556401133537292,0.2917488813400269,0.7998487949371338,-0.1839409470558167,-0.0688553303480148,0.4677272439002991,0.8617748618125916,-0.1489832401275635,-0.0841676816344261,0.3670263588428497,0.9143366813659668,-0.1489832401275635,-0.0841676816344261,0.3670263588428497,0.9143366813659668,-0.0222895182669163,0.3906841874122620,0.0703905001282692,0.9175588488578796
-0.2438135623931885,-0.1224011421203614,0.5669417500495910,-0.0236648395657539,0.4031332731246948,0.0745964273810387,0.9117888212203979,-2.1613533020019533,-0.3740305602550507,-0.4144025325775146,1.4535159111022948,-0.4622631967067719,-0.0029739587567747,-2.2209699630737307,0.1451927274465561,0.2831420719623565,1.7750364780426027,-0.5006602466106415,-0.0392907366156578,0.0000000000000000,-0.0232806310057640,0.8799999952316284,-0.1456615671515464,-1.0627989530563355,0.0677544906735420,-0.0232806310057640,-0.8799999952316284,0.1456615671515464,-1.0627989530563355,-0.2397239178419113,0.0000000000000000,-0.4755075514316571,-0.4778249979019168,-1.0984482645988463,-0.3380407788975819,-1.4653495627674340,-0.2169746580303201,-4.9671030998229968,-0.4185470640659329,0.5211898326873784,2.2134845733642532,0.3428967952728275,-0.0737413287162777,-5.3933311462402331,1.0318315863609309,-0.9396925568580626,0.9288210272789001,-0.1824951589107506,-0.4462703287601469,0.0000000000000000,-0.7772734999656671,0.0000000000000000,0.6934630632400519,-1.9613855838775640,-0.2893581688404085,-0.7772734999656671,0.0000000000000000,-0.6934630632400519,-1.9613855838775640,-0.0185531966388223,0.0000000000000000,0.0000000000000000,0.0000000000000000,-0.0236648395657539,0.4031332731246948,0.0745964273810387,0.9117888212203979,-0.0236648395657539,0.4031332731246948,0.0745964273810387,0.9117888212203979,0.1445440351963043,-0.5818934440612793,0.2633239626884460,0.7557563185691833,0.0015275410842150,-0.6207006573677063,0.1505180448293686,0.7694624662399292,0.1291035860776901,-0.6071647405624390,-0.0110715292394161,0.7839391231536865,0.1038753911852837,0.0671379640698433,0.0775029808282852,0.9892904758453369,0.1188221946358681,-0.1612788438796997,0.0516650527715683,0.9783665537834167,0.1173636019229889,-0.1613472849130630,0.0514438934624195,0.9785429835319519,0.1173636019229889,-0.1613472849130630,0.0514438934624195,0.9785429835319519,-0.0393902063369751,-0.6154350638389587,-0.1578964442014694,0.7712048292160034,0.0165818296372890,-0.6252808570861816,-0.1127604544162750,0.7720323801040649,-0.0717014968395233,-0.6213589906692505,-0.0026114066131413,0.7802339792251587,-0.0432522408664227,0.2127924263477325,-0.0571983456611633,0.9744623899459839,-0.0560722313821316,-0.0352369323372841,-0.0446844585239887,0.9968037009239197,-0.0756409242749214,-0.0343509241938591,-0.0454060919582844,0.9955083727836609,-0.0756409242749214,-0.0343509241938591,-0.0454060919582844,0.9955083727836609,-0.0236648395657539,0.4031332731246948,0.0745964273810387,0.9117888212203979,-0.0230799168348312,0.3924970626831055,0.0741986706852913,0.9164649248123169,0.3694769740104675,0.3867164850234985,-0.1000486090779305,0.8390037417411804,0.3409050107002258,0.4163641333580017,-0.1590358912944794,0.8277271986007690,0.1991504281759262,-0.0486039333045483,-0.3353495001792908,0.9195202589035034,0.1900687068700790,-0.0546358376741409,-0.3055605292320251,0.9314084053039551,0.1900687068700790,-0.0546358376741409,-0.3055605292320251,0.9314084053039551,-0.0224890038371086,0.3925321996212006,0.0755307227373123,0.9163556694984436,-0.4106590151786804,0.3229726552963257,0.2355315089225769,0.8194953799247742,-0.3871776461601257,0.3556789755821228,0.2925453186035156,0.7987509965896606,-0.1756134480237961,-0.0854008123278618,0.4739468693733215,0.8586273789405823,-0.1388501077890396,-0.0994466170668602,0.3739635348320007,0.9115824103355408,-0.1388501077890396,-0.0994466170668602,0.3739635348320007,0.9115824103355408,-0.0236648395657539,0.4031332731246948,0.0745964273810387,0.9117888212203979
-0.2686714351177216,-0.1362714752554894,0.5472427487373351,-0.0234783254563808,0.4111351668834686,0.0817607194185257,0.9075967669487000,-2.2467217922210696,-0.3781641125679016,-0.3984023153781890,1.4453559875488280,-0.4511879980564117,-0.0001482582651079,-2.3104421615600588,0.1592441499233246,0.2655650556087493,1.7931915283203126,-0.4953274965286255,-0.0463450782001019,0.0000000000000000,-0.0307407237589360,0.8799999952316284,-0.1245179504156112,-1.1095476388931276,0.0595720499753952,-0.0307407237589360,-0.8799999952316284,0.1245179504156112,-1.1095476388931276,-0.2373554736375809,0.0000000000000000,-1.0510470926761646,-0.6395937085151677,-1.0133245706558225,-0.6177419334876693,-1.0265444989134258,-0.2207774077289231,-4.4430941581726060,-0.2596449553966517,0.7303055584430702,0.2473740100860526,0.5010441482067114,0.0875284194946294,-4.7035402297973610,0.7848862171173088,-0.8940612077713012,0.9130195975303650,0.1543543159961712,-0.3761053860187528,0.0000000000000000,-0.4740718364715566,0.0000000000000000,0.9662513375282297,-2.2434219360351570,-0.3791810572147372,-0.4740718364715566,0.0000000000000000,-0.9662513375282297,-2.2434219360351570,0.0841783501207832,0.0000000000000000,0.0000000000000000,0.0000000000000000,-0.0234783254563808,0.4111351668834686,0.0817607194185257,0.9075967669487000,-0.0234783254563808,0.4111351668834686,0.0817607194185257,0.9075967669487000,0.1570305377244949,-0.6070393919944763,0.2674332261085510,0.7316585183143616,0.0167308412492275,-0.6464804410934448,0.1485447883605957,0.7481426596641541,0.1442473381757736,-0.6304396986961365,-0.0025160675868392,0.7627136707305908,0.1098906174302101,0.0316058918833733,0.0935119390487671,0.9890301227569580,0.1279779374599457,-0.1904323846101761,0.0665796473622322,0.9710429310798645,0.1279020756483078,-0.1904291808605194,0.0665842443704605,0.9710531830787659,0.1279020756483078,-0.1904291808605194,0.0665842443704605,0.9710531830787659,-0.0345339141786098,-0.6416102051734924,-0.1612420827150345,0.7490960359573364,0.0250869169831276,-0.6524162292480469,-0.1096186637878418,0.7494714260101318,-0.0614013224840164,-0.6499884724617004,-0.0093396566808224,0.7574019432067871,-0.0310453157871962,0.1859199106693268,-0.0537423565983772,0.9806026816368103,-0.0432713441550732,-0.0601368546485901,-0.0444756634533405,0.9962596297264099,-0.0663414075970650,-0.0590885616838932,-0.0458951555192471,0.9949879646301270,-0.0663414075970650,-0.0590885616838932,-0.0458951555192471,0.9949879646301270,-0.0234783254563808,0.4111351668834686,0.0817607194185257,0.9075967669487000,-0.0226068049669266,0.3971426784992218,0.0812340527772903,0.9138750433921814,0.3688019216060638,0.3939162790775299,-0.0956620872020721,0.8364590406417847,0.3440352678298950,0.4193287491798401,-0.1459867358207703,0.8273397088050842,0.2007108181715012,-0.0669174194335938,-0.3317915201187134,0.9193213582038879,0.1922167390584946,-0.0722831189632416,-0.3057451844215393,0.9297030568122864,0.1922167390584946,-0.0722831189632416,-0.3057451844215393,0.9297030568122864,-0.0218116287142038,0.3971885442733765,0.0829850807785988,0.9137171506881714,-0.4089222848415375,0.3240103423595428,0.2442591637372971,0.8173967003822327,-0.3889508247375488,0.3519634902477264,0.2929458320140839,0.7993883490562439,-0.1661111265420914,-0.1086136549711227,0.4804568886756897,0.8542665839195251,-0.1271728873252869,-0.1210700571537018,0.3824680149555206,0.9071314334869385,-0.1271728873252869,-0.1210700571537018,0.3824680149555206,0.9071314334869385,-0.0234783254563808,0.4111351668834686,0.0817607194185257,0.9075967669487000
-0.2776378154754638,-0.1490988075733185,0.5272335410118103,-0.0247440300881863,0.4153330922126770,0.0894974023103714,0.9049178361892700,-2.3196615219116214,-0.3763396918773651,-0.3887870669364929,1.4686994075775148,-0.4475498139858246,0.0067591323982924,-2.3859271049499515,0.1734975069761276,0.2534423649311066,1.8111726760864257,-0.4882561266422272,-0.0471304267644882,0.0000000000000000,-0.0370842203497887,0.8799999952316284,-0.0944598063826560,-1.1543489217758180,0.0559792697429657,-0.0370842203497887,-0.8799999952316284,0.0944598063826560,-1.1543489217758180,-0.2324487537145614,0.0000000000000000,-0.7661488294601425,-0.6622265815734862,-0.9942562222480774,-0.6930363973037772,-0.6423830402010917,-0.3322869760333519,-3.8955615997314439,-0.0279384225606912,0.6084617495536797,0.5371040642261535,0.3306494951248162,0.2637357026338581,-4.0539921760559068,0.7086291193962098,-0.7152209997177119,0.9025353789329529,0.3187960863113405,-0.1646472871303552,0.0000000000000000,-0.3395067334175109,0.0000000000000000,1.3246165513992318,-2.2790120601654049,-0.2714322149753566,-0.3395067334175109,0.0000000000000000,-1.3246165513992318,-2.2790120601654049,0.1945704624056819,0.0000000000000000,0.0000000000000000,0.0000000000000000,-0.0247440300881863,0.4153330922126770,0.0894974023103714,0.9049178361892700,-0.0247440300881863,0.4153330922126770,0.0894974023103714,0.9049178361892700,0.1680205315351486,-0.6295207738876343,0.2722154855728149,0.7080759406089783,0.0325678288936615,-0.6693371534347534,0.1496882140636444,0.7269942760467529,0.1612113863229752,-0.6504748463630676,0.0063909501768649,0.7421945333480835,0.1150968745350838,0.0144832096993923,0.1128270253539085,0.9868196249008179,0.1372653543949127,-0.2048649191856384,0.0844722613692284,0.9654289484024048,0.1405189931392670,-0.2045283615589142,0.0851884931325912,0.9649692773818970,0.1405189931392670,-0.2045283615589142,0.0851884931325912,0.9649692773818970,-0.0285869650542736,-0.6651339530944824,-0.1625926792621613,0.7282468080520630,0.0345179811120033,-0.6767367124557495,-0.1042519062757492,0.7279887199401855,-0.0512119010090828,-0.6756582856178284,-0.0113434884697199,0.7353466749191284,-0.0227289870381355,0.1615317463874817,-0.0472498387098312,0.9854736328125000,-0.0334903039038181,-0.0814557671546936,-0.0403310507535934,0.9952973723411560,-0.0569343790411949,-0.0804790183901787,-0.0422241091728210,0.9942327737808228,-0.0569343790411949,-0.0804790183901787,-0.0422241091728210,0.9942327737808228,-0.0247440300881863,0.4153330922126770,0.0894974023103714,0.9049178361892700,-0.0235518254339695,0.3984887003898621,0.0888895839452744,0.9125517606735229,0.3673832416534424,0.3983948826789856,-0.0893090665340424,0.8356643915176392,0.3485223352909088,0.4177803397178650,-0.1274956315755844,0.8292988538742065,0.2072893381118774,-0.0893784314393997,-0.3246499896049500,0.9185015559196472,0.1986955851316452,-0.0946333035826683,-0.3003602027893066,0.9280885457992554,0.1986955851316452,-0.0946333035826683,-0.3003602027893066,0.9280885457992554,-0.0225842483341694,0.3985475003719330,0.0909962952136993,0.9123430252075195,-0.4090360403060913,0.3218275904655457,0.2520861625671387,0.8158242702484131,-0.3940959572792053,0.3431315422058105,0.2890394330024719,0.8021255731582642,-0.1623277962207794,-0.1361606270074844,0.4849978089332581,0.8484616279602051,-0.1212847530841827,-0.1476129591464996,0.3903588056564331,0.9006222486495972,-0.1212847530841827,-0.1476129591464996,0.3903588056564331,0.9006222486495972,-0.0247440300881863,0.4153330922126770,0.0894974023103714,0.9049178361892700
-0.2786584496498108,-0.1614046394824982,0.5070692300796509,-0.0267352778464556,0.4176203906536102,0.0975179970264435,0.9029777050018311,-2.3863868713378906,-0.3715362846851349,-0.3823643028736115,1.5077944993972778,-0.4476301372051239,0.0157073677983135,-2.4544184207916260,0.1878518313169479,0.2440468370914459,1.8290668725967407,-0.4803154468536377,-0.0447812788188457,0.0000000000000000,-0.0428694188594818,0.8799999952316284,-0.0599443987011909,-1.1981765031814575,0.0546813197433949,-0.0428694188594818,-0.8799999952316284,0.0599443987011909,-1.1981765031814575,-0.2262728959321976,0.0000000000000000,-0.0510317087173462,-0.6152915358543396,-1.0082155466079712,-0.6661275157328973,-0.2855433840595942,-0.4976499536406929,-3.3362672328948975,0.2401703447103500,0.3211381733417511,1.9547543823719020,-0.0040161609649658,0.4474117308855057,-3.4245655536651611,0.7177161574363708,-0.4697763621807098,0.8947097659111023,0.3970339596271515,0.1174573898315430,0.0000000000000000,-0.2892599105834961,0.0000000000000000,1.7257702350616455,-2.1913790702819824,-0.0648975074291229,-0.2892599105834961,0.0000000000000000,-1.7257702350616455,-2.1913790702819824,0.3087928518652916,0.0000000000000000,0.0000000000000000,0.0000000000000000,-0.0267352778464556,0.4176203906536102,0.0975179970264435,0.9029777050018311,-0.0267352778464556,0.4176203906536102,0.0975179970264435,0.9029777050018311,0.1781754791736603,-0.6503573060035706,0.2772025167942047,0.6844323277473450,0.0486942194402218,-0.6903674602508545,0.1523111760616302,0.7055656909942627,0.1789903938770294,-0.6685363054275513,0.0154647678136826,0.7216526269912720,0.1199033930897713,0.0065796328708529,0.1337904930114746,0.9837072491645813,0.1466076970100403,-0.2119194269180298,0.1038407757878304,0.9606317877769470,0.1541475951671600,-0.2110973745584488,0.1055019050836563,0.9594507813453674,0.1541475951671600,-0.2110973745584488,0.1055019050836563,0.9594507813453674,-0.0220871362835169,-0.6870636343955994,-0.1628825813531876,0.7077605128288269,0.0443895757198334,-0.6993116140365601,-0.0977263897657394,0.7067123651504517,-0.0410612784326077,-0.6995149254798889,-0.0109781185165048,0.7133528590202332,-0.0163562409579754,0.1383575499057770,-0.0392303615808487,0.9894698858261108,-0.0252179931849241,-0.1009644269943237,-0.0342140384018421,0.9939817190170288,-0.0474656969308853,-0.1001731082797050,-0.0364659316837788,0.9931679368019104,-0.0474656969308853,-0.1001731082797050,-0.0364659316837788,0.9931679368019104,-0.0267352778464556,0.4176203906536102,0.0975179970264435,0.9029777050018311,-0.0252051837742329,0.3981730639934540,0.0968522578477859,0.9118347167968750,0.3655819594860077,0.4015009403228760,-0.0819703862071037,0.8357198834419250,0.3535637259483337,0.4138275086879730,-0.1062406972050667,0.8321372270584106,0.2162674367427826,-0.1138617992401123,-0.3155491352081299,0.9168929457664490,0.2072347998619080,-0.1192810386419296,-0.2920347750186920,0.9260353446006775,0.2072347998619080,-0.1192810386419296,-0.2920347750186920,0.9260353446006775,-0.0240811165422201,0.3982450366020203,0.0992827042937279,0.9115722179412842,-0.4100620150566101,0.3180244266986847,0.2594544589519501,0.8144894242286682,-0.4008544087409973,0.3316785991191864,0.2829265594482422,0.8057652711868286,-0.1613158285617828,-0.1657893806695938,0.4882847964763641,0.8414683938026428,-0.1182240843772888,-0.1765213906764984,0.3977167904376984,0.8925719261169434,-0.1182240843772888,-0.1765213906764984,0.3977167904376984,0.8925719261169434,-0.0267352778464556,0.4176203906536102,0.0975179970264435,0.9029777050018311
-0.2814663112163543,-0.1703317463397980,0.4892169833183289,-0.0293520670384169,0.4156204164028168,0.1043169051408768,0.9030593633651733,-2.4371271133422852,-0.3741678178310394,-0.3825812220573425,1.5379593372344971,-0.4433094382286072,0.0213062815368176,-2.5135360240936282,0.1880159288644791,0.2307934433221817,1.8523933649063111,-0.4600912332534790,-0.0490898966789246,0.0000000000000000,-0.0476285986602306,0.8799999952316284,-0.0337631195783615,-1.2518740415573120,0.0501366965472698,-0.0476285986602306,-0.8799999952316284,0.0337631195783615,-1.2518740415573120,-0.2190319418907165,0.0000000000000000,-0.1046485267579556,-0.5139298021793365,-0.9388535857200622,-0.5655545522634560,-0.0082200093898985,-0.5227699892985891,-2.8567140102386470,0.0171221345663068,0.1219476938247679,1.6868468523025508,0.1280144959688188,0.3469321012496947,-3.1433541774749751,0.2920093894004817,-0.5855123400688172,1.0576786041259767,0.7655400097370152,-0.0822755753993990,0.0000000000000000,-0.2584793537855148,0.0000000000000000,1.4757464408874510,-2.4874776363372808,-0.1622976824641229,-0.2584793537855148,0.0000000000000000,-1.4757464408874510,-2.4874776363372808,0.3407457470893860,0.0000000000000000,0.0000000000000000,0.0000000000000000,-0.0293520670384169,0.4156204164028168,0.1043169051408768,0.9030593633651733,-0.0293520670384169,0.4156204164028168,0.1043169051408768,0.9030593633651733,0.1855023205280304,-0.6682150959968567,0.2819004654884338,0.6630306839942932,0.0589624941349030,-0.7089840173721313,0.1526802927255630,0.6859692335128784,0.1926845908164978,-0.6848407983779907,0.0194760765880346,0.7024859189987183,0.1247691437602043,-0.0036577861756086,0.1480244994163513,0.9810749888420105,0.1542385518550873,-0.2192562073469162,0.1169831305742264,0.9562698602676392,0.1644114404916763,-0.2179769575595856,0.1193278133869171,0.9545763134956360,0.1644114404916763,-0.2179769575595856,0.1193278133869171,0.9545763134956360,-0.0154493134468794,-0.7084468603134155,-0.1632238626480103,0.6864564418792725,0.0490550771355629,-0.7206407189369202,-0.0960004478693008,0.6848756074905396,-0.0341519750654697,-0.7214967012405396,-0.0164071992039680,0.6913805007934570,-0.0074218544177711,0.1191180795431137,-0.0370827615261078,0.9921597242355347,-0.0156801939010620,-0.1102533489465714,-0.0343471057713032,0.9931861162185669,-0.0400492474436760,-0.1093751415610313,-0.0370554625988007,0.9925019741058350,-0.0400492474436760,-0.1093751415610313,-0.0370554625988007,0.9925019741058350,-0.0293520670384169,0.4156204164028168,0.1043169051408768,0.9030593633651733,-0.0274750795215368,0.3939980566501617,0.1036387681961060,0.9128360748291016,0.3639548122882843,0.4006142616271973,-0.0740519762039185,0.8375927209854126,0.3572481572628021,0.4076125621795654,-0.0877535492181778,0.8357781767845154,0.2221086323261261,-0.1450373679399490,-0.3103410899639130,0.9128638505935669,0.2131408601999283,-0.1501539945602417,-0.2890459895133972,0.9211282730102539,0.2131408601999283,-0.1501539945602417,-0.2890459895133972,0.9211282730102539,-0.0262326486408710,0.3940867185592651,0.1063393503427505,0.9125236272811890,-0.4124138355255127,0.3112564682960510,0.2640677690505981,0.8144336938858032,-0.4073305726051331,0.3190025687217712,0.2773172855377197,0.8095765113830566,-0.1575617790222168,-0.2002310603857040,0.4934112727642059,0.8316411972045898,-0.1125006228685379,-0.2098848521709442,0.4075899422168732,0.8815681338310242,-0.1125006228685379,-0.2098848521709442,0.4075899422168732,0.8815681338310242,-0.0293520670384169,0.4156204164028168,0.1043169051408768,0.9030593633651733
-0.2854532599449158,-0.1797917008399963,0.4711026728153229,-0.0319069288671017,0.4113614559173584,0.1117929592728615,0.9040277004241943,-2.4841279983520508,-0.3765373468399048,-0.3829958677291870,1.5639314651489258,-0.4337899565696717,0.0217817157506943,-2.5674163818359372,0.1898445069789886,0.2196839541196823,1.8547508955001832,-0.4404855310916901,-0.0506238982081413,0.0000000000000000,-0.0492806270718575,0.8799999952316284,-0.0072995226830245,-1.3019882917404173,0.0420303367078305,-0.0492806270718575,-0.8799999952316284,0.0072995226830245,-1.3019882917404173,-0.2111036181449890,0.0000000000000000,-0.1757656872272488,-0.4623407483100890,-0.9004741907119750,-0.5267193351117784,0.3227713319368546,-0.5660791145001430,-2.4248311758041394,-0.1237165316939355,-0.0167777521535754,1.3824604868888868,0.3719984024763092,0.1262412905693070,-2.7987626075744645,0.0581392943859095,-0.5983525216579444,0.5372556924820010,0.9926553249359132,-0.1321924030780801,0.0000000000000000,-0.1447444468736658,0.0000000000000000,1.3175333738327026,-2.5773780822753918,-0.3340832352638234,-0.1447444468736658,0.0000000000000000,-1.3175333738327026,-2.5773780822753918,0.3826687633991239,0.0000000000000000,0.0000000000000000,0.0000000000000000,-0.0319069288671017,0.4113614559173584,0.1117929592728615,0.9040277004241943,-0.0319069288671017,0.4113614559173584,0.1117929592728615,0.9040277004241943,0.1927230358123779,-0.6858391761779785,0.2866728007793427,0.6405474543571472,0.0694426000118256,-0.7273719310760498,0.1532385945320129,0.6653013229370117,0.2066166698932648,-0.7008564472198486,0.0238147526979446,0.6823068261146545,0.1297518312931061,-0.0164865776896477,0.1625048220157623,0.9780004024505615,0.1616105288267136,-0.2265805006027222,0.1308018118143082,0.9515430331230164,0.1719714552164078,-0.2251708209514618,0.1332430243492126,0.9497210979461670,0.1719714552164078,-0.2251708209514618,0.1332430243492126,0.9497210979461670,-0.0075302068144083,-0.7289013862609863,-0.1632782816886902,0.6648204922676086,0.0554902181029320,-0.7411017417907715,-0.0934371352195740,0.6625393629074097,-0.0260538496077061,-0.7427129745483398,-0.0202111192047596,0.6687975525856018,0.0006099554011598,0.0894879773259163,-0.0330374091863632,0.9954395294189453,-0.0066473856568336,-0.1301431506872177,-0.0323346927762032,0.9909455776214600,-0.0317305400967598,-0.1292796432971954,-0.0355817414820194,0.9904615879058838,-0.0317305400967598,-0.1292796432971954,-0.0355817414820194,0.9904615879058838,-0.0319069288671017,0.4113614559173584,0.1117929592728615,0.9040277004241943,-0.0297940112650394,0.3889572024345398,0.1111419647932053,0.9140415787696838,0.3623702526092529,0.3992494940757751,-0.0651163607835770,0.8396711349487305,0.3609395623207092,0.4007899463176727,-0.0680792182683945,0.8393183946609497,0.2294529378414154,-0.1749098002910614,-0.3038797974586487,0.9079729318618774,0.2214062511920929,-0.1793377399444580,-0.2862561643123627,0.9148086309432983,0.2214062511920929,-0.1793377399444580,-0.2862561643123627,0.9148086309432983,-0.0285201072692871,0.3890553414821625,0.1139386072754860,0.9136961698532104,-0.4149828553199768,0.3034675121307373,0.2688001692295074,0.8145201802253723,-0.4138796329498291,0.3051484227180481,0.2716714441776276,0.8135002255439758,-0.1546890884637833,-0.2339059412479401,0.4980030655860901,0.8205804228782654,-0.1080522984266281,-0.2425871193408966,0.4172355234622955,0.8691322207450867,-0.1080522984266281,-0.2425871193408966,0.4172355234622955,0.8691322207450867,-0.0319069288671017,0.4113614559173584,0.1117929592728615,0.9040277004241943
-0.2917983829975128,-0.1903173506259918,0.4524642348289490,-0.0343370586633682,0.4025781154632568,0.1206203699111938,0.9067538380622864,-2.5236501693725586,-0.3783828675746918,-0.3838059663772583,1.5815181732177734,-0.4138729095458985,0.0120101913809777,-2.6108222484588621,0.1950020462274551,0.2128622740507126,1.8151705026626588,-0.4221168518066407,-0.0466086670756340,0.0000000000000000,-0.0447183527052403,0.8799999952316284,0.0197287041693925,-1.3449359655380249,0.0268005035817623,-0.0447183527052403,-0.8799999952316284,-0.0197287041693925,-1.3449359655380249,-0.2018005549907685,0.0000000000000000,-0.2818835139274595,-0.5102970540523528,-0.9240599274635315,-0.6113596105956289,0.7610986065777287,-0.6457664187890136,-2.0882891178131109,-0.1001361548900605,-0.0345731338486075,1.0051166296005256,0.8398888081312169,-0.3348718523979176,-2.3274106502532970,0.2079425454139706,-0.4054011106491093,-1.3499507188796955,0.9369892597198488,0.1175230443477625,0.0000000000000000,0.1348991602659219,0.0000000000000000,1.3429417610168457,-2.2548822879791266,-0.6546395063400261,0.1348991602659219,0.0000000000000000,-1.3429417610168457,-2.2548822879791266,0.4445320367813109,0.0000000000000000,0.0000000000000000,0.0000000000000000,-0.0343370586633682,0.4025781154632568,0.1206203699111938,0.9067538380622864,-0.0343370586633682,0.4025781154632568,0.1206203699111938,0.9067538380622864,0.1998683214187622,-0.7034965157508850,0.2918077707290649,0.6164360642433167,0.0803810283541679,-0.7458209991455078,0.1542900502681732,0.6430277824401855,0.2211568653583527,-0.7167968750000000,0.0288187600672245,0.6606522798538208,0.1349868327379227,-0.0344914682209492,0.1774950474500656,0.9742096066474915,0.1685032844543457,-0.2339357882738113,0.1459995210170746,0.9463429450988770,0.1741908937692642,-0.2330829948186874,0.1473829150199890,0.9453085064888000,0.1741908937692642,-0.2330829948186874,0.1473829150199890,0.9453085064888000,0.0029289771337062,-0.7481595277786255,-0.1629156470298767,0.6432007551193237,0.0655032694339752,-0.7604717612266541,-0.0892903655767441,0.6398588418960571,-0.0156220560893416,-0.7631217241287231,-0.0207778494805098,0.6457318067550659,0.0068266005255282,0.0390312448143959,-0.0251698195934296,0.9988975524902344,0.0013763747410849,-0.1710982769727707,-0.0260040089488029,0.9849098324775696,-0.0215802937746048,-0.1704424917697906,-0.0299475584179163,0.9846760630607605,-0.0215802937746048,-0.1704424917697906,-0.0299475584179163,0.9846760630607605,-0.0343370586633682,0.4025781154632568,0.1206203699111938,0.9067538380622864,-0.0322114676237106,0.3821959793567657,0.1200803667306900,0.9156796932220459,0.3608807623386383,0.3969394564628601,-0.0541494563221931,0.8421829342842102,0.3647485375404358,0.3928764462471008,-0.0460672341287136,0.8429024815559387,0.2400412112474442,-0.2023067176342010,-0.2952610850334167,0.9023707509040833,0.2346145808696747,-0.2052794396877289,-0.2841819524765015,0.9066736698150635,0.2346145808696747,-0.2052794396877289,-0.2841819524765015,0.9066736698150635,-0.0310800336301327,0.3822917938232422,0.1226257681846619,0.9153414368629456,-0.4179997742176056,0.2936480045318604,0.2737790346145630,0.8149184584617615,-0.4206439256668091,0.2889988720417023,0.2660032510757446,0.8177900910377502,-0.1538018733263016,-0.2662842571735382,0.5022068619728088,0.8082239627838135,-0.1063185334205627,-0.2742201089859009,0.4269879460334778,0.8550912141799927,-0.1063185334205627,-0.2742201089859009,0.4269879460334778,0.8550912141799927,-0.0343370586633682,0.4025781154632568,0.1206203699111938,0.9067538380622864
-0.3023551106452942,-0.2031344950199127,0.4367294847965241,-0.0347874984145164,0.3875865936279297,0.1311067491769791,0.9117990732192993,-2.5525490760803224,-0.3774451136589050,-0.3823854446411133,1.5862804889678954,-0.3866282105445862,0.0010950176045299,-2.6442281723022463,0.1919345796108246,0.2052108198404312,1.8148664236068726,-0.4068868935108185,-0.0443476244807243,0.0000000000000000,-0.0417196840047836,0.8799999952316284,0.0521297156810760,-1.3942502260208129,0.0141835279762745,-0.0417196840047836,-0.8799999952316284,-0.0521297156810760,-1.3942502260208129,-0.1917077720165253,0.0000000000000000,-0.4436042487621306,-0.5950273156166075,-0.8448112010955812,-0.7470906907331167,1.3190613316251663,-0.6454147565258084,-1.6574105024337773,-0.0087777957320215,0.0264136828482150,0.4946035981178290,1.2156818270683285,-0.5228856503963470,-1.8702950000762946,0.0111267983913426,-0.3659771978855133,-0.8007302045822164,0.8242722749710084,0.1481358915567399,0.0000000000000000,0.1812055408954621,0.0000000000000000,1.5125948190689085,-2.3383811950683588,-0.6831058859825135,0.1812055408954621,0.0000000000000000,-1.5125948190689085,-2.3383811950683588,0.4888447225093841,0.0000000000000000,0.0000000000000000,0.0000000000000000,-0.0347874984145164,0.3875865936279297,0.1311067491769791,0.9117990732192993,-0.0347874984145164,0.3875865936279297,0.1311067491769791,0.9117990732192993,0.2071280032396317,-0.7216781973838806,0.2960090041160583,0.5904719829559326,0.0926563143730164,-0.7644013166427612,0.1553787589073181,0.6188400983810425,0.2362131625413895,-0.7328766584396362,0.0349283963441849,0.6370835304260254,0.1408518701791763,-0.0602318942546844,0.1928218156099319,0.9692020416259766,0.1750767827033997,-0.2453523576259613,0.1622156500816345,0.9395937919616699,0.1756142228841782,-0.2453187108039856,0.1622927486896515,0.9394888877868652,0.1756142228841782,-0.2453187108039856,0.1622927486896515,0.9394888877868652,0.0169867444783449,-0.7669336199760437,-0.1640278697013855,0.6201766729354858,0.0763921737670898,-0.7790995836257935,-0.0898271352052689,0.6157103180885315,-0.0037576819304377,-0.7828253507614136,-0.0262251086533070,0.6216771602630615,0.0183129198849201,0.0077937380410731,-0.0190158244222403,0.9996211528778076,0.0140811037272215,-0.1943345665931702,-0.0222536921501160,0.9805818796157837,-0.0076651182025671,-0.1937938034534454,-0.0265505090355873,0.9806530475616455,-0.0076651182025671,-0.1937938034534454,-0.0265505090355873,0.9806530475616455,-0.0347874984145164,0.3875865936279297,0.1311067491769791,0.9117990732192993,-0.0325669981539249,0.3684747219085693,0.1306072473526001,0.9198409914970398,0.3623315691947937,0.3890089392662048,-0.0387808121740818,0.8460993170738220,0.3722379207611084,0.3781237006187439,-0.0173120349645615,0.8474442958831787,0.2579246461391449,-0.2379139959812164,-0.2857945561408997,0.8917362689971924,0.2549183070659637,-0.2395609319210052,-0.2800070047378540,0.8939929008483887,0.2549183070659637,-0.2395609319210052,-0.2800070047378540,0.8939929008483887,-0.0315500460565090,0.3685655593872070,0.1329949200153351,0.9194978475570679,-0.4201953709125519,0.2768125534057617,0.2773140072822571,0.8184787631034851,-0.4266049861907959,0.2644611001014709,0.2565881311893463,0.8259728550910950,-0.1536153554916382,-0.3096343874931335,0.5042004585266113,0.7913981080055237,-0.1049221158027649,-0.3168947100639343,0.4352412223815918,0.8361424803733826,-0.1049221158027649,-0.3168947100639343,0.4352412223815918,0.8361424803733826,-0.0347874984145164,0.3875865936279297,0.1311067491769791,0.9117990732192993
-0.3150176405906677,-0.2170973867177963,0.4224465787410736,-0.0342356897890568,0.3693549633026123,0.1423747539520264,0.9176787137985229,-2.5761363506317139,-0.3751157224178314,-0.3798496127128601,1.5846306085586548,-0.3557196855545044,-0.0103919794782996,-2.6726341247558594,0.1847546100616455,0.1971444785594940,1.8342005014419556,-0.3932262957096100,-0.0429636761546135,0.0000000000000000,-0.0395028181374073,0.8799999952316284,0.0872171223163605,-1.4467477798461914,0.0028729811310768,-0.0395028181374073,-0.8799999952316284,-0.0872171223163605,-1.4467477798461914,-0.1812201291322708,0.0000000000000000,-0.6331264376640320,-0.6981445550918579,-0.7141452431678772,-0.9083671731974232,1.9368417818758861,-0.6050436109865650,-1.1793636083602905,0.1164695546030998,0.1267916001379490,-0.0824940204620361,1.5454261302947998,-0.5743498206138611,-1.4202975034713745,-0.3589984476566315,-0.4033170342445374,0.9667037725448608,0.6830298304557800,0.0691974163055420,0.0000000000000000,0.1108432859182358,0.0000000000000000,1.7543702125549316,-2.6248774528503418,-0.5655273199081421,0.1108432859182358,0.0000000000000000,-1.7543702125549316,-2.6248774528503418,0.5243821144104004,0.0000000000000000,0.0000000000000000,0.0000000000000000,-0.0342356897890568,0.3693549633026123,0.1423747539520264,0.9176787137985229,-0.0342356897890568,0.3693549633026123,0.1423747539520264,0.9176787137985229,0.2143132388591766,-0.7396668791770935,0.2995583415031433,0.5632295608520508,0.1055348664522171,-0.7825506925582886,0.1563864499330521,0.5933127999305725,0.2513710558414459,-0.7485557794570923,0.0415657944977283,0.6121675372123718,0.1469183862209320,-0.0897832959890366,0.2081588655710220,0.9628207683563232,0.1814289093017578,-0.2587126195430756,0.1788817495107651,0.9317470788955688,0.1765851229429245,-0.2596386075019836,0.1775350719690323,0.9326772093772888,0.1765851229429245,-0.2596386075019836,0.1775350719690323,0.9326772093772888,0.0328258648514748,-0.7849571108818054,-0.1657701581716537,0.5960578918457031,0.0876698419451714,-0.7969018816947937,-0.0926542133092880,0.5904883742332458,0.0088190101087093,-0.8016613125801086,-0.0340928919613361,0.5967403650283813,0.0324274115264416,-0.0137927373871207,-0.0137318326160312,0.9992845654487610,0.0291201621294022,-0.2087361067533493,-0.0198019314557314,0.9773377776145935,0.0081200459972024,-0.2082625925540924,-0.0242810528725386,0.9777377843856812,0.0081200459972024,-0.2082625925540924,-0.0242810528725386,0.9777377843856812,-0.0342356897890568,0.3693549633026123,0.1423747539520264,0.9176787137985229,-0.0318806879222393,0.3511519730091095,0.1418837755918503,0.9249567389488220,0.3651314675807953,0.3781392276287079,-0.0211998987942934,0.8504353761672974,0.3811786174774170,0.3595649600028992,0.0148218972608447,0.8515845537185669,0.2790311872959137,-0.2772232294082642,-0.2754519879817963,0.8771631121635437,0.2783476114273071,-0.2776066362857819,-0.2743339240550995,0.8776093125343323,0.2783476114273071,-0.2776066362857819,-0.2743339240550995,0.8776093125343323,-0.0309645961970091,0.3512368798255920,0.1441598534584045,0.9246035814285278,-0.4218404293060303,0.2563787698745728,0.2800345122814178,0.8233475685119629,-0.4318275451660156,0.2355275154113770,0.2451002150774002,0.8354505896568298,-0.1534900963306427,-0.3578544557094574,0.5041381716728210,0.7708603739738464,-0.1034927889704704,-0.3644438683986664,0.4418977499008179,0.8131397962570190,-0.1034927889704704,-0.3644438683986664,0.4418977499008179,0.8131397962570190,-0.0342356897890568,0.3693549633026123,0.1423747539520264,0.9176787137985229
-0.3769010305404664,-0.2245664894580841,0.3986983180046081,-0.0358705967664719,0.3473376333713531,0.1509033739566803,0.9248232841491699,-2.5888799190521241,-0.3707041144371033,-0.3827315032482147,1.5765151739120484,-0.3447225570678711,-0.0046019865199923,-2.6888621330261229,0.1713782817125320,0.1887872427701950,1.7248914003372191,-0.3721347093582153,-0.0415821999311447,0.0000000000000000,-0.0289388138800859,0.8799999952316284,0.1194126605987549,-1.4859973669052124,-0.0208373032975942,-0.0289388138800859,-0.8799999952316284,-0.1194126605987549,-1.4859973669052124,-0.1705695867538452,0.0000000000000000,-2.1097521662712113,-0.5033308863639829,-0.9981058835983280,-0.6904819262248816,2.1490526855312631,-0.6944951096421131,-0.8540524601936337,0.1789360523223878,-0.0357400774955751,-0.2764606222510340,0.9480843067169182,-0.0560401439666742,-1.0549592137336727,-0.5448892116546633,-0.4120438694953918,-2.8925912499427842,0.9059594869613650,0.0691232532262802,0.0000000000000000,0.3612574309110644,0.0000000000000000,1.6676141977310179,-2.2274385213851926,-0.9375194549560550,0.3612574309110644,0.0000000000000000,-1.6676141977310179,-2.2274385213851926,0.5292690992355347,0.0000000000000000,0.0000000000000000,0.0000000000000000,-0.0358705967664719,0.3473376333713531,0.1509033739566803,0.9248232841491699,-0.0358705967664719,0.3473376333713531,0.1509033739566803,0.9248232841491699,0.2169610261917114,-0.7557038068771362,0.3047870397567749,0.5375357270240784,0.1141452044248581,-0.7989335060119629,0.1603214442729950,0.5683071017265320,0.2640319466590881,-0.7626270651817322,0.0493259280920029,0.5884336233139038,0.1512349247932434,-0.1204297691583633,0.2220164239406586,0.9556846618652344,0.1870050132274628,-0.2825708985328674,0.1927922666072845,0.9208768010139465,0.1848663091659546,-0.2829906940460205,0.1921898722648621,0.9213055372238159,0.1848663091659546,-0.2829906940460205,0.1921898722648621,0.9213055372238159,0.0464186370372772,-0.8015945553779602,-0.1656862199306488,0.5725726485252380,0.0953572392463684,-0.8127983808517456,-0.0965418666601181,0.5665206909179688,0.0183694101870060,-0.8181715011596680,-0.0426505617797375,0.5730957984924316,0.0444505847990513,-0.0970381721854210,-0.0142747862264514,0.9941850900650024,0.0410383939743042,-0.2792872190475464,-0.0221569519490004,0.9590742588043213,0.0210816208273172,-0.2787696421146393,-0.0279263462871313,0.9597204923629761,0.0210816208273172,-0.2787696421146393,-0.0279263462871313,0.9597204923629761,-0.0358705967664719,0.3473376333713531,0.1509033739566803,0.9248232841491699,-0.0340354517102242,0.3339108228683472,0.1505497545003891,0.9298817515373230,0.3652797043323517,0.3662314414978027,-0.0060156439431012,0.8558090925216675,0.3863724470138550,0.3406866788864136,0.0436465330421925,0.8560047149658203,0.2982206046581268,-0.3105966150760651,-0.2647829651832581,0.8628349900245667,0.3036749958992004,-0.3074186742305756,-0.2724553048610687,0.8596763014793396,0.3036749958992004,-0.3074186742305756,-0.2724553048610687,0.8596763014793396,-0.0333945304155350,0.3339744210243225,0.1522266268730164,0.9296090602874756,-0.4261709153652191,0.2373245954513550,0.2799801826477051,0.8268412351608276,-0.4383414089679718,0.2084131389856339,0.2318318635225296,0.8430153727531433,-0.1591118127107620,-0.3973996639251709,0.5031602382659912,0.7507240772247314,-0.1092747747898102,-0.4039280712604523,0.4470230937004089,0.7906146049499512,-0.1092747747898102,-0.4039280712604523,0.4470230937004089,0.7906146049499512,-0.0358705967664719,0.3473376333713531,0.1509033739566803,0.9248232841491699
-0.4443697333335878,-0.2310025572776795,0.3651183128356932,-0.0383757650852203,0.3243880569934845,0.1594182550907135,0.9316038489341736,-2.5988125324249269,-0.3650902926921844,-0.3847350656986236,1.5226914405822751,-0.3376621782779693,0.0025137667078525,-2.7020220279693605,0.1554526120424270,0.1788986384868622,1.5910388469696042,-0.3453311800956725,-0.0384041491895914,0.0000000000000000,-0.0193500321358442,0.8799999952316284,0.1513088554143906,-1.5214928150177003,-0.0449458479881287,-0.0193500321358442,-0.8799999952316284,-0.1513088554143906,-1.5214928150177003,-0.1588645190000534,0.0000000000000000,-3.2617287635803236,-0.3424640625715254,-1.4823652744293232,-0.5283133259129458,2.3264776150343502,-0.8117569499282934,-0.5528497219085687,0.2566467940807345,-0.1177446722984312,-1.7770206153392885,0.4317539334297172,0.3292724370956424,-0.7193569600582117,-0.7452966213226323,-0.4638028144836429,-6.2017581939697317,1.2259375333786022,0.1229710489511494,0.0000000000000000,0.4989435315132139,0.0000000000000000,1.6007965564727782,-1.8498550653457635,-1.1974619626998901,0.4989435315132139,0.0000000000000000,-1.6007965564727782,-1.8498550653457635,0.5641628503799441,0.0000000000000000,0.0000000000000000,0.0000000000000000,-0.0383757650852203,0.3243880569934845,0.1594182550907135,0.9316038489341736,-0.0383757650852203,0.3243880569934845,0.1594182550907135,0.9316038489341736,0.2189573198556900,-0.7703939676284790,0.3107395470142365,0.5118513107299805,0.1223595812916756,-0.8140053153038025,0.1657520383596420,0.5430926680564880,0.2757273614406586,-0.7755966186523438,0.0588656328618526,0.5647646188735962,0.1596367955207825,-0.1716775298118591,0.2330425828695297,0.9437870979309082,0.1965290307998657,-0.3278202712535858,0.2029057741165161,0.9015206098556519,0.1975793540477753,-0.3275648951530457,0.2035091817378998,0.9012478590011597,0.1975793540477753,-0.3275648951530457,0.2035091817378998,0.9012478590011597,0.0599908903241158,-0.8171778321266174,-0.1644016802310944,0.5491752624511719,0.1025548726320267,-0.8274429440498352,-0.1005125194787979,0.5428795218467712,0.0282691363245249,-0.8333015441894531,-0.0515535697340965,0.5496832728385925,0.0566866584122181,-0.1906024664640427,-0.0164954178035259,0.9798904657363892,0.0530180037021637,-0.3561303019523621,-0.0258620772510767,0.9325724840164185,0.0350446701049805,-0.3555881679058075,-0.0325603671371937,0.9334178566932678,0.0350446701049805,-0.3555881679058075,-0.0325603671371937,0.9334178566932678,-0.0383757650852203,0.3243880569934845,0.1594182550907135,0.9316038489341736,-0.0370473489165306,0.3153527975082397,0.1592022776603699,0.9347913265228271,0.3646458387374878,0.3531264960765839,0.0097173210233450,0.8615338802337646,0.3902425765991211,0.3205837905406952,0.0729964524507523,0.8600049018859863,0.3175410032272339,-0.3427399992942810,-0.2524391710758209,0.8473319411277771,0.3295354247093201,-0.3356026411056519,-0.2687034904956818,0.8405805826187134,0.3295354247093201,-0.3356026411056519,-0.2687034904956818,0.8405805826187134,-0.0366479605436325,0.3153982460498810,0.1603325456380844,0.9345984458923340,-0.4312396645545959,0.2170650959014893,0.2794017195701599,0.8299697041511536,-0.4449391067028046,0.1799574494361877,0.2180480360984802,0.8497644662857056,-0.1661070138216019,-0.4354628324508667,0.5013754963874817,0.7289741039276123,-0.1171160191297531,-0.4419716894626617,0.4515752792358398,0.7661753892898560,-0.1171160191297531,-0.4419716894626617,0.4515752792358398,0.7661753892898560,-0.0383757650852203,0.3243880569934845,0.1594182550907135,0.9316038489341736
-0.5230090618133543,-0.2353725552558899,0.3118748188018800,-0.0426384136080742,0.2997730374336243,0.1679787635803223,0.9381371140480042,-2.6031232357025145,-0.3570720434188843,-0.3849819719791412,1.3774511098861697,-0.3384752988815308,0.0122810397762805,-2.7090456962585447,0.1344282597303391,0.1659472972154618,1.4080993890762334,-0.3071037650108338,-0.0316329494118691,0.0000000000000000,-0.0117116954177618,0.8799999952316284,0.1826063632965087,-1.5494799852371215,-0.0698509097099304,-0.0117116954177618,-0.8799999952316284,-0.1826063632965087,-1.5494799852371215,-0.1450504004955292,0.0000000000000000,-3.7644069194793692,-0.2494909286499025,-2.3672221660613992,-0.4775780189222210,2.4343305962328583,-0.9846394734757363,-0.2998638033866888,0.3648460239171979,-0.0386951535940172,-5.8907673537731080,0.0774464607238777,0.4485908269882199,-0.4432267785072332,-0.9747373223304743,-0.6016259789466855,-8.4106690406799274,1.7400123596191395,0.2846627622842785,0.0000000000000000,0.4111734986305239,0.0000000000000000,1.5738556623458864,-1.5119825601577768,-1.2333052158355713,0.4111734986305239,0.0000000000000000,-1.5738556623458864,-1.5119825601577768,0.6590701341629026,0.0000000000000000,0.0000000000000000,0.0000000000000000,-0.0426384136080742,0.2997730374336243,0.1679787635803223,0.9381371140480042,-0.0426384136080742,0.2997730374336243,0.1679787635803223,0.9381371140480042,0.2198697328567505,-0.7831472158432007,0.3184447884559631,0.4867551922798157,0.1298903822898865,-0.8272534012794495,0.1743316352367401,0.5180624723434448,0.2857492268085480,-0.7871253490447998,0.0720054656267166,0.5418452024459839,0.1755001395940781,-0.2631722092628479,0.2373970597982407,0.9184675216674805,0.2129815965890884,-0.4141097366809845,0.2044463902711868,0.8610188961029053,0.2181760966777802,-0.4128478765487671,0.2071743905544281,0.8596711754798889,0.2181760966777802,-0.4128478765487671,0.2071743905544281,0.8596711754798889,0.0735596567392349,-0.8315045833587646,-0.1608962416648865,0.5265941619873047,0.1088646203279495,-0.8403998017311096,-0.1047444194555283,0.5204857587814331,0.0388783067464828,-0.8465366363525391,-0.0611850284039974,0.5273715257644653,0.0693063363432884,-0.3038391768932343,-0.0220749303698540,0.9499426484107971,0.0651170685887337,-0.4455659091472626,-0.0322880074381828,0.8922938108444214,0.0509348101913929,-0.4450198709964752,-0.0391979962587357,0.8932113647460938,0.0509348101913929,-0.4450198709964752,-0.0391979962587357,0.8932113647460938,-0.0426384136080742,0.2997730374336243,0.1679787635803223,0.9381371140480042,-0.0417816787958145,0.2942680716514587,0.1678668707609177,0.9399368762969971,0.3625541627407074,0.3377406001091003,0.0265374500304461,0.8682058453559875,0.3918851912021637,0.2984346151351929,0.1034038364887238,0.8641009330749512,0.3376237154006958,-0.3729230761528015,-0.2372438013553619,0.8310559391975403,0.3569805026054382,-0.3610520362854004,-0.2617205381393433,0.8207976818084717,0.3569805026054382,-0.3610520362854004,-0.2617205381393433,0.8207976818084717,-0.0415559448301792,0.2942982017993927,0.1685552000999451,0.9398142695426941,-0.4379017949104309,0.1944724917411804,0.2778538167476654,0.8325982093811035,-0.4520683288574219,0.1490307003259659,0.2034468352794647,0.8555896282196045,-0.1761603504419327,-0.4712998867034912,0.4990088939666748,0.7055736780166626,-0.1292878985404968,-0.4779009521007538,0.4559106826782227,0.7396221160888672,-0.1292878985404968,-0.4779009521007538,0.4559106826782227,0.7396221160888672,-0.0426384136080742,0.2997730374336243,0.1679787635803223,0.9381371140480042
-0.5649977087974548,-0.2383314609527588,0.2736110866069794,-0.0480512529611588,0.2757831811904907,0.1763645857572556,0.9436790943145752,-2.5937998294830322,-0.3553878486156464,-0.3919539034366608,1.2589474201202393,-0.3646630942821502,0.0262594658881426,-2.7073617458343504,0.1096723794937134,0.1579227447509766,1.3171253204345703,-0.2865320324897766,-0.0308095704764128,0.0000000000000000,-0.0009203601628542,0.8799999952316284,0.2115357130765915,-1.5786660194396973,-0.0943867087364196,-0.0009203601628542,-0.8799999952316284,-0.2115357130765915,-1.5786660194396973,-0.1315431356430054,0.0000000000000000,-2.8324458122253438,-0.1761671185493470,-2.2127816677093515,-0.4424356724090994,2.4050545872774824,-1.1001540154241489,0.1934880882501596,0.2108908116817478,-0.2140960684046146,-6.4599170684814471,-0.8018962703645217,0.6146981954574583,-0.0899548470973973,-1.1631633758544919,-0.4997633814811709,-6.3880111694335984,1.3817002058029184,0.1601253628730777,0.0000000000000000,0.4765067696571348,0.0000000000000000,1.4938305854797365,-1.4353243112564087,-1.2341750860214233,0.4765067696571348,0.0000000000000000,-1.4938305854797365,-1.4353243112564087,0.6815002918243408,0.0000000000000000,0.0000000000000000,0.0000000000000000,-0.0480512529611588,0.2757831811904907,0.1763645857572556,0.9436790943145752,-0.0480512529611588,0.2757831811904907,0.1763645857572556,0.9436790943145752,0.2196637839078903,-0.7909966111183167,0.3275167942047119,0.4677658677101135,0.1335297077894211,-0.8364341259002686,0.1825385391712189,0.4992271065711975,0.2938650548458099,-0.7943931818008423,0.0818780958652496,0.5252417325973511,0.1897987723350525,-0.3327827453613281,0.2392497509717941,0.8921836018562317,0.2302057147026062,-0.4889861643314362,0.2008587718009949,0.8170396089553833,0.2406771630048752,-0.4863559007644653,0.2076407372951508,0.8138905763626099,0.2406771630048752,-0.4863559007644653,0.2076407372951508,0.8138905763626099,0.0862809494137764,-0.8428690433502197,-0.1551714092493057,0.5079856514930725,0.1141309067606926,-0.8500589132308960,-0.1088117659091949,0.5025276541709900,0.0467394366860390,-0.8564161062240601,-0.0688061490654945,0.5095416307449341,0.0790745317935944,-0.3654742240905762,-0.0259578507393599,0.9270933866500854,0.0745633020997047,-0.4941001534461975,-0.0369444787502289,0.8654135465621948,0.0612357333302498,-0.4934665858745575,-0.0445719435811043,0.8664608001708984,0.0612357333302498,-0.4934665858745575,-0.0445719435811043,0.8664608001708984,-0.0480512529611588,0.2757831811904907,0.1763645857572556,0.9436790943145752,-0.0480138622224331,0.2753447890281677,0.1763193607330322,0.9438174962997437,0.3585684895515442,0.3242200016975403,0.0422450341284275,0.8743714094161987,0.3909625709056854,0.2789275944232941,0.1318198442459106,0.8671627044677734,0.3548688292503357,-0.4006431102752686,-0.2224544882774353,0.8149031996726990,0.3819528222084045,-0.3835823535919189,-0.2543940544128418,0.8014115095138550,0.3819528222084045,-0.3835823535919189,-0.2543940544128418,0.8014115095138550,-0.0479855537414551,0.2753438949584961,0.1763709485530853,0.9438096284866333,-0.4454207420349121,0.1739944815635681,0.2768517434597015,0.8334743380546570,-0.4592920839786530,0.1205253675580025,0.1904658079147339,0.8592132329940796,-0.1849098503589630,-0.5036414861679077,0.4982919991016388,0.6810718774795532,-0.1407238394021988,-0.5101484060287476,0.4613360166549683,0.7121196985244751,-0.1407238394021988,-0.5101484060287476,0.4613360166549683,0.7121196985244751,-0.0480512529611588,0.2757831811904907,0.1763645857572556,0.9436790943145752
-0.5886610150337219,-0.2405848205089569,0.2428372353315353,-0.0540214441716671,0.2520240247249603,0.1846019923686981,0.9484132528305054,-2.5776593685150146,-0.3568706810474396,-0.4022883474826813,1.1538120508193970,-0.4035382270812988,0.0423434674739838,-2.7013239860534668,0.0830507352948189,0.1523615866899490,1.2721339464187622,-0.2747881412506104,-0.0329601019620895,0.0000000000000000,0.0114474743604660,0.8799999952316284,0.2392809838056564,-1.6084514856338501,-0.1187378764152527,0.0114474743604660,-0.8799999952316284,-0.2392809838056564,-1.6084514856338501,-0.1181892976164818,0.0000000000000000,-1.1831650733947754,-0.1126679703593254,-1.5386924743652344,-0.4150898061347797,2.3072140832451642,-1.1869845665730454,0.8070229440927505,-0.0741416215896606,-0.5167222013697028,-5.2567682266235352,-1.9437566362321377,0.8042000532150269,0.3018879592418671,-1.3310821056365967,-0.2780579030513763,-2.2495689392089844,0.5871945619583130,-0.1075265705585480,0.0000000000000000,0.6183916926383972,0.0000000000000000,1.3872634172439575,-1.4892731904983521,-1.2175582647323608,0.6183916926383972,0.0000000000000000,-1.3872634172439575,-1.4892731904983521,0.6676918864250183,0.0000000000000000,0.0000000000000000,0.0000000000000000,-0.0540214441716671,0.2520240247249603,0.1846019923686981,0.9484132528305054,-0.0540214441716671,0.2520240247249603,0.1846019923686981,0.9484132528305054,0.2188918292522430,-0.7963661551475525,0.3372585475444794,0.4518229067325592,0.1352223604917526,-0.8435819745063782,0.1905567497014999,0.4835002422332764,0.3010358214378357,-0.7995580434799194,0.0901160836219788,0.5118236541748047,0.2031621336936951,-0.3909872770309448,0.2397261410951614,0.8650927543640137,0.2470825016498566,-0.5564225912094116,0.1941486746072769,0.7691881656646729,0.2633109688758850,-0.5521877408027649,0.2058847248554230,0.7637850046157837,0.2633109688758850,-0.5521877408027649,0.2058847248554230,0.7637850046157837,0.0985581651329994,-0.8526019454002380,-0.1483124345541000,0.4912836551666260,0.1188680753111839,-0.8580239415168762,-0.1127901375293732,0.4867686331272125,0.0532215796411037,-0.8645820617675781,-0.0754164457321167,0.4939409792423248,0.0876135751605034,-0.4020841419696808,-0.0290523357689381,0.9109380841255188,0.0828088596463203,-0.5230591297149658,-0.0407783016562462,0.8472833037376404,0.0688349679112434,-0.5223160982131958,-0.0493924170732498,0.8485328555107117,0.0688349679112434,-0.5223160982131958,-0.0493924170732498,0.8485328555107117,-0.0540214441716671,0.2520240247249603,0.1846019923686981,0.9484132528305054,-0.0549845062196255,0.2574570477008820,0.1846312284469604,0.9468917250633240,0.3535712063312531,0.3115763962268829,0.0573843009769917,0.8801218867301941,0.3885887861251831,0.2606346011161804,0.1591636091470718,0.8693304061889648,0.3704737126827240,-0.4268745183944702,-0.2077517956495285,0.7983524203300476,0.4054460227489471,-0.4044114649295807,-0.2467552870512009,0.7817779183387756,0.4054460227489471,-0.4044114649295807,-0.2467552870512009,0.7817779183387756,-0.0551656559109688,0.2574182152748108,0.1839495152235031,0.9470244050025940,-0.4532862901687622,0.1545481979846954,0.2760732173919678,0.8333246707916260,-0.4663867354393005,0.0932027921080589,0.1782314032316208,0.8614117503166199,-0.1928679496049881,-0.5338472723960876,0.4980472624301910,0.6555593013763428,-0.1516627967357635,-0.5400969982147217,0.4669173955917358,0.6835801601409912,-0.1516627967357635,-0.5400969982147217,0.4669173955917358,0.6835801601409912,-0.0540214441716671,0.2520240247249603,0.1846019923686981,0.9484132528305054
-0.6366836071014407,-0.2393041551113129,0.1680599480867382,-0.0611984282732010,0.2218720018863678,0.1928901970386505,0.9538452625274658,-2.5431622982025144,-0.3725042223930359,-0.4253263235092164,0.9790293335914604,-0.3919377088546752,0.0270260591059922,-2.6764689922332763,0.0643799118697642,0.1513262271881103,1.0917753458023063,-0.2614832043647766,-0.0274751856923103,0.0000000000000000,0.0361929826438428,0.8799999952316284,0.2519212245941163,-1.6266303539276123,-0.1468203365802766,0.0361929826438428,-0.8799999952316284,-0.2519212245941163,-1.6266303539276123,-0.1035294070839881,0.0000000000000000,-1.9139437675476105,-0.0066472217440600,-2.8587954998016416,-0.3712869010625988,2.6684995156418498,-1.3250389756334353,1.3577212333679225,-0.4986628457903881,-0.8978281259536760,-7.3461887359619231,-0.4294870853424004,-0.1378422498703046,0.8664049088954950,-1.0925575137138357,-0.1422839462757104,-6.3105853557586844,0.6340258717536928,0.1215368509292613,0.0000000000000000,0.9897218942642229,0.0000000000000000,0.9341125726699808,-1.1410752892494187,-1.3294970750808721,0.9897218942642229,0.0000000000000000,-0.9341125726699808,-1.1410752892494187,0.7068734526634218,0.0000000000000000,0.0000000000000000,0.0000000000000000,-0.0611984282732010,0.2218720018863678,0.1928901970386505,0.9538452625274658,-0.0611984282732010,0.2218720018863678,0.1928901970386505,0.9538452625274658,0.2147221714258194,-0.7999259233474731,0.3491958081722260,0.4382639527320862,0.1299195289611816,-0.8507704734802246,0.1949899345636368,0.4704144001007080,0.3065977394580841,-0.8041493892669678,0.0913942605257034,0.5009876489639282,0.2279843091964722,-0.4740197062492371,0.2247212827205658,0.8202615380287170,0.2673548758029938,-0.6246739029884338,0.1760387271642685,0.7122599482536316,0.2772513031959534,-0.6221271753311157,0.1841173171997070,0.7086539268493652,0.2772513031959534,-0.6221271753311157,0.1841173171997070,0.7086539268493652,0.1112061738967896,-0.8608556985855103,-0.1381628215312958,0.4769400954246521,0.1265773624181747,-0.8648271560668945,-0.1104211807250977,0.4731377363204956,0.0608447566628456,-0.8719203472137451,-0.0743357241153717,0.4801324605941772,0.0909747481346130,-0.4958849847316742,-0.0323268957436085,0.8630045056343079,0.0859594419598579,-0.6041656136512756,-0.0438797026872635,0.7909927368164062,0.0749778226017952,-0.6035231351852417,-0.0520313866436481,0.7921054363250732,0.0749778226017952,-0.6035231351852417,-0.0520313866436481,0.7921054363250732,-0.0611984282732010,0.2218720018863678,0.1928901970386505,0.9538452625274658,-0.0644870698451996,0.2391234934329987,0.1927341371774673,0.9494813680648804,0.3460767865180969,0.2984404563903809,0.0725243911147118,0.8865123987197876,0.3813038468360901,0.2457439154386520,0.1804018914699554,0.8727385997772217,0.3799972534179688,-0.4469172954559326,-0.1919470429420471,0.7867804169654846,0.4242951273918152,-0.4178393483161926,-0.2387464195489883,0.7670620679855347,0.4242951273918152,-0.4178393483161926,-0.2387464195489883,0.7670620679855347,-0.0649596005678177,0.2389762103557587,0.1905611455440521,0.9499248266220093,-0.4633827805519104,0.1350466012954712,0.2741999030113220,0.8317772150039673,-0.4744190573692322,0.0692892223596573,0.1714143902063370,0.8606642484664917,-0.2002325356006622,-0.5551212430000305,0.5013037919998169,0.6328048706054688,-0.1634208112955093,-0.5609545707702637,0.4754320085048676,0.6577142477035522,-0.1634208112955093,-0.5609545707702637,0.4754320085048676,0.6577142477035522,-0.0611984282732010,0.2218720018863678,0.1928901970386505,0.9538452625274658
-0.6666197776794434,-0.2437571644783021,0.1238508909940721,-0.0686343759298325,0.1896399706602097,0.2010590881109238,0.9585934281349182,-2.5053772449493406,-0.3816247820854187,-0.4443038463592530,0.8685208439826967,-0.3705434441566465,0.0108835440129040,-2.6463633060455320,0.0441037423908709,0.1467201411724090,0.9890103340148929,-0.2441797733306883,-0.0202391698956489,0.0000000000000000,0.0598425939679147,0.8799999952316284,0.2599884629249573,-1.6418867349624635,-0.1738127559423448,0.0598425939679147,-0.8799999952316284,-0.2599884629249573,-1.6418867349624635,-0.0892103746533393,0.0000000000000000,-1.8585368633270156,-0.1079769611358677,-2.8218173503875548,-0.3318655383996452,3.0157268367400762,-1.4573577703409770,1.8234929084777851,-0.5862875699996909,-1.0300851583480810,-6.8109088897704693,0.8738382220268308,-0.7906235933303838,1.4002703666687042,-0.9817014932632456,-0.1588897608220599,-6.6901224136352075,0.7852015972137475,0.3267787814140330,0.0000000000000000,1.2043984413146966,0.0000000000000000,0.4948219418525668,-0.8212687432765943,-1.3714217185974114,1.2043984413146966,0.0000000000000000,-0.4948219418525668,-0.8212687432765943,0.7227687478065489,0.0000000000000000,0.0000000000000000,0.0000000000000000,-0.0686343759298325,0.1896399706602097,0.2010590881109238,0.9585934281349182,-0.0686343759298325,0.1896399706602097,0.2010590881109238,0.9585934281349182,0.2094781994819641,-0.8033500909805298,0.3614346981048584,0.4243966639041901,0.1251742094755173,-0.8573144078254700,0.2025208920240402,0.4564303755760193,0.3109942674636841,-0.8086466193199158,0.0970053821802139,0.4898603856563568,0.2412517517805099,-0.5275048613548279,0.2188258469104767,0.7846346497535706,0.2772847414016724,-0.6630659103393555,0.1706118583679199,0.6740536093711853,0.2809011042118073,-0.6621910333633423,0.1742611080408096,0.6724810600280762,0.2809011042118073,-0.6621910333633423,0.1742611080408096,0.6724810600280762,0.1237311214208603,-0.8684779405593872,-0.1268914490938187,0.4629637300968170,0.1339640170335770,-0.8710450530052185,-0.1077342256903648,0.4601387977600098,0.0697772949934006,-0.8785156607627869,-0.0736891776323318,0.4668098092079163,0.0963138863444328,-0.5517412424087524,-0.0316217690706253,0.8278316259384155,0.0917154401540756,-0.6484605073928833,-0.0430527552962303,0.7544757723808289,0.0841161906719208,-0.6479908823966980,-0.0496612861752510,0.7553583383560181,0.0841161906719208,-0.6479908823966980,-0.0496612861752510,0.7553583383560181,-0.0686343759298325,0.1896399706602097,0.2010590881109238,0.9585934281349182,-0.0742861181497574,0.2183002680540085,0.2006493359804153,0.9521378278732300,0.3383425772190094,0.2829720079898834,0.0885551273822784,0.8930896520614624,0.3728200197219849,0.2295380532741547,0.2005924582481384,0.8764019012451172,0.3883427381515503,-0.4668878018856049,-0.1754126846790314,0.7748780250549316,0.4418197572231293,-0.4312862455844879,-0.2294189631938934,0.7524322867393494,0.4418197572231293,-0.4312862455844879,-0.2294189631938934,0.7524322867393494,-0.0749767124652863,0.2180373221635818,0.1970456242561340,0.9528964161872864,-0.4737114310264587,0.1133401244878769,0.2711480259895325,0.8301990032196045,-0.4821748733520508,0.0443427674472332,0.1653096079826355,0.8591936826705933,-0.2075654566287994,-0.5754359364509583,0.5044211149215698,0.6093844771385193,-0.1751717329025269,-0.5807522535324097,0.4834586977958679,0.6311175823211670,-0.1751717329025269,-0.5807522535324097,0.4834586977958679,0.6311175823211670,-0.0686343759298325,0.1896399706602097,0.2010590881109238,0.9585934281349182
-0.6603831052780151,-0.2596775233745576,0.1407782942056657,-0.0766265466809273,0.1534692049026489,0.2091314494609833,0.9627251029014587,-2.4610162258148192,-0.3777193784713745,-0.4551604628562927,0.8865608096122742,-0.3295616865158079,-0.0069091845303775,-2.6057562351226804,0.0206168808043002,0.1349726021289825,1.0414324998855593,-0.2188793540000915,-0.0095009550452232,0.0000000000000000,0.0813004113733769,0.8799999952316284,0.2589096963405609,-1.6512981414794923,-0.1986250936985017,0.0813004113733769,-0.8799999952316284,-0.2589096963405609,-1.6512981414794923,-0.0755730584263801,0.0000000000000000,-0.2307590007781912,-0.6240076541900658,-0.0706768512725708,-0.3012072605551456,3.3348379352413859,-1.5782053363428226,2.1194114446640029,-0.0001192569732640,-0.6646444082260116,-1.0262283325195058,1.7552753329277078,-0.8648831963539126,1.8728327512741110,-1.1261826157569892,-0.4802551291883006,0.2933004379272770,1.1450660347938553,0.4843777298927314,0.0000000000000000,1.1057676792144771,0.0000000000000000,0.0832517385482769,-0.5582449078559863,-1.2733180284500119,1.1057676792144771,0.0000000000000000,-0.0832517385482769,-0.5582449078559863,0.6920915007591246,0.0000000000000000,0.0000000000000000,0.0000000000000000,-0.0766265466809273,0.1534692049026489,0.2091314494609833,0.9627251029014587,-0.0766265466809273,0.1534692049026489,0.2091314494609833,0.9627251029014587,0.2021528035402298,-0.8067430853843689,0.3743771314620972,0.4100508093833923,0.1215632781386375,-0.8626798391342163,0.2162698060274124,0.4407190084457397,0.3130717277526855,-0.8129883408546448,0.1112841591238976,0.4781755208969116,0.2350206375122070,-0.5293403267860413,0.2347829043865204,0.7806671261787415,0.2702013254165649,-0.6502764821052551,0.1930223256349564,0.6832818388938904,0.2677927315235138,-0.6510028243064880,0.1908185184001923,0.6841569542884827,0.2677927315235138,-0.6510028243064880,0.1908185184001923,0.6841569542884827,0.1360619813203812,-0.8752893209457397,-0.1134559512138367,0.4499818086624146,0.1407478153705597,-0.8763923645019531,-0.1044504046440125,0.4485718011856079,0.0813439115881920,-0.8838834762573242,-0.0739333555102348,0.4546066522598267,0.1072662472724915,-0.5405837893486023,-0.0235431138426065,0.8340914845466614,0.1040227264165878,-0.6284579038619995,-0.0350546576082706,0.7700591683387756,0.1004033088684082,-0.6282833814620972,-0.0380887836217880,0.7705377936363220,0.1004033088684082,-0.6282833814620972,-0.0380887836217880,0.7705377936363220,-0.0766265466809273,0.1534692049026489,0.2091314494609833,0.9627251029014587,-0.0846881046891212,0.1925795078277588,0.2082357108592987,0.9551852941513062,0.3302294015884399,0.2629324495792389,0.1063743978738785,0.9002774953842163,0.3622069358825684,0.2108835577964783,0.2187953293323517,0.8811714053153992,0.3946502804756165,-0.4870786666870117,-0.1575984805822372,0.7629994750022888,0.4570469260215759,-0.4451201856136322,-0.2176668494939804,0.7386455535888672,0.4570469260215759,-0.4451201856136322,-0.2176668494939804,0.7386455535888672,-0.0854494124650955,0.1921834051609039,0.2033205032348633,0.9562556743621826,-0.4846175014972687,0.0872760117053986,0.2658130228519440,0.8287776112556458,-0.4896565675735474,0.0173918195068836,0.1607369184494019,0.8567950129508972,-0.2150389254093170,-0.5943974256515503,0.5077856183052063,0.5853236317634583,-0.1871123611927032,-0.5991564989089966,0.4911363124847412,0.6039747595787048,-0.1871123611927032,-0.5991564989089966,0.4911363124847412,0.6039747595787048,-0.0766265466809273,0.1534692049026489,0.2091314494609833,0.9627251029014587
-0.6523111104965210,-0.2717160105705261,0.1488677471876144,-0.0855314284563065,0.1080332845449448,0.2225472629070282,0.9651350975036621,-2.3994122028350828,-0.3717958331108093,-0.4657961845397949,0.9044948935508729,-0.2601433932781217,-0.0275524863973260,-2.5342693805694578,-0.0022688638418913,0.1241849869489670,1.0946102619171143,-0.1854070246219634,0.0041310315951705,0.0000000000000000,0.1034588649868966,0.8799999952316284,0.2373460888862609,-1.6600016832351685,-0.2150998979806900,0.1034588649868966,-0.8799999952316284,-0.2373460888862609,-1.6600016832351685,-0.0620400890707969,0.0000000000000000,0.3668932616710665,-0.6795617580413814,0.5812316179275503,-0.5700452895934175,3.9754584043834686,-1.8421386443276211,2.7353409767150896,0.2558144122362139,-0.5362039804458618,0.8988217711448669,2.9021838665008572,-0.9751536130905154,2.9567470550537140,-1.1563094377517700,-0.5585791945457458,2.6437759399414062,1.5101781368255622,0.6237239003181461,0.0000000000000000,1.0939098834991456,0.0000000000000000,-0.6684835277497789,-0.4493343532085418,-0.9904908180236808,1.0939098834991456,0.0000000000000000,0.6684835277497789,-0.4493343532085418,0.6787353634834290,0.0000000000000000,0.0000000000000000,0.0000000000000000,-0.0855314284563065,0.1080332845449448,0.2225472629070282,0.9651350975036621,-0.0855314284563065,0.1080332845449448,0.2225472629070282,0.9651350975036621,0.1949289292097092,-0.8091700673103333,0.3903089761734009,0.3935801982879639,0.1187861710786819,-0.8673583269119263,0.2340452373027802,0.4228500127792358,0.3157631456851959,-0.8164862394332886,0.1301750987768173,0.4655088484287262,0.2270045578479767,-0.5310254096984863,0.2550244927406311,0.7755278944969177,0.2575373649597168,-0.6273502111434937,0.2232762575149536,0.7001814842224121,0.2477002739906311,-0.6305663585662842,0.2148007154464722,0.7034851312637329,0.2477002739906311,-0.6305663585662842,0.2148007154464722,0.7034851312637329,0.1521707177162170,-0.8786637783050537,-0.0925082936882973,0.4429857134819031,0.1516635715961456,-0.8785429000854492,-0.0934952646493912,0.4431917667388916,0.0968614593148232,-0.8862318992614746,-0.0658038780093193,0.4481972455978394,0.1166032254695892,-0.5235800743103027,-0.0056352959945798,0.8439406156539917,0.1153432130813599,-0.5994832515716553,-0.0162778366357088,0.7918653488159180,0.1171122938394547,-0.5994533896446228,-0.0152117684483528,0.7916495800018311,0.1171122938394547,-0.5994533896446228,-0.0152117684483528,0.7916495800018311,-0.0855314284563065,0.1080332845449448,0.2225472629070282,0.9651350975036621,-0.0966549813747406,0.1579475998878479,0.2208152413368225,0.9575756192207336,0.3204205036163330,0.2369572818279266,0.1325068473815918,0.9075373411178589,0.3472979962825775,0.1904676556587219,0.2363003045320511,0.8872815966606140,0.3978804349899292,-0.5092798471450806,-0.1370472013950348,0.7506952285766602,0.4671224951744080,-0.4628096222877502,-0.2003346085548401,0.7262712121009827,0.4671224951744080,-0.4628096222877502,-0.2003346085548401,0.7262712121009827,-0.0973081365227699,0.1573822498321533,0.2145477831363678,0.9590262174606323,-0.4965268373489380,0.0510074794292450,0.2611477673053741,0.8262331485748291,-0.4974316358566284,-0.0140849035233259,0.1652771830558777,0.8514968156814575,-0.2163365185260773,-0.6138645410537720,0.5173527002334595,0.5556213259696960,-0.1930527240037918,-0.6178108453750610,0.5046923756599426,0.5712494850158691,-0.1930527240037918,-0.6178108453750610,0.5046923756599426,0.5712494850158691,-0.0855314284563065,0.1080332845449448,0.2225472629070282,0.9651350975036621
-0.6433214545249939,-0.2818135619163513,0.1525382250547409,-0.0947231426835060,0.0577994622290134,0.2382020950317383,0.9648556709289551,-2.3291866779327393,-0.3648632168769836,-0.4763214588165283,0.9223760366439819,-0.1765068322420120,-0.0496210763230920,-2.4473426342010498,-0.0248540472239256,0.1138773337006569,1.1481658220291138,-0.1478487402200699,0.0192099055275321,0.0000000000000000,0.1259676367044449,0.8799999952316284,0.2055400609970093,-1.6683512926101685,-0.2274059355258942,0.1259676367044449,-0.8799999952316284,-0.2055400609970093,-1.6683512926101685,-0.0485592931509018,0.0000000000000000,0.4494827687740326,-0.5048775672912598,0.1835238933563232,-0.9886314720730724,4.7768335588459356,-2.1776148233038946,3.5112760066986084,0.3466307818889618,-0.5262637138366699,0.8940570950508118,4.1818280220031738,-1.1034294366836548,4.3463373184204102,-1.1292591094970703,-0.5153826475143433,2.6777777671813965,1.8779140710830688,0.7539436817169189,0.0000000000000000,1.1254385709762573,0.0000000000000000,-1.5903013311326504,-0.4174804389476776,-0.6153018474578857,1.1254385709762573,0.0000000000000000,1.5903013311326504,-0.4174804389476776,0.6740397810935974,0.0000000000000000,0.0000000000000000,0.0000000000000000,-0.0947231426835060,0.0577994622290134,0.2382020950317383,0.9648556709289551,-0.0947231426835060,0.0577994622290134,0.2382020950317383,0.9648556709289551,0.1876778751611710,-0.8107826113700867,0.4075721502304077,0.3758902549743652,0.1163689345121384,-0.8712703585624695,0.2537153959274292,0.4037013053894043,0.3186305761337280,-0.8192242383956909,0.1513144373893738,0.4521616697311401,0.2180046886205673,-0.5324177742004395,0.2773003280162811,0.7694867253303528,0.2415971904993057,-0.5981674194335938,0.2570064365863800,0.7195652723312378,0.2236718684434891,-0.6043591499328613,0.2420879900455475,0.7253373861312866,0.2236718684434891,-0.6043591499328613,0.2420879900455475,0.7253373861312866,0.1700703054666519,-0.8797816038131714,-0.0677545517683029,0.4387137591838837,0.1646053940057755,-0.8788716793060303,-0.0786821097135544,0.4407933056354523,0.1143238991498947,-0.8868147730827332,-0.0534699745476246,0.4445566236972809,0.1250343769788742,-0.5032269954681396,0.0171870645135641,0.8548880815505981,0.1259622722864151,-0.5649921298027039,0.0079054515808821,0.8153863549232483,0.1337880939245224,-0.5648901462554932,0.0133317261934280,0.8141388893127441,0.1337880939245224,-0.5648901462554932,0.0133317261934280,0.8141388893127441,-0.0947231426835060,0.0577994622290134,0.2382020950317383,0.9648556709289551,-0.1092702671885490,0.1186695098876953,0.2355927675962448,0.9583702683448792,0.3093452751636505,0.2077146917581558,0.1626069247722626,0.9136296510696411,0.3300279974937439,0.1690595000982285,0.2532994151115417,0.8934986591339111,0.3992998003959656,-0.5321295261383057,-0.1150440126657486,0.7376738190650940,0.4743531346321106,-0.4821571707725525,-0.1801053881645203,0.7141957879066467,0.4743531346321106,-0.4821571707725525,-0.1801053881645203,0.7141957879066467,-0.1097271367907524,0.1179207786917686,0.2279661744832993,0.9602531194686890,-0.5082855224609375,0.0095892306417227,0.2564798891544342,0.8220534920692444,-0.5049333572387695,-0.0477984696626663,0.1742334365844727,0.8440381288528442,-0.2143278419971466,-0.6329561471939087,0.5294953584671021,0.5225559473037720,-0.1957663744688034,-0.6358655691146851,0.5205967426300049,0.5350976586341858,-0.1957663744688034,-0.6358655691146851,0.5205967426300049,0.5350976586341858,-0.0947231426835060,0.0577994622290134,0.2382020950317383,0.9648556709289551
-0.6467663764953614,-0.2838003635406494,0.1618092805147172,-0.0996245741844177,0.0166217070072889,0.2443706393241882,0.9644074440002441,-2.2504872322082514,-0.3531649053096771,-0.4913130044937135,0.9247198939323426,-0.1095470309257504,-0.0704465731978417,-2.3825916767120359,-0.0355457991361618,0.0950692236423492,1.2150300741195681,-0.1100242778658865,0.0379163339734078,0.0000000000000000,0.1394672840833664,0.8799999952316284,0.1515887767076490,-1.6712262630462646,-0.2521752417087556,0.1394672840833664,-0.8799999952316284,-0.1515887767076490,-1.6712262630462646,-0.0237825348973273,0.0000000000000000,0.0764454662799818,-0.2615550756454457,0.3515412062406548,-0.5079683028321513,4.2587085328254934,-1.7675166785882708,3.7654936313629159,0.4896016240119940,-0.6602518200874334,0.4279385566711406,3.6815250873565653,-1.0661366462707518,3.6810635089874237,-0.7724561452865585,-0.7703963160514843,3.0770385265350360,1.8858994722366333,0.8627702713012700,0.0000000000000000,0.8551648139953602,0.0000000000000000,-2.2546589851379424,-0.2532412707805626,-0.9891998529434221,0.8551648139953602,0.0000000000000000,2.2546589851379424,-0.2532412707805626,1.0129186153411880,0.0000000000000000,0.0000000000000000,0.0000000000000000,-0.0996245741844177,0.0166217070072889,0.2443706393241882,0.9644074440002441,-0.0996245741844177,0.0166217070072889,0.2443706393241882,0.9644074440002441,0.1737112700939178,-0.8103604316711426,0.4170620739459991,0.3730946183204651,0.1054507195949554,-0.8709970712661743,0.2682315707206726,0.3978647589683533,0.3140902519226074,-0.8191875219345093,0.1634180545806885,0.4511914849281311,0.2082107216119766,-0.5319178104400635,0.2863565385341644,0.7692279219627380,0.2233860194683075,-0.5733021497726440,0.2743515968322754,0.7390227317810059,0.1970959603786469,-0.5827374458312988,0.2541648745536804,0.7463045120239258,0.1970959603786469,-0.5827374458312988,0.2541648745536804,0.7463045120239258,0.1779764294624329,-0.8831736445426941,-0.0518109910190105,0.4308646619319916,0.1703072041273117,-0.8821101188659668,-0.0675064548850060,0.4339586496353149,0.1282214820384979,-0.8891719579696655,-0.0467635057866573,0.4367443323135376,0.1316548138856888,-0.4808114171028137,0.0349615290760994,0.8661783933639526,0.1332040876150131,-0.5277369618415833,0.0277738980948925,0.8384385108947754,0.1492260545492172,-0.5270441174507141,0.0375386551022530,0.8357912302017212,0.1492260545492172,-0.5270441174507141,0.0375386551022530,0.8357912302017212,-0.0996245741844177,0.0166217070072889,0.2443706393241882,0.9644074440002441,-0.1163199394941330,0.0840754956007004,0.2410022020339966,0.9598535299301147,0.3035988807678223,0.1787198036909103,0.1822360754013062,0.9179744720458984,0.3174399137496948,0.1506830155849457,0.2494759857654572,0.9023792147636414,0.3887574672698975,-0.5526301860809326,-0.1093737035989761,0.7290438413619995,0.4740383028984070,-0.4978566765785217,-0.1797906160354614,0.7036346197128296,0.4740383028984070,-0.4978566765785217,-0.1797906160354614,0.7036346197128296,-0.1164419949054718,0.0832010954618454,0.2325653284788132,0.9619938731193542,-0.5151023268699646,-0.0237824227660894,0.2458525002002716,0.8207683563232422,-0.5110067725181580,-0.0664449110627174,0.1854270398616791,0.8367042541503906,-0.2102619111537933,-0.6404999494552612,0.5414776802062988,0.5023462772369385,-0.2011889070272446,-0.6420012116432190,0.5372822284698486,0.5086112618446350,-0.2011889070272446,-0.6420012116432190,0.5372822284698486,0.5086112618446350,-0.0996245741844177,0.0166217070072889,0.2443706393241882,0.9644074440002441
-0.6524803638458253,-0.2867122530937195,0.1676280856132507,-0.1027966439723969,-0.0222378186881542,0.2495545744895935,0.9626322984695435,-2.1703887939453121,-0.3405048668384551,-0.5078875184059144,0.9122991442680356,-0.0538747310638426,-0.0894907101988793,-2.3101871013641353,-0.0454918183386326,0.0785428568720817,1.2483616590499875,-0.0829615980386734,0.0532337158918381,0.0000000000000000,0.1553444415330888,0.8799999952316284,0.1093557074666022,-1.6700228691101073,-0.2758129537105562,0.1553444415330888,-0.8799999952316284,-0.1093557074666022,-1.6700228691101073,0.0030941370874645,0.0000000000000000,-0.2403180450201048,-0.1270927116274839,0.3599852383136729,-0.1634330818059979,3.7971089394124147,-1.3674168491013345,3.9769418716430671,0.6137673258781439,-0.7970662713050852,-0.3257453277707188,3.0093647956848075,-0.9878339767456044,3.4671562194824266,-0.5122155725955959,-0.8719531416892992,2.3372324466705123,1.5683696031570369,0.8336499691009501,0.0000000000000000,0.7463076114654555,0.0000000000000000,-2.3460176944732596,-0.0213975876569723,-1.2045173883438103,0.7463076114654555,0.0000000000000000,2.3460176944732596,-0.0213975876569723,1.3018352031707776,0.0000000000000000,0.0000000000000000,0.0000000000000000,-0.1027966439723969,-0.0222378186881542,0.2495545744895935,0.9626322984695435,-0.1027966439723969,-0.0222378186881542,0.2495545744895935,0.9626322984695435,0.1600685119628906,-0.8092754483222961,0.4244496524333954,0.3732210993766785,0.0945308357477188,-0.8694717884063721,0.2811895310878754,0.3949874341487885,0.3099110424518585,-0.8178454637527466,0.1729074120521545,0.4529756307601929,0.2020636200904846,-0.5346901416778564,0.2917622625827789,0.7669104933738708,0.2098449766635895,-0.5551536083221436,0.2861986756324768,0.7522366046905518,0.1759791821241379,-0.5674085617065430,0.2610918581485748,0.7608612179756165,0.1759791821241379,-0.5674085617065430,0.2610918581485748,0.7608612179756165,0.1840581893920898,-0.8840314745903015,-0.0362301357090473,0.4281333982944489,0.1742543876171112,-0.8829860091209412,-0.0563194788992405,0.4322029650211334,0.1394416391849518,-0.8891350030899048,-0.0393282882869244,0.4341065287590027,0.1362027972936630,-0.4677675366401672,0.0495799705386162,0.8718853592872620,0.1381303220987320,-0.5035226941108704,0.0438899397850037,0.8517385721206665,0.1607453227043152,-0.5021645426750183,0.0572826229035854,0.8477678298950195,0.1607453227043152,-0.5021645426750183,0.0572826229035854,0.8477678298950195,-0.1027966439723969,-0.0222378186881542,0.2495545744895935,0.9626322984695435,-0.1219291761517525,0.0528732389211655,0.2454923242330551,0.9602454304695129,0.2986907958984375,0.1524020135402679,0.1995887756347656,0.9207180738449097,0.3073000907897949,0.1326976865530014,0.2484615445137024,0.9089690446853638,0.3820321261882782,-0.5696293115615845,-0.1026393622159958,0.7204436659812927,0.4768975973129272,-0.5098940134048462,-0.1780796647071838,0.6934438943862915,0.4768975973129272,-0.5098940134048462,-0.1780796647071838,0.6934438943862915,-0.1216929033398628,0.0518717244267464,0.2361147105693817,0.9626786708831787,-0.5201446413993835,-0.0536395385861397,0.2357193827629089,0.8191512227058411,-0.5156840682029724,-0.0847280919551849,0.1924518197774887,0.8305742740631104,-0.2093437016010284,-0.6477566957473755,0.5491602420806885,0.4847777485847473,-0.2105794250965118,-0.6475864052772522,0.5495995283126831,0.4839717149734497,-0.2105794250965118,-0.6475864052772522,0.5495995283126831,0.4839717149734497,-0.1027966439723969,-0.0222378186881542,0.2495545744895935,0.9626322984695435
-0.6627324819564818,-0.2914743185043335,0.1665423899888992,-0.1027190983295441,-0.0563751980662346,0.2532857060432434,0.9602692723274231,-2.0874923706054691,-0.3259213745594026,-0.5276279687881469,0.8703491806983951,-0.0207774341106417,-0.1049721255898475,-2.2224752902984624,-0.0539463758468627,0.0665799766778947,1.2146279096603396,-0.0774224832654000,0.0617730066180229,0.0000000000000000,0.1759766191244124,0.8799999952316284,0.0905590683221818,-1.6606627464294434,-0.2971874773502348,0.1759766191244124,-0.8799999952316284,-0.0905590683221818,-1.6606627464294434,0.0341706309467552,0.0000000000000000,-0.4445339292287813,-0.2103506252169604,0.0492827236652395,-0.0911537572093713,3.4485602112140645,-0.9873136500717771,4.1028513431549065,0.7003227472305292,-0.9395334124565116,-1.6545598819851786,1.9934897899627753,-0.8275115489959728,4.1559819698333698,-0.4450997829437260,-0.6665962815284743,-0.6807073116302282,0.5998091936111514,0.5286358833313008,0.0000000000000000,0.9602835178375230,0.0000000000000000,-1.2913784027099680,0.3456551700830435,-1.1026739835739143,0.9602835178375230,0.0000000000000000,1.2913784027099680,0.3456551700830435,1.4908272981643664,0.0000000000000000,0.0000000000000000,0.0000000000000000,-0.1027190983295441,-0.0563751980662346,0.2532857060432434,0.9602692723274231,-0.1027190983295441,-0.0563751980662346,0.2532857060432434,0.9602692723274231,0.1471360027790070,-0.8071418404579163,0.4277732968330383,0.3793194293975830,0.0836576223373413,-0.8658322691917419,0.2911475896835327,0.3982070684432983,0.3065219223499298,-0.8140684962272644,0.1772021651268005,0.4603651762008667,0.2032544314861298,-0.5441172122955322,0.2899259030818939,0.7606360316276550,0.2062518149614334,-0.5519911646842957,0.2877833545207977,0.7549482583999634,0.1663538813591003,-0.5663374662399292,0.2584404349327087,0.7647199630737305,0.1663538813591003,-0.5663374662399292,0.2584404349327087,0.7647199630737305,0.1865693479776382,-0.8802181482315063,-0.0214029327034950,0.4358322918415070,0.1747284531593323,-0.8793278932571411,-0.0451268628239632,0.4406994581222534,0.1453528851270676,-0.8846448063850403,-0.0304547995328903,0.4419829249382019,0.1368100792169571,-0.4742240905761719,0.0579363629221916,0.8677774667739868,0.1389384567737579,-0.5074545741081238,0.0525989569723606,0.8487752079963684,0.1650796681642532,-0.5055764913558960,0.0682524740695953,0.8440868854522705,0.1650796681642532,-0.5055764913558960,0.0682524740695953,0.8440868854522705,-0.1027190983295441,-0.0563751980662346,0.2532857060432434,0.9602692723274231,-0.1248540729284286,0.0286225937306881,0.2485563606023788,0.9601104259490967,0.2959869801998138,0.1317662894725800,0.2126902788877487,0.9218417406082153,0.3022992610931396,0.1156149208545685,0.2532530128955841,0.9116529822349548,0.3832917809486389,-0.5801149606704712,-0.0938771367073059,0.7125595808029175,0.4863191545009613,-0.5148293972015381,-0.1736581623554230,0.6843152046203613,0.4863191545009613,-0.5148293972015381,-0.1736581623554230,0.6843152046203613,-0.1242123693227768,0.0274892486631870,0.2379622906446457,0.9629068970680237,-0.5225213766098022,-0.0764865800738335,0.2270055115222931,0.8182846307754517,-0.5179365873336792,-0.1023259907960892,0.1912702023983002,0.8274581432342529,-0.2149092406034470,-0.6550096273422241,0.5487247109413147,0.4729456901550293,-0.2281464040279388,-0.6528586745262146,0.5538334846496582,0.4636737704277039,-0.2281464040279388,-0.6528586745262146,0.5538334846496582,0.4636737704277039,-0.1027190983295441,-0.0563751980662346,0.2532857060432434,0.9602692723274231
-0.6714992284774780,-0.2957544565200805,0.1633107185363770,-0.0987801626324654,-0.0924778059124947,0.2538676261901855,0.9577271938323975,-2.0108610630035404,-0.3052830636501314,-0.5459311842918395,0.8452474474906922,0.0034273022785782,-0.1180426493287086,-2.1538955211639408,-0.0442674584686757,0.0686464324593544,1.2298106431961058,-0.0542663276195528,0.0744467854499816,0.0000000000000000,0.1900747865438461,0.8799999952316284,0.0758272156119347,-1.6803070068359374,-0.3195111334323882,0.1900747865438461,-0.8799999952316284,-0.0758272156119347,-1.6803070068359374,0.0651762440800665,0.0000000000000000,-0.4680447459220889,-0.2236454337835313,-0.1186640463769432,0.1392924081129675,3.4850159671055851,-0.6820661803305803,3.9568675994873059,0.9108191132545459,-0.9439054131507877,-1.5920512676239047,1.3880879402160662,-0.7017439842224126,3.8116291999816934,0.1212763488292657,-0.1772639155387906,-0.2191929578781224,0.8054669141769374,0.5509991645812981,0.0000000000000000,0.8355885267257703,0.0000000000000000,-0.8178883194923409,-0.4021252930164279,-1.0972001314163207,0.8355885267257703,0.0000000000000000,0.8178883194923409,-0.4021252930164279,1.5516982555389405,0.0000000000000000,0.0000000000000000,0.0000000000000000,-0.0987801626324654,-0.0924778059124947,0.2538676261901855,0.9577271938323975,-0.0987801626324654,-0.0924778059124947,0.2538676261901855,0.9577271938323975,0.1340791583061218,-0.8091892004013062,0.4255782365798950,0.3822549879550934,0.0743870660662651,-0.8644583225250244,0.2975935935974121,0.3982665538787842,0.3046759963035583,-0.8124008178710938,0.1791982948780060,0.4637516140937805,0.2043701112270355,-0.5507126450538635,0.2884003520011902,0.7561571598052979,0.2038758695125580,-0.5494160056114197,0.2887449860572815,0.7571017742156982,0.1588551104068756,-0.5654962062835693,0.2558433413505554,0.7678042650222778,0.1588551104068756,-0.5654962062835693,0.2558433413505554,0.7678042650222778,0.1900517046451569,-0.8809450864791870,-0.0138706304132938,0.4331554770469666,0.1803776919841766,-0.8804353475570679,-0.0333460420370102,0.4372478723526001,0.1500460356473923,-0.8861268162727356,-0.0183513909578323,0.4380969703197479,0.1329545378684998,-0.4711025655269623,0.0714995563030243,0.8690646290779114,0.1346877813339233,-0.4945227205753326,0.0678139850497246,0.8559834957122803,0.1665122210979462,-0.4915774166584015,0.0860625654459000,0.8504225015640259,0.1665122210979462,-0.4915774166584015,0.0860625654459000,0.8504225015640259,-0.0987801626324654,-0.0924778059124947,0.2538676261901855,0.9577271938323975,-0.1229186058044434,-0.0007665166631341,0.2490607202053070,0.9606555700302124,0.2979702949523926,0.1053912788629532,0.2256645858287811,0.9215105772018433,0.3023719787597656,0.0918541848659515,0.2596371173858643,0.9125363826751709,0.3887648880481720,-0.6032692193984985,-0.0940755456686020,0.6899840831756592,0.5020121932029724,-0.5316607356071472,-0.1751408576965332,0.6592770814895630,0.5020121932029724,-0.5316607356071472,-0.1751408576965332,0.6592770814895630,-0.1218002438545227,-0.0019408706575632,0.2376508414745331,0.9636820554733276,-0.5206691026687622,-0.1029808670282364,0.2141882926225662,0.8200132846832275,-0.5159411430358887,-0.1245607435703278,0.1842408776283264,0.8272511959075928,-0.2150328606367111,-0.6741586327552795,0.5450119376182556,0.4497031271457672,-0.2407784610986710,-0.6699656248092651,0.5535585880279541,0.4321396946907043,-0.2407784610986710,-0.6699656248092651,0.5535585880279541,0.4321396946907043,-0.0987801626324654,-0.0924778059124947,0.2538676261901855,0.9577271938323975
-0.6795232892036438,-0.2997936308383942,0.1590060591697693,-0.0928353071212769,-0.1294682919979095,0.2526751756668091,0.9543452262878418,-1.9373623132705688,-0.2816173434257507,-0.5635157823562622,0.8285698294639587,0.0231857569888234,-0.1299077272415161,-2.0948817729949951,-0.0255218036472797,0.0777275562286377,1.2694516181945801,-0.0223016515374184,0.0891878083348274,0.0000000000000000,0.2009059488773346,0.8799999952316284,0.0631277561187744,-1.7144534587860107,-0.3423093557357788,0.2009059488773346,-0.8799999952316284,-0.0631277561187744,-1.7144534587860107,0.0961464196443558,0.0000000000000000,-0.4012030065059662,-0.2019587010145187,-0.2152329497039318,0.4488219937981647,3.7139739650420496,-0.4142465752335674,3.6749372482299805,1.1832859516143799,-0.8792298436164856,-0.8338809013366699,0.9879226684570312,-0.5932538509368896,2.9506871700286865,0.9372826516628265,0.4540562033653259,1.9820486307144169,1.5982336997985840,0.7370511293411255,0.0000000000000000,0.5415580868721008,0.0000000000000000,-0.6349729299545288,-1.7073223888874054,-1.1399110555648804,0.5415580868721008,0.0000000000000000,0.6349729299545288,-1.7073223888874054,1.5485086441040039,0.0000000000000000,0.0000000000000000,0.0000000000000000,-0.0928353071212769,-0.1294682919979095,0.2526751756668091,0.9543452262878418,-0.0928353071212769,-0.1294682919979095,0.2526751756668091,0.9543452262878418,0.1209473237395287,-0.8132408857345581,0.4205787777900696,0.3835681080818176,0.0659188702702522,-0.8642177581787109,0.3022828996181488,0.3967460691928864,0.3036106824874878,-0.8118116259574890,0.1800502091646194,0.4651497900485992,0.2054499685764313,-0.5558966994285583,0.2870328128337860,0.7525831460952759,0.2021086961030960,-0.5471349358558655,0.2893952429294586,0.7589768767356873,0.1524186879396439,-0.5647652745246887,0.2532714307308197,0.7704948782920837,0.1524186879396439,-0.5647652745246887,0.2532714307308197,0.7704948782920837,0.1940221041440964,-0.8839557170867920,-0.0099871112033725,0.4252974689006805,0.1885792762041092,-0.8837563395500183,-0.0212660636752844,0.4277386665344238,0.1540994048118591,-0.8904160857200623,-0.0046306503936648,0.4282419383525848,0.1268319040536880,-0.4630646109580994,0.0876455307006836,0.8728133440017700,0.1278013288974762,-0.4727682173252106,0.0862258300185204,0.8675956130027771,0.1663509160280228,-0.4684543311595917,0.1072157025337219,0.8610358238220215,0.1663509160280228,-0.4684543311595917,0.1072157025337219,0.8610358238220215,-0.0928353071212769,-0.1294682919979095,0.2526751756668091,0.9543452262878418,-0.1184718683362007,-0.0327142328023911,0.2481192946434021,0.9609011411666870,0.3020980954170227,0.0760855451226234,0.2384206354618073,0.9198387265205383,0.3048165738582611,0.0647095739841461,0.2666746675968170,0.9120219945907593,0.3957780599594116,-0.6318739652633667,-0.0986169129610062,0.6590672731399536,0.5200435519218445,-0.5535951852798462,-0.1792982369661331,0.6252512931823730,0.5200435519218445,-0.5535951852798462,-0.1792982369661331,0.6252512931823730,-0.1168413609266281,-0.0338833853602409,0.2361004352569580,0.9640833139419556,-0.5163535475730896,-0.1312205344438553,0.1991799920797348,0.8224886059761047,-0.5115686655044556,-0.1490482687950134,0.1741985827684402,0.8280923366546631,-0.2121825218200684,-0.6984567046165466,0.5390197634696960,0.4202314913272858,-0.2505932748317719,-0.6920247673988342,0.5502396821975708,0.3943868279457092,-0.2505932748317719,-0.6920247673988342,0.5502396821975708,0.3943868279457092,-0.0928353071212769,-0.1294682919979095,0.2526751756668091,0.9543452262878418
-0.6832938671112061,-0.3035410523414612,0.1635889351367950,-0.0788523405790329,-0.1555466949939728,0.2528335750102997,0.9516632556915283,-1.8686670780181887,-0.2604219466447831,-0.5690319418907165,0.8145473122596741,0.0164618656039238,-0.1409973829984665,-2.0132936954498293,-0.0228109296411276,0.0876653954386711,1.2385010004043580,-0.0408759102225303,0.0938150078058243,0.0000000000000000,0.2332761704921722,0.8799999952316284,0.0536586932837963,-1.7118753194808960,-0.3450138807296753,0.2332761704921722,-0.8799999952316284,-0.0536586932837963,-1.7118753194808960,0.1035356909036636,0.0000000000000000,-0.2735985308885577,-0.1932061165571213,0.0513930886983865,0.3837083764100179,3.2128163072825155,0.2259632307035200,3.5308318138122563,1.1091762304306032,-0.5171767234802254,-0.7542278170585635,0.1934522867202776,-0.5699911952018738,3.6279171943664537,0.4562392950057994,0.4797576367855071,-0.1356990098953199,0.0820657730102574,0.4336364269256598,0.0000000000000000,1.1877298474311815,0.0000000000000000,-0.5380610346794130,-0.6055848121643090,-0.5371001720428480,1.1877298474311815,0.0000000000000000,0.5380610346794130,-0.6055848121643090,0.8410815954208389,0.0000000000000000,0.0000000000000000,0.0000000000000000,-0.0788523405790329,-0.1555466949939728,0.2528335750102997,0.9516632556915283,-0.0788523405790329,-0.1555466949939728,0.2528335750102997,0.9516632556915283,0.1174355745315552,-0.8152581453323364,0.4095491766929626,0.3922148942947388,0.0655663684010506,-0.8615387678146362,0.3002038002014160,0.4041406512260437,0.3047553300857544,-0.8085052371025085,0.1746844351291656,0.4721533358097076,0.2106075286865234,-0.5553591847419739,0.2810899019241333,0.7537963390350342,0.2082743644714355,-0.5491408109664917,0.2828032672405243,0.7583460807800293,0.1543393433094025,-0.5676711797714233,0.2434129416942596,0.7711542248725891,0.1543393433094025,-0.5676711797714233,0.2434129416942596,0.7711542248725891,0.1983036696910858,-0.8772202730178833,-0.0083961999043822,0.4371382296085358,0.1933159530162811,-0.8770666718482971,-0.0184066891670227,0.4393680691719055,0.1547180712223053,-0.8847000002861023,0.0009014684474096,0.4397357106208801,0.1254983395338058,-0.4651862978935242,0.0905518382787704,0.8715803623199463,0.1273423731327057,-0.4828990697860718,0.0879771336913109,0.8618889451026917,0.1676077544689178,-0.4782394170761108,0.1105391383171082,0.8549712896347046,0.1676077544689178,-0.4782394170761108,0.1105391383171082,0.8549712896347046,-0.0788523405790329,-0.1555466949939728,0.2528335750102997,0.9516632556915283,-0.1088196188211441,-0.0433797687292099,0.2489815354347229,0.9613972902297974,0.3110423088073730,0.0668031424283981,0.2437436133623123,0.9161764383316040,0.3131488859653473,0.0569327361881733,0.2676665186882019,0.9094234704971313,0.4024410247802734,-0.6338062882423401,-0.1035686731338501,0.6523835659027100,0.5276662111282349,-0.5539505481719971,-0.1835297644138336,0.6172714233398438,0.5276662111282349,-0.5539505481719971,-0.1835297644138336,0.6172714233398438,-0.1065125390887260,-0.0445131212472916,0.2350829392671585,0.9650957584381104,-0.5074397921562195,-0.1404044330120087,0.1937318146228790,0.8278041481971741,-0.5031799077987671,-0.1553562581539154,0.1723652482032776,0.8324449062347412,-0.2090011835098267,-0.7057387828826904,0.5313851833343506,0.4193817377090454,-0.2506919205188751,-0.6988092064857483,0.5433007478713989,0.3919738233089447,-0.2506919205188751,-0.6988092064857483,0.5433007478713989,0.3919738233089447,-0.0788523405790329,-0.1555466949939728,0.2528335750102997,0.9516632556915283
-0.6872187852859497,-0.3073384702205658,0.1650230973958969,-0.0638653710484505,-0.1867415308952332,0.2530530095100403,0.9471077322959900,-1.7980149507522585,-0.2382666528224946,-0.5762923121452331,0.8116002202033996,0.0131823908537626,-0.1521065473556518,-1.9385063171386721,-0.0122735474258662,0.1000392615795135,1.2321859598159790,-0.0424206107854844,0.1034415572881698,0.0000000000000000,0.2695729076862334,0.8799999952316284,0.0482486799359322,-1.7099364519119262,-0.3475978791713715,0.2695729076862334,-0.8799999952316284,-0.0482486799359322,-1.7099364519119262,0.1112314805388450,0.0000000000000000,-0.1931590884923935,-0.1888709515333176,0.1346823781728751,0.3400324993236700,3.2040903855441218,0.6249439206738707,3.4934682846069331,1.0885666608810423,-0.3281342983245846,-0.3688630700111411,-0.2328620851039893,-0.5550680160522461,3.8753828525543228,0.3703389257192596,0.5699727416038508,-0.8084635019302417,-0.4178261995315586,0.3813404560089101,0.0000000000000000,1.7363064289093009,0.0000000000000000,-0.3516816258430489,0.1097288131713868,-0.1316104516386986,1.7363064289093009,0.0000000000000000,0.3516816258430489,0.1097288131713868,0.3786590874195098,0.0000000000000000,0.0000000000000000,0.0000000000000000,-0.0638653710484505,-0.1867415308952332,0.2530530095100403,0.9471077322959900,-0.0638653710484505,-0.1867415308952332,0.2530530095100403,0.9471077322959900,0.1139846742153168,-0.8193234801292419,0.3975675702095032,0.3970597386360168,0.0659637153148651,-0.8607742786407471,0.2973827719688416,0.4077745676040649,0.3078623414039612,-0.8065387010574341,0.1692554354667664,0.4754669666290283,0.2160492092370987,-0.5533435940742493,0.2770688831806183,0.7552260160446167,0.2142189741134644,-0.5483536720275879,0.2784924209117889,0.7588547468185425,0.1559316813945770,-0.5679225921630859,0.2360358536243439,0.7729399800300598,0.1559316813945770,-0.5679225921630859,0.2360358536243439,0.7729399800300598,0.2052047103643417,-0.8735836744308472,-0.0079110497608781,0.4412255585193634,0.2024348676204681,-0.8735604882240295,-0.0132562974467874,0.4424213767051697,0.1584832370281219,-0.8826202154159546,0.0088243894279003,0.4424780607223511,0.1240753009915352,-0.4646829962730408,0.0987754613161087,0.8711592555046082,0.1260132491588593,-0.4830741286277771,0.0961181893944740,0.8611162900924683,0.1704081892967224,-0.4773896932601929,0.1208766624331474,0.8534922599792480,0.1704081892967224,-0.4773896932601929,0.1208766624331474,0.8534922599792480,-0.0638653710484505,-0.1867415308952332,0.2530530095100403,0.9471077322959900,-0.0988106280565262,-0.0574894510209560,0.2502316236495972,0.9614133834838867,0.3201047778129578,0.0545698553323746,0.2508845329284668,0.9119276404380798,0.3216984868049622,0.0454614572227001,0.2722800076007843,0.9057080149650574,0.4121374785900116,-0.6375330090522766,-0.1063997521996498,0.6421629786491394,0.5383786559104919,-0.5555340647697449,-0.1849317848682404,0.6060781478881836,0.5383786559104919,-0.5555340647697449,-0.1849317848682404,0.6060781478881836,-0.0956106707453728,-0.0585463643074036,0.2342667728662491,0.9656863212585449,-0.4978278279304504,-0.1527533829212189,0.1870160400867462,0.8329818844795227,-0.4937175512313843,-0.1659509539604187,0.1676608622074127,0.8370143175125122,-0.2073203325271606,-0.7161782383918762,0.5211386680603027,0.4153569340705872,-0.2525795400142670,-0.7086228728294373,0.5335497260093689,0.3864993751049042,-0.2525795400142670,-0.7086228728294373,0.5335497260093689,0.3864993751049042,-0.0638653710484505,-0.1867415308952332,0.2530530095100403,0.9471077322959900
-0.6914523839950562,-0.3112358808517456,0.1601598322391510,-0.0469058789312840,-0.2281238138675690,0.2534175217151642,0.9389030933380127,-1.7234490394592283,-0.2141915649175643,-0.5870411038398743,0.8308039784431458,0.0167917512357235,-0.1632547289133072,-1.8773203372955320,0.0139168512076140,0.1172851815819741,1.2751420736312866,-0.0099061913788318,0.1230668067932129,0.0000000000000000,0.3137226760387422,0.8799999952316284,0.0509567655622959,-1.7092761278152466,-0.3499408245086670,0.3137226760387422,-0.8799999952316284,-0.0509567655622959,-1.7092761278152466,0.1195403069257736,0.0000000000000000,-0.2070497125387192,-0.1933706253767014,-0.1487018376588827,0.3392321028409204,4.1802279358480243,0.5414663787107399,3.6695885658264165,1.1749573945999148,-0.4851132631301883,0.6279251217842123,0.0771354734897620,-0.5568237900733948,3.2633197784423813,1.0747246354818361,0.7892151296138769,1.4087383031845144,1.1148340940475499,0.8312819480896005,0.0000000000000000,2.0896928310394296,0.0000000000000000,0.0136328101158150,0.0521943569183348,-0.1207630574703216,2.0896928310394296,0.0000000000000000,-0.0136328101158150,0.0521943569183348,0.4062457501888276,0.0000000000000000,0.0000000000000000,0.0000000000000000,-0.0469058789312840,-0.2281238138675690,0.2534175217151642,0.9389030933380127,-0.0469058789312840,-0.2281238138675690,0.2534175217151642,0.9389030933380127,0.1106762811541557,-0.8276221156120300,0.3837548494338989,0.3943660259246826,0.0678659379482269,-0.8639068603515625,0.2931018173694611,0.4039190709590912,0.3149197399616241,-0.8073207139968872,0.1637152880430222,0.4714404940605164,0.2220720052719116,-0.5484071373939514,0.2769096195697784,0.7571358084678650,0.2197399586439133,-0.5420309901237488,0.2787698507308960,0.7617113590240479,0.1568905711174011,-0.5629504323005676,0.2336585968732834,0.7770944833755493,0.1568905711174011,-0.5629504323005676,0.2336585968732834,0.7770944833755493,0.2173730432987213,-0.8762796521186829,-0.0096387835219502,0.4298722147941589,0.2203003615140915,-0.8763672113418579,-0.0035258443094790,0.4282943308353424,0.1685375273227692,-0.8878028392791748,0.0215250700712204,0.4277123808860779,0.1224444136023521,-0.4588212370872498,0.1176092475652695,0.8721573948860168,0.1228964924812317,-0.4631555676460266,0.1169973015785217,0.8698821067810059,0.1762015968561172,-0.4550151824951172,0.1451700031757355,0.8607205152511597,0.1762015968561172,-0.4550151824951172,0.1451700031757355,0.8607205152511597,-0.0469058789312840,-0.2281238138675690,0.2534175217151642,0.9389030933380127,-0.0880901962518692,-0.0784788429737091,0.2522501647472382,0.9604431390762329,0.3293908834457397,0.0364394336938858,0.2616509795188904,0.9064836502075195,0.3306221067905426,0.0265977028757334,0.2840859889984131,0.8995981216430664,0.4278123974800110,-0.6447156667709351,-0.1049669608473778,0.6247400045394897,0.5551659464836121,-0.5594691038131714,-0.1806401312351227,0.5883488655090332,0.5551659464836121,-0.5594691038131714,-0.1806401312351227,0.5883488655090332,-0.0835666209459305,-0.0793782323598862,0.2338497340679169,0.9654170274734497,-0.4868162572383881,-0.1714234054088593,0.1777656078338623,0.8378682732582092,-0.4820106625556946,-0.1850809752941132,0.1571823507547379,0.8418458700180054,-0.2085960358381271,-0.7327741384506226,0.5055593252182007,0.4048941731452942,-0.2579763829708099,-0.7243016958236694,0.5180344581604004,0.3748005926609039,-0.2579763829708099,-0.7243016958236694,0.5180344581604004,0.3748005926609039,-0.0469058789312840,-0.2281238138675690,0.2534175217151642,0.9389030933380127
-0.6960704088211059,-0.3151804387569427,0.1542460769414901,-0.0294590666890144,-0.2702975273132324,0.2504175901412964,0.9291729331016541,-1.6451841592788694,-0.1881263017654418,-0.5931248307228089,0.8595054268836976,0.0318095412105322,-0.1699221670627594,-1.8187422275543212,0.0415556155145169,0.1283179819583893,1.3346063852310182,0.0346253441763112,0.1402716428041458,0.0000000000000000,0.3683271110057832,0.8799999952316284,0.0670832768082619,-1.7115971326828003,-0.3345345795154571,0.3683271110057832,-0.8799999952316284,-0.0670832768082619,-1.7115971326828003,0.1282053843140602,0.0000000000000000,-0.2232127040624619,-0.1962849348783493,-0.2746779412031175,0.5135824606845882,4.5694373375456010,0.4761619047637153,3.8392644882202154,1.2634595632553103,-0.3974876403808589,1.2451185345649729,0.5227208584547054,-0.4229867458343501,2.9810626506805415,1.3529709100723268,0.6759023547172540,2.6430515289306658,1.9862343072891246,0.9086500406265257,0.0000000000000000,2.5211283206939710,0.0000000000000000,0.5379570215940489,-0.0564236581325534,0.4153284028172511,2.5211283206939710,0.0000000000000000,-0.5379570215940489,-0.0564236581325534,0.4261288344860077,0.0000000000000000,0.0000000000000000,0.0000000000000000,-0.0294590666890144,-0.2702975273132324,0.2504175901412964,0.9291729331016541,-0.0294590666890144,-0.2702975273132324,0.2504175901412964,0.9291729331016541,0.1064732670783997,-0.8360703587532043,0.3673262000083923,0.3933461904525757,0.0690395832061768,-0.8668873310089111,0.2871848642826080,0.4015778899192810,0.3193643689155579,-0.8088698983192444,0.1572983413934708,0.4679670929908752,0.2248257696628571,-0.5403280258178711,0.2761016488075256,0.7624086737632751,0.2204300165176392,-0.5281259417533875,0.2796705961227417,0.7708943486213684,0.1541995704174042,-0.5499562025070190,0.2338711172342300,0.7868131399154663,0.1541995704174042,-0.5499562025070190,0.2338711172342300,0.7868131399154663,0.2279704809188843,-0.8803104758262634,-0.0133919809013605,0.4158166944980621,0.2364201992750168,-0.8804715275764465,0.0049455207772553,0.4109145998954773,0.1794631779193878,-0.8938362598419189,0.0312288254499435,0.4097250699996948,0.1212841868400574,-0.4486016631126404,0.1356206387281418,0.8750164508819580,0.1186516731977463,-0.4334351420402527,0.1377131938934326,0.8826613426208496,0.1803008615970612,-0.4226398468017578,0.1675628423690796,0.8722327351570129,0.1803008615970612,-0.4226398468017578,0.1675628423690796,0.8722327351570129,-0.0294590666890144,-0.2702975273132324,0.2504175901412964,0.9291729331016541,-0.0777889415621758,-0.0955530852079391,0.2515976428985596,0.9599568843841553,0.3385038375854492,0.0207135453820229,0.2683332264423370,0.9016559720039368,0.3394908308982849,0.0074112922884524,0.2976332306861877,0.8922474384307861,0.4446976482868195,-0.6520382165908813,-0.1030273735523224,0.6053722500801086,0.5669566392898560,-0.5682996511459351,-0.1720852851867676,0.5709486603736877,0.5669566392898560,-0.5682996511459351,-0.1720852851867676,0.5709486603736877,-0.0714758485555649,-0.0961883366107941,0.2302807569503784,0.9657173156738281,-0.4760050177574158,-0.1851122379302979,0.1673764884471893,0.8432899713516235,-0.4691755771636963,-0.2026615142822266,0.1400335729122162,0.8480525612831116,-0.2134543657302856,-0.7499987483024597,0.4851821064949036,0.3956484198570251,-0.2672531604766846,-0.7402079105377197,0.4976941943168640,0.3646485209465027,-0.2672531604766846,-0.7402079105377197,0.4976941943168640,0.3646485209465027,-0.0294590666890144,-0.2702975273132324,0.2504175901412964,0.9291729331016541
-0.7008806467056274,-0.3191485702991486,0.1478070765733719,-0.0117518883198500,-0.3125014603137970,0.2454407960176468,0.9175857305526733,-1.5650697946548462,-0.1610659509897232,-0.5968760251998901,0.8929557204246521,0.0525315459817648,-0.1743492335081100,-1.7614680528640747,0.0699185654520988,0.1362442225217819,1.4023247957229614,0.0851654352736659,0.1562662720680237,0.0000000000000000,0.4281588792800903,0.8799999952316284,0.0899190008640289,-1.7154088020324707,-0.3102537393569946,0.4281588792800903,-0.8799999952316284,-0.0899190008640289,-1.7154088020324707,0.1370485872030258,0.0000000000000000,-0.2405118793249130,-0.1984065622091293,-0.3219499886035919,0.7755081956914633,4.6651826649400201,0.4199439648247438,4.0057182312011719,1.3530174493789673,-0.1875597238540649,1.6725145578384399,1.0361001342535019,-0.2213532924652100,2.8637084960937500,1.4181474447250366,0.3963119983673096,3.3859202861785889,2.5270044803619385,0.7997314333915710,0.0000000000000000,2.9915883541107178,0.0000000000000000,1.1417861431837082,-0.1905834525823593,1.2140418961644175,2.9915883541107178,0.0000000000000000,-1.1417861431837082,-0.1905834525823593,0.4421601295471191,0.0000000000000000,0.0000000000000000,0.0000000000000000,-0.0117518883198500,-0.3125014603137970,0.2454407960176468,0.9175857305526733,-0.0117518883198500,-0.3125014603137970,0.2454407960176468,0.9175857305526733,0.1017971709370613,-0.8443847894668579,0.3495010137557983,0.3930657804012299,0.0698466971516609,-0.8697640299797058,0.2804409265518188,0.3999810218811035,0.3224939107894897,-0.8107809424400330,0.1504391133785248,0.4647580087184906,0.2259226739406586,-0.5306244492530823,0.2749421596527100,0.7692875862121582,0.2186240106821060,-0.5102378129959106,0.2807807028293610,0.7829579114913940,0.1496261805295944,-0.5327462553977966,0.2352910041809082,0.7990190982818604,0.1496261805295944,-0.5327462553977966,0.2352910041809082,0.7990190982818604,0.2377308458089828,-0.8848149776458740,-0.0181544069200754,0.4003210663795471,0.2515776753425598,-0.8849088549613953,0.0127828810364008,0.3917672634124756,0.1907589286565781,-0.8999811410903931,0.0394206084311008,0.3899884521961212,0.1203270405530930,-0.4360851347446442,0.1531807929277420,0.8785709142684937,0.1136970818042755,-0.3982891738414764,0.1581642329692841,0.8963385224342346,0.1833127140998840,-0.3847287595272064,0.1887696236371994,0.8847295045852661,0.1833127140998840,-0.3847287595272064,0.1887696236371994,0.8847295045852661,-0.0117518883198500,-0.3125014603137970,0.2454407960176468,0.9175857305526733,-0.0676928237080574,-0.1106564700603485,0.2495866119861603,0.9596245884895325,0.3474967777729034,0.0061921621672809,0.2729468643665314,0.8970549702644348,0.3481938242912292,-0.0119333351030946,0.3119281530380249,0.8839227557182312,0.4619833827018738,-0.6591361761093140,-0.1007888242602348,0.5847669839859009,0.5760693550109863,-0.5793987512588501,-0.1613480299711227,0.5535413026809692,0.5760693550109863,-0.5793987512588501,-0.1613480299711227,0.5535413026809692,-0.0593554265797138,-0.1109700053930283,0.2251058369874954,0.9661728143692017,-0.4652330577373505,-0.1962817609310150,0.1563983708620071,0.8488646745681763,-0.4555172324180603,-0.2193473279476166,0.1194768771529198,0.8544682860374451,-0.2199790030717850,-0.7670981884002686,0.4621324241161346,0.3867857158184052,-0.2783047556877136,-0.7557738423347473,0.4746471941471100,0.3550526499748230,-0.2783047556877136,-0.7557738423347473,0.4746471941471100,0.3550526499748230,-0.0117518883198500,-0.3125014603137970,0.2454407960176468,0.9175857305526733
-0.7040834903717041,-0.3223263978958130,0.1396440148353576,0.0091028194874525,-0.3554725050926208,0.2420460730791092,0.9027569293975830,-1.4804572582244870,-0.1369967371225356,-0.6038037061691285,0.9218390345573426,0.0654354944825173,-0.1835214585065842,-1.6853725671768185,0.1247592478990557,0.1770749717950823,1.4538992404937747,0.1057083204388619,0.1777619332075120,0.0000000000000000,0.5098787784576420,0.8799999952316284,0.1409574329853060,-1.7271187543869020,-0.2744657218456267,0.5098787784576420,-0.8799999952316284,-0.1409574329853060,-1.7271187543869020,0.1198415547609328,0.0000000000000000,-0.1922900527715681,-0.1746974438428878,-0.3736718297004702,0.7002153752079946,4.8158482603705055,0.6094033329638591,4.1406632423400884,1.2632833242416377,-0.2828542947769169,1.5355051755905145,0.8015584230422963,-0.3637080550193793,3.4283478260040310,2.2124793529510534,1.3834471702575728,2.9016013145446755,1.6270883798599205,0.9647623538970955,0.0000000000000000,3.6482321739196806,0.0000000000000000,1.9878672599792517,-0.4275319069623958,1.5592572689056412,3.6482321739196806,0.0000000000000000,-1.9878672599792517,-0.4275319069623958,-0.3393468856811559,0.0000000000000000,0.0000000000000000,0.0000000000000000,0.0091028194874525,-0.3554725050926208,0.2420460730791092,0.9027569293975830,0.0091028194874525,-0.3554725050926208,0.2420460730791092,0.9027569293975830,0.1029237508773804,-0.8520814180374146,0.3303660154342651,0.3927113413810730,0.0757895112037659,-0.8727242946624756,0.2712802886962891,0.3987671136856079,0.3318633437156677,-0.8107188940048218,0.1404547095298767,0.4613829851150513,0.2347909510135651,-0.5208983421325684,0.2735048532485962,0.7737786769866943,0.2257303297519684,-0.4953052401542664,0.2810857892036438,0.7903856635093689,0.1523278951644897,-0.5189696550369263,0.2345570474863052,0.8077435493469238,0.1523278951644897,-0.5189696550369263,0.2345570474863052,0.8077435493469238,0.2492073774337769,-0.8857328891754150,-0.0196702033281326,0.3911343216896057,0.2729519009590149,-0.8853513598442078,0.0356042273342609,0.3746765851974487,0.1935479789972305,-0.9061876535415649,0.0683246627449989,0.3697228133678436,0.0987826362252235,-0.4314772188663483,0.1793426275253296,0.8785816431045532,0.0890059173107147,-0.3844917416572571,0.1841669231653214,0.9001814723014832,0.1685852706432343,-0.3664239645004272,0.2174371480941772,0.8888383507728577,0.1685852706432343,-0.3664239645004272,0.2174371480941772,0.8888383507728577,0.0091028194874525,-0.3554725050926208,0.2420460730791092,0.9027569293975830,-0.0577770993113518,-0.1169172525405884,0.2510189414024353,0.9591568708419800,0.3562687933444977,0.0011377845657989,0.2769094407558441,0.8924082517623901,0.3566396236419678,-0.0279914457350969,0.3373122811317444,0.8707727193832397,0.4872123301029205,-0.6624096632003784,-0.0931282043457031,0.5613954067230225,0.5881853103637695,-0.5893618464469910,-0.1437714546918869,0.5348086953163147,0.5881853103637695,-0.5893618464469910,-0.1437714546918869,0.5348086953163147,-0.0463937856256962,-0.1165627390146255,0.2225235253572464,0.9668216705322266,-0.4537823498249054,-0.2002418935298920,0.1516798585653305,0.8549726009368896,-0.4379316568374634,-0.2352612614631653,0.0931269228458405,0.8626675605773926,-0.2270262390375137,-0.7865913510322571,0.4334701895713806,0.3766123652458191,-0.2788984179496765,-0.7761748433113098,0.4437836408615112,0.3504633605480194,-0.2788984179496765,-0.7761748433113098,0.4437836408615112,0.3504633605480194,0.0091028194874525,-0.3554725050926208,0.2420460730791092,0.9027569293975830
-0.7072337746620179,-0.3253571152687073,0.1304402127861976,0.0314151011407375,-0.3991562724113464,0.2373875975608826,0.8850617408752441,-1.3855103015899650,-0.1063432574272153,-0.6020884752273559,0.9346041202545164,0.0784284949302674,-0.1950892716646196,-1.6013415813446039,0.1699924916028978,0.2087548524141312,1.4932290077209474,0.1269412785768510,0.1990885585546495,0.0000000000000000,0.6198041677474987,0.8924183726310733,0.1744015753269196,-1.7350015640258789,-0.2380441904067991,0.6198041677474987,-0.8924183726310733,-0.1744015753269196,-1.7350015640258789,0.1026700511574744,0.0000000000000000,-0.1585653871297836,-0.1544780611991881,-0.4393752694129950,0.7083645825138537,5.0381631383749825,0.7775763637888443,4.5406591415405337,1.4009885311126749,-0.0870966851711221,0.9606187582015895,0.6478688955307007,-0.5304788589477554,4.0428390502929732,2.4538108110427799,1.7670112609863227,2.2113817214965747,1.0478464365005498,1.0697118997573851,0.0000000000000000,4.9321594238281419,0.3725512981414870,2.0240927219390761,-0.4706832885742165,1.8084062337875371,4.9321594238281419,-0.3725512981414870,-2.0240927219390761,-0.4706832885742165,-0.8592857003211974,0.0000000000000000,0.0000000000000000,0.0000000000000000,0.0314151011407375,-0.3991562724113464,0.2373875975608826,0.8850617408752441,0.0314151011407375,-0.3991562724113464,0.2373875975608826,0.8850617408752441,0.1052687093615532,-0.8582206964492798,0.3096840381622314,0.3955647945404053,0.0841731503605843,-0.8735246062278748,0.2636046707630157,0.4004776179790497,0.3394107818603516,-0.8092765808105469,0.1330170631408691,0.4606280624866486,0.2430944293737411,-0.5150089263916016,0.2716284990310669,0.7758150696754456,0.2322617471218109,-0.4841974675655365,0.2809669673442841,0.7954022884368896,0.1536865532398224,-0.5092486143112183,0.2324832230806351,0.8142468929290771,0.1536865532398224,-0.5092486143112183,0.2324832230806351,0.8142468929290771,0.2606059014797211,-0.8857818841934204,-0.0207189619541168,0.3834656476974487,0.2921964228153229,-0.8843719363212585,0.0545469671487808,0.3599057495594025,0.1984608322381973,-0.9100222587585449,0.0917137861251831,0.3522234261035919,0.0833266079425812,-0.4287465810775757,0.2020923048257828,0.8765794634819031,0.0702596008777618,-0.3723024725914001,0.2069480121135712,0.9020127058029175,0.1595578193664551,-0.3498222231864929,0.2428796440362930,0.8906039595603943,0.1595578193664551,-0.3498222231864929,0.2428796440362930,0.8906039595603943,0.0314151011407375,-0.3991562724113464,0.2373875975608826,0.8850617408752441,-0.0500573813915253,-0.1113795340061188,0.2529778182506561,0.9597349166870117,0.3690570294857025,0.0086162835359573,0.2760713696479797,0.8874160051345825,0.3699051141738892,-0.0283392872661352,0.3501419425010681,0.8600974082946777,0.5053294897079468,-0.6560491919517517,-0.0963837578892708,0.5522244572639465,0.5925243496894836,-0.5911908745765686,-0.1389599293470383,0.5292433500289917,0.5925243496894836,-0.5911908745765686,-0.1389599293470383,0.5292433500289917,-0.0346063897013664,-0.1100738793611526,0.2192585170269012,0.9688197970390320,-0.4493208527565002,-0.1939697414636612,0.1505142748355865,0.8589714169502258,-0.4299246668815613,-0.2369815409183502,0.0777395069599152,0.8677334189414978,-0.2320226728916168,-0.7933611869812012,0.4186024367809296,0.3761853575706482,-0.2769186794757843,-0.7841305136680603,0.4273029863834381,0.3547779917716980,-0.2769186794757843,-0.7841305136680603,0.4273029863834381,0.3547779917716980,0.0314151011407375,-0.3991562724113464,0.2373875975608826,0.8850617408752441
-0.7102789402008057,-0.3280936121940613,0.1191549301147460,0.0565912090241909,-0.4448527395725250,0.2307088673114777,0.8635258078575134,-1.2698945045471186,-0.0625212460756300,-0.5830874204635619,0.9151327490806579,0.0915996029973031,-0.2114482611417771,-1.5014395952224726,0.1960108578205110,0.2221329957246781,1.5080694198608400,0.1495543792843820,0.2200771123170853,0.0000000000000000,0.7861405372619636,0.9296735048294069,0.1726571381092072,-1.7352300882339478,-0.2003556311130522,0.7861405372619636,-0.9296735048294069,-0.1726571381092072,-1.7352300882339478,0.0855696052312850,0.0000000000000000,-0.1538350433111191,-0.1412381500005722,-0.5330419063568119,0.8833978453983631,5.4037765815274375,0.9031767199855713,5.4707568168640179,1.9935724020004297,0.6907653152942692,-0.4900217294693057,0.6558837652206422,-0.7460817754268656,4.7570340633392370,1.5891413688659630,0.9434331893920862,1.1093608856201123,1.1099528074264529,1.0544986963272094,0.0000000000000000,7.4706535339355575,1.4902051925659230,0.4406067848205493,-0.1262404799461350,1.8654224872589114,7.4706535339355575,-1.4902051925659230,-0.4406067848205493,-0.1262404799461350,-0.8560881137847900,0.0000000000000000,0.0000000000000000,0.0000000000000000,0.0565912090241909,-0.4448527395725250,0.2307088673114777,0.8635258078575134,0.0565912090241909,-0.4448527395725250,0.2307088673114777,0.8635258078575134,0.1100752279162407,-0.8614601492881775,0.2860062718391418,0.4049324691295624,0.0974391102790833,-0.8700373172760010,0.2589109838008881,0.4080513417720795,0.3434108495712280,-0.8053114414215088,0.1307146549224854,0.4652485847473145,0.2503331601619720,-0.5169389247894287,0.2689504921436310,0.7731580138206482,0.2377602159976959,-0.4809985160827637,0.2801466584205627,0.7960078120231628,0.1524252593517303,-0.5078654289245605,0.2278319001197815,0.8166590332984924,0.1524252593517303,-0.5078654289245605,0.2278319001197815,0.8166590332984924,0.2719127237796783,-0.8843275904655457,-0.0208386890590191,0.3789381682872772,0.3076636195182800,-0.8821518421173096,0.0657850205898285,0.3504618406295776,0.2079875767230988,-0.9108372926712036,0.1041897535324097,0.3409708440303802,0.0802283063530922,-0.4305282235145569,0.2183211445808411,0.8720921277999878,0.0636131837964058,-0.3641925752162933,0.2236817181110382,0.9018223881721497,0.1622671484947205,-0.3373555243015289,0.2622795701026917,0.8894212841987610,0.1622671484947205,-0.3373555243015289,0.2622795701026917,0.8894212841987610,0.0565912090241909,-0.4448527395725250,0.2307088673114777,0.8635258078575134,-0.0467146411538124,-0.0822106525301933,0.2559002339839935,0.9620677232742310,0.3895536661148071,0.0411436744034290,0.2653982639312744,0.8809760212898254,0.3930720686912537,0.0027072080411017,0.3381150364875793,0.8550820350646973,0.5096711516380310,-0.6310793757438660,-0.1215544641017914,0.5720129609107971,0.5817255377769470,-0.5771713852882385,-0.1597840934991837,0.5503978729248047,0.5817255377769470,-0.5771713852882385,-0.1597840934991837,0.5503978729248047,-0.0251607261598110,-0.0793879628181458,0.2145488858222961,0.9731563329696655,-0.4587415456771851,-0.1671964526176453,0.1564218997955322,0.8585649132728577,-0.4417924880981445,-0.2106945514678955,0.0844428017735481,0.8679267168045044,-0.2332933247089386,-0.7759968042373657,0.4320646524429321,0.3958829045295715,-0.2702592611312866,-0.7684820890426636,0.4403451681137085,0.3774801492691040,-0.2702592611312866,-0.7684820890426636,0.4403451681137085,0.3774801492691040,0.0565912090241909,-0.4448527395725250,0.2307088673114777,0.8635258078575134
-0.7112210869789124,-0.3295205831527710,0.1098476216197013,0.0782646685838699,-0.4797339737415314,0.2279820740222931,0.8436552286148071,-1.1730111122131341,-0.0380983449518680,-0.5642695188522338,0.9000675678253173,0.1075426071882249,-0.2256915420293809,-1.4162093162536615,0.2018985599279403,0.2319413810968400,1.5105601787567138,0.1597862273454666,0.2276236921548843,0.0000000000000000,1.0197546243667621,0.9333899378776549,0.1858469069004060,-1.7458623409271241,-0.1771966218948363,1.0197546243667621,-0.9333899378776549,-0.1858469069004060,-1.7458623409271241,0.0721710532903670,0.0000000000000000,-0.0891677051782602,-0.0975390672683712,-0.5049248933792109,0.7064885755355357,4.8571192862478734,1.0152447849123729,5.2188173294067326,1.6091272354125918,0.9445580840110779,-0.8413828015327440,0.7417122602462777,-0.7544781684875482,4.5549478530883745,0.6969983339309632,0.5618143796920766,0.3715309739112817,0.7592173814773522,0.6461684465408285,0.0000000000000000,10.3351497650146680,0.8565955638885396,0.3608043268322990,-0.3235380401834876,1.4485414266586261,10.3351497650146680,-0.8565955638885396,-0.3608043268322990,-0.3235380401834876,-0.7439654469490040,0.0000000000000000,0.0000000000000000,0.0000000000000000,0.0782646685838699,-0.4797339737415314,0.2279820740222931,0.8436552286148071,0.0782646685838699,-0.4797339737415314,0.2279820740222931,0.8436552286148071,0.1187390238046646,-0.8616623282432556,0.2691836953163147,0.4134962558746338,0.1108780354261398,-0.8666658401489258,0.2527048587799072,0.4156157970428467,0.3477866053581238,-0.8015223741531372,0.1270233690738678,0.4695437550544739,0.2578919529914856,-0.5174695849418640,0.2656325995922089,0.7714637517929077,0.2432563602924347,-0.4752566218376160,0.2791492342948914,0.7981436252593994,0.1518143266439438,-0.5036551952362061,0.2238829731941223,0.8204634189605713,0.1518143266439438,-0.5036551952362061,0.2238829731941223,0.8204634189605713,0.2833452224731445,-0.8813266754150391,-0.0177194755524397,0.3777101039886475,0.3199648261070251,-0.8786213397979736,0.0711940824985504,0.3472441732883453,0.2161513566970825,-0.9097489118576050,0.1108919084072113,0.3366582393646240,0.0813695490360260,-0.4315904378890991,0.2289048284292221,0.8687412738800049,0.0628305822610855,-0.3608838021755219,0.2346715778112411,0.9004135727882385,0.1646803617477417,-0.3318964838981628,0.2741374671459198,0.8874534964561462,0.1646803617477417,-0.3318964838981628,0.2741374671459198,0.8874534964561462,0.0782646685838699,-0.4797339737415314,0.2279820740222931,0.8436552286148071,-0.0582208447158337,-0.0103783383965492,0.2635246217250824,0.9628381729125977,0.3811888694763184,0.1094453483819962,0.2403871119022369,0.8859633207321167,0.3914803266525269,0.0685783401131630,0.3191044330596924,0.8603561520576477,0.4902841448783875,-0.5958449840545654,-0.1353811323642731,0.6215000152587891,0.5524641275405884,-0.5502521991729736,-0.1740733981132507,0.6014188528060913,0.5524641275405884,-0.5502521991729736,-0.1740733981132507,0.6014188528060913,-0.0286358855664730,-0.0054054893553257,0.2121871709823608,0.9767944812774658,-0.4651120305061340,-0.1001228168606758,0.1866960972547531,0.8595293760299683,-0.4530738592147827,-0.1477708667516708,0.1089256852865219,0.8723663687705994,-0.2165439575910568,-0.7406178116798401,0.4578906893730164,0.4415087699890137,-0.2470383942127228,-0.7350602149963379,0.4667001664638519,0.4252640604972839,-0.2470383942127228,-0.7350602149963379,0.4667001664638519,0.4252640604972839,0.0782646685838699,-0.4797339737415314,0.2279820740222931,0.8436552286148071
-0.7111117243766785,-0.3302927911281586,0.1015293002128600,0.0981328487396240,-0.5090224146842957,0.2271730452775955,0.8244141340255737,-1.0854939222335807,-0.0233749933540822,-0.5455431938171386,0.8872054815292353,0.1248715594410899,-0.2388769686222078,-1.3383148908615106,0.1977209299802780,0.2399648874998094,1.5068761110305782,0.1638274490833282,0.2284492850303650,0.0000000000000000,1.2870075702667261,0.9203370213508606,0.2065037786960611,-1.7616964578628542,-0.1613023877143856,1.2870075702667261,-0.9203370213508606,-0.2065037786960611,-1.7616964578628542,0.0606234483420847,0.0000000000000000,0.0054681296460334,-0.0386103950440881,-0.4159160554409027,0.3536080392990480,3.8543266217523162,1.1205467042042123,4.3758592605590794,0.7361675500869687,0.9363161921501124,-0.6431042551994445,0.8664475679397596,-0.6592712998390200,3.8947210311889586,-0.2088814824819570,0.4011752903461479,-0.1842033714056166,0.2020610719919193,0.0412796400487439,0.0000000000000000,13.3626470565795721,-0.6526457667350718,1.0328435897827357,-0.7917057871818579,0.7947116494178824,13.3626470565795721,0.6526457667350718,-1.0328435897827357,-0.7917057871818579,-0.5773802399635332,0.0000000000000000,0.0000000000000000,0.0000000000000000,0.0981328487396240,-0.5090224146842957,0.2271730452775955,0.8244141340255737,0.0981328487396240,-0.5090224146842957,0.2271730452775955,0.8244141340255737,0.1293203085660934,-0.8602834343910217,0.2557746767997742,0.4216254353523254,0.1243838369846344,-0.8632139563560486,0.2457028627395630,0.4231080412864685,0.3523363173007965,-0.7977899312973022,0.1226327344775200,0.4736576080322266,0.2656006217002869,-0.5172807574272156,0.2619847059249878,0.7702212929725647,0.2487365007400513,-0.4682147204875946,0.2780464291572571,0.8009964823722839,0.1515219509601593,-0.4980095624923706,0.2202755659818649,0.8249280452728271,0.1515219509601593,-0.4980095624923706,0.2202755659818649,0.8249280452728271,0.2948139309883118,-0.8774727582931519,-0.0129794124513865,0.3780975639820099,0.3306924998760223,-0.8744693994522095,0.0736900866031647,0.3471534550189972,0.2236456274986267,-0.9077647924423218,0.1147127747535706,0.3358373641967773,0.0846331566572189,-0.4323069155216217,0.2366719692945480,0.8659875988960266,0.0649843662977219,-0.3600003719329834,0.2428032606840134,0.8984560966491699,0.1669636964797974,-0.3299805819988251,0.2822525799274445,0.8851946592330933,0.1669636964797974,-0.3299805819988251,0.2822525799274445,0.8851946592330933,0.0981328487396240,-0.5090224146842957,0.2271730452775955,0.8244141340255737,-0.0767064392566681,0.0827599391341209,0.2715612649917603,0.9557831287384033,0.3557352125644684,0.1947511732578278,0.2065592259168625,0.8904256224632263,0.3752107918262482,0.1513575464487076,0.2947501540184021,0.8656963706016541,0.4565550088882446,-0.5524788498878479,-0.1428274065256119,0.6825869679450989,0.5109786391258240,-0.5138983130455017,-0.1841256320476532,0.6640083789825439,0.5109786391258240,-0.5138983130455017,-0.1841256320476532,0.6640083789825439,-0.0383520014584064,0.0901541709899902,0.2094423174858093,0.9729004502296448,-0.4664267301559448,-0.0122370189055800,0.2276930361986160,0.8546649217605591,-0.4612103104591370,-0.0656820833683014,0.1415837556123734,0.8734557628631592,-0.1895905733108521,-0.6921143531799316,0.4872986674308777,0.4975672066211700,-0.2141019850969315,-0.6884344816207886,0.4969119429588318,0.4830082058906555,-0.2141019850969315,-0.6884344816207886,0.4969119429588318,0.4830082058906555,0.0981328487396240,-0.5090224146842957,0.2271730452775955,0.8244141340255737
-0.7100105881690979,-0.3301251709461212,0.0933699309825897,0.1191165074706078,-0.5326191186904907,0.2260222733020782,0.8068718910217285,-1.0065195322036744,-0.0278389647603035,-0.5373941421508789,0.8380119085311891,0.1462036997079849,-0.2526307821273803,-1.2786767959594727,0.1920932620763779,0.2547827780246734,1.4578820943832398,0.1642465710639954,0.2341323047876358,0.0000000000000000,1.5005643367767330,0.9226493358612060,0.2897892296314237,-1.7886476516723633,-0.1298673629760743,1.5005643367767330,-0.9226493358612060,-0.2897892296314237,-1.7886476516723633,0.0440825670957566,0.0000000000000000,0.0352213355712592,-0.0104155525565148,-0.4111474812030793,0.4612596690104344,3.5379281446594302,1.2328526855456330,4.1195752620697030,0.1605479001998914,0.6189979910850532,-1.7330487132072425,0.9865432262420651,-0.6763228893280029,3.3470311164855970,-0.2523826301097869,0.6050068140029903,-1.5435016959905594,0.0933980882167819,0.1870024465024468,0.0000000000000000,11.7517612457275433,-0.1916888713836680,2.9117008209228472,-1.1252180576324455,1.2609353303909292,11.7517612457275433,0.1916888713836680,-2.9117008209228472,-1.1252180576324455,-0.7271785020828244,0.0000000000000000,0.0000000000000000,0.0000000000000000,0.1191165074706078,-0.5326191186904907,0.2260222733020782,0.8068718910217285,0.1191165074706078,-0.5326191186904907,0.2260222733020782,0.8068718910217285,0.1434768140316010,-0.8572108745574951,0.2435831874608994,0.4304313659667969,0.1374594271183014,-0.8605064153671265,0.2316347807645798,0.4324107766151428,0.3609679341316223,-0.7931265830993652,0.1085367500782013,0.4784060120582581,0.2854301035404205,-0.5299138426780701,0.2457852363586426,0.7598095536231995,0.2667755782604218,-0.4729913175106049,0.2660771608352661,0.7964377403259277,0.1643197834491730,-0.5026659369468689,0.2043473720550537,0.8237525224685669,0.1643197834491730,-0.5026659369468689,0.2043473720550537,0.8237525224685669,0.3080739080905914,-0.8741118907928467,-0.0116331819444895,0.3753444850444794,0.3426523208618164,-0.8711893558502197,0.0722526162862778,0.3440902829170227,0.2291891872882843,-0.9076704978942871,0.1153618693351746,0.3321121335029602,0.0941815823316574,-0.4557819366455078,0.2386592030525208,0.8523113131523132,0.0742860436439514,-0.3843300938606262,0.2455810010433197,0.8868269920349121,0.1773349791765213,-0.3530083298683167,0.2888367474079132,0.8720726966857910,0.1773349791765213,-0.3530083298683167,0.2888367474079132,0.8720726966857910,0.1191165074706078,-0.5326191186904907,0.2260222733020782,0.8068718910217285,-0.0902817845344543,0.1541227102279663,0.2813709676265717,0.9428286552429199,0.3388371467590332,0.2632421255111694,0.1833004653453827,0.8844739198684692,0.3762477934360504,0.2035908997058868,0.3052397966384888,0.8507744073867798,0.4611462354660034,-0.5169118642807007,-0.1429533213376999,0.7069020271301270,0.5035327672958374,-0.4857679605484009,-0.1779556870460510,0.6919653415679932,0.5035327672958374,-0.4857679605484009,-0.1779556870460510,0.6919653415679932,-0.0446299277245998,0.1644445806741714,0.2125729918479919,0.9621740579605103,-0.4682473540306091,0.0526029616594315,0.2635998725891113,0.8417199850082397,-0.4693832993507385,-0.0232518389821053,0.1437945663928986,0.8708971738815308,-0.1847959607839584,-0.6697121858596802,0.4977793693542480,0.5191837549209595,-0.2023763656616211,-0.6672242879867554,0.5052696466445923,0.5084862112998962,-0.2023763656616211,-0.6672242879867554,0.5052696466445923,0.5084862112998962,0.1191165074706078,-0.5326191186904907,0.2260222733020782,0.8068718910217285
-0.7080360889434815,-0.3296556174755096,0.0861380472779274,0.1390996575355530,-0.5544642210006714,0.2270343303680420,0.7884643673896790,-0.9352757811546327,-0.0323617935180664,-0.5268116354942323,0.8155859470367431,0.1646952629089355,-0.2617999911308289,-1.2199157238006593,0.1840473562479019,0.2698259711265564,1.4314560174942017,0.1665962010622024,0.2382682710886002,0.0000000000000000,1.6485199451446533,0.9416683673858641,0.3506118953227996,-1.7866920948028566,-0.1023532986640931,1.6485199451446533,-0.9416683673858641,-0.3506118953227996,-1.7866920948028566,0.0264813289046288,0.0000000000000000,0.0812576942145823,0.0174390070140361,-0.3801438689231874,0.3990326421455113,3.2394194934159311,1.3610114843415526,3.7168001174926775,-0.2249642819166183,0.4804561972618098,-1.6566501140594536,0.9813896775245672,-0.5501524925231942,2.9555938243865967,-0.3539305210113520,0.7476535677909850,-1.7726624488830613,0.0788713317364450,0.2377393841743472,0.0000000000000000,8.7098028182983533,0.6168172046542134,3.4903887748718305,-0.4803570985794126,1.4541223168373116,8.7098028182983533,-0.6168172046542134,-3.4903887748718305,-0.4803570985794126,-0.8588547229766843,0.0000000000000000,0.0000000000000000,0.0000000000000000,0.1390996575355530,-0.5544642210006714,0.2270343303680420,0.7884643673896790,0.1390996575355530,-0.5544642210006714,0.2270343303680420,0.7884643673896790,0.1583671420812607,-0.8544315695762634,0.2342813462018967,0.4358657002449036,0.1512940227985382,-0.8581026792526245,0.2204265147447586,0.4383857846260071,0.3694980740547180,-0.7891209125518799,0.0986696854233742,0.4806494712829590,0.3000480532646179,-0.5338078737258911,0.2371695637702942,0.7541689872741699,0.2795129716396332,-0.4699717164039612,0.2610676586627960,0.7955142259597778,0.1732859760522842,-0.5000272393226624,0.1974903792142868,0.8251922130584717,0.1732859760522842,-0.5000272393226624,0.1974903792142868,0.8251922130584717,0.3217487335205078,-0.8701976537704468,-0.0075948815792799,0.3730631470680237,0.3546625375747681,-0.8672045469284058,0.0724164471030235,0.3419454097747803,0.2348001301288605,-0.9070367813110352,0.1177443861961365,0.3290736973285675,0.0998897254467010,-0.4685462117195129,0.2429215908050537,0.8434901237487793,0.0793205127120018,-0.3967448770999908,0.2503899037837982,0.8795492649078369,0.1832957267761230,-0.3641716837882996,0.2957666814327240,0.8638888597488403,0.1832957267761230,-0.3641716837882996,0.2957666814327240,0.8638888597488403,0.1390996575355530,-0.5544642210006714,0.2270343303680420,0.7884643673896790,-0.0974749028682709,0.1946607232093811,0.2924196422100067,0.9311802983283997,0.3354921042919159,0.3063861131668091,0.1724070757627487,0.8739841580390930,0.3855733573436737,0.2336535155773163,0.3181926012039185,0.8339620232582092,0.4759849905967712,-0.4841209650039673,-0.1402703225612640,0.7206867337226868,0.5079163908958435,-0.4591043591499329,-0.1691783815622330,0.7089591026306152,0.5079163908958435,-0.4591043591499329,-0.1691783815622330,0.7089591026306152,-0.0463623963296413,0.2074874639511108,0.2197504937648773,0.9521076679229736,-0.4732653498649597,0.0851452723145485,0.2896859943866730,0.8275580406188965,-0.4775520861148834,-0.0076341642998159,0.1464139223098755,0.8662843108177185,-0.1877123713493347,-0.6555509567260742,0.5052461028099060,0.5289076566696167,-0.1980534642934799,-0.6540864706039429,0.5100262165069580,0.5223208665847778,-0.1980534642934799,-0.6540864706039429,0.5100262165069580,0.5223208665847778,0.1390996575355530,-0.5544642210006714,0.2270343303680420,0.7884643673896790
-0.7043148636817932,-0.3285821974277496,0.0807611346244812,0.1572326421737671,-0.5735563635826111,0.2326993942260742,0.7695205211639404,-0.8794933080673216,-0.0370023369789124,-0.5113622188568114,0.8466952085494995,0.1775056719779969,-0.2617999911308289,-1.1629086971282958,0.1711649745702743,0.2853197693824768,1.4501658201217651,0.1728068470954895,0.2393101304769516,0.0000000000000000,1.6652732372283936,0.9941008329391481,0.3665089905261994,-1.7269230365753172,-0.0826811552047729,1.6652732372283936,-0.9941008329391481,-0.3665089905261994,-1.7269230365753172,0.0067593768239021,0.0000000000000000,0.1598603568971159,0.0446130007505417,-0.2966701805591581,-0.0029516978720390,2.9766904938712129,1.5208759180464677,3.0210426807403552,-0.2302614390850067,0.6994671285152441,0.7524347782135061,0.7257377147674555,-0.1375381231307974,2.8766617774963379,-0.5715718984603887,0.7679307818412782,0.2584519863128705,0.2526170354336504,0.0985045731067654,0.0000000000000000,2.8056991577148311,2.1204216644167935,1.4687381744384722,2.1212503194809016,1.1012359142303458,2.8056991577148311,-2.1204216644167935,-1.4687381744384722,2.1212503194809016,-0.9542868614196780,0.0000000000000000,0.0000000000000000,0.0000000000000000,0.1572326421737671,-0.5735563635826111,0.2326993942260742,0.7695205211639404,0.1572326421737671,-0.5735563635826111,0.2326993942260742,0.7695205211639404,0.1747973561286926,-0.8526993989944458,0.2308922708034515,0.4347857534885406,0.1667238622903824,-0.8568171262741089,0.2150785028934479,0.4379598796367645,0.3779944777488708,-0.7868055701255798,0.0973131507635117,0.4781082868576050,0.3046270012855530,-0.5209459066390991,0.2440616637468338,0.7591123580932617,0.2817853093147278,-0.4516171813011169,0.2701234817504883,0.8022919893264771,0.1746542304754257,-0.4830117523670197,0.2088645100593567,0.8322085738182068,0.1746542304754257,-0.4830117523670197,0.2088645100593567,0.8322085738182068,0.3362830281257629,-0.8652742505073547,0.0018248963169754,0.3717673122882843,0.3668230175971985,-0.8619424104690552,0.0757937207818031,0.3416891992092133,0.2405516058206558,-0.9053487181663513,0.1235966831445694,0.3274179399013519,0.0980363488197327,-0.4604697823524475,0.2520400881767273,0.8454774618148804,0.0759092420339584,-0.3857939541339874,0.2595596313476562,0.8820599913597107,0.1806585490703583,-0.3520503342151642,0.3037533164024353,0.8666931986808777,0.1806585490703583,-0.3520503342151642,0.3037533164024353,0.8666931986808777,0.1572326421737671,-0.5735563635826111,0.2326993942260742,0.7695205211639404,-0.0926804393529892,0.1748144924640656,0.3084029853343964,0.9304504394531250,0.3621522784233093,0.3009748160839081,0.1878339946269989,0.8619618415832520,0.4129804968833923,0.2201396524906158,0.3372819125652313,0.8168393373489380,0.5120838880538940,-0.4578437209129333,-0.1322232633829117,0.7146090269088745,0.5368251204490662,-0.4362605214118958,-0.1555098891258240,0.7052037119865417,0.5368251204490662,-0.4362605214118958,-0.1555098891258240,0.7052037119865417,-0.0394002571702003,0.1894244998693466,0.2369329333305359,0.9520654678344727,-0.4886523187160492,0.0534478388726711,0.2983097434043884,0.8181524872779846,-0.4866695404052734,-0.0457120873034000,0.1501433700323105,0.8593718409538269,-0.2063223123550415,-0.6588705778121948,0.5074155926704407,0.5156065821647644,-0.2089512199163437,-0.6584593653678894,0.5086068511009216,0.5138967037200928,-0.2089512199163437,-0.6584593653678894,0.5086068511009216,0.5138967037200928,0.1572326421737671,-0.5735563635826111,0.2326993942260742,0.7695205211639404
-0.7030744552612305,-0.3282243907451630,0.0789688304066658,0.1632400602102280,-0.5797832608222961,0.2345319986343384,0.7630195617675781,-0.8608991503715515,-0.0385491847991943,-0.5062124133110046,0.8570649623870850,0.1817758083343506,-0.2617999911308289,-1.1439063549041748,0.1668708473443985,0.2904843688011169,1.4564024209976196,0.1748770624399185,0.2396574169397354,0.0000000000000000,1.6708576679229736,1.0115783214569092,0.3718080222606659,-1.7070000171661377,-0.0761237740516663,1.6708576679229736,-1.0115783214569092,-0.3718080222606659,-1.7070000171661377,0.0001853924914030,0.0000000000000000,0.1116367489099500,0.0322025991976260,-0.1613073706626889,-0.0821678867267324,1.7334684964137808,0.9444984375688612,1.6734741210937463,-0.1392162948846814,0.4634824633598317,0.9332777738571146,0.3843122363090506,0.0000000000000000,1.7102106571197473,-0.3864714145660392,0.4648139119148244,0.5612940430641162,0.1863193631172176,0.0312557794153690,0.0000000000000000,0.5025987267494191,1.5729738235473598,0.4769128203392018,1.7930716037750205,0.5901642680168139,0.5025987267494191,-1.5729738235473598,-0.4769128203392018,1.7930716037750205,-0.5916585445404039,0.0000000000000000,0.0000000000000000,0.0000000000000000,0.1632400602102280,-0.5797832608222961,0.2345319986343384,0.7630195617675781,0.1632400602102280,-0.5797832608222961,0.2345319986343384,0.7630195617675781,0.1802632212638855,-0.8520677089691162,0.2297478467226028,0.4343981444835663,0.1718574017286301,-0.8563374280929565,0.2132829427719116,0.4377917349338531,0.3808194100856781,-0.7860186696052551,0.0968590974807739,0.4772520661354065,0.3061359226703644,-0.5166285037994385,0.2463451027870178,0.7607166767120361,0.2825133800506592,-0.4454513490200043,0.2731140851974487,0.8044674992561340,0.1750921010971069,-0.4772890806198120,0.2126343399286270,0.8344606161117554,0.1750921010971069,-0.4772890806198120,0.2126343399286270,0.8344606161117554,0.3411036431789398,-0.8635703325271606,0.0049648419953883,0.3713084161281586,0.3708613812923431,-0.8601524829864502,0.0769163593649864,0.3415895998477936,0.2424649000167847,-0.9047713279724121,0.1255454719066620,0.3268607258796692,0.0974151492118835,-0.4577616751194000,0.2550709247589111,0.8461107015609741,0.0747683718800545,-0.3821244537830353,0.2626034617424011,0.8828533291816711,0.1797703951597214,-0.3479920923709869,0.3064003586769104,0.8675845265388489,0.1797703951597214,-0.3479920923709869,0.3064003586769104,0.8675845265388489,0.1632400602102280,-0.5797832608222961,0.2345319986343384,0.7630195617675781,-0.0910682603716850,0.1681722700595856,0.3136851787567139,0.9300678968429565,0.3709501624107361,0.2990956604480743,0.1929302960634232,0.8577386736869812,0.4219723045825958,0.2155561149120331,0.3435271978378296,0.8108415603637695,0.5238821506500244,-0.4488687515258789,-0.1294785141944885,0.7122496962547302,0.5462776422500610,-0.4284929931163788,-0.1508987993001938,0.7037073373794556,0.5462776422500610,-0.4284929931163788,-0.1508987993001938,0.7037073373794556,-0.0370734445750713,0.1833747029304504,0.2426256984472275,0.9519096612930298,-0.4936298429965973,0.0428631417453289,0.3010917901992798,0.8147613406181335,-0.4895369112491608,-0.0583915300667286,0.1513336002826691,0.8567625880241394,-0.2125014066696167,-0.6598982214927673,0.5080780386924744,0.5111107826232910,-0.2125741243362427,-0.6598861813545227,0.5081098675727844,0.5110644102096558,-0.2125741243362427,-0.6598861813545227,0.5081098675727844,0.5110644102096558,0.1632400602102280,-0.5797832608222961,0.2345319986343384,0.7630195617675781
-0.7030744552612305,-0.3282243907451630,0.0789688304066658,0.1632400602102280,-0.5797832608222961,0.2345319986343384,0.7630195617675781,-0.8608991503715515,-0.0385491847991943,-0.5062124133110046,0.8570649623870850,0.1817758083343506,-0.2617999911308289,-1.1439063549041748,0.1668708473443985,0.2904843688011169,1.4564024209976196,0.1748770624399185,0.2396574169397354,0.0000000000000000,1.6708576679229736,1.0115783214569092,0.3718080222606659,-1.7070000171661377,-0.0761237740516663,1.6708576679229736,-1.0115783214569092,-0.3718080222606659,-1.7070000171661377,0.0001853924914030,0.0000000000000000,0.0000000000000000,0.0000000000000000,0.0000000000000000,0.0000000000000000,0.0000000000000004,0.0000000000000000,0.0000000000000000,0.0000000000000000,0.0000000000000000,0.0000000000000000,0.0000000000000000,0.0000000000000000,0.0000000000000000,0.0000000000000000,0.0000000000000000,0.0000000000000000,0.0000000000000000,0.0000000000000000,0.0000000000000000,0.0000000000000000,0.0000000000000000,0.0000000000000000,0.0000000000000000,0.0000000000000000,0.0000000000000000,0.0000000000000000,0.0000000000000000,0.0000000000000000,0.0000000000000000,0.0000000000000000,0.0000000000000000,0.0000000000000000,0.1632400602102280,-0.5797832608222961,0.2345319986343384,0.7630195617675781,0.1632400602102280,-0.5797832608222961,0.2345319986343384,0.7630195617675781,0.1802632212638855,-0.8520677089691162,0.2297478467226028,0.4343981444835663,0.1718574017286301,-0.8563374280929565,0.2132829427719116,0.4377917349338531,0.3808194100856781,-0.7860186696052551,0.0968590974807739,0.4772520661354065,0.3061359226703644,-0.5166285037994385,0.2463451027870178,0.7607166767120361,0.2825133800506592,-0.4454513490200043,0.2731140851974487,0.8044674992561340,0.1750921010971069,-0.4772890806198120,0.2126343399286270,0.8344606161117554,0.1750921010971069,-0.4772890806198120,0.2126343399286270,0.8344606161117554,0.3411036431789398,-0.8635703325271606,0.0049648419953883,0.3713084161281586,0.3708613812923431,-0.8601524829864502,0.0769163593649864,0.3415895998477936,0.2424649000167847,-0.9047713279724121,0.1255454719066620,0.3268607258796692,0.0974151492118835,-0.4577616751194000,0.2550709247589111,0.8461107015609741,0.0747683718800545,-0.3821244537830353,0.2626034617424011,0.8828533291816711,0.1797703951597214,-0.3479920923709869,0.3064003586769104,0.8675845265388489,0.1797703951597214,-0.3479920923709869,0.3064003586769104,0.8675845265388489,0.1632400602102280,-0.5797832608222961,0.2345319986343384,0.7630195617675781,-0.0910682603716850,0.1681722700595856,0.3136851787567139,0.9300678968429565,0.3709501624107361,0.2990956604480743,0.1929302960634232,0.8577386736869812,0.4219723045825958,0.2155561149120331,0.3435271978378296,0.8108415603637695,0.5238821506500244,-0.4488687515258789,-0.1294785141944885,0.7122496962547302,0.5462776422500610,-0.4284929931163788,-0.1508987993001938,0.7037073373794556,0.5462776422500610,-0.4284929931163788,-0.1508987993001938,0.7037073373794556,-0.0370734445750713,0.1833747029304504,0.2426256984472275,0.9519096612930298,-0.4936298429965973,0.0428631417453289,0.3010917901992798,0.8147613406181335,-0.4895369112491608,-0.0583915300667286,0.1513336002826691,0.8567625880241394,-0.2125014066696167,-0.6598982214927673,0.5080780386924744,0.5111107826232910,-0.2125741243362427,-0.6598861813545227,0.5081098675727844,0.5110644102096558,-0.2125741243362427,-0.6598861813545227,0.5081098675727844,0.5110644102096558,0.1632400602102280,-0.5797832608222961,0.2345319986343384,0.7630195617675781
-0.7030744552612305,-0.3282243907451630,0.0789688304066658,0.1632400602102280,-0.5797832608222961,0.2345319986343384,0.7630195617675781,-0.8608991503715515,-0.0385491847991943,-0.5062124133110046,0.8570649623870850,0.1817758083343506,-0.2617999911308289,-1.1439063549041748,0.1668708473443985,0.2904843688011169,1.4564024209976196,0.1748770624399185,0.2396574169397354,0.0000000000000000,1.6708576679229736,1.0115783214569092,0.3718080222606659,-1.7070000171661377,-0.0761237740516663,1.6708576679229736,-1.0115783214569092,-0.3718080222606659,-1.7070000171661377,0.0001853924914030,0.0000000000000000,0.0000000000000000,0.0000000000000000,0.0000000000000000,0.0000000000000000,0.0000000000000000,0.0000000000000000,0.0000000000000000,0.0000000000000000,0.0000000000000000,0.0000000000000000,0.0000000000000000,0.0000000000000000,0.0000000000000000,0.0000000000000000,0.0000000000000000,0.0000000000000000,0.0000000000000000,0.0000000000000000,0.0000000000000000,0.0000000000000000,0.0000000000000000,0.0000000000000000,0.0000000000000000,0.0000000000000000,0.0000000000000000,0.0000000000000000,0.0000000000000000,0.0000000000000000,0.0000000000000000,0.0000000000000000,0.0000000000000000,0.0000000000000000,0.1632400602102280,-0.5797832608222961,0.2345319986343384,0.7630195617675781,0.1632400602102280,-0.5797832608222961,0.2345319986343384,0.7630195617675781,0.1802632212638855,-0.8520677089691162,0.2297478467226028,0.4343981444835663,0.1718574017286301,-0.8563374280929565,0.2132829427719116,0.4377917349338531,0.3808194100856781,-0.7860186696052551,0.0968590974807739,0.4772520661354065,0.3061359226703644,-0.5166285037994385,0.2463451027870178,0.7607166767120361,0.2825133800506592,-0.4454513490200043,0.2731140851974487,0.8044674992561340,0.1750921010971069,-0.4772890806198120,0.2126343399286270,0.8344606161117554,0.1750921010971069,-0.4772890806198120,0.2126343399286270,0.8344606161117554,0.3411036431789398,-0.8635703325271606,0.0049648419953883,0.3713084161281586,0.3708613812923431,-0.8601524829864502,0.0769163593649864,0.3415895998477936,0.2424649000167847,-0.9047713279724121,0.1255454719066620,0.3268607258796692,0.0974151492118835,-0.4577616751194000,0.2550709247589111,0.8461107015609741,0.0747683718800545,-0.3821244537830353,0.2626034617424011,0.8828533291816711,0.1797703951597214,-0.3479920923709869,0.3064003586769104,0.8675845265388489,0.1797703951597214,-0.3479920923709869,0.3064003586769104,0.8675845265388489,0.1632400602102280,-0.5797832608222961,0.2345319986343384,0.7630195617675781,-0.0910682603716850,0.1681722700595856,0.3136851787567139,0.9300678968429565,0.3709501624107361,0.2990956604480743,0.1929302960634232,0.8577386736869812,0.4219723045825958,0.2155561149120331,0.3435271978378296,0.8108415603637695,0.5238821506500244,-0.4488687515258789,-0.1294785141944885,0.7122496962547302,0.5462776422500610,-0.4284929931163788,-0.1508987993001938,0.7037073373794556,0.5462776422500610,-0.4284929931163788,-0.1508987993001938,0.7037073373794556,-0.0370734445750713,0.1833747029304504,0.2426256984472275,0.9519096612930298,-0.4936298429965973,0.0428631417453289,0.3010917901992798,0.8147613406181335,-0.4895369112491608,-0.0583915300667286,0.1513336002826691,0.8567625880241394,-0.2125014066696167,-0.6598982214927673,0.5080780386924744,0.5111107826232910,-0.2125741243362427,-0.6598861813545227,0.5081098675727844,0.5110644102096558,-0.2125741243362427,-0.6598861813545227,0.5081098675727844,0.5110644102096558,0.1632400602102280,-0.5797832608222961,0.2345319986343384,0.7630195617675781
-0.7030744552612305,-0.3282243907451630,0.0789688304066658,0.1632400602102280,-0.5797832608222961,0.2345319986343384,0.7630195617675781,-0.8608991503715515,-0.0385491847991943,-0.5062124133110046,0.8570649623870850,0.1817758083343506,-0.2617999911308289,-1.1439063549041748,0.1668708473443985,0.2904843688011169,1.4564024209976196,0.1748770624399185,0.2396574169397354,0.0000000000000000,1.6708576679229736,1.0115783214569092,0.3718080222606659,-1.7070000171661377,-0.0761237740516663,1.6708576679229736,-1.0115783214569092,-0.3718080222606659,-1.7070000171661377,0.0001853924914030,0.0000000000000000,0.0000000000000000,0.0000000000000000,0.0000000000000000,0.0000000000000000,0.0000000000000000,0.0000000000000000,0.0000000000000000,0.0000000000000000,0.0000000000000000,0.0000000000000000,0.0000000000000000,0.0000000000000000,0.0000000000000000,0.0000000000000000,0.0000000000000000,0.0000000000000000,0.0000000000000000,0.0000000000000000,0.0000000000000000,0.0000000000000000,0.0000000000000000,0.0000000000000000,0.0000000000000000,0.0000000000000000,0.0000000000000000,0.0000000000000000,0.0000000000000000,0.0000000000000000,0.0000000000000000,0.0000000000000000,0.0000000000000000,0.0000000000000000,0.1632400602102280,-0.5797832608222961,0.2345319986343384,0.7630195617675781,0.1632400602102280,-0.5797832608222961,0.2345319986343384,0.7630195617675781,0.1802632212638855,-0.8520677089691162,0.2297478467226028,0.4343981444835663,0.1718574017286301,-0.8563374280929565,0.2132829427719116,0.4377917349338531,0.3808194100856781,-0.7860186696052551,0.0968590974807739,0.4772520661354065,0.3061359226703644,-0.5166285037994385,0.2463451027870178,0.7607166767120361,0.2825133800506592,-0.4454513490200043,0.2731140851974487,0.8044674992561340,0.1750921010971069,-0.4772890806198120,0.2126343399286270,0.8344606161117554,0.1750921010971069,-0.4772890806198120,0.2126343399286270,0.8344606161117554,0.3411036431789398,-0.8635703325271606,0.0049648419953883,0.3713084161281586,0.3708613812923431,-0.8601524829864502,0.0769163593649864,0.3415895998477936,0.2424649000167847,-0.9047713279724121,0.1255454719066620,0.3268607258796692,0.0974151492118835,-0.4577616751194000,0.2550709247589111,0.8461107015609741,0.0747683718800545,-0.3821244537830353,0.2626034617424011,0.8828533291816711,0.1797703951597214,-0.3479920923709869,0.3064003586769104,0.8675845265388489,0.1797703951597214,-0.3479920923709869,0.3064003586769104,0.8675845265388489,0.1632400602102280,-0.5797832608222961,0.2345319986343384,0.7630195617675781,-0.0910682603716850,0.1681722700595856,0.3136851787567139,0.9300678968429565,0.3709501624107361,0.2990956604480743,0.1929302960634232,0.8577386736869812,0.4219723045825958,0.2155561149120331,0.3435271978378296,0.8108415603637695,0.5238821506500244,-0.4488687515258789,-0.1294785141944885,0.7122496962547302,0.5462776422500610,-0.4284929931163788,-0.1508987993001938,0.7037073373794556,0.5462776422500610,-0.4284929931163788,-0.1508987993001938,0.7037073373794556,-0.0370734445750713,0.1833747029304504,0.2426256984472275,0.9519096612930298,-0.4936298429965973,0.0428631417453289,0.3010917901992798,0.8147613406181335,-0.4895369112491608,-0.0583915300667286,0.1513336002826691,0.8567625880241394,-0.2125014066696167,-0.6598982214927673,0.5080780386924744,0.5111107826232910,-0.2125741243362427,-0.6598861813545227,0.5081098675727844,0.5110644102096558,-0.2125741243362427,-0.6598861813545227,0.5081098675727844,0.5110644102096558,0.1632400602102280,-0.5797832608222961,0.2345319986343384,0.7630195617675781
-0.7030744552612305,-0.3282243907451630,0.0789688304066658,0.1632400602102280,-0.5797832608222961,0.2345319986343384,0.7630195617675781,-0.8608991503715515,-0.0385491847991943,-0.5062124133110046,0.8570649623870850,0.1817758083343506,-0.2617999911308289,-1.1439063549041748,0.1668708473443985,0.2904843688011169,1.4564024209976196,0.1748770624399185,0.2396574169397354,0.0000000000000000,1.6708576679229736,1.0115783214569092,0.3718080222606659,-1.7070000171661377,-0.0761237740516663,1.6708576679229736,-1.0115783214569092,-0.3718080222606659,-1.7070000171661377,0.0001853924914030,0.0000000000000000,0.0000000000000000,0.0000000000000000,0.0000000000000000,0.0000000000000000,0.0000000000000000,0.0000000000000000,0.0000000000000000,0.0000000000000000,0.0000000000000000,0.0000000000000000,0.0000000000000000,0.0000000000000000,0.0000000000000000,0.0000000000000000,0.0000000000000000,0.0000000000000000,0.0000000000000000,0.0000000000000000,0.0000000000000000,0.0000000000000000,0.0000000000000000,0.0000000000000000,0.0000000000000000,0.0000000000000000,0.0000000000000000,0.0000000000000000,0.0000000000000000,0.0000000000000000,0.0000000000000000,0.0000000000000000,0.0000000000000000,0.0000000000000000,0.1632400602102280,-0.5797832608222961,0.2345319986343384,0.7630195617675781,0.1632400602102280,-0.5797832608222961,0.2345319986343384,0.7630195617675781,0.1802632212638855,-0.8520677089691162,0.2297478467226028,0.4343981444835663,0.1718574017286301,-0.8563374280929565,0.2132829427719116,0.4377917349338531,0.3808194100856781,-0.7860186696052551,0.0968590974807739,0.4772520661354065,0.3061359226703644,-0.5166285037994385,0.2463451027870178,0.7607166767120361,0.2825133800506592,-0.4454513490200043,0.2731140851974487,0.8044674992561340,0.1750921010971069,-0.4772890806198120,0.2126343399286270,0.8344606161117554,0.1750921010971069,-0.4772890806198120,0.2126343399286270,0.8344606161117554,0.3411036431789398,-0.8635703325271606,0.0049648419953883,0.3713084161281586,0.3708613812923431,-0.8601524829864502,0.0769163593649864,0.3415895998477936,0.2424649000167847,-0.9047713279724121,0.1255454719066620,0.3268607258796692,0.0974151492118835,-0.4577616751194000,0.2550709247589111,0.8461107015609741,0.0747683718800545,-0.3821244537830353,0.2626034617424011,0.8828533291816711,0.1797703951597214,-0.3479920923709869,0.3064003586769104,0.8675845265388489,0.1797703951597214,-0.3479920923709869,0.3064003586769104,0.8675845265388489,0.1632400602102280,-0.5797832608222961,0.2345319986343384,0.7630195617675781,-0.0910682603716850,0.1681722700595856,0.3136851787567139,0.9300678968429565,0.3709501624107361,0.2990956604480743,0.1929302960634232,0.8577386736869812,0.4219723045825958,0.2155561149120331,0.3435271978378296,0.8108415603637695,0.5238821506500244,-0.4488687515258789,-0.1294785141944885,0.7122496962547302,0.5462776422500610,-0.4284929931163788,-0.1508987993001938,0.7037073373794556,0.5462776422500610,-0.4284929931163788,-0.1508987993001938,0.7037073373794556,-0.0370734445750713,0.1833747029304504,0.2426256984472275,0.9519096612930298,-0.4936298429965973,0.0428631417453289,0.3010917901992798,0.8147613406181335,-0.4895369112491608,-0.0583915300667286,0.1513336002826691,0.8567625880241394,-0.2125014066696167,-0.6598982214927673,0.5080780386924744,0.5111107826232910,-0.2125741243362427,-0.6598861813545227,0.5081098675727844,0.5110644102096558,-0.2125741243362427,-0.6598861813545227,0.5081098675727844,0.5110644102096558,0.1632400602102280,-0.5797832608222961,0.2345319986343384,0.7630195617675781
-0.7030744552612305,-0.3282243907451630,0.0789688304066658,0.1632400602102280,-0.5797832608222961,0.2345319986343384,0.7630195617675781,-0.8608991503715515,-0.0385491847991943,-0.5062124133110046,0.8570649623870850,0.1817758083343506,-0.2617999911308289,-1.1439063549041748,0.1668708473443985,0.2904843688011169,1.4564024209976196,0.1748770624399185,0.2396574169397354,0.0000000000000000,1.6708576679229736,1.0115783214569092,0.3718080222606659,-1.7070000171661377,-0.0761237740516663,1.6708576679229736,-1.0115783214569092,-0.3718080222606659,-1.7070000171661377,0.0001853924914030,0.0000000000000000,0.0000000000000000,0.0000000000000000,0.0000000000000000,0.0000000000000000,0.0000000000000000,0.0000000000000000,0.0000000000000000,0.0000000000000000,0.0000000000000000,0.0000000000000000,0.0000000000000000,0.0000000000000000,0.0000000000000000,0.0000000000000000,0.0000000000000000,0.0000000000000000,0.0000000000000000,0.0000000000000000,0.0000000000000000,0.0000000000000000,0.0000000000000000,0.0000000000000000,0.0000000000000000,0.0000000000000000,0.0000000000000000,0.0000000000000000,0.0000000000000000,0.0000000000000000,0.0000000000000000,0.0000000000000000,0.0000000000000000,0.0000000000000000,0.1632400602102280,-0.5797832608222961,0.2345319986343384,0.7630195617675781,0.1632400602102280,-0.5797832608222961,0.2345319986343384,0.7630195617675781,0.1802632212638855,-0.8520677089691162,0.2297478467226028,0.4343981444835663,0.1718574017286301,-0.8563374280929565,0.2132829427719116,0.4377917349338531,0.3808194100856781,-0.7860186696052551,0.0968590974807739,0.4772520661354065,0.3061359226703644,-0.5166285037994385,0.2463451027870178,0.7607166767120361,0.2825133800506592,-0.4454513490200043,0.2731140851974487,0.8044674992561340,0.1750921010971069,-0.4772890806198120,0.2126343399286270,0.8344606161117554,0.1750921010971069,-0.4772890806198120,0.2126343399286270,0.8344606161117554,0.3411036431789398,-0.8635703325271606,0.0049648419953883,0.3713084161281586,0.3708613812923431,-0.8601524829864502,0.0769163593649864,0.3415895998477936,0.2424649000167847,-0.9047713279724121,0.1255454719066620,0.3268607258796692,0.0974151492118835,-0.4577616751194000,0.2550709247589111,0.8461107015609741,0.0747683718800545,-0.3821244537830353,0.2626034617424011,0.8828533291816711,0.1797703951597214,-0.3479920923709869,0.3064003586769104,0.8675845265388489,0.1797703951597214,-0.3479920923709869,0.3064003586769104,0.8675845265388489,0.1632400602102280,-0.5797832608222961,0.2345319986343384,0.7630195617675781,-0.0910682603716850,0.1681722700595856,0.3136851787567139,0.9300678968429565,0.3709501624107361,0.2990956604480743,0.1929302960634232,0.8577386736869812,0.4219723045825958,0.2155561149120331,0.3435271978378296,0.8108415603637695,0.5238821506500244,-0.4488687515258789,-0.1294785141944885,0.7122496962547302,0.5462776422500610,-0.4284929931163788,-0.1508987993001938,0.7037073373794556,0.5462776422500610,-0.4284929931163788,-0.1508987993001938,0.7037073373794556,-0.0370734445750713,0.1833747029304504,0.2426256984472275,0.9519096612930298,-0.4936298429965973,0.0428631417453289,0.3010917901992798,0.8147613406181335,-0.4895369112491608,-0.0583915300667286,0.1513336002826691,0.8567625880241394,-0.2125014066696167,-0.6598982214927673,0.5080780386924744,0.5111107826232910,-0.2125741243362427,-0.6598861813545227,0.5081098675727844,0.5110644102096558,-0.2125741243362427,-0.6598861813545227,0.5081098675727844,0.5110644102096558,0.1632400602102280,-0.5797832608222961,0.2345319986343384,0.7630195617675781
-0.7030744552612305,-0.3282243907451630,0.0789688304066658,0.1632400602102280,-0.5797832608222961,0.2345319986343384,0.7630195617675781,-0.8608991503715515,-0.0385491847991943,-0.5062124133110046,0.8570649623870850,0.1817758083343506,-0.2617999911308289,-1.1439063549041748,0.1668708473443985,0.2904843688011169,1.4564024209976196,0.1748770624399185,0.2396574169397354,0.0000000000000000,1.6708576679229736,1.0115783214569092,0.3718080222606659,-1.7070000171661377,-0.0761237740516663,1.6708576679229736,-1.0115783214569092,-0.3718080222606659,-1.7070000171661377,0.0001853924914030,0.0000000000000000,0.0000000000000000,0.0000000000000000,0.0000000000000000,0.0000000000000000,0.0000000000000000,0.0000000000000000,0.0000000000000000,0.0000000000000000,0.0000000000000000,0.0000000000000000,0.0000000000000000,0.0000000000000000,0.0000000000000000,0.0000000000000000,0.0000000000000000,0.0000000000000000,0.0000000000000000,0.0000000000000000,0.0000000000000000,0.0000000000000000,0.0000000000000000,0.0000000000000000,0.0000000000000000,0.0000000000000000,0.0000000000000000,0.0000000000000000,0.0000000000000000,0.0000000000000000,0.0000000000000000,0.0000000000000000,0.0000000000000000,0.0000000000000000,0.1632400602102280,-0.5797832608222961,0.2345319986343384,0.7630195617675781,0.1632400602102280,-0.5797832608222961,0.2345319986343384,0.7630195617675781,0.1802632212638855,-0.8520677089691162,0.2297478467226028,0.4343981444835663,0.1718574017286301,-0.8563374280929565,0.2132829427719116,0.4377917349338531,0.3808194100856781,-0.7860186696052551,0.0968590974807739,0.4772520661354065,0.3061359226703644,-0.5166285037994385,0.2463451027870178,0.7607166767120361,0.2825133800506592,-0.4454513490200043,0.2731140851974487,0.8044674992561340,0.1750921010971069,-0.4772890806198120,0.2126343399286270,0.8344606161117554,0.1750921010971069,-0.4772890806198120,0.2126343399286270,0.8344606161117554,0.3411036431789398,-0.8635703325271606,0.0049648419953883,0.3713084161281586,0.3708613812923431,-0.8601524829864502,0.0769163593649864,0.3415895998477936,0.2424649000167847,-0.9047713279724121,0.1255454719066620,0.3268607258796692,0.0974151492118835,-0.4577616751194000,0.2550709247589111,0.8461107015609741,0.0747683718800545,-0.3821244537830353,0.2626034617424011,0.8828533291816711,0.1797703951597214,-0.3479920923709869,0.3064003586769104,0.8675845265388489,0.1797703951597214,-0.3479920923709869,0.3064003586769104,0.8675845265388489,0.1632400602102280,-0.5797832608222961,0.2345319986343384,0.7630195617675781,-0.0910682603716850,0.1681722700595856,0.3136851787567139,0.9300678968429565,0.3709501624107361,0.2990956604480743,0.1929302960634232,0.8577386736869812,0.4219723045825958,0.2155561149120331,0.3435271978378296,0.8108415603637695,0.5238821506500244,-0.4488687515258789,-0.1294785141944885,0.7122496962547302,0.5462776422500610,-0.4284929931163788,-0.1508987993001938,0.7037073373794556,0.5462776422500610,-0.4284929931163788,-0.1508987993001938,0.7037073373794556,-0.0370734445750713,0.1833747029304504,0.2426256984472275,0.9519096612930298,-0.4936298429965973,0.0428631417453289,0.3010917901992798,0.8147613406181335,-0.4895369112491608,-0.0583915300667286,0.1513336002826691,0.8567625880241394,-0.2125014066696167,-0.6598982214927673,0.5080780386924744,0.5111107826232910,-0.2125741243362427,-0.6598861813545227,0.5081098675727844,0.5110644102096558,-0.2125741243362427,-0.6598861813545227,0.5081098675727844,0.5110644102096558,0.1632400602102280,-0.5797832608222961,0.2345319986343384,0.7630195617675781
-0.7030744552612305,-0.3282243907451630,0.0789688304066658,0.1632400602102280,-0.5797832608222961,0.2345319986343384,0.7630195617675781,-0.8608991503715515,-0.0385491847991943,-0.5062124133110046,0.8570649623870850,0.1817758083343506,-0.2617999911308289,-1.1439063549041748,0.1668708473443985,0.2904843688011169,1.4564024209976196,0.1748770624399185,0.2396574169397354,0.0000000000000000,1.6708576679229736,1.0115783214569092,0.3718080222606659,-1.7070000171661377,-0.0761237740516663,1.6708576679229736,-1.0115783214569092,-0.3718080222606659,-1.7070000171661377,0.0001853924914030,0.0000000000000000,0.0000000000000000,0.0000000000000000,0.0000000000000000,0.0000000000000000,0.0000000000000000,0.0000000000000000,0.0000000000000000,0.0000000000000000,0.0000000000000000,0.0000000000000000,0.0000000000000000,0.0000000000000000,0.0000000000000000,0.0000000000000000,0.0000000000000000,0.0000000000000000,0.0000000000000000,0.0000000000000000,0.0000000000000000,0.0000000000000000,0.0000000000000000,0.0000000000000000,0.0000000000000000,0.0000000000000000,0.0000000000000000,0.0000000000000000,0.0000000000000000,0.0000000000000000,0.0000000000000000,0.0000000000000000,0.0000000000000000,0.0000000000000000,0.1632400602102280,-0.5797832608222961,0.2345319986343384,0.7630195617675781,0.1632400602102280,-0.5797832608222961,0.2345319986343384,0.7630195617675781,0.1802632212638855,-0.8520677089691162,0.2297478467226028,0.4343981444835663,0.1718574017286301,-0.8563374280929565,0.2132829427719116,0.4377917349338531,0.3808194100856781,-0.7860186696052551,0.0968590974807739,0.4772520661354065,0.3061359226703644,-0.5166285037994385,0.2463451027870178,0.7607166767120361,0.2825133800506592,-0.4454513490200043,0.2731140851974487,0.8044674992561340,0.1750921010971069,-0.4772890806198120,0.2126343399286270,0.8344606161117554,0.1750921010971069,-0.4772890806198120,0.2126343399286270,0.8344606161117554,0.3411036431789398,-0.8635703325271606,0.0049648419953883,0.3713084161281586,0.3708613812923431,-0.8601524829864502,0.0769163593649864,0.3415895998477936,0.2424649000167847,-0.9047713279724121,0.1255454719066620,0.3268607258796692,0.0974151492118835,-0.4577616751194000,0.2550709247589111,0.8461107015609741,0.0747683718800545,-0.3821244537830353,0.2626034617424011,0.8828533291816711,0.1797703951597214,-0.3479920923709869,0.3064003586769104,0.8675845265388489,0.1797703951597214,-0.3479920923709869,0.3064003586769104,0.8675845265388489,0.1632400602102280,-0.5797832608222961,0.2345319986343384,0.7630195617675781,-0.0910682603716850,0.1681722700595856,0.3136851787567139,0.9300678968429565,0.3709501624107361,0.2990956604480743,0.1929302960634232,0.8577386736869812,0.4219723045825958,0.2155561149120331,0.3435271978378296,0.8108415603637695,0.5238821506500244,-0.4488687515258789,-0.1294785141944885,0.7122496962547302,0.5462776422500610,-0.4284929931163788,-0.1508987993001938,0.7037073373794556,0.5462776422500610,-0.4284929931163788,-0.1508987993001938,0.7037073373794556,-0.0370734445750713,0.1833747029304504,0.2426256984472275,0.9519096612930298,-0.4936298429965973,0.0428631417453289,0.3010917901992798,0.8147613406181335,-0.4895369112491608,-0.0583915300667286,0.1513336002826691,0.8567625880241394,-0.2125014066696167,-0.6598982214927673,0.5080780386924744,0.5111107826232910,-0.2125741243362427,-0.6598861813545227,0.5081098675727844,0.5110644102096558,-0.2125741243362427,-0.6598861813545227,0.5081098675727844,0.5110644102096558,0.1632400602102280,-0.5797832608222961,0.2345319986343384,0.7630195617675781
-0.7030744552612305,-0.3282243907451630,0.0789688304066658,0.1632400602102280,-0.5797832608222961,0.2345319986343384,0.7630195617675781,-0.8608991503715515,-0.0385491847991943,-0.5062124133110046,0.8570649623870850,0.1817758083343506,-0.2617999911308289,-1.1439063549041748,0.1668708473443985,0.2904843688011169,1.4564024209976196,0.1748770624399185,0.2396574169397354,0.0000000000000000,1.6708576679229736,1.0115783214569092,0.3718080222606659,-1.7070000171661377,-0.0761237740516663,1.6708576679229736,-1.0115783214569092,-0.3718080222606659,-1.7070000171661377,0.0001853924914030,0.0000000000000000,0.0000000000000000,0.0000000000000000,0.0000000000000000,0.0000000000000000,0.0000000000000000,0.0000000000000000,0.0000000000000000,0.0000000000000000,0.0000000000000000,0.0000000000000000,0.0000000000000000,0.0000000000000000,0.0000000000000000,0.0000000000000000,0.0000000000000000,0.0000000000000000,0.0000000000000000,0.0000000000000000,0.0000000000000000,0.0000000000000000,0.0000000000000000,0.0000000000000000,0.0000000000000000,0.0000000000000000,0.0000000000000000,0.0000000000000000,0.0000000000000000,0.0000000000000000,0.0000000000000000,0.0000000000000000,0.0000000000000000,0.0000000000000000,0.1632400602102280,-0.5797832608222961,0.2345319986343384,0.7630195617675781,0.1632400602102280,-0.5797832608222961,0.2345319986343384,0.7630195617675781,0.1802632212638855,-0.8520677089691162,0.2297478467226028,0.4343981444835663,0.1718574017286301,-0.8563374280929565,0.2132829427719116,0.4377917349338531,0.3808194100856781,-0.7860186696052551,0.0968590974807739,0.4772520661354065,0.3061359226703644,-0.5166285037994385,0.2463451027870178,0.7607166767120361,0.2825133800506592,-0.4454513490200043,0.2731140851974487,0.8044674992561340,0.1750921010971069,-0.4772890806198120,0.2126343399286270,0.8344606161117554,0.1750921010971069,-0.4772890806198120,0.2126343399286270,0.8344606161117554,0.3411036431789398,-0.8635703325271606,0.0049648419953883,0.3713084161281586,0.3708613812923431,-0.8601524829864502,0.0769163593649864,0.3415895998477936,0.2424649000167847,-0.9047713279724121,0.1255454719066620,0.3268607258796692,0.0974151492118835,-0.4577616751194000,0.2550709247589111,0.8461107015609741,0.0747683718800545,-0.3821244537830353,0.2626034617424011,0.8828533291816711,0.1797703951597214,-0.3479920923709869,0.3064003586769104,0.8675845265388489,0.1797703951597214,-0.3479920923709869,0.3064003586769104,0.8675845265388489,0.1632400602102280,-0.5797832608222961,0.2345319986343384,0.7630195617675781,-0.0910682603716850,0.1681722700595856,0.3136851787567139,0.9300678968429565,0.3709501624107361,0.2990956604480743,0.1929302960634232,0.8577386736869812,0.4219723045825958,0.2155561149120331,0.3435271978378296,0.8108415603637695,0.5238821506500244,-0.4488687515258789,-0.1294785141944885,0.7122496962547302,0.5462776422500610,-0.4284929931163788,-0.1508987993001938,0.7037073373794556,0.5462776422500610,-0.4284929931163788,-0.1508987993001938,0.7037073373794556,-0.0370734445750713,0.1833747029304504,0.2426256984472275,0.9519096612930298,-0.4936298429965973,0.0428631417453289,0.3010917901992798,0.8147613406181335,-0.4895369112491608,-0.0583915300667286,0.1513336002826691,0.8567625880241394,-0.2125014066696167,-0.6598982214927673,0.5080780386924744,0.5111107826232910,-0.2125741243362427,-0.6598861813545227,0.5081098675727844,0.5110644102096558,-0.2125741243362427,-0.6598861813545227,0.5081098675727844,0.5110644102096558,0.1632400602102280,-0.5797832608222961,0.2345319986343384,0.7630195617675781
-0.7030744552612305,-0.3282243907451630,0.0789688304066658,0.1632400602102280,-0.5797832608222961,0.2345319986343384,0.7630195617675781,-0.8608991503715515,-0.0385491847991943,-0.5062124133110046,0.8570649623870850,0.1817758083343506,-0.2617999911308289,-1.1439063549041748,0.1668708473443985,0.2904843688011169,1.4564024209976196,0.1748770624399185,0.2396574169397354,0.0000000000000000,1.6708576679229736,1.0115783214569092,0.3718080222606659,-1.7070000171661377,-0.0761237740516663,1.6708576679229736,-1.0115783214569092,-0.3718080222606659,-1.7070000171661377,0.0001853924914030,0.0000000000000000,0.0000000000000000,0.0000000000000000,0.0000000000000000,0.0000000000000000,0.0000000000000000,0.0000000000000000,0.0000000000000000,0.0000000000000000,0.0000000000000000,0.0000000000000000,0.0000000000000000,0.0000000000000000,0.0000000000000000,0.0000000000000000,0.0000000000000000,0.0000000000000000,0.0000000000000000,0.0000000000000000,0.0000000000000000,0.0000000000000000,0.0000000000000000,0.0000000000000000,0.0000000000000000,0.0000000000000000,0.0000000000000000,0.0000000000000000,0.0000000000000000,0.0000000000000000,0.0000000000000000,0.0000000000000000,0.0000000000000000,0.0000000000000000,0.1632400602102280,-0.5797832608222961,0.2345319986343384,0.7630195617675781,0.1632400602102280,-0.5797832608222961,0.2345319986343384,0.7630195617675781,0.1802632212638855,-0.8520677089691162,0.2297478467226028,0.4343981444835663,0.1718574017286301,-0.8563374280929565,0.2132829427719116,0.4377917349338531,0.3808194100856781,-0.7860186696052551,0.0968590974807739,0.4772520661354065,0.3061359226703644,-0.5166285037994385,0.2463451027870178,0.7607166767120361,0.2825133800506592,-0.4454513490200043,0.2731140851974487,0.8044674992561340,0.1750921010971069,-0.4772890806198120,0.2126343399286270,0.8344606161117554,0.1750921010971069,-0.4772890806198120,0.2126343399286270,0.8344606161117554,0.3411036431789398,-0.8635703325271606,0.0049648419953883,0.3713084161281586,0.3708613812923431,-0.8601524829864502,0.0769163593649864,0.3415895998477936,0.2424649000167847,-0.9047713279724121,0.1255454719066620,0.3268607258796692,0.0974151492118835,-0.4577616751194000,0.2550709247589111,0.8461107015609741,0.0747683718800545,-0.3821244537830353,0.2626034617424011,0.8828533291816711,0.1797703951597214,-0.3479920923709869,0.3064003586769104,0.8675845265388489,0.1797703951597214,-0.3479920923709869,0.3064003586769104,0.8675845265388489,0.1632400602102280,-0.5797832608222961,0.2345319986343384,0.7630195617675781,-0.0910682603716850,0.1681722700595856,0.3136851787567139,0.9300678968429565,0.3709501624107361,0.2990956604480743,0.1929302960634232,0.8577386736869812,0.4219723045825958,0.2155561149120331,0.3435271978378296,0.8108415603637695,0.5238821506500244,-0.4488687515258789,-0.1294785141944885,0.7122496962547302,0.5462776422500610,-0.4284929931163788,-0.1508987993001938,0.7037073373794556,0.5462776422500610,-0.4284929931163788,-0.1508987993001938,0.7037073373794556,-0.0370734445750713,0.1833747029304504,0.2426256984472275,0.9519096612930298,-0.4936298429965973,0.0428631417453289,0.3010917901992798,0.8147613406181335,-0.4895369112491608,-0.0583915300667286,0.1513336002826691,0.8567625880241394,-0.2125014066696167,-0.6598982214927673,0.5080780386924744,0.5111107826232910,-0.2125741243362427,-0.6598861813545227,0.5081098675727844,0.5110644102096558,-0.2125741243362427,-0.6598861813545227,0.5081098675727844,0.5110644102096558,0.1632400602102280,-0.5797832608222961,0.2345319986343384,0.7630195617675781
-0.7030744552612305,-0.3282243907451630,0.0789688304066658,0.1632400602102280,-0.5797832608222961,0.2345319986343384,0.7630195617675781,-0.8608991503715515,-0.0385491847991943,-0.5062124133110046,0.8570649623870850,0.1817758083343506,-0.2617999911308289,-1.1439063549041748,0.1668708473443985,0.2904843688011169,1.4564024209976196,0.1748770624399185,0.2396574169397354,0.0000000000000000,1.6708576679229736,1.0115783214569092,0.3718080222606659,-1.7070000171661377,-0.0761237740516663,1.6708576679229736,-1.0115783214569092,-0.3718080222606659,-1.7070000171661377,0.0001853924914030,0.0000000000000000,0.0000000000000000,0.0000000000000000,0.0000000000000000,0.0000000000000000,0.0000000000000000,0.0000000000000000,0.0000000000000000,0.0000000000000000,0.0000000000000000,0.0000000000000000,0.0000000000000000,0.0000000000000000,0.0000000000000000,0.0000000000000000,0.0000000000000000,0.0000000000000000,0.0000000000000000,0.0000000000000000,0.0000000000000000,0.0000000000000000,0.0000000000000000,0.0000000000000000,0.0000000000000000,0.0000000000000000,0.0000000000000000,0.0000000000000000,0.0000000000000000,0.0000000000000000,0.0000000000000000,0.0000000000000000,0.0000000000000000,0.0000000000000000,0.1632400602102280,-0.5797832608222961,0.2345319986343384,0.7630195617675781,0.1632400602102280,-0.5797832608222961,0.2345319986343384,0.7630195617675781,0.1802632212638855,-0.8520677089691162,0.2297478467226028,0.4343981444835663,0.1718574017286301,-0.8563374280929565,0.2132829427719116,0.4377917349338531,0.3808194100856781,-0.7860186696052551,0.0968590974807739,0.4772520661354065,0.3061359226703644,-0.5166285037994385,0.2463451027870178,0.7607166767120361,0.2825133800506592,-0.4454513490200043,0.2731140851974487,0.8044674992561340,0.1750921010971069,-0.4772890806198120,0.2126343399286270,0.8344606161117554,0.1750921010971069,-0.4772890806198120,0.2126343399286270,0.8344606161117554,0.3411036431789398,-0.8635703325271606,0.0049648419953883,0.3713084161281586,0.3708613812923431,-0.8601524829864502,0.0769163593649864,0.3415895998477936,0.2424649000167847,-0.9047713279724121,0.1255454719066620,0.3268607258796692,0.0974151492118835,-0.4577616751194000,0.2550709247589111,0.8461107015609741,0.0747683718800545,-0.3821244537830353,0.2626034617424011,0.8828533291816711,0.1797703951597214,-0.3479920923709869,0.3064003586769104,0.8675845265388489,0.1797703951597214,-0.3479920923709869,0.3064003586769104,0.8675845265388489,0.1632400602102280,-0.5797832608222961,0.2345319986343384,0.7630195617675781,-0.0910682603716850,0.1681722700595856,0.3136851787567139,0.9300678968429565,0.3709501624107361,0.2990956604480743,0.1929302960634232,0.8577386736869812,0.4219723045825958,0.2155561149120331,0.3435271978378296,0.8108415603637695,0.5238821506500244,-0.4488687515258789,-0.1294785141944885,0.7122496962547302,0.5462776422500610,-0.4284929931163788,-0.1508987993001938,0.7037073373794556,0.5462776422500610,-0.4284929931163788,-0.1508987993001938,0.7037073373794556,-0.0370734445750713,0.1833747029304504,0.2426256984472275,0.9519096612930298,-0.4936298429965973,0.0428631417453289,0.3010917901992798,0.8147613406181335,-0.4895369112491608,-0.0583915300667286,0.1513336002826691,0.8567625880241394,-0.2125014066696167,-0.6598982214927673,0.5080780386924744,0.5111107826232910,-0.2125741243362427,-0.6598861813545227,0.5081098675727844,0.5110644102096558,-0.2125741243362427,-0.6598861813545227,0.5081098675727844,0.5110644102096558,0.1632400602102280,-0.5797832608222961,0.2345319986343384,0.7630195617675781
-0.7030744552612305,-0.3282243907451630,0.0789688304066658,0.1632400602102280,-0.5797832608222961,0.2345319986343384,0.7630195617675781,-0.8608991503715515,-0.0385491847991943,-0.5062124133110046,0.8570649623870850,0.1817758083343506,-0.2617999911308289,-1.1439063549041748,0.1668708473443985,0.2904843688011169,1.4564024209976196,0.1748770624399185,0.2396574169397354,0.0000000000000000,1.6708576679229736,1.0115783214569092,0.3718080222606659,-1.7070000171661377,-0.0761237740516663,1.6708576679229736,-1.0115783214569092,-0.3718080222606659,-1.7070000171661377,0.0001853924914030,0.0000000000000000,0.0000000000000000,0.0000000000000000,0.0000000000000000,0.0000000000000000,0.0000000000000000,0.0000000000000000,0.0000000000000000,0.0000000000000000,0.0000000000000000,0.0000000000000000,0.0000000000000000,0.0000000000000000,0.0000000000000000,0.0000000000000000,0.0000000000000000,0.0000000000000000,0.0000000000000000,0.0000000000000000,0.0000000000000000,0.0000000000000000,0.0000000000000000,0.0000000000000000,0.0000000000000000,0.0000000000000000,0.0000000000000000,0.0000000000000000,0.0000000000000000,0.0000000000000000,0.0000000000000000,0.0000000000000000,0.0000000000000000,0.0000000000000000,0.1632400602102280,-0.5797832608222961,0.2345319986343384,0.7630195617675781,0.1632400602102280,-0.5797832608222961,0.2345319986343384,0.7630195617675781,0.1802632212638855,-0.8520677089691162,0.2297478467226028,0.4343981444835663,0.1718574017286301,-0.8563374280929565,0.2132829427719116,0.4377917349338531,0.3808194100856781,-0.7860186696052551,0.0968590974807739,0.4772520661354065,0.3061359226703644,-0.5166285037994385,0.2463451027870178,0.7607166767120361,0.2825133800506592,-0.4454513490200043,0.2731140851974487,0.8044674992561340,0.1750921010971069,-0.4772890806198120,0.2126343399286270,0.8344606161117554,0.1750921010971069,-0.4772890806198120,0.2126343399286270,0.8344606161117554,0.3411036431789398,-0.8635703325271606,0.0049648419953883,0.3713084161281586,0.3708613812923431,-0.8601524829864502,0.0769163593649864,0.3415895998477936,0.2424649000167847,-0.9047713279724121,0.1255454719066620,0.3268607258796692,0.0974151492118835,-0.4577616751194000,0.2550709247589111,0.8461107015609741,0.0747683718800545,-0.3821244537830353,0.2626034617424011,0.8828533291816711,0.1797703951597214,-0.3479920923709869,0.3064003586769104,0.8675845265388489,0.1797703951597214,-0.3479920923709869,0.3064003586769104,0.8675845265388489,0.1632400602102280,-0.5797832608222961,0.2345319986343384,0.7630195617675781,-0.0910682603716850,0.1681722700595856,0.3136851787567139,0.9300678968429565,0.3709501624107361,0.2990956604480743,0.1929302960634232,0.8577386736869812,0.4219723045825958,0.2155561149120331,0.3435271978378296,0.8108415603637695,0.5238821506500244,-0.4488687515258789,-0.1294785141944885,0.7122496962547302,0.5462776422500610,-0.4284929931163788,-0.1508987993001938,0.7037073373794556,0.5462776422500610,-0.4284929931163788,-0.1508987993001938,0.7037073373794556,-0.0370734445750713,0.1833747029304504,0.2426256984472275,0.9519096612930298,-0.4936298429965973,0.0428631417453289,0.3010917901992798,0.8147613406181335,-0.4895369112491608,-0.0583915300667286,0.1513336002826691,0.8567625880241394,-0.2125014066696167,-0.6598982214927673,0.5080780386924744,0.5111107826232910,-0.2125741243362427,-0.6598861813545227,0.5081098675727844,0.5110644102096558,-0.2125741243362427,-0.6598861813545227,0.5081098675727844,0.5110644102096558,0.1632400602102280,-0.5797832608222961,0.2345319986343384,0.7630195617675781
-0.7030744552612305,-0.3282243907451630,0.0789688304066658,0.1632400602102280,-0.5797832608222961,0.2345319986343384,0.7630195617675781,-0.8608991503715515,-0.0385491847991943,-0.5062124133110046,0.8570649623870850,0.1817758083343506,-0.2617999911308289,-1.1439063549041748,0.1668708473443985,0.2904843688011169,1.4564024209976196,0.1748770624399185,0.2396574169397354,0.0000000000000000,1.6708576679229736,1.0115783214569092,0.3718080222606659,-1.7070000171661377,-0.0761237740516663,1.6708576679229736,-1.0115783214569092,-0.3718080222606659,-1.7070000171661377,0.0001853924914030,0.0000000000000000,0.0000000000000000,0.0000000000000000,0.0000000000000000,0.0000000000000000,0.0000000000000000,0.0000000000000000,0.0000000000000000,0.0000000000000000,0.0000000000000000,0.0000000000000000,0.0000000000000000,0.0000000000000000,0.0000000000000000,0.0000000000000000,0.0000000000000000,0.0000000000000000,0.0000000000000000,0.0000000000000000,0.0000000000000000,0.0000000000000000,0.0000000000000000,0.0000000000000000,0.0000000000000000,0.0000000000000000,0.0000000000000000,0.0000000000000000,0.0000000000000000,0.0000000000000000,0.0000000000000000,0.0000000000000000,0.0000000000000000,0.0000000000000000,0.1632400602102280,-0.5797832608222961,0.2345319986343384,0.7630195617675781,0.1632400602102280,-0.5797832608222961,0.2345319986343384,0.7630195617675781,0.1802632212638855,-0.8520677089691162,0.2297478467226028,0.4343981444835663,0.1718574017286301,-0.8563374280929565,0.2132829427719116,0.4377917349338531,0.3808194100856781,-0.7860186696052551,0.0968590974807739,0.4772520661354065,0.3061359226703644,-0.5166285037994385,0.2463451027870178,0.7607166767120361,0.2825133800506592,-0.4454513490200043,0.2731140851974487,0.8044674992561340,0.1750921010971069,-0.4772890806198120,0.2126343399286270,0.8344606161117554,0.1750921010971069,-0.4772890806198120,0.2126343399286270,0.8344606161117554,0.3411036431789398,-0.8635703325271606,0.0049648419953883,0.3713084161281586,0.3708613812923431,-0.8601524829864502,0.0769163593649864,0.3415895998477936,0.2424649000167847,-0.9047713279724121,0.1255454719066620,0.3268607258796692,0.0974151492118835,-0.4577616751194000,0.2550709247589111,0.8461107015609741,0.0747683718800545,-0.3821244537830353,0.2626034617424011,0.8828533291816711,0.1797703951597214,-0.3479920923709869,0.3064003586769104,0.8675845265388489,0.1797703951597214,-0.3479920923709869,0.3064003586769104,0.8675845265388489,0.1632400602102280,-0.5797832608222961,0.2345319986343384,0.7630195617675781,-0.0910682603716850,0.1681722700595856,0.3136851787567139,0.9300678968429565,0.3709501624107361,0.2990956604480743,0.1929302960634232,0.8577386736869812,0.4219723045825958,0.2155561149120331,0.3435271978378296,0.8108415603637695,0.5238821506500244,-0.4488687515258789,-0.1294785141944885,0.7122496962547302,0.5462776422500610,-0.4284929931163788,-0.1508987993001938,0.7037073373794556,0.5462776422500610,-0.4284929931163788,-0.1508987993001938,0.7037073373794556,-0.0370734445750713,0.1833747029304504,0.2426256984472275,0.9519096612930298,-0.4936298429965973,0.0428631417453289,0.3010917901992798,0.8147613406181335,-0.4895369112491608,-0.0583915300667286,0.1513336002826691,0.8567625880241394,-0.2125014066696167,-0.6598982214927673,0.5080780386924744,0.5111107826232910,-0.2125741243362427,-0.6598861813545227,0.5081098675727844,0.5110644102096558,-0.2125741243362427,-0.6598861813545227,0.5081098675727844,0.5110644102096558,0.1632400602102280,-0.5797832608222961,0.2345319986343384,0.7630195617675781
-0.7030744552612305,-0.3282243907451630,0.0789688304066658,0.1632400602102280,-0.5797832608222961,0.2345319986343384,0.7630195617675781,-0.8608991503715515,-0.0385491847991943,-0.5062124133110046,0.8570649623870850,0.1817758083343506,-0.2617999911308289,-1.1439063549041748,0.1668708473443985,0.2904843688011169,1.4564024209976196,0.1748770624399185,0.2396574169397354,0.0000000000000000,1.6708576679229736,1.0115783214569092,0.3718080222606659,-1.7070000171661377,-0.0761237740516663,1.6708576679229736,-1.0115783214569092,-0.3718080222606659,-1.7070000171661377,0.0001853924914030,0.0000000000000000,0.0000000000000000,0.0000000000000000,0.0000000000000000,0.0000000000000000,0.0000000000000000,0.0000000000000000,0.0000000000000000,0.0000000000000000,0.0000000000000000,0.0000000000000000,0.0000000000000000,0.0000000000000000,0.0000000000000000,0.0000000000000000,0.0000000000000000,0.0000000000000000,0.0000000000000000,0.0000000000000000,0.0000000000000000,0.0000000000000000,0.0000000000000000,0.0000000000000000,0.0000000000000000,0.0000000000000000,0.0000000000000000,0.0000000000000000,0.0000000000000000,0.0000000000000000,0.0000000000000000,0.0000000000000000,0.0000000000000000,0.0000000000000000,0.1632400602102280,-0.5797832608222961,0.2345319986343384,0.7630195617675781,0.1632400602102280,-0.5797832608222961,0.2345319986343384,0.7630195617675781,0.1802632212638855,-0.8520677089691162,0.2297478467226028,0.4343981444835663,0.1718574017286301,-0.8563374280929565,0.2132829427719116,0.4377917349338531,0.3808194100856781,-0.7860186696052551,0.0968590974807739,0.4772520661354065,0.3061359226703644,-0.5166285037994385,0.2463451027870178,0.7607166767120361,0.2825133800506592,-0.4454513490200043,0.2731140851974487,0.8044674992561340,0.1750921010971069,-0.4772890806198120,0.2126343399286270,0.8344606161117554,0.1750921010971069,-0.4772890806198120,0.2126343399286270,0.8344606161117554,0.3411036431789398,-0.8635703325271606,0.0049648419953883,0.3713084161281586,0.3708613812923431,-0.8601524829864502,0.0769163593649864,0.3415895998477936,0.2424649000167847,-0.9047713279724121,0.1255454719066620,0.3268607258796692,0.0974151492118835,-0.4577616751194000,0.2550709247589111,0.8461107015609741,0.0747683718800545,-0.3821244537830353,0.2626034617424011,0.8828533291816711,0.1797703951597214,-0.3479920923709869,0.3064003586769104,0.8675845265388489,0.1797703951597214,-0.3479920923709869,0.3064003586769104,0.8675845265388489,0.1632400602102280,-0.5797832608222961,0.2345319986343384,0.7630195617675781,-0.0910682603716850,0.1681722700595856,0.3136851787567139,0.9300678968429565,0.3709501624107361,0.2990956604480743,0.1929302960634232,0.8577386736869812,0.4219723045825958,0.2155561149120331,0.3435271978378296,0.8108415603637695,0.5238821506500244,-0.4488687515258789,-0.1294785141944885,0.7122496962547302,0.5462776422500610,-0.4284929931163788,-0.1508987993001938,0.7037073373794556,0.5462776422500610,-0.4284929931163788,-0.1508987993001938,0.7037073373794556,-0.0370734445750713,0.1833747029304504,0.2426256984472275,0.9519096612930298,-0.4936298429965973,0.0428631417453289,0.3010917901992798,0.8147613406181335,-0.4895369112491608,-0.0583915300667286,0.1513336002826691,0.8567625880241394,-0.2125014066696167,-0.6598982214927673,0.5080780386924744,0.5111107826232910,-0.2125741243362427,-0.6598861813545227,0.5081098675727844,0.5110644102096558,-0.2125741243362427,-0.6598861813545227,0.5081098675727844,0.5110644102096558,0.1632400602102280,-0.5797832608222961,0.2345319986343384,0.7630195617675781
-0.7030744552612305,-0.3282243907451630,0.0789688304066658,0.1632400602102280,-0.5797832608222961,0.2345319986343384,0.7630195617675781,-0.8608991503715515,-0.0385491847991943,-0.5062124133110046,0.8570649623870850,0.1817758083343506,-0.2617999911308289,-1.1439063549041748,0.1668708473443985,0.2904843688011169,1.4564024209976196,0.1748770624399185,0.2396574169397354,0.0000000000000000,1.6708576679229736,1.0115783214569092,0.3718080222606659,-1.7070000171661377,-0.0761237740516663,1.6708576679229736,-1.0115783214569092,-0.3718080222606659,-1.7070000171661377,0.0001853924914030,0.0000000000000000,0.0000000000000000,0.0000000000000000,0.0000000000000000,0.0000000000000000,0.0000000000000000,0.0000000000000000,0.0000000000000000,0.0000000000000000,0.0000000000000000,0.0000000000000000,0.0000000000000000,0.0000000000000000,0.0000000000000000,0.0000000000000000,0.0000000000000000,0.0000000000000000,0.0000000000000000,0.0000000000000000,0.0000000000000000,0.0000000000000000,0.0000000000000000,0.0000000000000000,0.0000000000000000,0.0000000000000000,0.0000000000000000,0.0000000000000000,0.0000000000000000,0.0000000000000000,0.0000000000000000,0.0000000000000000,0.0000000000000000,0.0000000000000000,0.1632400602102280,-0.5797832608222961,0.2345319986343384,0.7630195617675781,0.1632400602102280,-0.5797832608222961,0.2345319986343384,0.7630195617675781,0.1802632212638855,-0.8520677089691162,0.2297478467226028,0.4343981444835663,0.1718574017286301,-0.8563374280929565,0.2132829427719116,0.4377917349338531,0.3808194100856781,-0.7860186696052551,0.0968590974807739,0.4772520661354065,0.3061359226703644,-0.5166285037994385,0.2463451027870178,0.7607166767120361,0.2825133800506592,-0.4454513490200043,0.2731140851974487,0.8044674992561340,0.1750921010971069,-0.4772890806198120,0.2126343399286270,0.8344606161117554,0.1750921010971069,-0.4772890806198120,0.2126343399286270,0.8344606161117554,0.3411036431789398,-0.8635703325271606,0.0049648419953883,0.3713084161281586,0.3708613812923431,-0.8601524829864502,0.0769163593649864,0.3415895998477936,0.2424649000167847,-0.9047713279724121,0.1255454719066620,0.3268607258796692,0.0974151492118835,-0.4577616751194000,0.2550709247589111,0.8461107015609741,0.0747683718800545,-0.3821244537830353,0.2626034617424011,0.8828533291816711,0.1797703951597214,-0.3479920923709869,0.3064003586769104,0.8675845265388489,0.1797703951597214,-0.3479920923709869,0.3064003586769104,0.8675845265388489,0.1632400602102280,-0.5797832608222961,0.2345319986343384,0.7630195617675781,-0.0910682603716850,0.1681722700595856,0.3136851787567139,0.9300678968429565,0.3709501624107361,0.2990956604480743,0.1929302960634232,0.8577386736869812,0.4219723045825958,0.2155561149120331,0.3435271978378296,0.8108415603637695,0.5238821506500244,-0.4488687515258789,-0.1294785141944885,0.7122496962547302,0.5462776422500610,-0.4284929931163788,-0.1508987993001938,0.7037073373794556,0.5462776422500610,-0.4284929931163788,-0.1508987993001938,0.7037073373794556,-0.0370734445750713,0.1833747029304504,0.2426256984472275,0.9519096612930298,-0.4936298429965973,0.0428631417453289,0.3010917901992798,0.8147613406181335,-0.4895369112491608,-0.0583915300667286,0.1513336002826691,0.8567625880241394,-0.2125014066696167,-0.6598982214927673,0.5080780386924744,0.5111107826232910,-0.2125741243362427,-0.6598861813545227,0.5081098675727844,0.5110644102096558,-0.2125741243362427,-0.6598861813545227,0.5081098675727844,0.5110644102096558,0.1632400602102280,-0.5797832608222961,0.2345319986343384,0.7630195617675781
-0.7030744552612305,-0.3282243907451630,0.0789688304066658,0.1632400602102280,-0.5797832608222961,0.2345319986343384,0.7630195617675781,-0.8608991503715515,-0.0385491847991943,-0.5062124133110046,0.8570649623870850,0.1817758083343506,-0.2617999911308289,-1.1439063549041748,0.1668708473443985,0.2904843688011169,1.4564024209976196,0.1748770624399185,0.2396574169397354,0.0000000000000000,1.6708576679229736,1.0115783214569092,0.3718080222606659,-1.7070000171661377,-0.0761237740516663,1.6708576679229736,-1.0115783214569092,-0.3718080222606659,-1.7070000171661377,0.0001853924914030,0.0000000000000000,0.0000000000000000,0.0000000000000000,0.0000000000000000,0.0000000000000000,0.0000000000000000,0.0000000000000000,0.0000000000000000,0.0000000000000000,0.0000000000000000,0.0000000000000000,0.0000000000000000,0.0000000000000000,0.0000000000000000,0.0000000000000000,0.0000000000000000,0.0000000000000000,0.0000000000000000,0.0000000000000000,0.0000000000000000,0.0000000000000000,0.0000000000000000,0.0000000000000000,0.0000000000000000,0.0000000000000000,0.0000000000000000,0.0000000000000000,0.0000000000000000,0.0000000000000000,0.0000000000000000,0.0000000000000000,0.0000000000000000,0.0000000000000000,0.1632400602102280,-0.5797832608222961,0.2345319986343384,0.7630195617675781,0.1632400602102280,-0.5797832608222961,0.2345319986343384,0.7630195617675781,0.1802632212638855,-0.8520677089691162,0.2297478467226028,0.4343981444835663,0.1718574017286301,-0.8563374280929565,0.2132829427719116,0.4377917349338531,0.3808194100856781,-0.7860186696052551,0.0968590974807739,0.4772520661354065,0.3061359226703644,-0.5166285037994385,0.2463451027870178,0.7607166767120361,0.2825133800506592,-0.4454513490200043,0.2731140851974487,0.8044674992561340,0.1750921010971069,-0.4772890806198120,0.2126343399286270,0.8344606161117554,0.1750921010971069,-0.4772890806198120,0.2126343399286270,0.8344606161117554,0.3411036431789398,-0.8635703325271606,0.0049648419953883,0.3713084161281586,0.3708613812923431,-0.8601524829864502,0.0769163593649864,0.3415895998477936,0.2424649000167847,-0.9047713279724121,0.1255454719066620,0.3268607258796692,0.0974151492118835,-0.4577616751194000,0.2550709247589111,0.8461107015609741,0.0747683718800545,-0.3821244537830353,0.2626034617424011,0.8828533291816711,0.1797703951597214,-0.3479920923709869,0.3064003586769104,0.8675845265388489,0.1797703951597214,-0.3479920923709869,0.3064003586769104,0.8675845265388489,0.1632400602102280,-0.5797832608222961,0.2345319986343384,0.7630195617675781,-0.0910682603716850,0.1681722700595856,0.3136851787567139,0.9300678968429565,0.3709501624107361,0.2990956604480743,0.1929302960634232,0.8577386736869812,0.4219723045825958,0.2155561149120331,0.3435271978378296,0.8108415603637695,0.5238821506500244,-0.4488687515258789,-0.1294785141944885,0.7122496962547302,0.5462776422500610,-0.4284929931163788,-0.1508987993001938,0.7037073373794556,0.5462776422500610,-0.4284929931163788,-0.1508987993001938,0.7037073373794556,-0.0370734445750713,0.1833747029304504,0.2426256984472275,0.9519096612930298,-0.4936298429965973,0.0428631417453289,0.3010917901992798,0.8147613406181335,-0.4895369112491608,-0.0583915300667286,0.1513336002826691,0.8567625880241394,-0.2125014066696167,-0.6598982214927673,0.5080780386924744,0.5111107826232910,-0.2125741243362427,-0.6598861813545227,0.5081098675727844,0.5110644102096558,-0.2125741243362427,-0.6598861813545227,0.5081098675727844,0.5110644102096558,0.1632400602102280,-0.5797832608222961,0.2345319986343384,0.7630195617675781
