base_x,base_y,base_z,base_qx,base_qy,base_qz,base_qw,J00_HIP_PITCH_L,J01_HIP_ROLL_L,J02_HIP_YAW_L,J03_KNEE_PITCH_L,J04_ANKLE_PITCH_L,J05_ANKLE_ROLL_L,J06_HIP_PITCH_R,J07_HIP_ROLL_R,J08_HIP_YAW_R,J09_KNEE_PITCH_R,J10_ANKLE_PITCH_R,J11_ANKLE_ROLL_R,J12_WAIST_YAW,J13_SHOULDER_PITCH_L,J14_SHOULDER_ROLL_L,J15_SHOULDER_YAW_L,J16_ELBOW_PITCH_L,J17_ELBOW_YAW_L,J18_SHOULDER_PITCH_R,J19_SHOULDER_ROLL_R,J20_SHOULDER_YAW_R,J21_ELBOW_PITCH_R,J22_ELBOW_YAW_R,J23_HEAD_YAW,base_vx,base_vy,base_vz,base_wx,base_wy,base_wz,dJ00_HIP_PITCH_L,dJ01_HIP_ROLL_L,dJ02_HIP_YAW_L,dJ03_KNEE_PITCH_L,dJ04_ANKLE_PITCH_L,dJ05_ANKLE_ROLL_L,dJ06_HIP_PITCH_R,dJ07_HIP_ROLL_R,dJ08_HIP_YAW_R,dJ09_KNEE_PITCH_R,dJ10_ANKLE_PITCH_R,dJ11_ANKLE_ROLL_R,dJ12_WAIST_YAW,dJ13_SHOULDER_PITCH_L,dJ14_SHOULDER_ROLL_L,dJ15_SHOULDER_YAW_L,dJ16_ELBOW_PITCH_L,dJ17_ELBOW_YAW_L,dJ18_SHOULDER_PITCH_R,dJ19_SHOULDER_ROLL_R,dJ20_SHOULDER_YAW_R,dJ21_ELBOW_PITCH_R,dJ22_ELBOW_YAW_R,dJ23_HEAD_YAW,left_foot_contact,right_foot_contact,base_quat_x,base_quat_y,base_quat_z,base_quat_w,LINK_BASE_qx,LINK_BASE_qy,LINK_BASE_qz,LINK_BASE_qw,LINK_HIP_PITCH_L_qx,LINK_HIP_PITCH_L_qy,LINK_HIP_PITCH_L_qz,LINK_HIP_PITCH_L_qw,LINK_HIP_ROLL_L_qx,LINK_HIP_ROLL_L_qy,LINK_HIP_ROLL_L_qz,LINK_HIP_ROLL_L_qw,LINK_HIP_YAW_L_qx,LINK_HIP_YAW_L_qy,LINK_HIP_YAW_L_qz,LINK_HIP_YAW_L_qw,LINK_KNEE_PITCH_L_qx,LINK_KNEE_PITCH_L_qy,LINK_KNEE_PITCH_L_qz,LINK_KNEE_PITCH_L_qw,LINK_ANKLE_PITCH_L_qx,LINK_ANKLE_PITCH_L_qy,LINK_ANKLE_PITCH_L_qz,LINK_ANKLE_PITCH_L_qw,LINK_ANKLE_ROLL_L_qx,LINK_ANKLE_ROLL_L_qy,LINK_ANKLE_ROLL_L_qz,LINK_ANKLE_ROLL_L_qw,LINK_FOOT_L_qx,LINK_FOOT_L_qy,LINK_FOOT_L_qz,LINK_FOOT_L_qw,LINK_HIP_PITCH_R_qx,LINK_HIP_PITCH_R_qy,LINK_HIP_PITCH_R_qz,LINK_HIP_PITCH_R_qw,LINK_HIP_ROLL_R_qx,LINK_HIP_ROLL_R_qy,LINK_HIP_ROLL_R_qz,LINK_HIP_ROLL_R_qw,LINK_HIP_YAW_R_qx,LINK_HIP_YAW_R_qy,LINK_HIP_YAW_R_qz,LINK_HIP_YAW_R_qw,LINK_KNEE_PITCH_R_qx,LINK_KNEE_PITCH_R_qy,LINK_KNEE_PITCH_R_qz,LINK_KNEE_PITCH_R_qw,LINK_ANKLE_PITCH_R_qx,LINK_ANKLE_PITCH_R_qy,LINK_ANKLE_PITCH_R_qz,LINK_ANKLE_PITCH_R_qw,LINK_ANKLE_ROLL_R_qx,LINK_ANKLE_ROLL_R_qy,LINK_ANKLE_ROLL_R_qz,LINK_ANKLE_ROLL_R_qw,LINK_FOOT_R_qx,LINK_FOOT_R_qy,LINK_FOOT_R_qz,LINK_FOOT_R_qw,LINK_TORSO_YAW_qx,LINK_TORSO_YAW_qy,LINK_TORSO_YAW_qz,LINK_TORSO_YAW_qw,LINK_SHOULDER_PITCH_L_qx,LINK_SHOULDER_PITCH_L_qy,LINK_SHOULDER_PITCH_L_qz,LINK_SHOULDER_PITCH_L_qw,LINK_SHOULDER_ROLL_L_qx,LINK_SHOULDER_ROLL_L_qy,LINK_SHOULDER_ROLL_L_qz,LINK_SHOULDER_ROLL_L_qw,LINK_SHOULDER_YAW_L_qx,LINK_SHOULDER_YAW_L_qy,LINK_SHOULDER_YAW_L_qz,LINK_SHOULDER_YAW_L_qw,LINK_ELBOW_PITCH_L_qx,LINK_ELBOW_PITCH_L_qy,LINK_ELBOW_PITCH_L_qz,LINK_ELBOW_PITCH_L_qw,LINK_ELBOW_YAW_L_qx,LINK_ELBOW_YAW_L_qy,LINK_ELBOW_YAW_L_qz,LINK_ELBOW_YAW_L_qw,LINK_ELBOW_END_L_qx,LINK_ELBOW_END_L_qy,LINK_ELBOW_END_L_qz,LINK_ELBOW_END_L_qw,LINK_SHOULDER_PITCH_R_qx,LINK_SHOULDER_PITCH_R_qy,LINK_SHOULDER_PITCH_R_qz,LINK_SHOULDER_PITCH_R_qw,LINK_SHOULDER_ROLL_R_qx,LINK_SHOULDER_ROLL_R_qy,LINK_SHOULDER_ROLL_R_qz,LINK_SHOULDER_ROLL_R_qw,LINK_SHOULDER_YAW_R_qx,LINK_SHOULDER_YAW_R_qy,LINK_SHOULDER_YAW_R_qz,LINK_SHOULDER_YAW_R_qw,LINK_ELBOW_PITCH_R_qx,LINK_ELBOW_PITCH_R_qy,LINK_ELBOW_PITCH_R_qz,LINK_ELBOW_PITCH_R_qw,LINK_ELBOW_YAW_R_qx,LINK_ELBOW_YAW_R_qy,LINK_ELBOW_YAW_R_qz,LINK_ELBOW_YAW_R_qw,LINK_ELBOW_END_R_qx,LINK_ELBOW_END_R_qy,LINK_ELBOW_END_R_qz,LINK_ELBOW_END_R_qw,LINK_HEAD_YAW_qx,LINK_HEAD_YAW_qy,LINK_HEAD_YAW_qz,LINK_HEAD_YAW_qw
0.9016120000000000,1.0005280000000001,0.6829860000000000,-0.2447650514220832,-0.0936880196826839,0.1889340396926842,0.9463701988205701,-0.4884690000000000,-0.2118760000000000,0.1146430000000000,0.2091370000000000,-0.7189280000000000,-0.2806440000000000,-0.3031280000000000,-0.0270360000000000,-0.0096480000000000,0.6603790000000000,-0.4790040000000000,-0.2684450000000000,-0.0205660000000000,0.0840630000000000,-0.0194970000000000,0.0287130000000000,-0.5433590000000000,0.1002830000000000,-0.3456690000000000,-0.4350230000000000,-0.0612960000000000,-0.1564810000000000,0.0446420000000000,-0.0002520000000000,-1.7417151703167393,1.2982017129832073,-1.1406074137219391,-2.0025262806529724,-1.8089188223586250,0.1956324497593893,-0.7849510000000000,0.6400740000000000,-0.4576970000000000,-2.5688309999999999,1.6286620000000001,0.1524680000000000,1.0048619999999999,0.6382970000000000,-0.2825030000000000,-1.3739790000000001,-4.2983840000000004,0.5546640000000000,0.6134750000000000,1.1799269999999999,0.2610590000000000,-0.0062820000000000,-0.6528920000000000,0.2441470000000000,-0.0973890000000000,-1.7661680000000000,-0.0006510000000000,-0.8769169999999999,-0.3348280000000000,-0.0015370000000000,0.0000000000000000,0.0000000000000000,-0.2447650514220832,-0.0936880196826839,0.1889340396926842,0.9463701988205701,-0.2447650514220832,-0.0936880196826839,0.1889340396926842,0.9463701988205701,-0.1992345601915869,-0.2966362529784206,0.2997272238490801,0.8845767997906743,-0.2916527270429428,-0.3266663992488418,0.2666805934055765,0.8585506458625842,-0.3098884640087725,-0.3094210553017889,0.3154290546389345,0.8418623770544679,-0.3411196236109046,-0.2198589618407629,0.2813605356543149,0.8695606294342987,-0.2203422253859494,-0.5116943410686396,0.3833740371335749,0.7366427578427703,-0.3212047819846433,-0.5602843466077791,0.3080392864166177,0.6985848101701272,-0.3212047819846433,-0.5602843466077791,0.3080392864166177,0.6985848101701272,-0.2107439080783651,-0.2401971971500679,0.1854826979736637,0.9292408086397840,-0.2232857477697081,-0.2426825298556078,0.1822188641969321,0.9263071575220523,-0.2221124537526362,-0.2437568324010196,0.1777482555988110,0.9271753998987375,-0.2677440912552597,0.0700216257673354,0.0961326483476470,0.9561216384145177,-0.2372971873032857,-0.1587871506704101,0.1569026111267321,0.9454407735556654,-0.3616815968494597,-0.1783556505772990,0.1342425063218148,0.9051820998583714,-0.3616815968494597,-0.1783556505772990,0.1342425063218148,0.9051820998583714,-0.2437887338686910,-0.0961999411040283,0.1791926975762874,0.9482629391184785,-0.2513418989962513,-0.0557052091734652,0.1713127703113196,0.9509869158974584,-0.2606005052847143,-0.0573725783607397,0.1707615965404377,0.9484915608715520,-0.2612417069427293,-0.0544880247135747,0.1845686271915051,0.9458954739151177,-0.2020020049209652,-0.3103559362690921,0.2317832268498818,0.8995281644181587,-0.2258740781703627,-0.3053845299775402,0.2727216972934180,0.8839366863562589,-0.2258740781703627,-0.3053845299775402,0.2727216972934180,0.8839366863562589,-0.2104394920366238,-0.2548901487883847,0.2286056461166868,0.9156886429379668,-0.4030870117642147,-0.2982174940128630,0.1682137201612304,0.8486997888306580,-0.3934537485615867,-0.3120379424567321,0.1429547485431269,0.8528718602927268,-0.3828117329814172,-0.3757120978082833,0.1773284583400585,0.8251364823561019,-0.3950904140560604,-0.3670006332637267,0.1929045459980966,0.8197572421383682,-0.3950904140560604,-0.3670006332637267,0.1929045459980966,0.8197572421383682,-0.2437766107409490,-0.0962306577207793,0.1790732150238430,0.9482855098710021
0.8678991107269187,1.0245066143391672,0.6564158250259807,-0.2632858882775651,-0.1046688505195073,0.1879024835928954,0.9404348087052291,-0.5177106493518198,-0.2033744320679566,0.1098672855262432,0.1897050881496609,-0.6953973105290583,-0.2742821950014817,-0.2991328494456175,-0.0210024817024750,-0.0139446184422095,0.6545589904753718,-0.5391418498379329,-0.2627640189193976,-0.0160438916068898,0.1043022882043847,-0.0012003505799777,0.0898504945087765,-0.6093551873919916,0.1199638579172304,-0.3691450766181064,-0.4779567009969926,-0.0967917095099557,-0.2380423304617405,0.0146579176082818,-0.0002254920639934,-1.8209561988390073,1.2451484527001722,-1.4222515428454574,-1.7159755661893046,-1.6089418412417460,0.0880802758130286,-1.5866303171103988,0.2837157835353212,-0.0850704945432431,-0.2646182380072596,0.8784357425480011,0.3446995113449157,-0.0967059241661219,0.0717893521355123,-0.1320019794974504,0.1944985040047785,-1.9714415749377185,0.1189667487946792,0.0648057420534824,0.6491428396806821,1.5174190096984987,4.7864120168344151,-4.8408853015594469,1.3724281074682594,-2.1096648089512682,-2.4408789507285822,-2.7468530420830350,-6.0054840276545312,-2.1072182171754132,0.0019116015541918,0.0000000000000000,0.0000000000000000,-0.2632858882775651,-0.1046688505195073,0.1879024835928954,0.9404348087052291,-0.2632858882775651,-0.1046688505195073,0.1879024835928954,0.9404348087052291,-0.2153327766330461,-0.3150165453186743,0.3083574973935814,0.8713851188103675,-0.3029162677869016,-0.3447692194888797,0.2746888336215610,0.8449390301594014,-0.3214171010995975,-0.3275898763967658,0.3207371972508669,0.8285551099973628,-0.3504258536611515,-0.2474180665808938,0.2887611879485599,0.8559223082440151,-0.2307216207953469,-0.5248877879395394,0.3910867375368007,0.7199385442468873,-0.3272142530119794,-0.5735344312701448,0.3154588441506641,0.6815238854365792,-0.3272142530119794,-0.5735344312701448,0.3154588441506641,0.6815238854365792,-0.2292883502851345,-0.2489211368964635,0.1874323951917820,0.9221356826749336,-0.2390251212233219,-0.2508889151607102,0.1847901171887670,0.9196599133717968,-0.2373033853958056,-0.2525180381795160,0.1784950867508598,0.9209024094221179,-0.2820698548608918,0.0567408871270007,0.0927900301393565,0.9532088328448989,-0.2474952680947171,-0.1973233476778337,0.1640715849415473,0.9342858790256364,-0.3678641629274315,-0.2171331418792160,0.1367815309962528,0.8937672902437648,-0.3678641629274315,-0.2171331418792160,0.1367815309962528,0.8937672902437648,-0.2624308576984068,-0.1067945324577061,0.1802913598797294,0.9419235628847689,-0.2716910433451582,-0.0574108206280417,0.1696139176753473,0.9455787082901431,-0.2736927847722226,-0.0577698651039100,0.1694919646480054,0.9450012572315775,-0.2753588086511322,-0.0491437997233455,0.2078914010951696,0.9373065554009898,-0.2016339759843093,-0.3285256293882002,0.2623601651231351,0.8846365323229693,-0.2302229399342544,-0.3229590088205149,0.3090148799559777,0.8644100187500680,-0.2302229399342544,-0.3229590088205149,0.3090148799559777,0.8644100187500680,-0.2266415207944932,-0.2726084646359874,0.2355549766115040,0.9048934186158740,-0.4323815776845062,-0.3202172011015081,0.1651134946524750,0.8265861414767498,-0.4168743596668756,-0.3419440692152400,0.1285351140469619,0.8323273071561397,-0.4024250841689584,-0.4305305239970151,0.1804240976308276,0.7874926441133051,-0.4080683296159994,-0.4267157874251709,0.1865511808230136,0.7852340619586395,-0.4080683296159994,-0.4267157874251709,0.1865511808230136,0.7852340619586395,-0.2624186111650589,-0.1068246214567742,0.1801833599681712,0.9419442284739579
0.8298429590118541,1.0501925374031260,0.6216774079316739,-0.2804924907193133,-0.1175038007354018,0.1859453207144378,0.9343132007882667,-0.5539155436912218,-0.2047555234809323,0.1276156275857654,0.2116173610698673,-0.6757294812403063,-0.2690632736559356,-0.3090230594628964,-0.0253061316033033,-0.0120758483257228,0.6742614207798782,-0.5553201272701469,-0.2616818149725280,-0.0144544624489145,0.1006063182563080,0.0454243637068837,0.2055100978557405,-0.7267753578895726,0.1510543022758518,-0.4368399204708117,-0.5330732267983811,-0.1616488515115350,-0.3844437307725433,-0.0330694169979436,-0.0002057694170321,-1.8429989041400343,1.2146355201282852,-1.6747204206972643,-1.3971677921105150,-1.7641205618489657,0.0628020058331258,-1.9874077210996457,0.0151658084356651,1.1029871693838214,2.4203292299481247,1.0462699782956419,0.2136548151839138,-1.1958778741931355,-0.3954518970891981,1.1706854363018544,2.0407351320895213,0.2239690945592504,0.0564384782445325,0.2126689286746326,-1.0016564524312370,3.0736865571244580,6.3682395540378023,-6.4768178022571368,1.6439111929343142,-4.3632200860364483,-2.9058514232892114,-3.5017031752062797,-8.0950182496544247,-2.5216748923110397,-0.0003474794369391,0.0000000000000000,0.0000000000000000,-0.2804924907193133,-0.1175038007354018,0.1859453207144378,0.9343132007882667,-0.2804924907193133,-0.1175038007354018,0.1859453207144378,0.9343132007882667,-0.2294455161041762,-0.3384174010732888,0.3181818176571750,0.8553296140686734,-0.3156705253847092,-0.3691675823322171,0.2819242852111337,0.8273971917806582,-0.3381835595641828,-0.3486609592170759,0.3332180235847771,0.8081046741088574,-0.3707672411977150,-0.2633993281452828,0.2965367162020274,0.8397728399581448,-0.2510903192073312,-0.5276075392936322,0.4029342661050395,0.7044344634380637,-0.3434465888129749,-0.5769544326513734,0.3284042036348199,0.6643182236787152,-0.3434465888129749,-0.5769544326513734,0.3284042036348199,0.6643182236787152,-0.2451287568385904,-0.2650346404583984,0.1882108318949557,0.9133702506022755,-0.2563058014093773,-0.2673216880390624,0.1849480818755631,0.9102970165162539,-0.2543721410969413,-0.2691623349689081,0.1783813575901132,0.9116065722295726,-0.2988855952751432,0.0455938762820227,0.0848085835217011,0.9494188240937955,-0.2641549445269973,-0.2166011609633436,0.1635458962611812,0.9255046418940305,-0.3826955856656363,-0.2360948167673454,0.1338751680116028,0.8831085808650566,-0.3826955856656363,-0.2360948167673454,0.1338751680116028,0.8831085808650566,-0.2796105193487679,-0.1195873655814082,0.1789890417062997,0.9356707446596113,-0.2887885439356235,-0.0706409771002977,0.1674556613458379,0.9399838459936882,-0.2702741753247404,-0.0673389896304805,0.1688105643554418,0.9454735977223663,-0.2744671310775177,-0.0467816532921842,0.2604710667092172,0.9244642201192478,-0.1662000330277553,-0.3724556844181807,0.3194310504492801,0.8553467812384792,-0.2046454974872464,-0.3684558941502467,0.3749546605748188,0.8256933310481329,-0.2046454974872464,-0.3684558941502467,0.3749546605748188,0.8256933310481329,-0.2368772661334867,-0.3114968815229747,0.2466636235913703,0.8865753833641909,-0.4597237420012483,-0.3650122075350258,0.1569692286792880,0.7942171180720085,-0.4294487930707394,-0.4032153939378768,0.0975012313601250,0.8021749124130397,-0.4094091054171266,-0.5380896785248307,0.1833454860174703,0.7136022106353164,-0.3997128620199272,-0.5436957878337622,0.1755557796003990,0.7168017065245866,-0.3997128620199272,-0.5436957878337622,0.1755557796003990,0.7168017065245866,-0.2795982557217936,-0.1196160354405695,0.1788930996800451,0.9356890927811847
0.7921471361723155,1.0746612992382325,0.5827049956299606,-0.2972449164074164,-0.1339624857482759,0.1850672875241184,0.9270650522862764,-0.6030633501085941,-0.2010186549001718,0.1639085441882942,0.2971749429570778,-0.6613468834356596,-0.2664554855073196,-0.3461944330897653,-0.0428813431373359,0.0248731110695110,0.7356396317190033,-0.5305109482689570,-0.2619857935675460,-0.0048688080836349,0.0539182894385647,0.1258508780833439,0.3405537964678039,-0.8651983700169885,0.1848462738166507,-0.5472464407698110,-0.5962860263198012,-0.2342709181382616,-0.5573090669971797,-0.0847917004831817,-0.0002411082863421,-1.7841809181516870,1.1779645381709907,-1.8511504707260076,-1.3771802024949693,-2.2170830195508140,0.3639225775556844,-2.8418725317270814,0.6196461729815584,2.3064597772259328,6.2104308569860303,0.9486496973789054,0.0964953240238060,-2.1915239302472242,-1.3082475628305807,1.6666295547565562,3.8019718924751493,1.7716542301542382,-0.1038406669488774,1.0152840152127254,-3.4953797477098387,4.8037710877657398,6.9803145401678943,-7.2295802477337228,1.7166630886680843,-6.5838667938287729,-3.4170913212848255,-3.6815810457918157,-9.0325350707776106,-2.6200633117643570,-0.0022802496761712,0.0000000000000000,0.0000000000000000,-0.2972449164074164,-0.1339624857482759,0.1850672875241184,0.9270650522862764,-0.2972449164074164,-0.1339624857482759,0.1850672875241184,0.9270650522862764,-0.2416828676792904,-0.3689023862214205,0.3319696499981136,0.8338444533548128,-0.3246302397174321,-0.4005321540260467,0.2930303954728644,0.8051846920932331,-0.3554688847072405,-0.3734336232220297,0.3561648425237195,0.7793175257892715,-0.4024106178015733,-0.2590726041299165,0.3021211970807600,0.8244209257074860,-0.2821217012111014,-0.5133697862172528,0.4166759757301942,0.6951546155743317,-0.3720246374517017,-0.5642024505023782,0.3447361324238710,0.6514831256275735,-0.3720246374517017,-0.5642024505023782,0.3447361324238710,0.6514831256275735,-0.2566147434734110,-0.2973931358503059,0.1903942725539536,0.8996978477021317,-0.2746746153804659,-0.3011657083049354,0.1843688488151245,0.8943495957361225,-0.2779021552837436,-0.2981900740834114,0.1939900490678982,0.8923121273799961,-0.3287589088027515,0.0390405357233246,0.0823366682076680,0.9400074943965716,-0.2953817870236888,-0.2103782435615536,0.1661666240356577,0.9169946824203729,-0.4125373178507929,-0.2302660648104958,0.1372876240020947,0.8705989944130548,-0.4125373178507929,-0.2302660648104958,0.1372876240020947,0.8705989944130548,-0.2967810198796488,-0.1349870888533584,0.1818681074467652,0.9276979592387939,-0.3024284153658841,-0.1061645679295922,0.1745384079767832,0.9310222780559730,-0.2478356318432402,-0.0958465468306434,0.1804106726426912,0.9470179133712916,-0.2582478074250437,-0.0640289251185349,0.3341955057128213,0.9041690830091871,-0.0969559499301381,-0.4377657680610380,0.3872666345986405,0.8055961952577216,-0.1487092786822763,-0.4394590547527602,0.4488273065639375,0.7637508353593917,-0.1487092786822763,-0.4394590547527602,0.4488273065639375,0.7637508353593917,-0.2406025384070056,-0.3696002733289555,0.2689522184985360,0.8562539113090127,-0.4789507697602515,-0.4317883669175255,0.1499948801620215,0.7494441288488021,-0.4260187703229725,-0.4884552186451197,0.0677575991029312,0.7585040635848020,-0.4013346554482444,-0.6653731478288573,0.1908943869985312,0.5998069701970893,-0.3696349693941932,-0.6802483966695435,0.1741664931611488,0.6085212739826087,-0.3696349693941932,-0.6802483966695435,0.1741664931611488,0.6085212739826087,-0.2967650523553235,-0.1350221893558652,0.1817583837253441,0.9277194629992633
0.7568862519043337,1.0973748644993249,0.5385422869106896,-0.3120597373709780,-0.1580754525138103,0.1791776017595960,0.9195250179588315,-0.6633945235029290,-0.1731351401920547,0.2302589300425507,0.4556477001434550,-0.6324630533895844,-0.2652651358813330,-0.3945609119926530,-0.0790990144175029,0.0370491804395935,0.8321160090294973,-0.4789538242276699,-0.2626235737976074,0.0362056257000287,-0.0489630011598311,0.2392327237826725,0.4811284477680461,-1.0146559606764010,0.2192783399321944,-0.7084587953727597,-0.6715968835632812,-0.3066216516163296,-0.7444378240018572,-0.1371474379463536,-0.0002947008504027,-1.6295759426486125,1.0849372062725817,-2.0448223940679924,-0.8246258743531831,-3.2474421967190970,-0.0545894103752826,-2.9827880968636920,1.9981206905234770,4.5848676880113279,8.7291556016327778,1.7216818212990934,0.0139138375217365,-2.5045086336558828,-2.1758235544791504,-0.0431650452591522,5.4420314196837607,3.1885021195940109,-0.0007542566288574,2.8169615242083417,-6.6005005170938631,6.3050585810325579,6.9348110140710730,-7.6227692291703768,1.7085806927212275,-9.2903357956427772,-4.0429521876981278,-3.5032803000237700,-9.5446908073054075,-2.5910762694559466,-0.0031573106272175,0.0000000000000000,0.0000000000000000,-0.3120597373709780,-0.1580754525138103,0.1791776017595960,0.9195250179588315,-0.3120597373709780,-0.1580754525138103,0.1791776017595960,0.9195250179588315,-0.2526869203202641,-0.4102703883657935,0.3437222771154824,0.8060288611109333,-0.3229897597262581,-0.4390646029644185,0.3060867030417510,0.7805195831987188,-0.3694557108633104,-0.4007525273467585,0.3903250011874944,0.7419880612136918,-0.4454593260455022,-0.2299042103638082,0.3006943924994587,0.8113525283225913,-0.3291277057163285,-0.4720282608483427,0.4248836101468699,0.6988119862444808,-0.4186597942608236,-0.5240758433898307,0.3587217188660119,0.6491434475202963,-0.4186597942608236,-0.5240758433898307,0.3587217188660119,0.6491434475202963,-0.2647428835063945,-0.3426254388921641,0.1880673842926054,0.8815609299543671,-0.2974975194188561,-0.3494133132202071,0.1751338601047440,0.8710532093557295,-0.3039336861421913,-0.3438295390799272,0.1912762447593845,0.8676514050440144,-0.3550217708284117,0.0310952843929789,0.0540539510035179,0.9327758551266683,-0.3316313029725981,-0.1939532316244963,0.1377786858332191,0.9129183186688621,-0.4483083658550865,-0.2103234196989782,0.1111974885221868,0.8616372710002899,-0.4483083658550865,-0.2103234196989782,0.1111974885221868,0.8616372710002899,-0.3144395043388201,-0.1532870721445447,0.1932118444452960,0.9166788176840112,-0.3107693221463091,-0.1699735073014703,0.1977628991470768,0.9140138242659699,-0.2054297883909097,-0.1465226411194573,0.2157134050141497,0.9432907529379506,-0.2305669067198057,-0.1087917817793172,0.4307898682997485,0.8656924044446890,0.0057816968135662,-0.5169806505588233,0.4621826045694193,0.7204754117686177,-0.0621195377388357,-0.5300788214890694,0.5231396894556495,0.6644414732360701,-0.0621195377388357,-0.5300788214890694,0.5231396894556495,0.6644414732360701,-0.2339687711756135,-0.4469351797457184,0.3074084148164326,0.8068504357811821,-0.4840047755799972,-0.5226886463722571,0.1450777975702247,0.6866501211107929,-0.3993680414136570,-0.5953634259569472,0.0457098765539196,0.6956710183094097,-0.3711399788281072,-0.7941028482535799,0.1990641523969754,0.4382114167174302,-0.3122796866275452,-0.8151962474259661,0.1832298250913360,0.4520655999956461,-0.3122796866275452,-0.8151962474259661,0.1832298250913360,0.4520655999956461,-0.3144173981296814,-0.1533324105623174,0.1930796636633711,0.9167066679719033
0.7261739942429101,1.1190720858215668,0.4898690487165104,-0.3243226605702265,-0.1908538363093760,0.1667680057025986,0.9113605528442743,-0.7091747316054503,-0.1146030219731982,0.3118825700439606,0.6419203909144220,-0.5695636234312063,-0.2644813007247123,-0.4406410149532777,-0.1271734020461586,0.0313482699681730,0.9416582897901233,-0.4051346114192677,-0.2624693703682341,0.1116361140498574,-0.2165992471910729,0.3770633590583904,0.6099000486957908,-1.1677611773721226,0.2520253252867433,-0.9244544308638656,-0.7550538412504397,-0.3684033040490584,-0.9363115807814675,-0.1866365863360673,-0.0003507242095552,-1.4106759531712614,1.0702391254616033,-2.1744881665301126,-0.4954542677500414,-4.0513865118057257,-0.1710045787863155,-1.6130630435292517,3.4123962251530586,3.9783942034394411,9.0373985537038806,3.9293138775324943,0.0338555698765922,-2.0405000875851500,-2.5639123436996631,-0.4530821816785723,5.2129053359121036,3.9588135953489152,0.0102508956858491,4.2467257996120980,-9.8139068831830176,7.2774579859674686,5.8584160752000560,-7.6630965246955292,1.5551154698034184,-11.9832675280683993,-4.2276861451079251,-2.6357709582993181,-9.5772198620789766,-2.3430613482968603,-0.0024371520817270,0.0000000000000000,0.0000000000000000,-0.3243226605702265,-0.1908538363093760,0.1667680057025986,0.9113605528442743,-0.3243226605702265,-0.1908538363093760,0.1667680057025986,0.9113605528442743,-0.2657179615955498,-0.4543833712438147,0.3463220120390289,0.7765248101637513,-0.3123452660310018,-0.4745598062949095,0.3181134614174533,0.7589711790986314,-0.3805839932380336,-0.4218084862276145,0.4293395369247860,0.7020690757116216,-0.4939786791423237,-0.1859967928169481,0.2918247392333324,0.7976393791595370,-0.3904462653459916,-0.4054001266726112,0.4203906846650681,0.7116699539941482,-0.4808970355033759,-0.4573037008624266,0.3632504860793200,0.6539575298019975,-0.4808970355033759,-0.4573037008624266,0.3632504860793200,0.6539575298019975,-0.2710468607740312,-0.3951336826774043,0.1795706118430662,0.8591608507378824,-0.3229382162735942,-0.4053493153113420,0.1551391775165996,0.8410319117882080,-0.3294330942143115,-0.4000887343949203,0.1686819194454442,0.8384206886157186,-0.3700970298372588,0.0189313793633581,0.0028181584508133,0.9287959137313134,-0.3616542686311874,-0.1719308269021582,0.0786507691777750,0.9129403251304682,-0.4780190538884292,-0.1807450830052850,0.0554740272643712,0.8577596582890192,-0.4780190538884292,-0.1807450830052850,0.0554740272643712,0.8577596582890192,-0.3337296956113858,-0.1738817565487773,0.2135255326937264,0.9015522568850369,-0.3100851552081821,-0.2635712376561915,0.2396743930011329,0.8814383611685160,-0.1461143895963957,-0.2160489941780830,0.2832603821481514,0.9228959709375669,-0.1979195128681350,-0.1805676029796827,0.5447853300397179,0.7946270517379377,0.1352804521759794,-0.5910935690685000,0.5369838810692376,0.5864775386464033,0.0512047902038661,-0.6217155538907372,0.5869911550845709,0.5160321921769928,0.0512047902038661,-0.6217155538907372,0.5869911550845709,0.5160321921769928,-0.2124821592283562,-0.5390014786761540,0.3618288868367606,0.7303482694201755,-0.4641986373810959,-0.6338351947793678,0.1403413097545080,0.6025586176372583,-0.3407512667756180,-0.7139031082434659,0.0347082741841136,0.6107587591957154,-0.3107915889743600,-0.9005474996905694,0.1977812633850285,0.2308795375897965,-0.2241443198546091,-0.9217834215939168,0.1958396449860961,0.2484380828360375,-0.2241443198546091,-0.9217834215939168,0.1958396449860961,0.2484380828360375,-0.3336996221272436,-0.1739394641405200,0.2133696286205975,0.9015891672979170
0.7004624006462773,1.1412792205843170,0.4388793488291367,-0.3366895236980628,-0.2272432585561172,0.1535739624297502,0.9007861589391765,-0.7266980363362973,-0.0428761169237479,0.3900726166713676,0.8015816386542109,-0.4839419502354809,-0.2640861075435682,-0.4732643321094160,-0.1782776824527545,0.0202815517546163,1.0314915947506946,-0.3265595967709786,-0.2622807955289188,0.1955019308991181,-0.4402933652433861,0.5306524364240452,0.7084128310528579,-1.3213334375234154,0.2803724668642831,-1.1862384293034680,-0.8375187106229539,-0.4059682591504563,-1.1255694812904542,-0.2291252954500411,-0.0003782187742214,-1.2326957551019944,1.1473462329511459,-2.2681932319942200,-0.8695938979679645,-4.0736418313647951,0.0526445188121949,-0.3741135653997289,3.6418159750920607,3.9749887561443664,7.0253047882743527,4.3595410005484299,0.0042380711899186,-1.3175565462317702,-2.4770623562544229,-0.6284817134899722,3.8633735584043745,3.7760166500066670,0.0084612105061671,3.9126793185038076,-12.0481617962717955,8.0438144942328016,4.1814936804816822,-7.6982184204132942,1.3001599908692176,-13.7772552051350310,-3.9823847415312477,-1.2386515999772825,-9.3501600205900353,-1.9379767761673605,-0.0002981698109167,0.0000000000000000,0.0000000000000000,-0.3366895236980628,-0.2272432585561172,0.1535739624297502,0.9007861589391765,-0.3366895236980628,-0.2272432585561172,0.1535739624297502,0.9007861589391765,-0.2829655259024995,-0.4904292920534006,0.3418165271325654,0.7500473867868314,-0.3016856602091774,-0.4988468770034067,0.3294104157869261,0.7427155133018196,-0.3909274845417978,-0.4324790701314014,0.4644586394966069,0.6666451289292240,-0.5392082920108607,-0.1436111199034877,0.2789274884265570,0.7815559610589951,-0.4549160095538707,-0.3298560303375998,0.4019919778114974,0.7229445852046364,-0.5461413939823229,-0.3799122672555221,0.3550622764581556,0.6567549214160229,-0.5461413939823229,-0.3799122672555221,0.3550622764581556,0.6567549214160229,-0.2791125268291806,-0.4441588216238738,0.1708091796506745,0.8340523740675916,-0.3502551004081362,-0.4572760959313333,0.1317247386372153,0.8067642344321184,-0.3551592187317080,-0.4534776649648782,0.1404051841142064,0.8052989016518901,-0.3784094954613566,-0.0009018053508835,-0.0515552142944133,0.9242010064757817,-0.3817140996619345,-0.1545652798533693,0.0120843905737957,0.9111848812878693,-0.4975946389519325,-0.1548182355270658,-0.0082323860439375,0.8534419236565578,-0.4975946389519325,-0.1548182355270658,-0.0082323860439375,0.8534419236565578,-0.3565010668199911,-0.1946954629246378,0.2373025311352511,0.8824330993279733,-0.2973541291639770,-0.3770705113361030,0.2942431515342734,0.8263288202193129,-0.0773045979781667,-0.2897880992273507,0.3805050069188193,0.8747930020223884,-0.1636007888023150,-0.2645993724218327,0.6584905299113063,0.6852825519698861,0.2782889598849813,-0.6330170828638345,0.5956414500854568,0.4087247124273143,0.1831443599349722,-0.6856884217185615,0.6238493650036946,0.3272636575142501,0.1831443599349722,-0.6856884217185615,0.6238493650036946,0.3272636575142501,-0.1753607725017023,-0.6328258071513212,0.4237047189532364,0.6239025632321480,-0.4119151575014984,-0.7499131101448315,0.1327573662471047,0.5003316020006671,-0.2519196176603199,-0.8233753445941523,0.0351890710856583,0.5072980163853076,-0.2237554133877262,-0.9583164979537434,0.1776499388181370,-0.0018718886913401,-0.1161701679641981,-0.9724545543534954,0.2014195518355691,0.0163338890247562,-0.1161701679641981,-0.9724545543534954,0.2014195518355691,0.0163338890247562,-0.3564642997782782,-0.1947627708542178,0.2371359136386921,0.8824778889782522
0.6781426588753768,1.1652136916046016,0.3872675545923285,-0.3523438584772805,-0.2618085241819920,0.1425085324172329,0.8871310051211582,-0.7264429894132509,0.0258842339217923,0.4507590800128271,0.9227551954972149,-0.3968920483507241,-0.2638956041865742,-0.4949169050260618,-0.2235215259503738,0.0090781554117782,1.0946566754956775,-0.2593890885332265,-0.2621402151060902,0.2625694324665832,-0.6860910160374014,0.7039135121202347,0.7808588732642215,-1.4741462876251554,0.3036493540071461,-1.4646395436877269,-0.9119108465226395,-0.4181270620147977,-1.3083683217599527,-0.2635308524585059,-0.0003509271002806,-1.1444323545799608,1.2771608930814202,-2.3333634859610606,-1.3096160468200746,-3.9482221764097112,0.0169590255282255,0.0310735712832720,2.8060451816347691,2.4022001250087905,5.0469184688355950,3.9400264203359106,-0.0189184512092027,-0.9588034222425000,-2.1465375128785071,-0.5227502660971873,2.6445036618535265,2.9506367463976892,0.0060982337275007,2.7260717314245602,-12.1856053503916577,9.2159114818730643,3.3606328414635014,-7.5372918592449887,1.0587426066552401,-13.7377483309250277,-3.5370909910190651,-0.2404045097307438,-8.9091635282067703,-1.5528584358513617,0.0024975442918665,0.0000000000000000,0.0000000000000000,-0.3523438584772805,-0.2618085241819920,0.1425085324172329,0.8871310051211582,-0.3523438584772805,-0.2618085241819920,0.1425085324172329,0.8871310051211582,-0.3045183830188983,-0.5167936591120911,0.3357198904313926,0.7262816419777012,-0.2971412232510476,-0.5133642890229446,0.3409408125843796,0.7293309005623861,-0.4033074279506002,-0.4349470293714326,0.4937802978757871,0.6358814493524223,-0.5796270309416389,-0.1102355173672337,0.2655341202410905,0.7624777155434442,-0.5144224165856591,-0.2612491331852332,0.3766237397252065,0.7247572189357864,-0.6052913669827925,-0.3085224159552696,0.3389844683282103,0.6507886063396219,-0.6052913669827925,-0.3085224159552696,0.3389844683282103,0.6507886063396219,-0.2915701974942856,-0.4852404873073967,0.1652206013913980,0.8076079756210240,-0.3781684552480742,-0.5004025380817315,0.1111461988905435,0.7708647363894853,-0.3806965512709108,-0.4984819119223768,0.1150467430163917,0.7702922602869428,-0.3852175982977963,-0.0272220048610335,-0.0988585817717539,0.9171114137459533,-0.3949083564084416,-0.1482768622371042,-0.0470426111842035,0.9054547779413803,-0.5098647748835204,-0.1408563892658582,-0.0660190332017544,0.8460726187456182,-0.5098647748835204,-0.1408563892658582,-0.0660190332017544,0.8460726187456182,-0.3830013291534717,-0.2144758256953090,0.2550669776745887,0.8615398649853301,-0.2751571076577088,-0.4899803042143400,0.3478342394197088,0.7504793198181944,-0.0069397492401250,-0.3445850471075832,0.4922707608019485,0.7993012468711780,-0.1245720426439625,-0.3354266832733377,0.7571380307792299,0.5465461999570658,0.4238343544981730,-0.6202100680354778,0.6238128067914631,0.2157811241455145,0.3270713939624595,-0.6973529664998764,0.6243758024480259,0.1299153596872203,0.3270713939624595,-0.6973529664998764,0.6243758024480259,0.1299153596872203,-0.1295822150589468,-0.7116606555690710,0.4792510959782292,0.4970572883069756,-0.3338298203885014,-0.8495630185735099,0.1199382305755752,0.3904038285391780,-0.1492420146578571,-0.9052579371763850,0.0409037110813372,0.3956788782078156,-0.1295166872798930,-0.9551708910012507,0.1357176628836269,-0.2290299383952373,-0.0128309261803760,-0.9578501306943545,0.1912347464053117,-0.2139807613535821,-0.0128309261803760,-0.9578501306943545,0.1912347464053117,-0.2139807613535821,-0.3829631547361482,-0.2145439816344134,0.2549136530591234,0.8615852433410423
0.6569006933181997,1.1919836780873330,0.3347188261753895,-0.3705645967674777,-0.2945514776473239,0.1327563551390188,0.8708025360600060,-0.7317633211533167,0.0587205423868741,0.4874695941668419,1.0008876590768867,-0.3298807763415803,-0.2644659457958416,-0.5104341639461543,-0.2593888199604125,0.0183789919005184,1.1344715141258195,-0.2130704553225822,-0.2623265614671223,0.3037317073044764,-0.9153941632145851,0.9029983078442396,0.8495821153266233,-1.6177515894194356,0.3225945160675592,-1.7169372974338775,-0.9795675687922487,-0.4242537676471265,-1.4764695657334850,-0.2911211743307156,-0.0002904345939151,-1.1531976351102029,1.4472129555216482,-2.4232327803696876,-1.5148028147515167,-4.1009770712097167,0.0455679075356921,-0.1471511923234809,1.2883422500276240,1.7037082674308419,3.3291529239395121,3.0856164382690685,-0.0096404720534006,-0.5997500084785468,-1.4917820290570500,1.2754949752732185,1.5248267568282605,1.7692365881197845,-0.0145283392013329,1.6481784887118469,-10.6530582796313027,10.5375391731570929,3.6537920985227164,-6.7568438574058911,0.8634050345832668,-11.4120932534106299,-3.3118688456048027,-0.5487574756011447,-7.9438167817316296,-1.2505097054515359,0.0031951160475206,0.0000000000000000,0.0000000000000000,-0.3705645967674777,-0.2945514776473239,0.1327563551390188,0.8708025360600060,-0.3705645967674777,-0.2945514776473239,0.1327563551390188,0.8708025360600060,-0.3274598791241395,-0.5415877766636534,0.3325911921912746,0.6991679387738770,-0.3077064479581874,-0.5320391459833816,0.3476615712096560,0.7080836962748565,-0.4262542692480283,-0.4427823493790151,0.5072383066559660,0.6041195157309669,-0.6165589972296416,-0.1010895260422262,0.2425662893449156,0.7421573323313434,-0.5673099481087823,-0.2237816437529048,0.3422613395757594,0.7147995342247127,-0.6565960475890101,-0.2669514884712680,0.3097708047119995,0.6337669773990640,-0.6565960475890101,-0.2669514884712680,0.3097708047119995,0.6337669773990640,-0.3071170286450649,-0.5210720602861428,0.1618642448025016,0.7797198246549187,-0.4042851364622883,-0.5374903979101312,0.0939159087201882,0.7340554493220113,-0.4085261311847191,-0.5342740865409513,0.0997222225934582,0.7332892191428287,-0.3983336427051870,-0.0579834758834081,-0.1347903209765079,0.9054279623386644,-0.4105695978112233,-0.1555140333509723,-0.0909435368394250,0.8938552812906462,-0.5239359986237587,-0.1422855592164562,-0.1104995977386864,0.8324876743136649,-0.5239359986237587,-0.1422855592164562,-0.1104995977386864,0.8324876743136649,-0.4104721113006854,-0.2357781567618660,0.2615798481128597,0.8411285809551289,-0.2508761404049275,-0.5866540578849047,0.3901397662805001,0.6638442146387206,0.0564571341915725,-0.3640204249366947,0.6032090442749816,0.7074182434265089,-0.0815065346000406,-0.3734100518856595,0.8376746846873773,0.3901573280128743,0.5603867664320817,-0.5448115446112891,0.6224676562218397,0.0410008515002688,0.4731112598434340,-0.6468332320901869,0.5966213944228417,-0.0426077151472103,0.4731112598434340,-0.6468332320901869,0.5966213944228417,-0.0426077151472103,-0.0872808412388497,-0.7658600288611399,0.5197661622725540,0.3683525587014629,-0.2493637087246270,-0.9200067896506751,0.1014196935875060,0.2848144896601564,-0.0496427050272832,-0.9555107543830224,0.0427523834320816,0.2875883061023849,-0.0490653282616200,-0.9013020399690201,0.0752097577432540,-0.4237814515177185,0.0653604344586952,-0.8927147549999604,0.1621066956885126,-0.4153429896190429,0.0653604344586952,-0.8927147549999604,0.1621066956885126,-0.4153429896190429,-0.4104371143750554,-0.2358390733214981,0.2614550113101600,0.8411673933879864
0.6359193733041576,1.2215116906250607,0.2813143579044133,-0.3876908696523483,-0.3312305145350414,0.1201726782731499,0.8517867475053339,-0.7271106181461304,0.0841762227194707,0.5197727332206015,1.0584299537946738,-0.2711868025888870,-0.2643305458368592,-0.5219256308203266,-0.2877650988960133,0.0414140481971039,1.1604773337219829,-0.1889225882600195,-0.2623375052428958,0.3346689977264736,-1.0993760343949335,1.1191583913109502,0.9339327699754484,-1.7372896888811054,0.3381184316326644,-1.9122356904719031,-1.0486278303762140,-0.4452549297019224,-1.6228381275054957,-0.3135126858890131,-0.0002389461762503,-1.2079503678381536,1.5635106860601222,-2.4914270711963664,-1.1887574126413776,-4.7244443414704671,0.0352722095375725,0.5250097961833710,1.2584527348227121,1.4547791202584506,2.5701612334135038,2.7456811142379633,0.0151302319514994,-0.5585753589744626,-1.3503491287757681,1.0681089084798325,1.1444520284332176,0.7762888683426091,0.0049709514111743,1.5359109829658784,-7.8767781787478297,10.7581033424249135,4.7252551930813071,-5.2737258867710217,0.7093386273947109,-8.4283738573256404,-3.6626349357143329,-1.4937305270268306,-6.7935748854614300,-1.0213016927191598,0.0016958766813085,0.0000000000000000,0.0000000000000000,-0.3876908696523483,-0.3312305145350414,0.1201726782731499,0.8517867475053339,-0.3876908696523483,-0.3312305145350414,0.1201726782731499,0.8517867475053339,-0.3514713376023211,-0.5667658597012232,0.3241474822940152,0.6709491551851150,-0.3237914020382769,-0.5530623545486120,0.3470117605810514,0.6847364441634980,-0.4543820616428150,-0.4519466584786227,0.5104825463689834,0.5733138144156924,-0.6493992643933886,-0.1025392017948393,0.2129227171897398,0.7227933480637055,-0.6138334921991773,-0.2012315252369812,0.3004395645461808,0.7017480923812063,-0.7009664278553729,-0.2390728429498284,0.2712973174540936,0.6147259619747468,-0.7009664278553729,-0.2390728429498284,0.2712973174540936,0.6147259619747468,-0.3226608577847911,-0.5577362321463969,0.1557774193110955,0.7487013168396983,-0.4257419952683905,-0.5742086880196529,0.0749712719568859,0.6952750854509353,-0.4369360071841084,-0.5657373856820583,0.0886103854294713,0.6936687506740370,-0.4141908481820464,-0.0938774643229277,-0.1649570127705628,0.8901809630138957,-0.4280002402005932,-0.1781026240276203,-0.1248225507197524,0.8772198017227639,-0.5390617980395567,-0.1602460302860109,-0.1470456515211652,0.8137021347155549,-0.5390617980395567,-0.1602460302860109,-0.1470456515211652,0.8137021347155549,-0.4370407055400281,-0.2627037987392205,0.2591036368997073,0.8202727846115596,-0.2325863876916123,-0.6614005816208336,0.4203651562170004,0.5759739389337393,0.1020463508054382,-0.3449705188262298,0.7036710418018366,0.6127225704652745,-0.0424927203949982,-0.3713465898596561,0.8996738587624633,0.2255726640630380,0.6720768631648104,-0.4163261351528766,0.6053752298274777,-0.0922283595134697,0.6041828561459482,-0.5410312348167435,0.5597983162182216,-0.1699238784021780,0.6041828561459482,-0.5410312348167435,0.5597983162182216,-0.1699238784021780,-0.0584403618519327,-0.7958227040335588,0.5472358821210912,0.2525546221522798,-0.1763288354195094,-0.9625924019729457,0.0788463987769206,0.1900190907868607,0.0397652099807646,-0.9803686263782480,0.0377591270948809,0.1893946483125792,0.0099984149413064,-0.8178449057990611,0.0042290580643224,-0.5753362988940250,0.1143936583125665,-0.8007700696142670,0.1183087036944083,-0.5759205128991139,0.1143936583125665,-0.8007700696142670,0.1183087036944083,-0.5759205128991139,-0.4370088707844642,-0.2627567525804617,0.2590042433937111,0.8203041739093546
0.6141233369631405,1.2522430298663896,0.2272317563477750,-0.4007979877537680,-0.3723423261251533,0.1063422160594466,0.8303092786858438,-0.7063994433437487,0.1099145217167217,0.5408168192235279,1.1057454427051765,-0.2263964689105624,-0.2636707963603588,-0.5339782294010748,-0.3139567699335313,0.0702319289144179,1.1812508820359948,-0.1830191810133208,-0.2623695313068453,0.3686493825392754,-1.2225733438921891,1.2948859989963091,1.0498137112731232,-1.8146912147751830,0.3508340882006313,-2.0562457126991789,-1.1207505363779107,-0.4740764270936311,-1.7577374628858935,-0.3318408882292991,-0.0001240702728852,-1.2766649402610082,1.4292670715606153,-2.2615849626959625,-0.2505398608322971,-4.2493937325766442,0.9956373860072816,1.9252595134262003,0.8497893107337755,1.8876145632591599,1.8615958199443376,1.9318707756619125,0.0335560267729936,-1.0989766840894051,-1.8404241664791310,3.0404178441939629,1.4575623621038885,-0.1821293768812318,-0.0147602774040960,1.9991371926322814,-5.0442079078485502,1.3545481925106788,8.8701837959273071,-0.4276264178097229,0.5823007028351093,-7.4137598989288733,-1.6906522185491348,1.1069678493460606,-9.3941855722074408,-0.8363404194136024,0.0328437253413316,0.0000000000000000,0.0000000000000000,-0.4007979877537680,-0.3723423261251533,0.1063422160594466,0.8303092786858438,-0.4007979877537680,-0.3723423261251533,0.1063422160594466,0.8303092786858438,-0.3735816625506018,-0.5919075949759582,0.3090409588000212,0.6438756294500271,-0.3382134578383830,-0.5743280994456659,0.3405996908298490,0.6631370459646668,-0.4784657942717401,-0.4640168020533084,0.5043280198424088,0.5490101451940285,-0.6716911595758357,-0.1079065696943843,0.1791849715626880,0.7106897384446593,-0.6466604203328846,-0.1888333586439435,0.2551598884251773,0.6935889955708605,-0.7322440430050221,-0.2207441185950864,0.2281154096144747,0.6025396712962205,-0.7322440430050221,-0.2207441185950864,0.2281154096144747,0.6025396712962205,-0.3343995510375147,-0.5972605074143291,0.1478647978889928,0.7138577085766699,-0.4406862135750652,-0.6129350788403025,0.0538024283709080,0.6536142203114137,-0.4601163917150717,-0.5984869721081642,0.0747361923088722,0.6515525702896698,-0.4240709241947566,-0.1355362570231506,-0.1935366725412295,0.8742638793101475,-0.4399542803701778,-0.2147047695780885,-0.1540546122311343,0.8582594418674890,-0.5484302171851819,-0.1927109097001702,-0.1808133482677595,0.7933431384016307,-0.5484302171851819,-0.1927109097001702,-0.1808133482677595,0.7933431384016307,-0.4616666560012437,-0.2934991201833302,0.2551288055827626,0.7972649859050335,-0.2238133445698565,-0.7110852538947531,0.4436706515079143,0.4974150193514787,0.1207749702616570,-0.3006425663788593,0.7823681566865792,0.5319093167470120,-0.0187624716495626,-0.3374539850556685,0.9386922710584973,0.0680411484521591,0.7428446459910906,-0.2643570858443004,0.5890583163683282,-0.1769391505676205,0.6996554492073086,-0.4063741106419513,0.5322015253080152,-0.2492064827694181,0.6996554492073086,-0.4063741106419513,0.5322015253080152,-0.2492064827694181,-0.0399892084597292,-0.8070285081944435,0.5688318810742173,0.1534149316128741,-0.1152298210232346,-0.9858437578413315,0.0545601236276407,0.1088915349417568,0.1209326399040747,-0.9867625686862962,0.0290902267064388,0.1040609838297800,0.0526571802451613,-0.7218931119580840,-0.0705007177279188,-0.6863870665127292,0.1426270030281317,-0.6991494979454123,0.0653464424993274,-0.6975509730353568,0.1426270030281317,-0.6991494979454123,0.0653464424993274,-0.6975509730353568,-0.4616388070608666,-0.2935429212690701,0.2550531608401387,0.7972891886471901
0.5907510591067724,1.2668726446498684,0.2023338664810252,-0.3775583637059617,-0.3945360950566366,0.1149194303189724,0.8298099036696897,-0.6852240465142095,0.0998440098550885,0.6178353427367795,1.1432333404374204,-0.1407800429579233,-0.2641906283120865,-0.5716803353881722,-0.3509296945695026,0.1650270816997404,1.2086476856324928,-0.1974492771128000,-0.2625578478913403,0.3779369647879323,-1.2592720510144353,1.1661150458589495,1.2026393610395685,-1.9508349932856934,0.3591364447872727,-2.1882479806703667,-1.0947487559038589,-0.4164565039368289,-1.9964253480327614,-0.3472765153035329,0.0012364605147173,-1.1620393874550246,0.4064469485554019,-0.7090805995008077,2.3191150794417252,-0.0378026358409232,2.9752994859125539,0.3506069345777217,-0.7715344642663697,4.3876897518451212,2.2162744054539600,5.5006734974623503,-0.0236369687301886,-1.6124360955662358,-1.2256861095845413,5.2201975457044361,0.6294198641778151,-1.0947116025411237,-0.0064058872111824,-0.5727716306602185,-0.7822062742447780,-8.7556249796306815,6.4824236897413750,-9.0767910804467409,0.3690759675547911,-4.8761854452421520,1.5366574552702916,1.8651624589006670,-11.3398101333037751,-0.7180668952870044,0.0349062663268120,0.0000000000000000,0.0000000000000000,-0.3775583637059617,-0.3945360950566366,0.1149194303189724,0.8298099036696897,-0.3775583637059617,-0.3945360950566366,0.1149194303189724,0.8298099036696897,-0.3525807265900596,-0.6082374676621980,0.3030881625408634,0.6433285163092841,-0.3195291533546499,-0.5920980682691136,0.3335193081254882,0.6603679798536114,-0.4823645115220339,-0.4690452859966348,0.5161813302671772,0.5299790863723318,-0.6845465227865873,-0.1093152681840692,0.1746847040615608,0.6992363580718336,-0.6693319590072357,-0.1620152344445630,0.2260827643669878,0.6889356835841716,-0.7542274878860374,-0.1903766775823710,0.2027783843723083,0.5947928580448584,-0.7542274878860374,-0.1903766775823710,0.2027783843723083,0.5947928580448584,-0.3026486642929854,-0.6308721765476446,0.1523494926388567,0.6979926324485034,-0.4190693901568774,-0.6477311013571045,0.0406754395672845,0.6349573018591586,-0.4678336650601511,-0.6134381755875088,0.0895831170771795,0.6299207344602896,-0.4359964769925670,-0.1474109866973310,-0.1918346816374642,0.8668197782538429,-0.4526193218803941,-0.2312021893901633,-0.1484224460430748,0.8483230956376923,-0.5597669890002918,-0.2097850781677791,-0.1774088381292016,0.7817782570251824,-0.5597669890002918,-0.2097850781677791,-0.1774088381292016,0.7817782570251824,-0.4451304924952553,-0.3163350959944123,0.2692044553144222,0.7932968630544318,-0.1902557968456659,-0.7379725296579343,0.4497232742375578,0.4657770430645329,0.1019424161040240,-0.3615802960914378,0.7849294028121946,0.4926999755207961,-0.0901634316295266,-0.3738278551819266,0.9220732569717095,-0.0436371294249644,0.7253662988925604,-0.1833436908023093,0.5994851360598487,-0.2843350050859014,0.6994002846960344,-0.3262393200433814,0.5254625998844550,-0.3581845947935313,0.6994002846960344,-0.3262393200433814,0.5254625998844550,-0.3581845947935313,0.0143521528318005,-0.8234345031239431,0.5625609331768040,0.0726280334124537,-0.0256505733672528,-0.9959873557275890,0.0502829166069020,0.0694468402031297,0.1828764442554242,-0.9803353417938689,0.0350585177532127,0.0653431258766987,0.0785071663919095,-0.6045286688903971,-0.1317506072240857,-0.7816799158292362,0.1484278225635225,-0.5788895037710838,0.0228116808447177,-0.8014585149150004,0.1484278225635225,-0.5788895037710838,0.0228116808447177,-0.8014585149150004,-0.4453149426039100,-0.3160753868945491,0.2696671585797306,0.7931396946797399
0.5675625136237055,1.2727311791286400,0.1919327624774594,-0.3494536228843817,-0.4075159756427439,0.1300854031530235,0.8336010334299243,-0.6824253720548340,0.1031920017454315,0.6788764350617300,1.1910542282660708,-0.0691644369363527,-0.2638246062981391,-0.5889018252578110,-0.3597835360269462,0.2576461670492772,1.2112115011413318,-0.2210600257833592,-0.2626475036311747,0.3437588885583328,-1.2665766304994461,1.0316397345431161,1.3007202647455445,-2.1230593485925726,0.3662743478980989,-2.2468001387481595,-1.0896995099095150,-0.4273680024453979,-2.1678134355376613,-0.3600217700645091,0.0015656518941696,-1.1183294043522123,0.2643282771144854,-0.4758043121792571,1.7317328101810558,-0.1443060055666825,2.6128210893153931,0.0087669341732336,0.6705199623779678,1.8883099527601694,2.2634977785162218,2.1382911712160686,0.0327593439540945,-0.3751475165040165,-0.0477790864088513,4.0443704621531964,-0.0665809459328521,-1.1632328302719748,-0.0051374922443298,-2.5721809986254240,-0.0794068408551684,-4.5325843049331489,3.7084639358463778,-7.7104561442656445,0.3419941647018354,-1.7220763199371025,-0.7502204782106033,-2.1867550062501859,-6.3105248941383181,-0.5655128667711053,0.0080291520803577,0.0000000000000000,0.0000000000000000,-0.3494536228843817,-0.4075159756427439,0.1300854031530235,0.8336010334299243,-0.3494536228843817,-0.4075159756427439,0.1300854031530235,0.8336010334299243,-0.3225534416895992,-0.6232046042401358,0.3077402965117527,0.6425505493040592,-0.2894272223657690,-0.6067316184485098,0.3390646133380742,0.6581366226782929,-0.4740296351823979,-0.4766416671256879,0.5378900509546803,0.5087071055258211,-0.6937458433756940,-0.1107905370307770,0.1809599589581434,0.6882555157477824,-0.6866347252464029,-0.1359832646689709,0.2063069461578612,0.6837241766844160,-0.7706189015832977,-0.1619435477856066,0.1866233951937028,0.5874457457668218,-0.7706189015832977,-0.1619435477856066,0.1866233951937028,0.5874457457668218,-0.2674586944352531,-0.6496281836771303,0.1598037004547136,0.6934780797287845,-0.3871916576591410,-0.6677357875169512,0.0410233808429315,0.6344514327610106,-0.4672845031999666,-0.6143562930099088,0.1196651944572855,0.6244131481189225,-0.4522908923938990,-0.1495865626543201,-0.1676529580796891,0.8631044517194459,-0.4678877744944124,-0.2428997340962367,-0.1172842537342734,0.8416205519595145,-0.5740623769011770,-0.2254510121547594,-0.1480801070921495,0.7731083432666750,-0.5740623769011770,-0.2254510121547594,-0.1480801070921495,0.7731083432666750,-0.4148813480624031,-0.3406766384432607,0.2727975074306923,0.7983698484966248,-0.1606862855463546,-0.7615365824136821,0.4352624252506937,0.4525357140026502,0.0855759170042126,-0.4443362745701110,0.7562781368587759,0.4725308637956479,-0.1702758944658877,-0.4239669500188324,0.8844977945480506,-0.0944552618714530,0.7065993242320532,-0.1389895069391781,0.5890508542921470,-0.3666311539044400,0.6911460037060749,-0.2807406884675172,0.5008974475052457,-0.4388662831462854,0.6911460037060749,-0.2807406884675172,0.5008974475052457,-0.4388662831462854,0.0458596990833547,-0.8422213243381732,0.5365999310497725,0.0249127041369789,0.0263412642695018,-0.9983691211955272,0.0231374807582325,0.0450543296933464,0.2352273954184902,-0.9711982856169286,0.0128353899865380,0.0357381480111233,0.0688512340634413,-0.5042682177364991,-0.2010609865657536,-0.8369871873750524,0.1211632678090120,-0.4826526898479071,-0.0336528450176701,-0.8667371744298487,0.1211632678090120,-0.4826526898479071,-0.0336528450176701,-0.8667371744298487,-0.4151451786748727,-0.3403550874808325,0.2734159998871045,0.7981582462486103
0.5458961945641556,1.2771112811652874,0.1823054231297707,-0.3280246753364979,-0.4190220191529363,0.1441585383027800,0.8342893237179696,-0.6880934954388194,0.1084059302035834,0.7178300097695288,1.2339563789934065,-0.0038962992826801,-0.2636631074417091,-0.5930461255354397,-0.3584470334398147,0.3299143358685697,1.2107436109397969,-0.2435906211363910,-0.2627856730607533,0.2754706357531213,-1.2641294205141562,0.9880565330476337,1.3513911348050500,-2.2336076136124383,0.3726616118004383,-2.2674130095811003,-1.1221317476580859,-0.4873015397581712,-2.2280806635078201,-0.3697689620010920,0.0016632446406849,-1.0262561107375519,0.2006823268920097,-0.4624730306703368,1.3295306349802201,-0.1200248756269413,2.2983277214887070,-0.2523229852048879,0.3760312811188257,1.5655363024657247,1.8033414611325898,2.3382731082259891,0.0179022651106434,-0.1397484714234384,0.1701248299927291,3.4551390376225686,0.0056123475544202,-1.0620075053162727,-0.0091909837465517,-3.9208859188817669,0.3597276061081052,-0.1938472006267901,1.6686106297504639,-2.3341622473022126,0.3125009704462033,-0.5474589149971253,-2.0679248488727309,-3.2542391277056302,-0.5623960973275253,-0.4217146159856672,0.0036900387546120,0.0000000000000000,0.0000000000000000,-0.3280246753364979,-0.4190220191529363,0.1441585383027800,0.8342893237179696,-0.3280246753364979,-0.4190220191529363,0.1441585383027800,0.8342893237179696,-0.2984494596768019,-0.6375109199910626,0.3153017020378367,0.6364688394594169,-0.2637745843611402,-0.6196240708268087,0.3491437343957666,0.6516038921225837,-0.4638509934635333,-0.4882143754190073,0.5550134370795367,0.4883124657002733,-0.6991133654343711,-0.1169055102226093,0.1855752185691157,0.6805405514762830,-0.6983114914896988,-0.1198215118162898,0.1885702000035523,0.6800331946531071,-0.7816529063621253,-0.1435724181351715,0.1711808277060853,0.5823253548939124,-0.7816529063621253,-0.1435724181351715,0.1711808277060853,0.5823253548939124,-0.2413792362850874,-0.6609105948130571,0.1673474034268952,0.6905998092387188,-0.3607313797101542,-0.6801646421933913,0.0467335776482915,0.6364470943625522,-0.4654082014857261,-0.6133076510100598,0.1484666741321435,0.6206501251707633,-0.4671891881348607,-0.1511298912761909,-0.1427634751185615,0.8593675631677102,-0.4809827856568977,-0.2535321590451337,-0.0854558789070083,0.8349097538008972,-0.5862156499394731,-0.2401518797596280,-0.1179336150458106,0.7647025231135209,-0.5862156499394731,-0.2401518797596280,-0.1179336150458106,0.7647025231135209,-0.3838977778814934,-0.3685134140058814,0.2605019826263014,0.8055799630596254,-0.1422936610091243,-0.7867307112132874,0.4066953257259570,0.4420477509309521,0.0844175091439037,-0.4996742082213644,0.7312126814900435,0.4566479872028689,-0.2166313553915724,-0.4608863477685053,0.8524466584159631,-0.1182764763479063,0.6945217083281746,-0.1114248473662666,0.5752550815563993,-0.4174993307705512,0.6856267220233365,-0.2527727817521453,0.4776894918938247,-0.4876829586801614,0.6856267220233365,-0.2527727817521453,0.4776894918938247,-0.4876829586801614,0.0518308979397302,-0.8625614176847541,0.5032481064320017,-0.0065346853813513,0.0474071445014867,-0.9981593832588268,-0.0308009986540492,0.0219478186726410,0.2827640152122373,-0.9585192796285460,-0.0358391933682160,-0.0009243917689630,0.0387612068184907,-0.4382430586281645,-0.2714251606275260,-0.8560192594728971,0.0796454590918593,-0.4248514659582490,-0.0969586142163056,-0.8965248796594701,0.0796454590918593,-0.4248514659582490,-0.0969586142163056,-0.8965248796594701,-0.3842027504227353,-0.3681954463762744,0.2611688589235365,0.8053640089822485
0.5258019119257539,1.2803031629281412,0.1730113175195291,-0.3097254944160069,-0.4313964522972542,0.1556722131471287,0.8329065860635139,-0.6897970404473468,0.1223794508023247,0.7438486263123830,1.2686137561451265,0.0382797556929207,-0.2635184953237584,-0.5878981309065687,-0.3482460909321133,0.3926111241983528,1.2115643477402065,-0.2616237681406000,-0.2629690567207540,0.2016854693294827,-1.2523750602352020,1.0159445162953995,1.3733531689239784,-2.2361369437118190,0.3780077392507135,-2.2697092512132389,-1.1781773451253192,-0.5542591903255930,-2.2211378390953840,-0.3763405657969690,0.0016574594393711,-0.9756715282300767,0.1000240563763285,-0.3181834267083760,1.3513330239576085,-1.2761545496671156,1.7669649053071255,0.3225558067095462,1.9488497969666183,1.0827249257830216,2.1131811314499109,1.9637207463740394,0.0036037064740066,1.0668882437104594,1.6348694363414920,2.9647004213185659,0.0804442871493494,-0.7915284902743061,-0.0128532862458194,-2.8346703934442177,0.6427284084179746,2.4975778299888804,0.5080881051038619,0.8023449549493256,0.2191720306658023,0.2959583259252367,-3.4982655261655546,-3.4700598244230667,0.6644678642441187,-0.2612027588327089,-0.0021865409452874,0.0000000000000000,0.0000000000000000,-0.3097254944160069,-0.4313964522972542,0.1556722131471287,0.8329065860635139,-0.3097254944160069,-0.4313964522972542,0.1556722131471287,0.8329065860635139,-0.2783508160628165,-0.6510722622195970,0.3206794124252463,0.6291187860905275,-0.2406147732857642,-0.6309439139885701,0.3586644024515521,0.6444952712716325,-0.4529124631291029,-0.5008552609935377,0.5678484064306674,0.4707042549112720,-0.7009301584061349,-0.1259099159855290,0.1904689606740954,0.6756960715536221,-0.7040981305422928,-0.1142860522225857,0.1784021706997085,0.6777589441120323,-0.7870401554379067,-0.1367342200948917,0.1618406293179596,0.5793782507872418,-0.7870401554379067,-0.1367342200948917,0.1618406293179596,0.5793782507872418,-0.2201605190069623,-0.6699868513708751,0.1732538675181870,0.6874809541003417,-0.3369778793378758,-0.6899594385133918,0.0534346032656155,0.6383937853841304,-0.4632670651278284,-0.6123575298178470,0.1750990716561868,0.6162322590942269,-0.4805438908471826,-0.1525757002932266,-0.1198066254280668,0.8552453432512925,-0.4920211895934312,-0.2621741065676469,-0.0564907737429305,0.8282443355184784,-0.5963523156265328,-0.2525059950782441,-0.0903725186224476,0.7565959595281045,-0.5963523156265328,-0.2525059950782441,-0.0903725186224476,0.7565959595281045,-0.3527083456289027,-0.3970259486099360,0.2410352757695954,0.8123233438039177,-0.1299244606678285,-0.8100914248500979,0.3717765019889326,0.4343428950419071,0.0966420177187983,-0.5287625525488607,0.7175486374238349,0.4429384114800282,-0.2310292692865898,-0.4878266325010939,0.8313888832447942,-0.1320726246143418,0.6734396337008222,-0.1095449018473380,0.5767573111287453,-0.4492549146082868,0.6662479653533959,-0.2488095652190370,0.4720927173792763,-0.5208991410200485,0.6662479653533959,-0.2488095652190370,0.4720927173792763,-0.5208991410200485,0.0466482534950205,-0.8824623323522103,0.4670918032742701,-0.0301565869977349,0.0555432873425547,-0.9935893577700621,-0.0984617125210997,0.0006500189766825,0.3197997735294355,-0.9416459520832543,-0.0959156618680174,-0.0427924243781904,0.0031680170757156,-0.3971590833317678,-0.3333041187521487,-0.8550806924599169,0.0372626769090124,-0.3930755412703841,-0.1558464292372623,-0.9054363601372345,0.0372626769090124,-0.3930755412703841,-0.1558464292372623,-0.9054363601372345,-0.3530381191487699,-0.3967327404863330,0.2417101651591793,0.8121227832740719
0.5091019208536982,1.2811955376463615,0.1697477066255060,-0.2932873917633895,-0.4565519479410844,0.1536893081553155,0.8257859415263554,-0.6791714680206838,0.1637271296535409,0.7434483341276530,1.3025499964824623,0.0703479284094771,-0.2634432409438793,-0.5619609826441494,-0.3157721251792874,0.4372921146502924,1.2160581221662681,-0.2734630937753113,-0.2632451039529208,0.1569169475445355,-1.2348513429156300,1.0785304069999284,1.3786383130652557,-2.2144284140012402,0.3814367235274594,-2.2636559127763460,-1.2508136491314659,-0.6147749187101421,-2.2039770293261940,-0.3803700140990315,0.0016138464673136,-0.8898889958032781,0.0062750787456242,-0.1152935200702330,1.5999638471635220,-2.3445063618378281,1.4407173390818520,0.4259241958912648,1.3014941541927509,-1.0308523247847043,0.8474892481877527,0.8106829927053849,0.0134554065558071,0.8435753074043997,0.8092930085217814,1.5548242453784091,0.3198914104792354,-0.3858397938362724,-0.0090646286748480,-2.1720459679873154,1.1221508409787058,3.2749618857073557,0.3331471962625058,1.0893408643763851,0.1401649889869826,0.1529184803605060,-3.3969885200916132,-2.4875360364751784,1.0174012985056200,-0.1608849619324758,-0.0019361740796077,0.0000000000000000,0.0000000000000000,-0.2932873917633895,-0.4565519479410844,0.1536893081553155,0.8257859415263554,-0.2932873917633895,-0.4565519479410844,0.1536893081553155,0.8257859415263554,-0.2663958682387441,-0.6711134933419679,0.3106469095022819,0.6181734530504739,-0.2157843677788587,-0.6439375288855679,0.3636471947117520,0.6376066838524350,-0.4354767936753007,-0.5211318419126324,0.5708799343472001,0.4613866773919272,-0.6922463539788193,-0.1353478052177572,0.1906277069919667,0.6827422898522921,-0.6983869841842854,-0.1118112531018282,0.1667319933065118,0.6869893058918851,-0.7825748490899750,-0.1327434397380988,0.1506004419603792,0.5893006801791749,-0.7825748490899750,-0.1327434397380988,0.1506004419603792,0.5893006801791749,-0.2075688143409872,-0.6814840506755429,0.1669727729058314,0.6816265613193693,-0.3126780736216148,-0.6993074467923371,0.0571796561531357,0.6402593256324091,-0.4559627877389968,-0.6155456271148583,0.1937430263059353,0.6129152934091919,-0.4849513913306313,-0.1553697834208719,-0.1012944820381879,0.8546471823827956,-0.4942190260723821,-0.2700946113216630,-0.0344380358465168,0.8255970426849286,-0.5982910181619545,-0.2632392460044456,-0.0695857509909689,0.7535985537464662,-0.5982910181619545,-0.2632392460044456,-0.0695857509909689,0.7535985537464662,-0.3291066825992086,-0.4314463660812482,0.2197014168098432,0.8107244366093675,-0.1252784783179456,-0.8326642199977189,0.3399342601580201,0.4188320646473351,0.1061846193235354,-0.5422922397471963,0.7174985234852818,0.4240752552619940,-0.2334737192384767,-0.5028967563003494,0.8186667218088022,-0.1495649475323970,0.6556697293264110,-0.1059137219904506,0.5809856826862838,-0.4704626723266284,0.6501997666553683,-0.2431747863135116,0.4716038584434659,-0.5437794474269115,0.6501997666553683,-0.2431747863135116,0.4716038584434659,-0.5437794474269115,0.0341426105264901,-0.8970651239052824,0.4367647048008536,-0.0578363057210579,0.0614474735117046,-0.9835425056651321,-0.1677300910299935,-0.0271102215419134,0.3501262644272560,-0.9192575654909706,-0.1530297722665974,-0.0946520789304816,-0.0297311393571274,-0.3494414319183201,-0.3884367200807433,-0.8521288984093399,-0.0039756779747579,-0.3544194479157504,-0.2100406396975600,-0.9111827361178301,-0.0039756779747579,-0.3544194479157504,-0.2100406396975600,-0.9111827361178301,-0.3294555543536931,-0.4311800239362573,0.2203571069557596,0.8105464638612131
0.4929188694923775,1.2817825871269524,0.1638242308182635,-0.2769265283743428,-0.4807244356347714,0.1528053572598883,0.8178424283802121,-0.6750703796058418,0.1754858462256247,0.7151503492625984,1.3104293049715374,0.0731406151922245,-0.2632110242037425,-0.5582038699841930,-0.3132921069929467,0.4653337954623264,1.2224781001762857,-0.2779507402413255,-0.2633731039741539,0.1090079946878126,-1.2110284603984138,1.1358985246977051,1.3838514969617199,-2.1991827008636418,0.3836928575877074,-2.2618111962514078,-1.3072324879758257,-0.6546441135089153,-2.1833808923363867,-0.3828951638527510,0.0016067337382033,-0.8664086520143627,-0.0215118215587373,-0.3105079324276904,1.5998087076185994,-1.9040569158198171,1.4898870598468084,0.0819372908567059,0.3148908380192542,-1.5350065371207535,0.1541975209743637,-0.5533475952248179,0.0141857532167512,-0.3205554820260863,-0.1751096262404985,1.5324274389870567,0.3082237223712679,-0.1207070399844650,-0.0057590567576584,-2.9289020268607007,1.2016127531379170,2.0217308971831929,0.0835157881712195,0.2580902189733592,0.0930719073647309,0.1468250926327490,-2.0121923578101506,-1.6577750368384230,0.8568485087507666,-0.1018276461386257,0.0036847206061033,0.0000000000000000,0.0000000000000000,-0.2769265283743428,-0.4807244356347714,0.1528053572598883,0.8178424283802121,-0.2769265283743428,-0.4807244356347714,0.1528053572598883,0.8178424283802121,-0.2536156082577082,-0.6915158256206670,0.3028969873434826,0.6047630951227775,-0.1998410340478152,-0.6624266880991474,0.3621209810541024,0.6245981420762544,-0.4198972637331156,-0.5499380364229659,0.5585308448915376,0.4574906986042881,-0.6732441952349315,-0.1574003460966391,0.1871167292581880,0.6978214057069654,-0.6797251889444488,-0.1313921653942366,0.1620002601857356,0.7031825382411032,-0.7661316690133216,-0.1515166198460271,0.1433551510677833,0.6078933132611587,-0.7661316690133216,-0.1515166198460271,0.1433551510677833,0.6078933132611587,-0.1913793897958614,-0.6992766401633834,0.1622658328907067,0.6693697850661162,-0.2933514432485165,-0.7160202521312284,0.0513129470975580,0.6313690764854637,-0.4495777193399738,-0.6297776948980675,0.1945836620328949,0.6028242926025893,-0.4798746515711245,-0.1700617964835082,-0.0985050558933704,0.8550415534462272,-0.4888899155904232,-0.2867703350931380,-0.0311380425051584,0.8232738594498826,-0.5927537286481043,-0.2801992083467043,-0.0685215763271974,0.7519549284320742,-0.5927537286481043,-0.2801992083467043,-0.0685215763271974,0.7519549284320742,-0.3040641497746353,-0.4640358584804232,0.1994986529034605,0.8077227261603261,-0.1196588872761861,-0.8517355501096431,0.3080022947575507,0.4066483613631455,0.1170413674637475,-0.5537923295458707,0.7166818796597632,0.4074094468783491,-0.2337537838641240,-0.5173029808661561,0.8066039812277832,-0.1647628962590894,0.6406650540358731,-0.1032203343046114,0.5818410973995319,-0.4902599193286803,0.6366834935906487,-0.2383689737444949,0.4683215446236391,-0.5643485555811507,0.6366834935906487,-0.2383689737444949,0.4683215446236391,-0.5643485555811507,0.0243547300251909,-0.9097020076722975,0.4054132150320058,-0.0865403341789471,0.0718482135694870,-0.9691829519183753,-0.2293513099949077,-0.0540390277602879,0.3729310755316886,-0.8942139223767105,-0.2014845766876922,-0.1439021865275770,-0.0563926077460152,-0.3043376614670026,-0.4333474171500654,-0.8464091668063192,-0.0386257587295408,-0.3169728081900395,-0.2554455606224434,-0.9125699179728495,-0.0386257587295408,-0.3169728081900395,-0.2554455606224434,-0.9125699179728495,-0.3044351337041530,-0.4637925554602721,0.2001445104908146,0.8075629324000432
0.4776045891798713,1.2808804696699938,0.1576746161256053,-0.2597221691682586,-0.5042451044759462,0.1494121400728737,0.8099118975872750,-0.6676551668416306,0.1902648420891585,0.6976276008905939,1.3173678647314593,0.0548231036763776,-0.2634533779652798,-0.5599496039306071,-0.3116547613621172,0.4918761374853943,1.2268169202539490,-0.2785163935833275,-0.2634349700899307,0.0536771204379570,-1.1874480852469840,1.1753137385496906,1.3831789524574278,-2.1935555752881091,0.3852488963671117,-2.2576666622391843,-1.3457572020343167,-0.6836939305736675,-2.1661223891185513,-0.3845576100753484,0.0016170637544614,-0.8296859022013141,-0.1112368037228641,-0.2689124147663946,1.6048520455741644,-2.3258662528008269,1.2421050987155073,0.5844558561896698,0.8874723518946787,-0.2533245730419744,0.1559463254468658,-2.2390577107213590,-0.0213931310418588,-0.0311158415134617,-0.0405378395118133,0.8354006072413609,0.1787578341383507,0.0327266749934784,0.0014071056512292,-2.6826368827306837,1.1309025030584583,2.0108961855297847,-0.0126542215539464,0.3575772152018679,0.0677491819557006,0.1551132262268389,-1.9640635367924033,-1.2487605784291536,0.9049655489527564,-0.0703928907519669,-0.0020241854919788,0.0000000000000000,0.0000000000000000,-0.2597221691682586,-0.5042451044759462,0.1494121400728737,0.8099118975872750,-0.2597221691682586,-0.5042451044759462,0.1494121400728737,0.8099118975872750,-0.2408008868451244,-0.7110153502524826,0.2922753683012099,0.5924923743680869,-0.1839754799831540,-0.6803553101803488,0.3578887692002501,0.6125237167283401,-0.4055763563382815,-0.5764010275016811,0.5458014624955660,0.4531781528406581,-0.6547728736877017,-0.1785481819167648,0.1834772497223694,0.7111463488279206,-0.6599244853500235,-0.1573868683659270,0.1639850326049369,0.7161270532405762,-0.7482544198988055,-0.1775591130865558,0.1418960133773726,0.6232604638908411,-0.7482544198988055,-0.1775591130865558,0.1418960133773726,0.6232604638908411,-0.1736757054803381,-0.7193434019374773,0.1549936107198822,0.6544912528452443,-0.2731216508089950,-0.7346803901316269,0.0415051036742446,0.6196181199613195,-0.4432332549773823,-0.6464479820269724,0.1906186249254113,0.5910277726528215,-0.4721765455826856,-0.1885176028635051,-0.0991992353191385,0.8553770717784630,-0.4813762864089399,-0.3054531094928389,-0.0326810246081437,0.8209185217881588,-0.5850244878456796,-0.2985148815893497,-0.0725156323697096,0.7505842372129979,-0.5850244878456796,-0.2985148815893497,-0.0725156323697096,0.7505842372129979,-0.2744927603406452,-0.4963591996387259,0.1732531344263630,0.8051488190800613,-0.1129800719332465,-0.8710640173205475,0.2686815267253886,0.3953393710116184,0.1243664920194592,-0.5773952915455408,0.7053771773846506,0.3919064819426663,-0.2434763727694160,-0.5395826452326112,0.7877715103032877,-0.1702523786068899,0.6191630476144633,-0.1104379056343040,0.5837889923113633,-0.5134500968195075,0.6151427268000249,-0.2417989178181915,0.4653511330171067,-0.5887113316445307,0.6151427268000249,-0.2417989178181915,0.4653511330171067,-0.5887113316445307,0.0107680970418625,-0.9230521638518815,0.3674265242812931,-0.1133865077909408,0.0789268312070480,-0.9514137784650400,-0.2860758117771371,-0.0821158168597391,0.3855859124395174,-0.8687238519067200,-0.2439209623650140,-0.1927302191548120,-0.0825146957024096,-0.2572209580529902,-0.4670149600823208,-0.8419772745096802,-0.0731721380948024,-0.2770522951729666,-0.2901143885805648,-0.9130835150656000,-0.0731721380948024,-0.2770522951729666,-0.2901143885805648,-0.9130835150656000,-0.2748949970841237,-0.4961365448377524,0.1739056956978510,0.8050081232251157
0.4632342599127684,1.2786437832713970,0.1509917894941181,-0.2454694252924030,-0.5285871121403705,0.1440772163624561,0.7997388210228177,-0.6561333728862571,0.2128388836459330,0.7020367649461262,1.3193806997514801,-0.0123667699095205,-0.2637157361356465,-0.5627083554412921,-0.3105660854608541,0.5044273111661375,1.2301391975504525,-0.2774198739728923,-0.2634147562116165,-0.0005026760047061,-1.1537095875705241,1.2268885759967705,1.3729570440682659,-2.2039203524566391,0.3840157732564576,-2.2547842873689565,-1.3797557120644550,-0.7052241512369050,-2.1480931770277896,-0.3856810309799400,0.0016034975710121,-0.7567168578104059,-0.1842247084579005,-0.2908337333910272,1.6008750956992144,-2.3689760231539525,0.8449132160127598,0.2839405545282893,1.1860911161173360,-0.3648992535277896,0.0215598758872733,-3.7518126734814272,0.0086563446774743,-0.3663184811252417,0.1776501868549630,0.7489643926331293,0.1224975455306362,0.0390571522001286,-0.0027513445679761,-3.0076484380885571,2.6552613895741537,3.7195885793583505,-1.2819007919456740,-0.7368721099848846,-0.3036195586674145,0.1529607646845149,-1.2167626935140301,-0.9517118943689237,0.8728050611147805,-0.0446804548711395,0.0020813181697200,0.0000000000000000,0.0000000000000000,-0.2454694252924030,-0.5285871121403705,0.1440772163624561,0.7997388210228177,-0.2454694252924030,-0.5285871121403705,0.1440772163624561,0.7997388210228177,-0.2315944398952511,-0.7289734050207237,0.2795920054701255,0.5803361962339498,-0.1693552096407386,-0.6955726522278666,0.3546161307992152,0.6014523241431744,-0.3984211291496905,-0.5947798797932331,0.5399662182345824,0.4426443059677552,-0.6457515729604852,-0.1987153917406745,0.1825042985974032,0.7142893532021031,-0.6453058919878296,-0.2004516487647688,0.1840739491434422,0.7138040512073424,-0.7335577806805962,-0.2229142740810197,0.1561195332324204,0.6227591028296422,-0.7335577806805962,-0.2229142740810197,0.1561195332324204,0.6227591028296422,-0.1593130243955339,-0.7396895597958202,0.1467785756258657,0.6371301006264384,-0.2560419579715927,-0.7534956265165612,0.0304784506513552,0.6047792329638813,-0.4354761153532131,-0.6660883547836481,0.1800027661536053,0.5781745936614113,-0.4595449707524814,-0.2105058320726771,-0.1042058670237694,0.8565318743615529,-0.4695407605580373,-0.3269448166526845,-0.0396474090030397,0.8191865745957192,-0.5730533098486561,-0.3189066388910392,-0.0822398069546135,0.7504299260389261,-0.5730533098486561,-0.3189066388910392,-0.0822398069546135,0.7504299260389261,-0.2469254411756258,-0.5279085151562738,0.1462809947347980,0.7993386620858010,-0.1085105324771319,-0.8870733231369952,0.2298655124391304,0.3853417053879750,0.1317052107134152,-0.5955971662013079,0.6964203113373330,0.3780429909953609,-0.2478143955596739,-0.5587140707093115,0.7723631580391048,-0.1728634277361299,0.6069751393404454,-0.1147284955594109,0.5783768371434751,-0.5328215337101442,0.6031310879009073,-0.2431258754996065,0.4565608664177211,-0.6071860297519343,0.6031310879009073,-0.2431258754996065,0.4565608664177211,-0.6071860297519343,-0.0039615896757267,-0.9330697675727340,0.3307004538608808,-0.1414295742241080,0.0868203242638614,-0.9305823727975751,-0.3376365335393422,-0.1117150390622912,0.3941175685956276,-0.8413695576105499,-0.2804465971980901,-0.2410774061800697,-0.1045461295926998,-0.2097994349062926,-0.4947289835895771,-0.8368378198292729,-0.1037359537002403,-0.2358706326902660,-0.3194045639301862,-0.9119126170224658,-0.1037359537002403,-0.2358706326902660,-0.3194045639301862,-0.9119126170224658,-0.2473475134454720,-0.5277108881448450,0.1469201530191176,0.7992214303699315
0.4505881771577514,1.2755095466032393,0.1441502317429048,-0.2319299479957634,-0.5521882798959173,0.1355357087326426,0.7892570395166651,-0.6503457833247234,0.2337836042674692,0.6909269556252903,1.3161559960847087,-0.0887411556900529,-0.2635796960324939,-0.5692912060359481,-0.3113393261312572,0.5116539714106022,1.2315530443991987,-0.2763024356369118,-0.2633822966444160,-0.0595645418870038,-1.1038068216424095,1.2953801151671904,1.3496024597100280,-2.2067573301055501,0.3806346664097416,-2.2518191182835787,-1.4018106405971673,-0.7192008950233486,-2.1317376489122695,-0.3864347829930689,0.0015884516164332,-0.7003406906210352,-0.2210125246193681,-0.3065362663980317,1.6482213395942664,-2.7302775902984737,0.7047673127988677,0.4281053114758141,1.0765948994871115,-0.4538505498046270,-0.2115653340876487,-3.7993369640287464,0.0030255956071676,-0.2209728048620322,-0.1364934730116195,-0.0562415132135665,0.1062337228114917,0.0919479701379878,0.0076891575661220,-2.5703433064065710,1.9915091833428638,2.7866612598365315,-0.8157239504753986,0.1694320683503576,-0.0335129626431405,0.1663781600383756,-1.1343247667662646,-0.4940176900699323,0.7569851681566393,-0.0329684576521793,-0.0029058117492176,0.0000000000000000,0.0000000000000000,-0.2319299479957634,-0.5521882798959173,0.1355357087326426,0.7892570395166651,-0.2319299479957634,-0.5521882798959173,0.1355357087326426,0.7892570395166651,-0.2235823675441938,-0.7478375537879178,0.2654189215244438,0.5659529257496927,-0.1566850457030323,-0.7121568497530001,0.3500583267236741,0.5879979470154151,-0.3888675448996153,-0.6168465082342803,0.5286890306985375,0.4344770726079368,-0.6310429934197352,-0.2221523753303696,0.1803186044563163,0.7210535787844485,-0.6232099654818740,-0.2512155797720083,0.2057653945183567,0.7114496987297135,-0.7112982145371587,-0.2760769846293882,0.1709683118575654,0.6233828557915022,-0.7112982145371587,-0.2760769846293882,0.1709683118575654,0.6233828557915022,-0.1457724355001284,-0.7607705650714343,0.1356329662315462,0.6177234355603515,-0.2397024227109014,-0.7725978403540741,0.0161471758551688,0.5876857955903367,-0.4274422379651305,-0.6867734761743612,0.1643646870498290,0.5644639716383647,-0.4438796584894792,-0.2346913633763760,-0.1126652826956499,0.8574364972468284,-0.4551705214566287,-0.3506098592231536,-0.0504223516164027,0.8169149952534185,-0.5585048688773403,-0.3409522750321828,-0.0960272517433800,0.7500684132219521,-0.5585048688773403,-0.3409522750321828,-0.0960272517433800,0.7500684132219521,-0.2168198293675329,-0.5582943299235300,0.1140109755392478,0.7926525722060451,-0.1061100985756547,-0.8980960785339902,0.1846074293239024,0.3848170704900629,0.1465229971771382,-0.6067490765263007,0.6873951028151073,0.3713146133112964,-0.2373662163625347,-0.5794942680929378,0.7623881714481728,-0.1631194305197146,0.6052950633817691,-0.1308392661221643,0.5626442932291376,-0.5476589924240792,0.5990812716783682,-0.2565510049415878,0.4390762778588120,-0.6184619907555693,0.5990812716783682,-0.2565510049415878,0.4390762778588120,-0.6184619907555693,-0.0222048326432044,-0.9420312954490302,0.2893219668178512,-0.1684540985507902,0.0915051336371168,-0.9069798823291824,-0.3853798841907426,-0.1431665059618535,0.3952819727390636,-0.8138705842828735,-0.3126013867365204,-0.2892182689198115,-0.1262663960591274,-0.1614198716361829,-0.5142687432970534,-0.8327833343282434,-0.1341648054011889,-0.1933534151290568,-0.3407087841212905,-0.9102372142865744,-0.1341648054011889,-0.1933534151290568,-0.3407087841212905,-0.9102372142865744,-0.2172647944983357,-0.5581213186246566,0.1146427876789280,0.7925614386288767
0.4392714266932246,1.2716816573607415,0.1364892064708979,-0.2191790046738635,-0.5764802037750727,0.1249874672358019,0.7771803340278270,-0.6474851236419306,0.2528262328420401,0.6692464478264490,1.3108737281041847,-0.1559340735202918,-0.2633986732001562,-0.5766509521478334,-0.3135307348207819,0.5139184414957431,1.2331538741475316,-0.2751478505839964,-0.2633201722938026,-0.1160805252941131,-1.0521990721065206,1.3559181050319231,1.3215537106588142,-2.2050910725863240,0.3769441051760370,-2.2480809009333136,-1.4164810334183273,-0.7271369910733212,-2.1179143523413066,-0.3869610720973913,0.0015701794647046,-0.6429817462523553,-0.2496714691114501,-0.3865948981999267,1.5388207982490614,-2.6946753337746956,0.5837658763062552,0.1021736079271118,0.8622108104346766,-1.3181171621525254,-0.3168855070444127,-2.9674841593002750,0.0100936929462590,-0.3529409149373119,-0.1586889456933887,0.0482847733971256,0.0637781186858770,0.0516695581830398,0.0028309660052667,-2.7528584052991527,2.5026136440352351,2.6499239873820364,-1.4183921293016646,0.1119268985825119,-0.1505898562119546,0.2096723985751632,-0.5928034641621623,-0.2773663117610948,0.6222567542804718,-0.0234503013814576,-0.0014058102661354,0.0000000000000000,0.0000000000000000,-0.2191790046738635,-0.5764802037750727,0.1249874672358019,0.7771803340278270,-0.2191790046738635,-0.5764802037750727,0.1249874672358019,0.7771803340278270,-0.2168471152964581,-0.7673452795879480,0.2498681303054460,0.5492945183955139,-0.1463568897682840,-0.7300165589557868,0.3439893665487317,0.5721248117055485,-0.3788314245322616,-0.6409612057832756,0.5133660430152960,0.4267444086880626,-0.6132859001127617,-0.2478081945260998,0.1758929988862689,0.7290632046615639,-0.5983823300130305,-0.3017397361686810,0.2213515969278336,0.7084456149081096,-0.6862390722690236,-0.3281961960555423,0.1798072710996954,0.6237247292241208,-0.6862390722690236,-0.3281961960555423,0.1798072710996954,0.6237247292241208,-0.1334903261240721,-0.7820578967646112,0.1228402962211436,0.5962181149241470,-0.2248472396624354,-0.7916463128355963,-0.0006384680030699,0.5681015987907425,-0.4186202909211988,-0.7085317338264127,0.1437337453514230,0.5496184536905953,-0.4246580346159776,-0.2603047093179089,-0.1247713555259860,0.8581020456701069,-0.4377602716603249,-0.3755677569374333,-0.0653320907332326,0.8142766866522021,-0.5408719978691119,-0.3637402170457762,-0.1140722430483504,0.7497586676994707,-0.5408719978691119,-0.3637402170457762,-0.1140722430483504,0.7497586676994707,-0.1869882487607298,-0.5877110312558121,0.0818500950066343,0.7828995468851865,-0.1016579363043662,-0.9074754940666994,0.1400035679172075,0.3828222728959083,0.1599715734585825,-0.6207754540199394,0.6765726916211490,0.3623483466555867,-0.2286440771474120,-0.6017271680439038,0.7497480195913954,-0.1533760357489150,0.5986862104185244,-0.1495489008436232,0.5490797587136322,-0.5636677800638863,0.5898121880962947,-0.2718824594226138,0.4233502247841343,-0.6316455479195549,0.5898121880962947,-0.2718824594226138,0.4233502247841343,-0.6316455479195549,-0.0403571980485902,-0.9479530705328769,0.2480058907717513,-0.1955744123740829,0.0964656167974342,-0.8815587293566185,-0.4277571185677025,-0.1748497611828266,0.3932709687140401,-0.7859084354943098,-0.3399801631801820,-0.3348124323103669,-0.1457667327813360,-0.1137963795003626,-0.5288471195550249,-0.8283255204116420,-0.1622225422690127,-0.1509677359026415,-0.3573294969860414,-0.9073082277153182,-0.1622225422690127,-0.1509677359026415,-0.3573294969860414,-0.9073082277153182,-0.1874504229863587,-0.5875637840750653,0.0824658166318768,0.7828349300158132
0.4293834966803971,1.2672828056907608,0.1282193527985341,-0.2065615015385876,-0.6011488749989454,0.1118638669955603,0.7638316905120038,-0.6453712983039728,0.2710126289884742,0.6395012091814213,1.3050055169404922,-0.2044915777908104,-0.2632413592532703,-0.5846136404285104,-0.3160586469387467,0.5126754557192124,1.2354738130259757,-0.2737202465498655,-0.2632229382811793,-0.1696948605951620,-0.9979288511418672,1.4036450527561470,1.2872435587489148,-2.2036720850313096,0.3737286524177320,-2.2430461965335828,-1.4233839826259591,-0.7308135839761261,-2.1065953762414380,-0.3873975181872718,0.0015496941422453,-0.5765365256506274,-0.2851074119555527,-0.4142683140741126,1.7568530811964269,-2.8886293972301083,0.3828727699390594,0.0358646794461468,0.7570687535412518,-2.0186582293527264,-0.3443750323016320,-1.9123213586431178,0.0137001576148905,-0.4063927746419352,-0.1491638287302771,-0.0389639862082838,0.1056370054760683,0.0784690220097958,0.0037431242912710,-2.5832386164405103,2.6439279737939030,1.9235658441757648,-1.7276481555149377,0.0702771839859565,-0.1295584748052767,0.2800548468334531,-0.2242849140314705,-0.1066731750954183,0.5065208001601618,-0.0211522480274631,-0.0012898654730546,0.0000000000000000,0.0000000000000000,-0.2065615015385876,-0.6011488749989454,0.1118638669955603,0.7638316905120038,-0.2065615015385876,-0.6011488749989454,0.1118638669955603,0.7638316905120038,-0.2109740803138679,-0.7871534940680799,0.2320659289344675,0.5310599955183153,-0.1377180368560634,-0.7488418238157273,0.3357099067649617,0.5545886076441775,-0.3674678543506167,-0.6668565893729376,0.4938665548473710,0.4199589161239887,-0.5919003452886169,-0.2746182953519615,0.1690880812626173,0.7386798994694013,-0.5719868275507684,-0.3472272194020757,0.2275255306251695,0.7074577444119505,-0.6598954499727749,-0.3740870147207838,0.1799819835351701,0.6262614359237411,-0.6598954499727749,-0.3740870147207838,0.1799819835351701,0.6262614359237411,-0.1219550017092755,-0.8034245537969109,0.1076582094433389,0.5727527161470116,-0.2104893172850832,-0.8103587684519907,-0.0199992524181306,0.5464548870717035,-0.4090981217325343,-0.7304969630964117,0.1192229993763480,0.5336654290110422,-0.4025609768505561,-0.2864907887624414,-0.1397141964959402,0.8581070044982118,-0.4178649500223880,-0.4009498749913127,-0.0834522637689795,0.8109647347197476,-0.5206783330251604,-0.3865302409912161,-0.1353493826472402,0.7491121350868797,-0.5206783330251604,-0.3865302409912161,-0.1353493826472402,0.7491121350868797,-0.1564656866439662,-0.6160893707356148,0.0487204189119499,0.7704405862561176,-0.0952093823928850,-0.9146424050176907,0.0945432892091987,0.3813476247642374,0.1728150641275109,-0.6387174768575729,0.6614749786255979,0.3530237825126865,-0.2203689022115628,-0.6273392497006750,0.7338342696985207,-0.1391771437381263,0.5892380284669260,-0.1737116128806090,0.5340855898252072,-0.5808402569552903,0.5768306587459602,-0.2920944099476421,0.4058064916662508,-0.6459631089540399,0.5768306587459602,-0.2920944099476421,0.4058064916662508,-0.6459631089540399,-0.0589609117556289,-0.9512765589924554,0.2054086004563660,-0.2222697146598587,0.1004728964605087,-0.8546217612326155,-0.4655549699634105,-0.2068463493679934,0.3880943908333678,-0.7577701204519792,-0.3633439119245961,-0.3783495606198073,-0.1638776976619491,-0.0666117647629811,-0.5387428924440006,-0.8236886965627560,-0.1887882937048411,-0.1085666729818546,-0.3694405418918666,-0.9033747526272303,-0.1887882937048411,-0.1085666729818546,-0.3694405418918666,-0.9033747526272303,-0.1569438091862645,-0.6159677463865125,0.0493183715740506,0.7704025404909499
0.4214340865023921,1.2619039145971378,0.1213532721477102,-0.1922559336280914,-0.6195298426936331,0.1024382666887565,0.7541397957372332,-0.6518892655137993,0.2726372341881060,0.6078780512399183,1.2966891622969072,-0.2318452760815485,-0.2630619998488097,-0.6049170781397776,-0.3314086029244389,0.5202518139195333,1.2414792028323114,-0.2699677819406612,-0.2630837650497507,-0.1654994981044916,-0.9415090969978656,1.3870287297929844,1.2398614148023472,-2.2030470641195588,0.3694912760112422,-2.2013852275225840,-1.3587505899848273,-0.7309992811437724,-2.1712433240348563,-0.3955595060254086,0.0011110747500018,-0.4045263603282572,-0.3507378413796229,-0.2574999560754634,1.4952096256175655,-1.4665923556689264,0.7357071333217865,-0.5126327406884676,-0.1555263891073321,-1.8451120613472833,-0.4327652680981269,-0.8721115181956207,0.0148191982486568,-1.0337292678872727,-0.8776120302067570,0.4254712624130743,0.2469222670589557,0.4033213248448974,0.0125138636742233,1.5397063876189292,2.6717099149713563,-1.8064523583051131,-2.4071737206027413,0.0637037492350113,-0.1701752052678814,2.6455338165389564,3.8277894034785409,0.0870497030121518,-4.4681487345531758,-0.4972639114632594,-0.0163244961999996,0.0000000000000000,0.0000000000000000,-0.1922559336280914,-0.6195298426936331,0.1024382666887565,0.7541397957372332,-0.1922559336280914,-0.6195298426936331,0.1024382666887565,0.7541397957372332,-0.2017950883211897,-0.8039998643045375,0.2188392099614286,0.5147546606988477,-0.1298859348731666,-0.7667508819379152,0.3261893110843551,0.5374227965986055,-0.3546841560450482,-0.6920812239044338,0.4728440888190971,0.4142960253712194,-0.5683189069960913,-0.3011434451585256,0.1624684671907703,0.7482848672514386,-0.5459108690454194,-0.3850533502975705,0.2266356237192760,0.7087676167433621,-0.6341611264506932,-0.4114536728819249,0.1741713627034672,0.6310387287518717,-0.6341611264506932,-0.4114536728819249,0.1741713627034672,0.6310387287518717,-0.1066085362139513,-0.8226316334448861,0.0950051412128049,0.5503506507720797,-0.1954659399173805,-0.8270709222088619,-0.0412610086843399,0.5253991674252521,-0.4012957761051307,-0.7491428062201380,0.0950403998510099,0.5183763867740865,-0.3817509874607151,-0.3080939348104229,-0.1560037214185224,0.8573255798174759,-0.3993140830924117,-0.4209912652422715,-0.1030496995033248,0.8078956473864999,-0.5018396133346932,-0.4038359892970863,-0.1573829079870422,0.7485346461654737,-0.5018396133346932,-0.4038359892970863,-0.1573829079870422,0.7485346461654737,-0.1394153557882979,-0.6335163206845024,0.0385837951667721,0.7600866534463825,-0.0883873652602966,-0.9136968189491783,0.0760190805106514,0.3893159335331784,0.1815400910321711,-0.6528802307509660,0.6437143635604987,0.3555593027731074,-0.2087653771681497,-0.6491112610355843,0.7232425044630563,-0.1095073871053436,0.5860299175460021,-0.2094879856992215,0.5174284275913584,-0.5873257545085545,0.5675820432647385,-0.3246872643235235,0.3884067905333753,-0.6492834278010593,0.5675820432647385,-0.3246872643235235,0.3884067905333753,-0.6492834278010593,-0.0639580895181748,-0.9548623946382886,0.1842055606072150,-0.2240881110907039,0.0918594439169713,-0.8568333408347623,-0.4599244582395303,-0.2141680679052770,0.3811758027963618,-0.7626265645069228,-0.3551785752975222,-0.3833456796685463,-0.1748920163162527,-0.0413052873016803,-0.5258428654850870,-0.8313819439272143,-0.2049902350167171,-0.0859659406226994,-0.3529499775220638,-0.9088537692983508,-0.2049902350167171,-0.0859659406226994,-0.3529499775220638,-0.9088537692983508,-0.1397776168009124,-0.6334364907744614,0.0390184534100437,0.7600644645622376
0.4146624340019062,1.2554995703656058,0.1174669595060757,-0.1817213577885154,-0.6290807217354619,0.0984126747541869,0.7493662249608095,-0.6675682145288789,0.2712606620467445,0.5760700179796486,1.2888410140169524,-0.2412018073560368,-0.2628657921324584,-0.6249386976882504,-0.3458496593900062,0.5230628497157589,1.2433908793325277,-0.2576518597008273,-0.2627438215434166,-0.1189075634570031,-0.8892906909358711,1.3533841623198550,1.1912221612175558,-2.2018588932059937,0.3670522900407868,-2.1599450080995011,-1.3346688872398729,-0.7262900489467432,-2.2284879396917594,-0.4125328802813267,0.0008816497531461,-0.3330933256610372,-0.3350955269240733,-0.1208654278948160,0.7269160974380334,-0.5758935848884313,0.3924556063659361,-0.9503733132117924,-0.0143405135134638,-1.4896735975236108,-0.3791226656789725,-0.1781344019435578,0.0072156145197073,-0.9579147502688117,-0.6100520506582837,-0.1405545049215645,-0.0279305573074415,0.7084091631413699,0.0189476962172183,2.9214768113630440,2.5483995332859939,-1.4136795624006087,-2.3842670336049276,0.0554402034552831,-0.0669268690732937,1.4729994808683169,-1.3392530996952856,0.3380031528759440,-0.9649458749803440,-1.1302314434240595,-0.0087235701058511,0.0000000000000000,0.0000000000000000,-0.1817213577885154,-0.6290807217354619,0.0984126747541869,0.7493662249608095,-0.1817213577885154,-0.6290807217354619,0.0984126747541869,0.7493662249608095,-0.1938868295541333,-0.8156825459807129,0.2137291170431534,0.5013878199914932,-0.1243036366236938,-0.7792875849812099,0.3220698855586742,0.5230013906601971,-0.3416141317998190,-0.7113651095874590,0.4579804186408739,0.4092840113635121,-0.5482886963508959,-0.3225420038358445,0.1607040271979804,0.7546657384946949,-0.5250122705553946,-0.4108655824830763,0.2254071752852675,0.7104528092892782,-0.6135969511709288,-0.4368638369684673,0.1696140014516175,0.6355154285888731,-0.6135969511709288,-0.4368638369684673,0.1696140014516175,0.6355154285888731,-0.0939365512988402,-0.8350723258401084,0.0880302695547421,0.5348652228255178,-0.1842551565820634,-0.8377992891091983,-0.0564576736149364,0.5108374688010168,-0.3947181935802055,-0.7616135235247193,0.0776158111920687,0.5080533183574709,-0.3660632240497232,-0.3231882805732607,-0.1668064222041393,0.8565761313566210,-0.3845431872891636,-0.4311266502166592,-0.1181236792506682,0.8076528616817613,-0.4870418046917995,-0.4119348569266058,-0.1735887835535730,0.7503111943425887,-0.4870418046917995,-0.4119348569266058,-0.1735887835535730,0.7503111943425887,-0.1421543299995890,-0.6391849128367152,0.0515096827178541,0.7540434644306613,-0.0885889098809638,-0.9056228705018746,0.0873213332271852,0.4054308895896727,0.1853447826341235,-0.6504867164923319,0.6361169943333167,0.3713078409321307,-0.1898201472258650,-0.6548741210486607,0.7278044994602115,-0.0735445977170658,0.5985817443327545,-0.2434244022256014,0.5009370141303009,-0.5757660667553127,0.5734462715978740,-0.3589816510689438,0.3737523747685555,-0.6345082427685054,0.5734462715978740,-0.3589816510689438,0.3737523747685555,-0.6345082427685054,-0.0568699839210862,-0.9568066161502738,0.1912257832295829,-0.2114701020194344,0.0859381027403300,-0.8704865594541483,-0.4407940002885526,-0.2014160907591225,0.3793579136336004,-0.7786227178344871,-0.3424443230323949,-0.3640963090426528,-0.1820181824887087,-0.0384640934585824,-0.5133475152471618,-0.8377733723075003,-0.2136935088462677,-0.0856919048197580,-0.3322692996760157,-0.9146524444936129,-0.2136935088462677,-0.0856919048197580,-0.3322692996760157,-0.9146524444936129,-0.1424416602103624,-0.6391209429929728,0.0518486565697059,0.7540202321398309
0.4090093315297799,1.2492435080173951,0.1160260459646548,-0.1776885775118603,-0.6323149484268821,0.0972065417866135,0.7477669848633383,-0.6826826406397974,0.2733941860867298,0.5530922296762374,1.2815825219029973,-0.2424718280521725,-0.2627560092574763,-0.6391228840176774,-0.3550960074740928,0.5149122833946301,1.2419437895830792,-0.2443122072791907,-0.2624167094233500,-0.0646715771905390,-0.8368382136704617,1.3260026276184982,1.1437996828276922,-2.2011052748899846,0.3673460923071220,-2.1355152380145719,-1.3743671094686734,-0.7203957049263681,-2.2279914867094583,-0.4286662415606849,0.0008128517534785,-0.2625727921285994,-0.3231825197446738,-0.0366457336023715,0.2063028128614006,-0.1780408592928199,0.1618196960988663,-0.6174034543883705,0.1560838346328435,-0.9313999399459358,-0.3456037515025940,-0.0170083355972736,0.0037478968523632,-0.5897961933637372,-0.3613995337756589,-0.5487883202788011,-0.0581083939987481,0.6271269718909779,0.0139075098116306,2.1215760012306535,2.5279523254561846,-2.5130415910551225,-2.4045571706330064,0.0375264100047807,0.1044440536943249,1.1108713125430267,-1.7956769494396254,0.2045545137279713,0.4526816605860535,-0.5044042947415350,0.0012364683722662,0.0000000000000000,0.0000000000000000,-0.1776885775118603,-0.6323149484268821,0.0972065417866135,0.7477669848633383,-0.1776885775118603,-0.6323149484268821,0.0972065417866135,0.7477669848633383,-0.1907857200578220,-0.8219633073901838,0.2136471866835328,0.4922722924849821,-0.1220033337307684,-0.7852320455182782,0.3235420123643585,0.5136597974194400,-0.3324356686623745,-0.7217760767379594,0.4518734604868165,0.4053840117190469,-0.5366880146678027,-0.3359801329849302,0.1633066838903509,0.7565806316236873,-0.5130023745500891,-0.4250021426617164,0.2270058629139359,0.7104013518016551,-0.6016467282214688,-0.4510781011749578,0.1693724585189254,0.6370735682447128,-0.6016467282214688,-0.4510781011749578,0.1693724585189254,0.6370735682447128,-0.0879606997870680,-0.8413440288290854,0.0854349462294058,0.5264066967748323,-0.1793684735579363,-0.8432303516161436,-0.0641987460694784,0.5026609650747875,-0.3885834796843216,-0.7695539971370519,0.0661811351329558,0.5024038038862003,-0.3545360257490907,-0.3335272501336989,-0.1722825289375050,0.8563775511345392,-0.3729672333028885,-0.4359011274248461,-0.1275637339272052,0.8090816669401706,-0.4756258194552133,-0.4154623537752424,-0.1835029473856974,0.7533244857057636,-0.4756258194552133,-0.4154623537752424,-0.1835029473856974,0.7533244857057636,-0.1557995067643314,-0.6380610772287163,0.0713878591349497,0.7506719316624602,-0.0967139769461860,-0.8924953748419551,0.1094331635339802,0.4267584741606375,0.1874327657677601,-0.6344652135134793,0.6371636400773603,0.3954052945033878,-0.1648918997368593,-0.6477905157030546,0.7429292229455118,-0.0351323050754972,0.6226387085117518,-0.2732730656144141,0.4836989744849026,-0.5510700249104199,0.5906299110573487,-0.3921976353700195,0.3597735716037919,-0.6065478547897142,0.5906299110573487,-0.3921976353700195,0.3597735716037919,-0.6065478547897142,-0.0476212442159799,-0.9551885449465112,0.2119804924652887,-0.2010256986468695,0.0903767991254065,-0.8736597451967870,-0.4404991886548086,-0.1857717648002137,0.3823053285340243,-0.7816093208265916,-0.3488172580815641,-0.3482183594182607,-0.1872351285224413,-0.0531629172221031,-0.5177576650484790,-0.8330928586677282,-0.2167484364071726,-0.1033329294156366,-0.3287717209080693,-0.9133737332245628,-0.2167484364071726,-0.1033329294156366,-0.3287717209080693,-0.9133737332245628,-0.1560580295581803,-0.6379978965425332,0.0716920175823206,0.7506429444367654
0.4041376190986898,1.2430486984354059,0.1155052200335434,-0.1764620364811642,-0.6343498532592667,0.0974132614422327,0.7463056142399399,-0.6868516556668242,0.2785080552353254,0.5425199580905998,1.2746073208504469,-0.2426184545267763,-0.2627432688568547,-0.6444130722956928,-0.3600924887164341,0.5019438567318100,1.2402999268727459,-0.2339533350070795,-0.2622434375686964,-0.0378990050635562,-0.7977931963165367,1.2665972726391899,1.1031866553727878,-2.1975037404383637,0.3708029324600838,-2.1195389086876979,-1.3913398003814776,-0.7189816236998002,-2.2158435705583068,-0.4325675359463189,0.0008719849718770,-0.2479775960658967,-0.2966359709904859,-0.0290915249635390,-0.0059328542239443,-0.3066932980068546,0.1383188112338379,-0.0613934418782528,0.2102092650702366,-0.4412638849723466,-0.3648207125531290,0.0008991365225152,0.0018775604747430,-0.0812566685794421,-0.2162934430584299,-0.7430400304516953,-0.0811689125826935,0.4011949358864495,0.0049467798521899,0.7124235131255849,1.4576962433236940,-2.8563824182836610,-1.6984911729211858,0.3386389660302785,0.2024144498532250,0.5003847598072242,-0.2225224481743916,-0.0011842950679338,0.6147180630092804,-0.0552897174960171,0.0032140215067874,0.0000000000000000,0.0000000000000000,-0.1764620364811642,-0.6343498532592667,0.0974132614422327,0.7463056142399399,-0.1764620364811642,-0.6343498532592667,0.0974132614422327,0.7463056142399399,-0.1897570221951485,-0.8246333943924751,0.2141379403796794,0.4879723146555788,-0.1202945513398920,-0.7869961243987738,0.3263623643109240,0.5095624871010693,-0.3270883011784247,-0.7258422157280247,0.4511416183423000,0.4032834751124006,-0.5313861598702365,-0.3431198034953262,0.1677625275997616,0.7561436926147247,-0.5071795594372609,-0.4321012696761743,0.2308341635402423,0.7090648603449057,-0.5956937640570765,-0.4586161504451127,0.1722415306016265,0.6365163164840527,-0.5956937640570765,-0.4586161504451127,0.1722415306016265,0.6365163164840527,-0.0856198889626882,-0.8443980229492996,0.0852135588087710,0.5219194026365324,-0.1775908817638766,-0.8460228542554560,-0.0671915310362341,0.4981888265997007,-0.3827093009772674,-0.7751301711027064,0.0590074194078825,0.4992243315851122,-0.3457239351668633,-0.3405968408176893,-0.1744226053366503,0.8567645577551177,-0.3637714245405144,-0.4385876638464338,-0.1327352074148048,0.8109824760881338,-0.4666854704159431,-0.4174671907547922,-0.1889415751205268,0.7564568048057507,-0.4666854704159431,-0.4174671907547922,-0.1889415751205268,0.7564568048057507,-0.1639561919452120,-0.6376966000944004,0.0827215721360776,0.7480765701812900,-0.1032084047026720,-0.8822653494624166,0.1216479409335130,0.4428968918420242,0.1801087411375852,-0.6374100283172865,0.6220119164420885,0.4175769066536493,-0.1605276847679072,-0.6505476303853275,0.7422629532981333,0.0080219189863771,0.6233263840235570,-0.3135267976786359,0.4779759151592485,-0.5335767898298948,0.5829485151168621,-0.4328624038324525,0.3545267886819177,-0.5891620525613671,0.5829485151168621,-0.4328624038324525,0.3545267886819177,-0.5891620525613671,-0.0430195749691674,-0.9540191563858276,0.2241709709010664,-0.1942785145702404,0.0914508599176858,-0.8760973891552013,-0.4391566231554439,-0.1767245463269399,0.3835040546931224,-0.7840817900454926,-0.3510559016638467,-0.3389692323205367,-0.1857973039414007,-0.0675818432595511,-0.5200986276516200,-0.8309088240141933,-0.2125365875863445,-0.1177927519087893,-0.3286467063770088,-0.9126578816415549,-0.2125365875863445,-0.1177927519087893,-0.3286467063770088,-0.9126578816415549,-0.1642321579376915,-0.6376255836682386,0.0830453158085325,0.7480407000111210
0.3995679139826450,1.2373820264139084,0.1145765273332681,-0.1757251616844116,-0.6377501063948168,0.0972416941948468,0.7435990332528032,-0.6839883338045382,0.2843883878892177,0.5364958673806333,1.2674418503025056,-0.2431763969809918,-0.2627273976097886,-0.6440731196427337,-0.3617479020913990,0.4892539504244046,1.2392920007120389,-0.2286701769339244,-0.2622235910722296,-0.0308250099777214,-0.7792287664680686,1.2206312216557893,1.0762235896743300,-2.1878758455204488,0.3748582011962734,-2.1141715071135088,-1.3878652673536964,-0.7196598929023756,-2.2051596987681092,-0.4329730834042194,0.0009257777030442,-0.2407361721534535,-0.2722081522570892,-0.0600448898819516,0.0631582025408841,-0.4768778918898501,0.1100911556417936,0.0322229888009386,0.1597194316307349,-0.3790071942867925,-0.3632462742192319,-0.0194545538892070,0.0028813948965788,-0.0557138067200018,-0.1074853030015554,-0.6255139657299073,-0.0221704369493596,0.1796738202882648,0.0002085795373440,0.0934547123784503,0.4841990334262007,-1.9832089217657067,-1.1031927152804104,0.5706580083083955,0.1969612254101664,0.1694623339239064,0.1822255514646352,-0.0501989999598572,0.3717585656135963,-0.0548875703593387,0.0012649807623618,0.0000000000000000,0.0000000000000000,-0.1757251616844116,-0.6377501063948168,0.0972416941948468,0.7435990332528032,-0.1757251616844116,-0.6377501063948168,0.0972416941948468,0.7435990332528032,-0.1894045909894445,-0.8264581099266505,0.2130882026587206,0.4854753457553391,-0.1187746716305592,-0.7879715076609554,0.3279336711750966,0.5073982536461843,-0.3236488040844679,-0.7281881426672093,0.4508402224150046,0.4021648596612628,-0.5278319667795113,-0.3483804723000812,0.1714609850029735,0.7553976383253098,-0.5031433727706633,-0.4374160012360988,0.2342054674201231,0.7075745807546400,-0.5914927313831294,-0.4643254992879410,0.1748907939768741,0.6355717029683342,-0.5914927313831294,-0.4643254992879410,0.1748907939768741,0.6355717029683342,-0.0847382880033614,-0.8466598601084461,0.0850548122527217,0.5184131390503721,-0.1765597600229925,-0.8481560005654689,-0.0685466156056415,0.4947316558847072,-0.3772097457023214,-0.7799068905335934,0.0536260423028667,0.4965705362104593,-0.3382197281500667,-0.3465089337555286,-0.1754148230793904,0.8571864523904518,-0.3560482182310047,-0.4421855237614816,-0.1356193605662762,0.8119784590184064,-0.4591476721075533,-0.4206598761906579,-0.1922652255294279,0.7584607879209010,-0.4591476721075533,-0.4206598761906579,-0.1922652255294279,0.7584607879209010,-0.1658155057065433,-0.6403981173636413,0.0857002496812347,0.7450174068764848,-0.1055408413494694,-0.8790012214492224,0.1244039846963931,0.4480419981315157,0.1711450893940787,-0.6478109216550096,0.6070094797464471,0.4273053470982172,-0.1655342208219479,-0.6573766995985578,0.7343354106580634,0.0347246485285557,0.6120270409119327,-0.3432119890674988,0.4799706252553510,-0.5265516410048519,0.5656459115652654,-0.4613744216574642,0.3552739551368381,-0.5839167428419643,0.5656459115652654,-0.4613744216574642,0.3552739551368381,-0.5839167428419643,-0.0419850750286451,-0.9531736509757607,0.2269895904668340,-0.1953790428374484,0.0927144414753343,-0.8778350089715130,-0.4352814952634053,-0.1770303625007735,0.3856035715757510,-0.7851401576777161,-0.3472581828753555,-0.3380481812049023,-0.1786162346874424,-0.0737098322066217,-0.5209422360077413,-0.8314338747521701,-0.2042964553630837,-0.1223515710064246,-0.3289849912189943,-0.9138172284165899,-0.2042964553630837,-0.1223515710064246,-0.3289849912189943,-0.9138172284165899,-0.1661111110864489,-0.6403215047374547,0.0860441583569501,0.7449777662165709
0.3956308728978438,1.2326534104591151,0.1140091088103783,-0.1749846612247420,-0.6395237129933676,0.0969220510497158,0.7422909839648838,-0.6841122692196986,0.2872781512153817,0.5311905659648851,1.2604665023506973,-0.2439722998039146,-0.2626887947798436,-0.6477662142086298,-0.3637531180361733,0.4794953219502798,1.2385865530589422,-0.2260276136106029,-0.2621851325447521,-0.0219645976053779,-0.7758002548025763,1.1828333945072860,1.0561120881217101,-2.1723570270519543,0.3785273625716372,-2.1088141669262743,-1.3952110795021602,-0.7199582805610654,-2.2039708053807701,-0.4357972050844666,0.0009114299820862,-0.1828262489058921,-0.2131803723401195,-0.0034066980263618,0.0480262225752904,-0.0917942902473463,0.0468946079249216,-0.0005328925788410,0.1510735413084547,-0.1968709500806258,-0.3359655972314829,-0.0438973814195891,0.0014869339412895,-0.1798124699628054,-0.0891041260844646,-0.4429662698111299,-0.0559501083610125,0.0952077994065640,0.0029083793927731,0.5316619421125361,0.0452549489685644,-1.7162140331258771,-0.8208989285721520,0.8745163920668092,0.1682722283952902,0.3009056966857920,-0.4912644295518674,-0.0051485753570189,-0.0139615855489398,-0.1100978669673429,-0.0008087585023244,0.0000000000000000,0.0000000000000000,-0.1749846612247420,-0.6395237129933676,0.0969220510497158,0.7422909839648838,-0.1749846612247420,-0.6395237129933676,0.0969220510497158,0.7422909839648838,-0.1889647626233755,-0.8277817169729811,0.2124426163838777,0.4836712543411355,-0.1178596988173697,-0.7888963358170398,0.3286289815965908,0.5057219148740887,-0.3209433329113587,-0.7302353828257170,0.4499289250846729,0.4016411646000422,-0.5245035371828396,-0.3529958157463590,0.1741743380948813,0.7549525107564463,-0.4994220934162466,-0.4422071815315546,0.2366817128039982,0.7064079190055971,-0.5876375553420825,-0.4693961015185646,0.1767278259162630,0.6349147021275103,-0.5876375553420825,-0.4693961015185646,0.1767278259162630,0.6349147021275103,-0.0834693625333862,-0.8487775379634993,0.0845416909809354,0.5152302971031250,-0.1752413481093979,-0.8500755900627144,-0.0703000543728337,0.4916501433412840,-0.3724332321530812,-0.7839843917423869,0.0486756381562558,0.4942596922088728,-0.3315126154451741,-0.3514438996088532,-0.1765650473978634,0.8575612836793720,-0.3493227891962684,-0.4459893882310790,-0.1380196330601161,0.8124146942438683,-0.4525244398280748,-0.4241205144480777,-0.1951351909550891,0.7597800193697553,-0.4525244398280748,-0.4241205144480777,-0.1951351909550891,0.7597800193697553,-0.1676097741507502,-0.6414960442231078,0.0883691061694620,0.7433577133050073,-0.1065540283706596,-0.8784544501211355,0.1274248313890788,0.4480255912844968,0.1620751640662017,-0.6571832039023809,0.5966821139440692,0.4310595464674829,-0.1720972609543861,-0.6626703440937221,0.7270919480675655,0.0508708844627109,0.5990705595246415,-0.3644720216184277,0.4857907918936060,-0.5218063976989858,0.5483371911319813,-0.4812731869578999,0.3598412350989905,-0.5815640376255292,0.5483371911319813,-0.4812731869578999,0.3598412350989905,-0.5815640376255292,-0.0410382640673065,-0.9526771028629154,0.2296972572569798,-0.1948367741769639,0.0936227886934636,-0.8778831128542582,-0.4355177751550154,-0.1757278609856794,0.3866133495992415,-0.7848157619756317,-0.3478964723835963,-0.3369901811170660,-0.1782006679683616,-0.0753859264103304,-0.5221927391846961,-0.8305878804664021,-0.2036471340148694,-0.1242590937892536,-0.3290502355581284,-0.9136812709568605,-0.2036471340148694,-0.1242590937892536,-0.3290502355581284,-0.9136812709568605,-0.1679026148538990,-0.6414194595348540,0.0887084573995293,0.7433172932476649
0.3922806083610578,1.2287869244253231,0.1138817009567480,-0.1748839617019552,-0.6403421723109309,0.0970849844439329,0.7415874918679977,-0.6848260655996842,0.2894968226884578,0.5264696683460094,1.2540809867557872,-0.2446570736793452,-0.2626454794012165,-0.6494685646916389,-0.3655030421000496,0.4695914134413710,1.2373417832342766,-0.2251253006228329,-0.2621514048255778,-0.0177373265341520,-0.7762116217786130,1.1552685591976637,1.0468723355928735,-2.1562528637790357,0.3814310600429434,-2.1043020738913971,-1.3979382695148035,-0.7203291381729243,-2.2026644789297882,-0.4366514809479256,0.0009165017092313,-0.1646051545780489,-0.1784556978375314,-0.0154635281113238,-0.0270510666662385,-0.1402830788198825,0.0373291007538834,-0.0696381764989422,0.0724275880403131,-0.2530726581201139,-0.3031573039297687,-0.0292638126505945,0.0021191631720452,-0.0672880187373435,-0.0861032057179013,-0.4897400516980165,-0.0579555828704640,0.0202687297694460,0.0002060763388619,0.0338676529772267,-0.1025794368582796,-1.1654004913916449,-0.2456102833782476,0.7250741027016520,0.1276573439578388,0.1868352750307572,0.0615079001767012,-0.0222400710415018,0.0627325047303954,-0.0232013947332662,0.0001996198572661,0.0000000000000000,0.0000000000000000,-0.1748839617019552,-0.6403421723109309,0.0970849844439329,0.7415874918679977,-0.1748839617019552,-0.6403421723109309,0.0970849844439329,0.7415874918679977,-0.1888907799943415,-0.8284536632022730,0.2125908676263032,0.4824830817363018,-0.1173569186981862,-0.7891489265482978,0.3298095219957100,0.5046751475576116,-0.3188401988889529,-0.7313477983908315,0.4498694176769190,0.4013587328069063,-0.5222013926587944,-0.3564955109283045,0.1770516051712972,0.7542343039795054,-0.4967016009845810,-0.4458452932099824,0.2394349284625603,0.7051102106295062,-0.5847572068770994,-0.4733596978162358,0.1789908012404228,0.6339967654175577,-0.5847572068770994,-0.4733596978162358,0.1789908012404228,0.6339967654175577,-0.0829657063070200,-0.8498281955347000,0.0846723142546332,0.5135555752301560,-0.1748734388361293,-0.8510704472778138,-0.0711087652637978,0.4899407287240221,-0.3684573312452234,-0.7868550189785151,0.0450657004227174,0.4930187185141935,-0.3262894906042224,-0.3550340702098847,-0.1769940412109388,0.8579971367593598,-0.3441082662926395,-0.4491783268554593,-0.1392164622881085,0.8126789700616025,-0.4473743229287255,-0.4271294891755607,-0.1967302522880271,0.7607324250322037,-0.4473743229287255,-0.4271294891755607,-0.1967302522880271,0.7607324250322037,-0.1691764408409594,-0.6418736866119675,0.0904792188617942,0.7424223954419114,-0.1071879532757957,-0.8785143208679943,0.1299964000533028,0.4470170764921330,0.1547979028795142,-0.6643112092940400,0.5893870487237243,0.4328407712625189,-0.1789848731565860,-0.6661338175260973,0.7215623480699277,0.0598158020680191,0.5869274261332520,-0.3789011018881751,0.4933608655367673,-0.5182134770510446,0.5332112815122825,-0.4944077590295607,0.3664416276016519,-0.5804887859726909,0.5332112815122825,-0.4944077590295607,0.3664416276016519,-0.5804887859726909,-0.0404074560272467,-0.9524323025865564,0.2319812686899851,-0.1934544842180210,0.0935527676216548,-0.8783292094606255,-0.4352934640465181,-0.1740841165557129,0.3868378520198118,-0.7852257137873966,-0.3482105923589427,-0.3354496057842449,-0.1781035175186109,-0.0774395265677955,-0.5225216365575092,-0.8302128619226006,-0.2031548201382885,-0.1263730448298095,-0.3288782421223370,-0.9135628464717374,-0.2031548201382885,-0.1263730448298095,-0.3288782421223370,-0.9135628464717374,-0.1694704341178566,-0.6417961278010006,0.0908192768530824,0.7423808734412745
0.3894622370732566,1.2256685648898040,0.1137411656625520,-0.1748946282511688,-0.6410394995613098,0.0971595771772814,0.7409724998768865,-0.6848956553982306,0.2919909712523131,0.5232703534375576,1.2488711189474051,-0.2457559871584431,-0.2626479488469207,-0.6502974363117738,-0.3663321657026216,0.4616083131418458,1.2359735742171338,-0.2248844716080277,-0.2621597764686653,-0.0154445635901671,-0.7798933625062475,1.1351689635816959,1.0434017511757141,-2.1430406112303206,0.3836289142100731,-2.0990473676980050,-1.3961995015189561,-0.7205561490081727,-2.2022052777186083,-0.4369727278347229,0.0009130256386696,-0.1303048873783997,-0.1381990538779405,0.0046810037405699,0.0515936948654948,-0.1208902837269654,0.0141457223074510,0.0021223493462426,0.1168236346537362,-0.1349889093046572,-0.2347844139425602,-0.0603868737251222,-0.0006048168113185,-0.0316927395084445,-0.0359714679084777,-0.3598167103075566,-0.0723807428604057,0.0075287099531877,-0.0009350543081249,0.1027429029715202,-0.2373237658697988,-0.8894258586882536,-0.1148580816274683,0.5819211941902036,0.0961256120946887,0.2707360568722949,0.1166499925809136,-0.0094414088367417,0.0142719130135837,-0.0120469031081126,-0.0003123486538884,0.0000000000000000,0.0000000000000000,-0.1748946282511688,-0.6410394995613098,0.0971595771772814,0.7409724998768865,-0.1748946282511688,-0.6410394995613098,0.0971595771772814,0.7409724998768865,-0.1889382033336494,-0.8289545433274428,0.2126438862047088,0.4815800017417686,-0.1169280651365550,-0.7892395543659395,0.3308836397703935,0.5039293307002192,-0.3171926725421992,-0.7320929278977242,0.4500238395508120,0.4011325183073786,-0.5204801237104717,-0.3592472475981571,0.1795357582790955,0.7535308669289070,-0.4945647924783442,-0.4488555471697559,0.2419469233517345,0.7038437682443603,-0.5824720173784369,-0.4766727015995175,0.1810876900682330,0.6330219056451858,-0.5824720173784369,-0.4766727015995175,0.1810876900682330,0.6330219056451858,-0.0827593499507649,-0.8505329453610377,0.0847733720202062,0.5124042098261180,-0.1746885133535388,-0.8517486804022509,-0.0715332173274935,0.4887648796242750,-0.3651865928457214,-0.7890694796216482,0.0423507984442166,0.4921529422918162,-0.3221691177191345,-0.3579150470612586,-0.1770929058748650,0.8583367528913157,-0.3400064704622927,-0.4519710014438030,-0.1398228799835829,0.8127529613177404,-0.4433197017095389,-0.4298183465058846,-0.1976977817780587,0.7613405402073029,-0.4433197017095389,-0.4298183465058846,-0.1976977817780587,0.7613405402073029,-0.1698731750649941,-0.6423884147322918,0.0913585336614419,0.7417100830771426,-0.1071711344789912,-0.8795083543853146,0.1312253941137128,0.4447013587123635,0.1490878294670573,-0.6705376337030109,0.5840670606033439,0.4324555117129829,-0.1860426985965957,-0.6690041094581987,0.7168038316296551,0.0633552112141025,0.5760242331994442,-0.3874756803328017,0.5007984112498678,-0.5169715961319663,0.5205737663030042,-0.5017548447047874,0.3729540440481494,-0.5815069308963655,0.5205737663030042,-0.5017548447047874,0.3729540440481494,-0.5815069308963655,-0.0404577730926595,-0.9525284232472173,0.2329108282355666,-0.1918471203671687,0.0923391498175542,-0.8793545495736149,-0.4339279054720868,-0.1729613552437750,0.3861893352574092,-0.7865856397440785,-0.3472616370245111,-0.3339912934986412,-0.1774864635089591,-0.0795527457720956,-0.5214714944088316,-0.8308052698618508,-0.2021355336448033,-0.1282852695888232,-0.3274780278088357,-0.9140253043253718,-0.2021355336448033,-0.1282852695888232,-0.3274780278088357,-0.9140253043253718,-0.1701666165249101,-0.6423107453634831,0.0916973559501864,0.7416682708076537
0.3872250510932503,1.2232647521766105,0.1135496693642732,-0.1749450284927163,-0.6416912923589326,0.0970419083759359,0.7404116357372852,-0.6850001989195135,0.2943991685615363,0.5207339324260494,1.2450397650580602,-0.2469003826668515,-0.2626597584583507,-0.6506251519167577,-0.3666041433214166,0.4551662963178261,1.2346673329265312,-0.2247870552857108,-0.2621883436984976,-0.0144312600853528,-0.7828330607880636,1.1203535872408548,1.0411344881724418,-2.1358542985878057,0.3850176239953907,-2.0942890068768825,-1.3914353806032675,-0.7208656409156378,-2.2015967589035927,-0.4371305035525833,0.0009079239300965,-0.0990501953630314,-0.1053392058815913,-0.0099450584951669,0.0062615930069066,-0.0782247056537876,-0.0203335210544880,-0.0078449049093674,0.1426773057608952,-0.1044481732809289,-0.1494762509799054,-0.0426057228942633,-0.0004143046750682,-0.0222578678233510,0.0085685470776970,-0.2774808013136525,-0.0609787810510870,0.0048486925653779,-0.0011962778437832,0.1147128409855784,0.0582120208485911,-0.6617451861572426,-0.1830972476224399,0.0843293400860878,0.0371994163218261,0.2475009695325985,0.2207676742724189,-0.0114657712082433,0.0079830600029611,-0.0093125590431748,-0.0006878760635375,0.0000000000000000,0.0000000000000000,-0.1749450284927163,-0.6416912923589326,0.0970419083759359,0.7404116357372852,-0.1749450284927163,-0.6416912923589326,0.0970419083759359,0.7404116357372852,-0.1890808884129001,-0.8293997688961203,0.2125136436374762,0.4808143012223895,-0.1165875730676732,-0.7893086488160994,0.3317497283813773,0.5033302220502721,-0.3159303861902665,-0.7326587175290933,0.4501850709981444,0.4009146998560785,-0.5191884784574622,-0.3613409691955034,0.1814440158973577,0.7529635428843282,-0.4929052444338850,-0.4512786862104053,0.2439734146941165,0.7027580951538558,-0.5806884473425485,-0.4793414516271505,0.1827765095882751,0.6321593528673003,-0.5806884473425485,-0.4793414516271505,0.1827765095882751,0.6321593528673003,-0.0827371792690033,-0.8510710594233588,0.0847146933789821,0.5115232464945415,-0.1745943603784882,-0.8522541547196342,-0.0718427673841636,0.4878711734277126,-0.3626005012314102,-0.7907851866465264,0.0402213880916388,0.4914894760085204,-0.3189453140795076,-0.3602684107453087,-0.1771179555550831,0.8585509819840411,-0.3367986331121970,-0.4542917771281273,-0.1402268315517534,0.8127251058509758,-0.4401464234060304,-0.4320636331348007,-0.1984076610809984,0.7617260287725525,-0.4401464234060304,-0.4320636331348007,-0.1984076610809984,0.7617260287725525,-0.1702365531992834,-0.6429564476995483,0.0916118786076288,0.7411030873059340,-0.1070680732326259,-0.8806050053978364,0.1317518145882641,0.4423942941711945,0.1446417121583328,-0.6756262653020317,0.5799593656568125,0.4315727736140017,-0.1918910816887077,-0.6713761240726397,0.7128610098916031,0.0652770508667568,0.5677292815316435,-0.3928615525669311,0.5061205611380191,-0.5168996430639134,0.5112308338066788,-0.5061295210793810,0.3775357753813261,-0.5830460365738757,0.5112308338066788,-0.5061295210793810,0.3775357753813261,-0.5830460365738757,-0.0408659371674901,-0.9527312273787965,0.2332498192362272,-0.1903357701089899,0.0906627323860920,-0.8807137018223460,-0.4317935215109421,-0.1722730366593895,0.3852628363741223,-0.7884006845185029,-0.3454223292862070,-0.3326865221048390,-0.1762117193141733,-0.0817497308569242,-0.5197841867806137,-0.8319199544751764,-0.2004635515092840,-0.1300842572377215,-0.3254340956004467,-0.9148688976874852,-0.2004635515092840,-0.1300842572377215,-0.3254340956004467,-0.9148688976874852,-0.1705288556415022,-0.6428789832287211,0.0919488115285277,0.7410613593859129
0.3857066981401124,1.2216435663625511,0.1133274674723009,-0.1750568341202692,-0.6423727838213839,0.0964310566119450,0.7398738830057847,-0.6849114620686684,0.2972315123284567,0.5189868958402861,1.2427792118829113,-0.2473201074580098,-0.2626526508206224,-0.6506917912744619,-0.3664878856967620,0.4502074086208314,1.2334524932168358,-0.2247072595105581,-0.2622134575761825,-0.0119168465462258,-0.7771075289580153,1.1097533504450343,1.0374051937654729,-2.1373564456268466,0.3864637299018945,-2.0891916545655982,-1.3849102102966317,-0.7211020405788060,-2.2011720326308679,-0.4372658844103879,0.0008959554184231,-0.0653672334312490,-0.0640139299174030,-0.0074111192699760,0.0732013053461541,-0.1251276841347858,-0.0429722639066601,0.0514535987227615,0.1482388059129613,-0.0434425019839018,-0.0853932212148166,-0.0138024616294551,0.0000391250750764,0.0058524910593184,0.0081538650198138,-0.1891828238808848,-0.0621174428089158,0.0030316910987749,-0.0014685750418627,0.2010514032484169,0.4113480491235817,-0.4263048414495699,-0.1950150809720473,-0.1285113591349095,0.1163276385850160,0.3124422495805586,0.3661130191857470,-0.0048472724122666,0.0085520005252368,-0.0075231060835654,-0.0006828689907345,0.0000000000000000,0.0000000000000000,-0.1750568341202692,-0.6423727838213839,0.0964310566119450,0.7398738830057847,-0.1750568341202692,-0.6423727838213839,0.0964310566119450,0.7398738830057847,-0.1894437421475314,-0.8298637107971621,0.2119323842145781,0.4801270192191101,-0.1163379810240309,-0.7893847135644312,0.3323565675110279,0.5028681340016886,-0.3150238489880536,-0.7330912128832937,0.4502781384824769,0.4007328863055889,-0.5182885525699038,-0.3626975063260626,0.1826674675509757,0.7526354306557475,-0.4918030568389797,-0.4527521117241184,0.2451941694052450,0.7021574594796084,-0.5795151378932258,-0.4809614797639215,0.1837952947283350,0.6317100201608473,-0.5795151378932258,-0.4809614797639215,0.1837952947283350,0.6317100201608473,-0.0829567825546132,-0.8515916829137460,0.0842116723009598,0.5107036049105153,-0.1746323629126738,-0.8526786008833844,-0.0723823442225001,0.4870354583230518,-0.3607006358760304,-0.7921188735660432,0.0382466058077175,0.4908970753256519,-0.3163605917628127,-0.3622194654093382,-0.1774365451553500,0.8586205840191516,-0.3342600789892677,-0.4562044303422238,-0.1408472618522353,0.8125944659908427,-0.4376219340821993,-0.4338763257245185,-0.1992781157351118,0.7619229681372057,-0.4376219340821993,-0.4338763257245185,-0.1992781157351118,0.7619229681372057,-0.1710968595029699,-0.6434388496468540,0.0918720217327349,0.7404538088605486,-0.1082225949900886,-0.8796984190112517,0.1321347248637686,0.4438006038840998,0.1420108752336339,-0.6778540626712595,0.5760579516383640,0.4341704934581088,-0.1942409526841101,-0.6724355303534959,0.7106965644773002,0.0707905576948273,0.5650356510505785,-0.3980226129150268,0.5065400265657742,-0.5154899748170549,0.5073466419624612,-0.5110745404904893,0.3775739983589051,-0.5820997120039819,0.5073466419624612,-0.5110745404904893,0.3775739983589051,-0.5820997120039819,-0.0415289213155560,-0.9528414699565171,0.2340154031107470,-0.1886935953666275,0.0885662708901539,-0.8826292368663641,-0.4285273690100568,-0.1717147049574674,0.3841434607363750,-0.7908929617544600,-0.3424778921982206,-0.3311057504426694,-0.1741320284114170,-0.0844083145335534,-0.5173979295118063,-0.8335782240772766,-0.1979227928755026,-0.1321209774439776,-0.3225933946559285,-0.9161354250895298,-0.1979227928755026,-0.1321209774439776,-0.3225933946559285,-0.9161354250895298,-0.1713855279190218,-0.6433620204725828,0.0922042249088553,0.7404125149822302
0.3847908100419287,1.2207823532906510,0.1129496001399009,-0.1750450160028936,-0.6431769388287507,0.0956654455381252,0.7392772079953606,-0.6844683671459578,0.2990952850342999,0.5178279446248263,1.2416212318655619,-0.2474955253450149,-0.2626434028620994,-0.6506488143479426,-0.3666942438548410,0.4470490664407080,1.2324132447347156,-0.2246635785492864,-0.2622372034559929,-0.0098376312517612,-0.7722308711250438,1.1034116233102780,1.0317995561889792,-2.1401078525542925,0.3877137241137709,-2.0823266921180581,-1.3734641174399700,-0.7212643031748099,-2.2008591565104667,-0.4373817004091933,0.0008906123765537,-0.0371137420353928,-0.0302924828373940,-0.0151518956354554,0.0706792441405326,-0.1095069910759525,-0.0321119887588136,0.0415074274874935,0.0785146013864596,-0.0289884828575274,-0.0336212869104718,-0.0092707207481086,-0.0001504987757474,0.0015589052815176,-0.0028991949369555,-0.0949207922452743,-0.0471095224772572,0.0019865221254408,-0.0008965750104845,0.1281066921217060,0.1075651631691924,-0.2475792257248813,-0.3361285591185189,-0.1289777366124785,0.0407453954312438,0.4252438605504838,0.6391393833593467,0.0000986015578672,-0.0045566733181519,-0.0076360998413834,-0.0003317608885063,0.0000000000000000,0.0000000000000000,-0.1750450160028936,-0.6431769388287507,0.0956654455381252,0.7392772079953606,-0.1750450160028936,-0.6431769388287507,0.0956654455381252,0.7392772079953606,-0.1897483352350719,-0.8303327759718263,0.2110843873031101,0.4795690063581148,-0.1162185371579606,-0.7896415389677672,0.3323783647484064,0.5024779738502519,-0.3145386895409538,-0.7335570333821220,0.4499612185099671,0.4006175150870276,-0.5175942477529083,-0.3636181745465205,0.1830187970516031,0.7525836417025955,-0.4910480794680904,-0.4537241142709334,0.2455024827406331,0.7019506697396487,-0.5787365423242539,-0.4819646002770485,0.1839759902338964,0.6316066605695418,-0.5787365423242539,-0.4819646002770485,0.1839759902338964,0.6316066605695418,-0.0831232066329060,-0.8521551977755234,0.0835332722990361,0.5098472750169764,-0.1746847405301054,-0.8531023139798406,-0.0732306667938222,0.4861470484833811,-0.3595196097497936,-0.7931229204210308,0.0364008547444616,0.4902822259495476,-0.3144248230585536,-0.3638531836103532,-0.1780909954640283,0.8585053807378488,-0.3324066499470888,-0.4577963406423118,-0.1417222321716847,0.8123072931309533,-0.4357563505689492,-0.4353376959734960,-0.2003591052627867,0.7618751356630652,-0.4357563505689492,-0.4353376959734960,-0.2003591052627867,0.7618751356630652,-0.1717967364179333,-0.6440521823771137,0.0919331683721619,0.7397506068158912,-0.1093460944068331,-0.8787822697003558,0.1322508620146760,0.4453031142880518,0.1403869702831119,-0.6789388143160547,0.5734026983355098,0.4365122341142278,-0.1946017595880577,-0.6731532968157514,0.7093682623665660,0.0761016589724241,0.5644574176961142,-0.4022786759584812,0.5051907847873086,-0.5141419662339464,0.5056632408611155,-0.5154805029222792,0.3758374138526680,-0.5808018390960599,0.5056632408611155,-0.5154805029222792,0.3758374138526680,-0.5808018390960599,-0.0424392973708982,-0.9531359363217023,0.2345115574648538,-0.1863736095755629,0.0854534183138012,-0.8854940114919534,-0.4235140367264444,-0.1709793250836088,0.3824169023114124,-0.7946512089779990,-0.3379506863378542,-0.3287493003796682,-0.1710149714233525,-0.0882655034097249,-0.5137078878287767,-0.8361024377666857,-0.1941374956015223,-0.1350332142661581,-0.3182656506411675,-0.9180324827959372,-0.1941374956015223,-0.1350332142661581,-0.3182656506411675,-0.9180324827959372,-0.1720837334433135,-0.6439755592821721,0.0922628201759157,0.7397095644539216
0.3843551743191008,1.2204594595328857,0.1125658940691742,-0.1747426070982822,-0.6441704124988068,0.0947735485651720,0.7385983180443729,-0.6830157029190881,0.3004566654359460,0.5173936245443838,1.2413249400849742,-0.2476284851439333,-0.2626432668987530,-0.6499739254513610,-0.3666043011261844,0.4457386396661610,1.2316656408940712,-0.2246647839959305,-0.2622702029473100,-0.0086690855569063,-0.7701355777474098,1.1004983806870288,1.0256565818308903,-2.1431213099473707,0.3890857799204589,-2.0737677489608428,-1.3564389004138426,-0.7212883505252282,-2.2004677867001647,-0.4374636807680191,0.0008892264414263,-0.0219719843275506,-0.0137312950339023,-0.0180351111389978,0.0711969780252860,-0.1357593975299624,-0.0164628722576877,0.1041753407243566,0.0690822260324115,-0.0158834141601639,-0.0070814753788431,-0.0042668934257832,0.0002629634736895,0.0774134502720530,0.0135747086738429,-0.0599345536371922,-0.0355097334330579,-0.0019369207885414,-0.0022030948067778,-0.0055712304594433,0.1317268556503835,-0.0807174669071766,-0.2721629412333232,-0.1682277059918351,0.0910880862480362,0.4110824718297862,1.0242711279194527,-0.0063776891425625,0.0470828309374228,-0.0003327999485587,0.0001952633848727,0.0000000000000000,0.0000000000000000,-0.1747426070982822,-0.6441704124988068,0.0947735485651720,0.7385983180443729,-0.1747426070982822,-0.6441704124988068,0.0947735485651720,0.7385983180443729,-0.1898307996662237,-0.8308003624800562,0.2098832473470704,0.4792536360677265,-0.1160004526025605,-0.7900539792577461,0.3318055600392271,0.5022585740254276,-0.3142644590846096,-0.7340839494916476,0.4492590860702602,0.4006555608478629,-0.5169308394040955,-0.3641561485335137,0.1826975203263717,0.7528575049933479,-0.4904118743215820,-0.4543419675830054,0.2451368397137006,0.7021235645044073,-0.5781286729906804,-0.4825293181824700,0.1835324243461573,0.6318611744473754,-0.5781286729906804,-0.4825293181824700,0.1835324243461573,0.6318611744473754,-0.0831084531592918,-0.8527277341405461,0.0826644235599119,0.5090333874300454,-0.1745080160589689,-0.8535089607738880,-0.0741650144855392,0.4853544651450109,-0.3588896642232355,-0.7938065272494885,0.0349759970182518,0.4897408353837967,-0.3131561352424380,-0.3650547789885478,-0.1787689749752663,0.8583180627738964,-0.3312214850176052,-0.4589666683080197,-0.1425392553524111,0.8119879838572417,-0.4345511842381822,-0.4363880996916438,-0.2013287569665586,0.7617069163024642,-0.4345511842381822,-0.4363880996916438,-0.2013287569665586,0.7617069163024642,-0.1719523830850125,-0.6449208300448767,0.0915752994208951,0.7390016681047378,-0.1097955510645188,-0.8788477350781623,0.1319121093551073,0.4451637798832113,0.1392221525673781,-0.6801017852451449,0.5720451972990388,0.4368558643167964,-0.1942604409293188,-0.6741971086353648,0.7081098808081117,0.0793822177794346,0.5643464830875392,-0.4048274998725708,0.5033242813400931,-0.5140937756743675,0.5048246227522549,-0.5182251672527939,0.3734604784949217,-0.5806221209110105,0.5048246227522549,-0.5182251672527939,0.3734604784949217,-0.5806221209110105,-0.0436205036231724,-0.9537269799889490,0.2342890497661938,-0.1833323224760794,0.0812313944758604,-0.8892269081759152,-0.4168477143695160,-0.1700439629987479,0.3799330928616757,-0.7996493590486508,-0.3319473718940115,-0.3256112556627942,-0.1670136404908971,-0.0933204240789910,-0.5086302748000116,-0.8394599370408089,-0.1892547734650347,-0.1388493457129655,-0.3123718667245553,-0.9205038331233586,-0.1892547734650347,-0.1388493457129655,-0.3123718667245553,-0.9205038331233586,-0.1722389804925778,-0.6448443476322522,0.0919037159784894,0.7389608974194485
0.3840781081659773,1.2202893991539163,0.1121640176812975,-0.1744675461175695,-0.6452922507732538,0.0940112310792779,0.7377810480587439,-0.6812023882561907,0.3015975593060251,0.5171176818451881,1.2412382397442125,-0.2476788262755340,-0.2626329173428676,-0.6486537828512160,-0.3663837577026913,0.4447336273488724,1.2310577455574010,-0.2247461716212620,-0.2623199483948564,-0.0086600084666132,-0.7681072453071106,1.0989222698776728,1.0206228065704235,-2.1463550127917537,0.3910240870810306,-2.0639962728433363,-1.3354083245418109,-0.7212572977630238,-2.2000974078945004,-0.4375247238384986,0.0008866770025861,-0.0178600179937952,-0.0096026863495850,-0.0170639782513545,0.0599800650060275,-0.1354748045766735,-0.0095045654253782,0.0802118869843860,0.0482601859091024,-0.0128674341403844,-0.0029692715867244,-0.0017096592058266,0.0005602630041240,0.0575485530259732,0.0081397553859821,-0.0447967712206973,-0.0273513795299779,-0.0054132702594610,-0.0024662271819014,0.0068264489380113,0.0851238941498001,-0.0834873395906033,-0.2345983923659876,-0.1551277324424225,0.0974242597364958,0.5515683451822812,1.0760673145112294,0.0074269698236536,-0.0005384674198537,-0.0047624917161556,-0.0003328921254865,0.0000000000000000,0.0000000000000000,-0.1744675461175695,-0.6452922507732538,0.0940112310792779,0.7377810480587439,-0.1744675461175695,-0.6452922507732538,0.0940112310792779,0.7377810480587439,-0.1899030718683073,-0.8312323005745761,0.2087191254065066,0.4789843551370140,-0.1158153556272218,-0.7904595222104003,0.3311865857426371,0.5020717006284867,-0.3140857131156985,-0.7345676399547950,0.4485564134941055,0.4006965074232005,-0.5163681215466932,-0.3645615587399432,0.1822543670819201,0.7531548171651108,-0.4899014074353438,-0.4548004657091924,0.2446411704169211,0.7023559248134882,-0.5776499444173560,-0.4829180706918256,0.1829833404207723,0.6321611945084629,-0.5776499444173560,-0.4829180706918256,0.1829833404207723,0.6321611945084629,-0.0831942209388291,-0.8531676266607796,0.0819595776536281,0.5083958595929289,-0.1744200457758522,-0.8538216610083097,-0.0748394464447703,0.4847321694300899,-0.3584618797816069,-0.7943166005560226,0.0339273938692935,0.4893006752190301,-0.3122571724082310,-0.3659932521047471,-0.1792803547267288,0.8581392381790183,-0.3303908380123553,-0.4599093908143915,-0.1431358846300222,0.8116879726406017,-0.4337071806716470,-0.4372397423219589,-0.2020542921155367,0.7615074209787899,-0.4337071806716470,-0.4372397423219589,-0.2020542921155367,0.7615074209787899,-0.1716673909588901,-0.6460428162573023,0.0908107255381513,0.7381818194529961,-0.1099890209484704,-0.8790955138602489,0.1310292943081862,0.4448874203825960,0.1385697269544370,-0.6812231841335973,0.5708875299522659,0.4368304388611862,-0.1938062521390181,-0.6753368574415177,0.7068716117929909,0.0818033621193031,0.5643963374980482,-0.4065744320848093,0.5013305518935489,-0.5146082812507137,0.5041961658148573,-0.5203750800967069,0.3706515353770374,-0.5810451288106522,0.5041961658148573,-0.5203750800967069,0.3706515353770374,-0.5810451288106522,-0.0450149734719826,-0.9544854672008622,0.2334540973735989,-0.1800842288629034,0.0763397417880424,-0.8936172310231032,-0.4086460168615035,-0.1692008308063672,0.3770826479162432,-0.8054993416945488,-0.3244623314303580,-0.3220305616752855,-0.1618658152253529,-0.0992150842658825,-0.5025403209663138,-0.8434506806675897,-0.1830890920801381,-0.1431822158308876,-0.3053528064494448,-0.9234375458169740,-0.1830890920801381,-0.1431822158308876,-0.3053528064494448,-0.9234375458169740,-0.1719540047701095,-0.6459665887643261,0.0911382267460525,0.7381414566797384
0.3838381352884058,1.2201433691134216,0.1117634820213711,-0.1741998210983479,-0.6464671430184978,0.0933341692446508,0.7369012065251445,-0.6789707300454827,0.3027722907248191,0.5169252976549062,1.2412047908160264,-0.2477194213387195,-0.2626322068079332,-0.6467866846445758,-0.3660260612647958,0.4437811312692281,1.2305272614702658,-0.2248816745364319,-0.2623678806176536,-0.0095580916351818,-0.7652593235602281,1.0976859876136453,1.0167383459563808,-2.1497320788751542,0.3930499653731263,-2.0535016784031415,-1.3104301775166485,-0.7211744356785719,-2.1996392919344498,-0.4375504017725745,0.0008848404707632,-0.0195850943434987,-0.0108318309418390,-0.0197763936553636,0.0621117426756531,-0.1704414165634940,0.0008539789154490,0.1434698451240913,0.0704492971902297,-0.0067431277653786,-0.0005866638455913,-0.0025673609684174,-0.0004701236059215,0.1259857103727363,0.0294644236899904,-0.0480885172974170,-0.0247215478840379,-0.0077996893062547,-0.0023306097935403,-0.0923078140609122,0.2045917622130322,-0.0446247639478799,-0.1630875027386625,-0.1826998859759078,0.1033475666288234,0.4793916866375479,1.4090024422110305,-0.0010704613352873,0.0464908651367337,0.0020900817839752,0.0001559031238403,0.0000000000000000,0.0000000000000000,-0.1741998210983479,-0.6464671430184978,0.0933341692446508,0.7369012065251445,-0.1741998210983479,-0.6464671430184978,0.0933341692446508,0.7369012065251445,-0.1899554623767340,-0.8316443323314848,0.2075950478707865,0.4787367992056658,-0.1156206861582722,-0.7908489830258477,0.3305841578880295,0.5019002465956109,-0.3139218967581596,-0.7350260537943446,0.4478891728760984,0.4007306224880215,-0.5158433522786348,-0.3649290429393253,0.1818166778758659,0.7534421843615554,-0.4894299747209216,-0.4552142899394610,0.2441515273115327,0.7025868499986577,-0.5772119315644915,-0.4832639653798940,0.1824443965128619,0.6324526606837441,-0.5772119315644915,-0.4832639653798940,0.1824443965128619,0.6324526606837441,-0.0833111097229324,-0.8535455846364455,0.0813521052761062,0.5078395700528913,-0.1743573659926084,-0.8540945099821372,-0.0753710694072945,0.4841913659276583,-0.3580850800878058,-0.7947660023403224,0.0330583463626352,0.4889061491516125,-0.3114958790635091,-0.3668178130868993,-0.1796888871693906,0.8579783873480851,-0.3296895426347296,-0.4607637537332637,-0.1436056556094679,0.8114055609865565,-0.4329933232744732,-0.4380204458733112,-0.2026423205412394,0.7613087159111822,-0.4329933232744732,-0.4380204458733112,-0.2026423205412394,0.7613087159111822,-0.1711680968723250,-0.6472764689731133,0.0898794939341651,0.7373305445300236,-0.1100866137279498,-0.8793218192717998,0.1298924308061281,0.4447494036530221,0.1381274322691509,-0.6823843202193690,0.5695880484586575,0.4368545604964388,-0.1935282868802469,-0.6765146648935575,0.7055714636781932,0.0839262771971120,0.5643224821137206,-0.4080696766884565,0.4994631870859675,-0.5153210648656967,0.5034843821292527,-0.5222791943255307,0.3679082068906306,-0.5816970615613591,0.5034843821292527,-0.5222791943255307,0.3679082068906306,-0.5816970615613591,-0.0465384302892606,-0.9553807810843820,0.2323181018295397,-0.1763803764683750,0.0708096544549725,-0.8985343170640221,-0.3991994718951611,-0.1681126275235785,0.3738097935878230,-0.8120914079057820,-0.3158988278737054,-0.3177762010778203,-0.1560216844272105,-0.1059827531984256,-0.4955417584307186,-0.8478580398064095,-0.1760655538752247,-0.1481704828254105,-0.2973331958861711,-0.9266279724797915,-0.1760655538752247,-0.1481704828254105,-0.2973331958861711,-0.9266279724797915,-0.1714543474182832,-0.6472007041286080,0.0902055801343515,0.7372907219268582
0.3835844949841461,1.2199513241801898,0.1112913395445371,-0.1738112533570650,-0.6478587865669656,0.0925909944543412,0.7358638111908896,-0.6764888406383542,0.3039399741371557,0.5167538129021200,1.2412071295064127,-0.2477817177688670,-0.2626421954761300,-0.6449521340872763,-0.3655617552399155,0.4431051154918290,1.2301895151213438,-0.2250384345126906,-0.2624054670446687,-0.0106352822977379,-0.7611341266155895,1.0961491384344306,1.0133633879402943,-2.1530766110527901,0.3948090049493855,-2.0424071160997310,-1.2821712941391952,-0.7207284226224238,-2.1992997397961958,-0.4375654836050720,0.0008813192936167,-0.0205414201527351,-0.0140343811860512,-0.0226877007029799,0.0801903361279990,-0.1814683619201304,0.0065012234046922,0.1144427444590798,0.0505873984060236,-0.0104347217584959,0.0005963812547370,-0.0038040281929065,-0.0005396898510711,0.0700819511547293,0.0190851530405542,-0.0237515706189090,-0.0114775279627624,-0.0071480659662164,-0.0015364254063654,-0.0275134747314049,0.2156647833706607,-0.1047529600337987,-0.1782864504054166,-0.1600745176924100,0.0779431712317860,0.6013852231155111,1.4327348546140335,0.0450193942062257,-0.0021488649737404,-0.0024803039445644,-0.0004070625220457,0.0000000000000000,0.0000000000000000,-0.1738112533570650,-0.6478587865669656,0.0925909944543412,0.7358638111908896,-0.1738112533570650,-0.6478587865669656,0.0925909944543412,0.7358638111908896,-0.1899279165513433,-0.8321323351733168,0.2062897568567684,0.4784638957010696,-0.1153317375984461,-0.7913291834402209,0.3298451310249326,0.5016960267706942,-0.3137049314717208,-0.7355899008496286,0.4470896148846855,0.4007587678399810,-0.5152018788613797,-0.3653713913594360,0.1812923930701937,0.7537929680015967,-0.4888509005899548,-0.4557176098461606,0.2435666331002740,0.7028666675185905,-0.5766775982999270,-0.4836872620494497,0.1817962519272825,0.6328030522487441,-0.5766775982999270,-0.4836872620494497,0.1817962519272825,0.6328030522487441,-0.0833473760176592,-0.8540171862768633,0.0806629523776502,0.5071502228811905,-0.1741502788681498,-0.8544512321675629,-0.0759273217614276,0.4835491847037031,-0.3576734489252433,-0.7952892126242139,0.0321974076785762,0.4884138605284036,-0.3106956135505080,-0.3676854446459455,-0.1800977646939920,0.8578114272194177,-0.3289515920621244,-0.4616712792525704,-0.1440757412165308,0.8111058258858681,-0.4322374141420581,-0.4388547033092006,-0.2032356727476529,0.7610996180014740,-0.4322374141420581,-0.4388547033092006,-0.2032356727476529,0.7610996180014740,-0.1703815815593723,-0.6487692007107781,0.0886969035020232,0.7363433303721695,-0.1101392294910867,-0.8793964620102650,0.1283574709521368,0.4450343496649555,0.1379215640211091,-0.6836512119300984,0.5678334246695134,0.4372229001694344,-0.1933202861586971,-0.6778469996809844,0.7040607885826322,0.0863082728561360,0.5640518573053247,-0.4098493326643592,0.4975264142073796,-0.5160779921203188,0.5025601095131337,-0.5243646444498483,0.3651497763881855,-0.5823578768942593,0.5025601095131337,-0.5243646444498483,0.3651497763881855,-0.5823578768942593,-0.0481465389927467,-0.9563181899052522,0.2307831824670550,-0.1728483529853270,0.0650274700287785,-0.9039064673334791,-0.3882762624292012,-0.1672305907672893,0.3703918824020885,-0.8192425681463487,-0.3059117621701720,-0.3131604409141633,-0.1489940840355320,-0.1133537334496432,-0.4877504480766359,-0.8526729703916275,-0.1677661491018654,-0.1534517110511243,-0.2884570222860217,-0.9301073260032386,-0.1677661491018654,-0.1534517110511243,-0.2884570222860217,-0.9301073260032386,-0.1706677154735641,-0.6486939879639779,0.0890216713936169,0.7363041374980260
0.3833154145655298,1.2197023656080872,0.1107564799467746,-0.1732630426887026,-0.6493657569767836,0.0917308524138982,0.7347717212982826,-0.6738970555996081,0.3050955245100535,0.5165628632548065,1.2412387000906639,-0.2478605151783209,-0.2626536632058630,-0.6434333869201304,-0.3650031547081831,0.4427728401837934,1.2300379269895025,-0.2251476273948894,-0.2624258772550097,-0.0116768226313232,-0.7554147301347264,1.0943513239754774,1.0107248599650638,-2.1563523178890653,0.3963875529390334,-2.0309833288872348,-1.2509484381817708,-0.7198857503228057,-2.1989828126864399,-0.4375630125364754,0.0008779290172204,-0.0204041644805455,-0.0180583154584637,-0.0245840567075143,0.1011378368331319,-0.1762261308018720,0.0059806898320708,0.0914504069979886,0.0442661662521008,-0.0113781193187960,0.0025371717940328,-0.0022211542118447,0.0001748433837790,0.0210150601694253,0.0196943925443313,0.0004679827582823,-0.0016889023388475,0.0007188371396847,0.0000395935063640,-0.0444375302536478,0.2746384148966091,-0.0710486462627062,-0.0159713262355688,-0.1349140127470990,0.0919244012550963,0.6130469641439487,1.5526298289831593,0.0683121730881650,-0.0049884746263898,-0.0018997604406910,-0.0002698760523861,0.0000000000000000,0.0000000000000000,-0.1732630426887026,-0.6493657569767836,0.0917308524138982,0.7347717212982826,-0.1732630426887026,-0.6493657569767836,0.0917308524138982,0.7347717212982826,-0.1897928700787004,-0.8327071705475386,0.2048039612239106,0.4781555939785674,-0.1149520350380036,-0.7919302625991343,0.3289260609832530,0.5014380671890883,-0.3134218207174816,-0.7362976799351273,0.4460972557293617,0.4007863860599806,-0.5143969788526523,-0.3659206867972756,0.1806425958028521,0.7542320940550601,-0.4881225135403087,-0.4563457776374892,0.2428423584266547,0.7032158501920347,-0.5760052893627546,-0.4842163493190339,0.1809928365044648,0.6332408916141979,-0.5760052893627546,-0.4842163493190339,0.1809928365044648,0.6332408916141979,-0.0832083398384965,-0.8546546453065039,0.0798098842312812,0.5062333373221528,-0.1737123611383206,-0.8549443895574165,-0.0766437938080638,0.4827212810957820,-0.3572031119442228,-0.7959345641855974,0.0312236554299445,0.4877696071852346,-0.3097650414274323,-0.3686576737637541,-0.1805951243818782,0.8576261071901043,-0.3280917809560858,-0.4626671995344551,-0.1446539426013295,0.8107836225738033,-0.4313518045722727,-0.4397640181933160,-0.2039443770679467,0.7608875870042037,-0.4313518045722727,-0.4397640181933160,-0.2039443770679467,0.7608875870042037,-0.1694977473428682,-0.6503587332707015,0.0874720884376787,0.7352908713213924,-0.1102450733489984,-0.8791988961243715,0.1266878702955802,0.4458761132600966,0.1378613601028687,-0.6848805257827670,0.5656670229294471,0.4381252446096249,-0.1930958149168498,-0.6791980642139582,0.7024566530152010,0.0892112462881817,0.5636854527371153,-0.4121109759043359,0.4955215105682362,-0.5166059295787283,0.5014830140943448,-0.5268330452399891,0.3624400433020709,-0.5827511853520362,0.5014830140943448,-0.5268330452399891,0.3624400433020709,-0.5827511853520362,-0.0497748454986179,-0.9572946735784970,0.2291163002703040,-0.1691599646614859,0.0589464257819113,-0.9096254668109222,-0.3761500780809769,-0.1661864849385294,0.3666618166651445,-0.8269109696562269,-0.2949106589831030,-0.3079043092913220,-0.1412678793133058,-0.1214664350919176,-0.4791783887729852,-0.8577163652124795,-0.1586277855324268,-0.1592690942118406,-0.2787486239069387,-0.9336861281801319,-0.1586277855324268,-0.1592690942118406,-0.2787486239069387,-0.9336861281801319,-0.1697833909013685,-0.6502842212985113,0.0877950450228500,0.7352523796450150
0.3831260886386811,1.2193499516019346,0.1103047473842361,-0.1725060937446173,-0.6505103283271639,0.0909685688971804,0.7340317975629240,-0.6721378503570843,0.3056661209177752,0.5165155733378073,1.2413355252682849,-0.2478721128374812,-0.2626504030847795,-0.6435448828900744,-0.3648659628808300,0.4432612791583536,1.2302940638278708,-0.2249547407516911,-0.2624031380712968,-0.0151086091135777,-0.7510356587541290,1.0948578218154623,1.0152925471866590,-2.1576227481539734,0.3982208126381560,-2.0209389443796111,-1.2166210420507777,-0.7188747692997317,-2.1984549431242129,-0.4375137650484099,0.0008830829947949,-0.0122965843327610,-0.0233344283386222,-0.0198945261676040,0.1017418363451483,-0.1216695697329445,0.0278955432557177,0.0896199467044107,0.0224780029136920,0.0024681950500372,0.0069014902752400,0.0009421346738034,0.0002975429676428,-0.0121389565888445,0.0021216155529088,0.0347612470215035,0.0190494785374164,0.0146406506329750,0.0016720786683418,-0.2347417438339799,0.2439211666155674,0.0783372811612569,0.3313893907580392,-0.0292198109766346,0.0841485968498156,0.4361426775024672,1.7918573151931443,0.0423975036071312,0.0390385195166522,0.0045896688381084,0.0002877532653462,0.0000000000000000,0.0000000000000000,-0.1725060937446173,-0.6505103283271639,0.0909685688971804,0.7340317975629240,-0.1725060937446173,-0.6505103283271639,0.0909685688971804,0.7340317975629240,-0.1894032166920410,-0.8332524194228027,0.2035092398464798,0.4779129798717138,-0.1144498618909172,-0.7925651897671436,0.3279725981636544,0.5011742450847841,-0.3130708528300500,-0.7370515531669027,0.4450930076487820,0.4007915463488252,-0.5135353815104338,-0.3664977343125162,0.1800071006557985,0.7546908415995376,-0.4873439084435526,-0.4569814116247751,0.2421096017355275,0.7035956545345160,-0.5752821689103589,-0.4847502838881655,0.1801838841113455,0.6337202508289325,-0.5752821689103589,-0.4847502838881655,0.1801838841113455,0.6337202508289325,-0.0826226649876159,-0.8554640388729043,0.0789149191555585,0.5051011868529648,-0.1728894093873128,-0.8555845833530857,-0.0775970811216314,0.4817291415843925,-0.3567080688434926,-0.7966649739832380,0.0301780137718611,0.4870046820463003,-0.3087379536948217,-0.3696035580207492,-0.1811966744772172,0.8574624487434619,-0.3271267737611969,-0.4635218251500465,-0.1453940603389945,0.8105529956247779,-0.4303575102987930,-0.4405164567912527,-0.2047856598211161,0.7607893914593807,-0.4303575102987930,-0.4405164567912527,-0.2047856598211161,0.7607893914593807,-0.1677400639798336,-0.6517555604483806,0.0855933881683996,0.7346779786154695,-0.1096689489704984,-0.8792277458075599,0.1241281681671865,0.4466805239780684,0.1388174574354898,-0.6861785424684099,0.5635674218638912,0.4384979844660195,-0.1941804373854651,-0.6804439448852424,0.7009676330339771,0.0890750977801446,0.5623190387247096,-0.4122288901661928,0.4953829732042260,-0.5181315958898942,0.4998454988021695,-0.5271509709772779,0.3613634173774808,-0.5845364075112789,0.4998454988021695,-0.5271509709772779,0.3613634173774808,-0.5845364075112789,-0.0513800299958856,-0.9584927977397922,0.2263934111115972,-0.1655224232659219,0.0527257732678580,-0.9152829181647187,-0.3636201309466731,-0.1650986763105857,0.3626730858613728,-0.8346194721734267,-0.2835771636563555,-0.3024277793347637,-0.1333411567351059,-0.1298321395701322,-0.4702151571663666,-0.8627058927735424,-0.1492314087739472,-0.1652709966922588,-0.2686774264085299,-0.9371381567443402,-0.1492314087739472,-0.1652709966922588,-0.2686774264085299,-0.9371381567443402,-0.1680276372219048,-0.6516814810695216,0.0859175592339507,0.7346401386910051
0.3830062321116999,1.2189472188072186,0.1098902688370193,-0.1716836964203241,-0.6515620690099391,0.0903609907761715,0.7333665317949069,-0.6705170123636922,0.3060298350156307,0.5165834826465010,1.2414975422851882,-0.2478187072388805,-0.2626372233398195,-0.6438411441566312,-0.3648523925856169,0.4439763419844895,1.2306448188453862,-0.2245976018346701,-0.2623677822436809,-0.0196810340295705,-0.7455892373537857,1.0963143569219025,1.0220092235296661,-2.1580831496959219,0.3994852178190559,-2.0117936632620097,-1.1815160744768987,-0.7177425911881465,-2.1979534947751640,-0.4374375035440031,0.0008809203429787,-0.0093844540680913,-0.0226876694176127,-0.0183001743885173,0.0913146996852038,-0.1118987544746896,0.0318781078848885,0.0661844205185098,0.0143990148416532,0.0026981258701491,0.0083378073806360,0.0040275066766286,0.0010127057899394,-0.0197853463596596,-0.0000343387690649,0.0335368842436950,0.0133827176733284,0.0192002551727909,0.0017893243286485,-0.1959587465203089,0.2695741414509091,0.0474101386236974,0.3126917678587925,-0.0246681886121623,0.0481725379824083,0.5283165033048672,1.6837596009148221,0.0772344197978602,0.0051767974539192,0.0021420243619195,-0.0005111300476169,0.0000000000000000,0.0000000000000000,-0.1716836964203241,-0.6515620690099391,0.0903609907761715,0.7333665317949069,-0.1716836964203241,-0.6515620690099391,0.0903609907761715,0.7333665317949069,-0.1888933469986574,-0.8337598188830837,0.2023616649008020,0.4777170966736146,-0.1138806086992984,-0.7931792491299450,0.3270662895424010,0.5009246729368599,-0.3127021865215939,-0.7377800870399528,0.4441665316536516,0.4007667374804196,-0.5127109392705325,-0.3670447349529888,0.1794270270860785,0.7551235642242070,-0.4866032005130320,-0.4575610839316762,0.2414205677797440,0.7039682444362455,-0.5745929034309796,-0.4852336828165472,0.1794277267763119,0.6341900024842181,-0.5745929034309796,-0.4852336828165472,0.1794277267763119,0.6341900024842181,-0.0819002460893829,-0.8562626555536381,0.0781345513546513,0.5039857203129249,-0.1719723073049529,-0.8562290707000788,-0.0785017318231926,0.4807647887575067,-0.3562411247031606,-0.7973675169342784,0.0292579793542491,0.4862522747015142,-0.3077927858191409,-0.3704563041618968,-0.1817343371060046,0.8573204525852873,-0.3262225187730872,-0.4642122316670311,-0.1460911925168978,0.8103969617940632,-0.4294272543496647,-0.4411133354201588,-0.2055593779782308,0.7607605409466331,-0.4294272543496647,-0.4411133354201588,-0.2055593779782308,0.7607605409466331,-0.1653917807681035,-0.6531875536501092,0.0832839016355034,0.7342039024271864,-0.1087722074528547,-0.8791107097747504,0.1209141517135627,0.4480097485106294,0.1406083269335797,-0.6873253388906826,0.5612840195873069,0.4390597069552885,-0.1953911600413215,-0.6816958287032984,0.6995320228200340,0.0881364893533985,0.5606783771531507,-0.4119284840796436,0.4956947914856967,-0.5198474344369779,0.4981278758594032,-0.5268846167225092,0.3608931252734459,-0.5865299413357674,0.4981278758594032,-0.5268846167225092,0.3608931252734459,-0.5865299413357674,-0.0528896079496812,-0.9597285510287656,0.2229672854225859,-0.1625096530746357,0.0468673529581132,-0.9206736415631580,-0.3509321127502077,-0.1643476473765568,0.3589247714876465,-0.8419393975150361,-0.2719800895886837,-0.2972169076480854,-0.1250220032135420,-0.1378577206106497,-0.4613607129228017,-0.8674739420592839,-0.1395140837426045,-0.1708633481646142,-0.2588021323610752,-0.9404057597530974,-0.1395140837426045,-0.1708633481646142,-0.2588021323610752,-0.9404057597530974,-0.1656798016437632,-0.6531145571156273,0.0836076563779433,0.7341671052328137
0.3829150200210156,1.2185469189432772,0.1094879778386895,-0.1708935443204206,-0.6526103480516127,0.0898386201899190,0.7326828457442751,-0.6687071404008047,0.3064308664800433,0.5167343224444355,1.2417098632966745,-0.2477502877062235,-0.2626300033473365,-0.6438302792820652,-0.3648448943057948,0.4446445975029581,1.2309951104412520,-0.2242031095549999,-0.2623480287257737,-0.0244670178460503,-0.7391721762452165,1.0971151098183456,1.0287847539337354,-2.1588002000707274,0.4000962190496377,-2.0029491497901613,-1.1461865786071690,-0.7167291786259244,-2.1975461726008580,-0.4373429088512988,0.0008763706034671,-0.0087778159602434,-0.0225850170553710,-0.0181920206179868,0.0854022923741037,-0.1166194451379246,0.0360200176957678,0.0951977668571895,0.0219433037388037,0.0098516317361864,0.0116954963664152,0.0032755324170522,0.0001143127158837,0.0064701767415652,0.0005157989090838,0.0326732232227083,0.0179637159004779,0.0196959998416814,0.0006124558588600,-0.2402094460847705,0.3321353346213309,0.0111055786388190,0.3339126416121259,-0.0496623237514435,0.0232953357624541,0.4373698416637696,1.7746322425587924,0.0431508715561258,0.0220196755788528,0.0054736015419682,-0.0001586540070197,0.0000000000000000,0.0000000000000000,-0.1708935443204206,-0.6526103480516127,0.0898386201899190,0.7326828457442751,-0.1708935443204206,-0.6526103480516127,0.0898386201899190,0.7326828457442751,-0.1883837825900412,-0.8342386893121764,0.2012914288617542,0.4775344180041518,-0.1133082214713785,-0.7937526948572252,0.3262347153283927,0.5006883430523312,-0.3123456723350220,-0.7384593926680717,0.4433295338728312,0.4007203897357663,-0.5119524983346385,-0.3675466048459369,0.1789009057529914,0.7555187612732768,-0.4859240203023885,-0.4580833269673976,0.2407877511907172,0.7043143977828099,-0.5739620360493926,-0.4856677609236545,0.1787341645248786,0.6346246966554596,-0.5739620360493926,-0.4856677609236545,0.1787341645248786,0.6346246966554596,-0.0812182985257531,-0.8569940172102040,0.0774524541330845,0.5029572146805940,-0.1711135531621369,-0.8568248068031140,-0.0793024503538653,0.4798776132920851,-0.3558019293536467,-0.7980185365623957,0.0284442612178517,0.4855536287319928,-0.3069333820230793,-0.3712449887988530,-0.1821976616970735,0.8571890511221740,-0.3253916011230115,-0.4648218071949384,-0.1467119451394802,0.8102694605055932,-0.4285783889633970,-0.4416387525183779,-0.2062496534896222,0.7607475647170757,-0.4285783889633970,-0.4416387525183779,-0.2062496534896222,0.7607475647170757,-0.1630544901594581,-0.6546129414495880,0.0810450849755245,0.7337075877533691,-0.1079212430135533,-0.8787750588746105,0.1177410700225196,0.4497159566173822,0.1424158542982160,-0.6884483614434795,0.5587015458148573,0.4400104098477522,-0.1965895281873932,-0.6829483785237430,0.6980275281283016,0.0877019934433757,0.5590335195409305,-0.4120156287669446,0.4958841753479317,-0.5213669823847318,0.4964454276233208,-0.5268148462086468,0.3605644950045321,-0.5882187519521838,0.4964454276233208,-0.5268148462086468,0.3605644950045321,-0.5882187519521838,-0.0543202133434052,-0.9609399246223687,0.2195752611577307,-0.1594693712805005,0.0411183096684557,-0.9258707316138945,-0.3382044091765818,-0.1633721229716996,0.3551956081331455,-0.8490441132187279,-0.2604242296959320,-0.2917865561653410,-0.1167688515893838,-0.1458979804551223,-0.4525183681417007,-0.8719552403030706,-0.1298451651361766,-0.1764889455959363,-0.2490012913146928,-0.9433929415131371,-0.1298451651361766,-0.1764889455959363,-0.2490012913146928,-0.9433929415131371,-0.1633414201114161,-0.6545414046112198,0.0813666934653768,0.7336719916420887
0.3828333307423867,1.2181146261828193,0.1090614517358132,-0.1700466233947617,-0.6537416659264662,0.0893401558509820,0.7319319071172201,-0.6667399260279681,0.3068644680295868,0.5169722959625602,1.2419860660173996,-0.2477010765236197,-0.2626334101601570,-0.6437457082282985,-0.3648335391671589,0.4454163937710997,1.2314014896129817,-0.2237127546568445,-0.2623392590251568,-0.0291821386205865,-0.7325368060364545,1.0964447685421712,1.0352120221952343,-2.1601169736996142,0.4005119052407707,-1.9940745311739421,-1.1106860421023419,-0.7157384645101080,-2.1972675661928096,-0.4372392800374984,0.0008710828289460,-0.0083487844650693,-0.0238992052955423,-0.0186521871341716,0.0875658538385245,-0.1184227090212376,0.0403721599270530,0.0972126814713294,0.0241106066185139,0.0133946119694369,0.0146499271722234,0.0025132208289123,-0.0001551823944115,0.0052686172580830,0.0007598144869385,0.0367437459886236,0.0187453162203029,0.0258062743425149,0.0003441861439319,-0.2268089729513164,0.3277489167148389,-0.0519906877116215,0.3103859754556869,-0.0724337426920679,0.0196996208077663,0.4694226778504124,1.7676936829750489,0.0462298257134285,0.0150468531872893,0.0056606346578604,-0.0001925737874692,0.0000000000000000,0.0000000000000000,-0.1700466233947617,-0.6537416659264662,0.0893401558509820,0.7319319071172201,-0.1700466233947617,-0.6537416659264662,0.0893401558509820,0.7319319071172201,-0.1878157766347995,-0.8347366981393632,0.2001890048753190,0.4773512764762342,-0.1126674044008519,-0.7943432741384295,0.3253916958445875,0.5004448651869633,-0.3119623453482723,-0.7391580861143241,0.4424985419751421,0.4006492969749078,-0.5111814110662636,-0.3680541135147851,0.1783788932178496,0.7559171283676036,-0.4852294353595347,-0.4586182939354154,0.2401621527759704,0.7046586378541367,-0.5733194158372795,-0.4861164627843318,0.1780432075881271,0.6350560985186905,-0.5733194158372795,-0.4861164627843318,0.1780432075881271,0.6350560985186905,-0.0804874585052128,-0.8577463848056375,0.0767845301774654,0.5018934591142395,-0.1701992585312459,-0.8574439555759432,-0.0800911216552413,0.4789650171710866,-0.3553516176110031,-0.7986883950700356,0.0276589231534255,0.4848268344591570,-0.3060753272289637,-0.3720380731265672,-0.1826408558632117,0.8570576899926323,-0.3245533099709177,-0.4654015444939830,-0.1473259554718213,0.8101614741604608,-0.4277296352752823,-0.4421341603482041,-0.2069321604445730,0.7607521438249147,-0.4277296352752823,-0.4421341603482041,-0.2069321604445730,0.7607521438249147,-0.1606388881097742,-0.6561167331528184,0.0788176402280078,0.7331396590640947,-0.1070022192768780,-0.8784029952766264,0.1145456203147867,0.4514842232299758,0.1440020991396376,-0.6899483331988173,0.5555932133858565,0.4410792153334021,-0.1981111902943199,-0.6844473049226139,0.6961237939220157,0.0877240366145844,0.5570553949657739,-0.4124689720979367,0.4959867941954904,-0.5230255576735012,0.4944139119681736,-0.5269705674321581,0.3601968562777806,-0.5900128214201450,0.4944139119681736,-0.5269705674321581,0.3601968562777806,-0.5900128214201450,-0.0556559949339744,-0.9621136356220211,0.2161149033388791,-0.1566336839026434,0.0355778238330535,-0.9308966274578845,-0.3252687631521552,-0.1623758576768973,0.3516388496394558,-0.8558939819578765,-0.2486671240863982,-0.2862870455873449,-0.1082656977991053,-0.1538596213854931,-0.4437279325724928,-0.8761913475047144,-0.1199382585578688,-0.1819908437294884,-0.2393177106846622,-0.9461612866131163,-0.1199382585578688,-0.1819908437294884,-0.2393177106846622,-0.9461612866131163,-0.1609247652118491,-0.6560466750451392,0.0791370866031745,0.7331052459420069
0.3827527574074225,1.2176386284423435,0.1085966240541559,-0.1691133657443414,-0.6549757343540187,0.0888177096815866,0.7311079751862589,-0.6645801837532020,0.3073702316215746,0.5172989460831451,1.2423270576453356,-0.2476767320653749,-0.2626440799662878,-0.6436711105832283,-0.3648153842408319,0.4463276851716877,1.2318781561316547,-0.2230882356420971,-0.2623359027344148,-0.0340195827044103,-0.7259104385983839,1.0948914646969978,1.0413890681205773,-2.1617338980910241,0.4008933841296504,-1.9853581960319537,-1.0746697105638841,-0.7149036035065652,-2.1970101185599442,-0.4371204467750186,0.0008669634470358,-0.0079168287575499,-0.0260027699142140,-0.0194036274292439,0.0959160689942803,-0.1147388161126497,0.0434568987639404,0.0909112693414423,0.0208549744257709,0.0139714565211424,0.0172641525133319,0.0013378543183696,-0.0002734771089147,-0.0096158466177038,0.0007126334632799,0.0479853656650839,0.0188976994735187,0.0415607826553500,0.0004838018421177,-0.2001907819565581,0.2957093810936006,-0.1317958480364519,0.2734728168185187,-0.0949895590697521,0.0187576213979166,0.5296378386829420,1.7376691099375707,0.0622242610668284,0.0001730496675420,0.0047906440559818,-0.0004148314314271,0.0000000000000000,0.0000000000000000,-0.1691133657443414,-0.6549757343540187,0.0888177096815866,0.7311079751862589,-0.1691133657443414,-0.6549757343540187,0.0888177096815866,0.7311079751862589,-0.1871777363068748,-0.8352738424773439,0.1990000690926588,0.4771593817638754,-0.1119380672857372,-0.7949726969735227,0.3245024352641958,0.5001864149160626,-0.3115385408510029,-0.7399023296391563,0.4416379557456631,0.4005548604171080,-0.5103658741456136,-0.3685873904789729,0.1778398743205921,0.7563352359827754,-0.4844899310932922,-0.4591897274202688,0.2395200473029287,0.7050137926600576,-0.5726360973884436,-0.4865998245484829,0.1773292688128035,0.6355020386587558,-0.5726360973884436,-0.4865998245484829,0.1773292688128035,0.6355020386587558,-0.0796761623112002,-0.8585625797398333,0.0760739483246865,0.5007342211354584,-0.1691867675375792,-0.8581184418146564,-0.0809301474162193,0.4779737322771619,-0.3548683718828176,-0.7994121972608792,0.0268368098963738,0.4840334318436660,-0.3051624285024297,-0.3728830822247411,-0.1831056196807607,0.8569168170029111,-0.3236541450480448,-0.4659853741020664,-0.1479857091796200,0.8100653402008883,-0.4268244503522436,-0.4426270021610896,-0.2076619270745714,0.7607750978988908,-0.4268244503522436,-0.4426270021610896,-0.2076619270745714,0.7607750978988908,-0.1580801117565918,-0.6577257949426865,0.0765161074128780,0.7324976056209432,-0.1059570004748929,-0.8780875688472320,0.1112381709139480,0.4531681860171122,0.1454638005883430,-0.6917879475104328,0.5521242114883441,0.4420730408949082,-0.1998616324912761,-0.6861957131401676,0.6938707273708870,0.0879442142711770,0.5547542456562580,-0.4131405234464509,0.4960392404173963,-0.5248882802834148,0.4920389166040529,-0.5272616038125885,0.3597486370969848,-0.5920082970693471,0.4920389166040529,-0.5272616038125885,0.3597486370969848,-0.5920082970693471,-0.0569347701241364,-0.9632679627111738,0.2124865543588181,-0.1540218431972970,0.0302050392083426,-0.9357401761439915,-0.3121314250744868,-0.1614061703820628,0.3482494294870041,-0.8624770853144130,-0.2366868903639787,-0.2807755831609294,-0.0994768302924907,-0.1617191272032922,-0.4349807248385729,-0.8801948949809202,-0.1097640194162037,-0.1873381710579265,-0.2297428260189197,-0.9487225640824137,-0.1097640194162037,-0.1873381710579265,-0.2297428260189197,-0.9487225640824137,-0.1583654818235916,-0.6576571426151677,0.0768339283877938,0.7324643365943037
0.3826724868489199,1.2171105758086123,0.1080942378265023,-0.1680601359631335,-0.6562795727313979,0.0882534851885216,0.7302494337331770,-0.6623467073392008,0.3078548890404224,0.5176743821026741,1.2427250721988550,-0.2476812440492648,-0.2626587189261225,-0.6437816789659766,-0.3647820370786589,0.4474939234312665,1.2324008359788270,-0.2221344758432929,-0.2623326247876782,-0.0388093139372990,-0.7195644060460376,1.0920256760480944,1.0472277331944932,-2.1636991650853337,0.4012597476603604,-1.9765654398886725,-1.0385255928224861,-0.7141505623965606,-2.1967947940420371,-0.4369927133731200,0.0008632712153747,-0.0086207591729876,-0.0300671871634219,-0.0222862302614377,0.1122049027220095,-0.1273717771862961,0.0527309507775715,0.0797760712443827,0.0131394931703740,0.0123467059403650,0.0193817620288872,-0.0000899062455403,-0.0002858077646054,-0.0308940122472152,0.0010269412612057,0.0638054950910964,0.0174010029653712,0.0663254375968033,0.0008100029375398,-0.1714307181123318,0.2708197424002788,-0.2346678659288014,0.2459659247563228,-0.1177774337290672,0.0181186597002673,0.5996736555420868,1.6981187585514403,0.0810996123062415,-0.0143041050278130,0.0037924762973063,-0.0006760360490581,0.0000000000000000,0.0000000000000000,-0.1680601359631335,-0.6562795727313979,0.0882534851885216,0.7302494337331770,-0.1680601359631335,-0.6562795727313979,0.0882534851885216,0.7302494337331770,-0.1864416158362401,-0.8358600178465407,0.1977200462763660,0.4769531819271399,-0.1111171885614301,-0.7956670149845277,0.3235261773018671,0.4998977738220636,-0.3110628010213363,-0.7407246196454831,0.4406961736324920,0.4004420734856600,-0.5094658187643293,-0.3691727269373895,0.1772505659916227,0.7567947634940744,-0.4836693642137010,-0.4598279278082557,0.2388244747815292,0.7053971173558947,-0.5718774374212111,-0.4871427384417684,0.1765525568508215,0.6359853328666003,-0.5718774374212111,-0.4871427384417684,0.1765525568508215,0.6359853328666003,-0.0787326135648952,-0.8594680524367702,0.0752853811304352,0.4994476486978696,-0.1680176887854560,-0.8588671866900907,-0.0818558330142611,0.4768824115898838,-0.3543479554077917,-0.8002001715921305,0.0259666936965445,0.4831593346927200,-0.3041867228892753,-0.3738060605044270,-0.1835951532614512,0.8567568420776970,-0.3226718105664765,-0.4665186260337295,-0.1487267472547034,0.8100145855973141,-0.4258429172161183,-0.4430590246741140,-0.2084657632326854,0.7608538204356359,-0.4258429172161183,-0.4430590246741140,-0.2084657632326854,0.7608538204356359,-0.1554074574560799,-0.6593903313300020,0.0741929757827492,0.7318116666602458,-0.1047665809456506,-0.8778729569610606,0.1078916513308672,0.4546673800994528,0.1466717026849059,-0.6940767563258304,0.5482326087699193,0.4429287466862502,-0.2019680924960205,-0.6882330209189377,0.6911815953656164,0.0883866548645930,0.5520085198626576,-0.4140626202763955,0.4961012111413768,-0.5269936705435292,0.4891930294682746,-0.5277042042290082,0.3592623611667268,-0.5942634168511373,0.4891930294682746,-0.5277042042290082,0.3592623611667268,-0.5942634168511373,-0.0581453383250204,-0.9644226037857295,0.2087393813442822,-0.1514464645154482,0.0249451422412387,-0.9403760462234033,-0.2989581571158070,-0.1602955141659440,0.3449256401125579,-0.8688106350673375,-0.2247093733437376,-0.2751364765317325,-0.0906585449736508,-0.1695640813193405,-0.4262820086210223,-0.8839189440642254,-0.0995522700416167,-0.1926721578899574,-0.2202802319963761,-0.9510222944259566,-0.0995522700416167,-0.1926721578899574,-0.2202802319963761,-0.9510222944259566,-0.1556925050428911,-0.6593230852608776,0.0745093395443269,0.7317795237885619
0.3825871879281038,1.2165200677179773,0.1075689192542720,-0.1668799419963357,-0.6576183035726433,0.0876569396186581,0.7293870801585596,-0.6600633036605137,0.3082862881051468,0.5180895422391093,1.2431483515291828,-0.2477141377997317,-0.2626749471269954,-0.6440863760703610,-0.3647227214784372,0.4489266230783648,1.2329214272006932,-0.2206851316385812,-0.2623279710201830,-0.0435022666312618,-0.7133734985416250,1.0869807565630527,1.0527891924123554,-2.1660984853818301,0.4016115582588276,-1.9676864047838554,-1.0025700357351068,-0.7134741695249401,-2.1965928507857857,-0.4368558312562518,0.0008600802014603,-0.0100318233541117,-0.0351938010400985,-0.0244426911892372,0.1269305023073405,-0.1410983822098302,0.0632869628931574,0.0901836292206144,0.0128439749646488,0.0156606056639415,0.0198908708963410,-0.0017854467553749,-0.0004878322933102,-0.0363950322358433,0.0023550223925329,0.0766456485353283,0.0191260451000620,0.0904003792091681,0.0007434609724679,-0.1821134775075667,0.2771295080460918,-0.3518664725624251,0.2434999568448722,-0.1372080667747360,0.0173435601341318,0.5721403556885729,1.7097957520958371,0.0727873349745890,-0.0115826139868859,0.0046892245976274,-0.0006077778618264,0.0000000000000000,0.0000000000000000,-0.1668799419963357,-0.6576183035726433,0.0876569396186581,0.7293870801585596,-0.1668799419963357,-0.6576183035726433,0.0876569396186581,0.7293870801585596,-0.1855954507346835,-0.8364883298601814,0.1963703165963048,0.4767392384041621,-0.1102059211282480,-0.7964251915474547,0.3224607596297704,0.4995804516950851,-0.3105274337539273,-0.7416273617318376,0.4396668072265020,0.4003182082295630,-0.5084685910480264,-0.3698189690701505,0.1766178937938638,0.7572976572163317,-0.4827544121006301,-0.4605417519741672,0.2380805873815016,0.7058095396054223,-0.5710294078136714,-0.4877543925202174,0.1757177395045529,0.6365095003317789,-0.5710294078136714,-0.4877543925202174,0.1757177395045529,0.6365095003317789,-0.0776424363778778,-0.8604515234949914,0.0744215449541783,0.4980524685563641,-0.1666790568218149,-0.8596800075503833,-0.0828593703596125,0.4757128349947803,-0.3537866022574340,-0.8010409873583106,0.0250679744072774,0.4822239866434255,-0.3031616280329423,-0.3748113296412595,-0.1840825645360245,0.8565763853240450,-0.3216024003173975,-0.4669302752900378,-0.1495501901965761,0.8100510815620365,-0.4247856451731856,-0.4433599396629716,-0.2093349117378866,0.7610308891789722,-0.4247856451731856,-0.4433599396629716,-0.2093349117378866,0.7610308891789722,-0.1526580428787271,-0.6610644977450372,0.0719056058101857,0.7311079507286242,-0.1034538671691026,-0.8777095778764870,0.1045697544017993,0.4560574094738337,0.1474484843819471,-0.6969724235854826,0.5436344152030408,0.4437904999227598,-0.2046828674911016,-0.6906053324074178,0.6878908866787894,0.0893046842574833,0.5485806782878208,-0.4154663088998454,0.4962824947892052,-0.5292926137253522,0.4855975035636585,-0.5284840788093310,0.3588475792904153,-0.5967646586513013,0.4855975035636585,-0.5284840788093310,0.3588475792904153,-0.5967646586513013,-0.0592725294708229,-0.9655896686596623,0.2049324286435510,-0.1487483066058562,0.0197731541477342,-0.9447824742664698,-0.2859139465834921,-0.1588971800977894,0.3416059729131752,-0.8748983567976383,-0.2129483958888134,-0.2692790471448100,-0.0820297693868729,-0.1774703307614767,-0.4176698912416790,-0.8873146344921359,-0.0894990795479031,-0.1981158246292621,-0.2109691153857642,-0.9530121023076747,-0.0894990795479031,-0.1981158246292621,-0.2109691153857642,-0.9530121023076747,-0.1529427147376974,-0.6609986945850385,0.0722204492207366,0.7310769169382202
0.3824674152705119,1.2158372751932549,0.1070404022289733,-0.1655775899660554,-0.6589878043706801,0.0870394900373229,0.7285212849092233,-0.6578660651763969,0.3086469331411599,0.5184208339449348,1.2435252204003111,-0.2477752264220068,-0.2626889077047045,-0.6445420978653519,-0.3646194130656719,0.4504488181196232,1.2334047111824937,-0.2187529200545866,-0.2623192034486267,-0.0480723735977607,-0.7076099450843287,1.0785966199402479,1.0597969891911849,-2.1687931118533905,0.4019429635558129,-1.9584329851546038,-0.9673814162950873,-0.7127301841018532,-2.1964812965289138,-0.4367187260285081,0.0008552834841127,-0.0124855433163651,-0.0398404251107937,-0.0226329014584966,0.1302286423686828,-0.1341207607666515,0.0677247337520070,0.0406318574605876,0.0000492862924164,-0.0268384049680478,0.0224723146393440,-0.0006540875891554,0.0006870917212380,-0.0384626903473448,0.0033495742781054,0.0466208388852460,0.0256683430284768,0.1087178877404085,0.0014740209079474,-0.2480509305911485,0.2518169867688834,-0.5185075718223321,0.3900422452561002,-0.1433178518292655,0.0161561999654084,0.5281300817133977,1.7057034510541718,0.0480319657998824,-0.0016593901711938,0.0062386868038418,-0.0003755867722994,0.0000000000000000,0.0000000000000000,-0.1655775899660554,-0.6589878043706801,0.0870394900373229,0.7285212849092233,-0.1655775899660554,-0.6589878043706801,0.0870394900373229,0.7285212849092233,-0.1846392191625058,-0.8371489813479016,0.1949595307702538,0.4765298764370111,-0.1091967553714483,-0.7972325582555446,0.3213220871140148,0.4992478673027667,-0.3099133107796043,-0.7426017931084982,0.4385642414110444,0.4001971049735650,-0.5073600174008273,-0.3705408355809832,0.1759848481712353,0.7578354934444058,-0.4817250187936695,-0.4613469033138025,0.2373306982062355,0.7062394641762413,-0.5700703781952351,-0.4884558304380595,0.1748648827505397,0.6370658823042145,-0.5700703781952351,-0.4884558304380595,0.1748648827505397,0.6370658823042145,-0.0764172221142529,-0.8614920896985246,0.0734962830639068,0.4965783764190703,-0.1651827884786813,-0.8605397705264481,-0.0839144062698934,0.4744937535448345,-0.3531536862906837,-0.8019329922921280,0.0241488676653159,0.4812512669315043,-0.3020704615268687,-0.3759001907056491,-0.1845376119471586,0.8563868008541705,-0.3204256023173001,-0.4672239350024404,-0.1504264848017498,0.8101858432548791,-0.4236337996643833,-0.4435372353096559,-0.2102404662828796,0.7613199531162579,-0.4236337996643833,-0.4435372353096559,-0.2102404662828796,0.7613199531162579,-0.1498561310167449,-0.6627397714072614,0.0696863355427351,0.7303854804350702,-0.1020203635519143,-0.8776241784357997,0.1013169929618314,0.4572772832568823,0.1475175010493847,-0.7007537263108717,0.5379902849488716,0.4446900665027324,-0.2088763777977082,-0.6932612370683867,0.6838094980594784,0.0903553337670958,0.5438649277268049,-0.4171047489437148,0.4973172819688880,-0.5318929308163393,0.4807212846368332,-0.5292699813358219,0.3592226382788168,-0.5997828186117852,0.4807212846368332,-0.5292699813358219,0.3592226382788168,-0.5997828186117852,-0.0603091575815062,-0.9667707929719835,0.2011012060499898,-0.1458607016758486,0.0147097748079283,-0.9489247468362065,-0.2731836123567435,-0.1571501234700816,0.3382410072585310,-0.8807236877448243,-0.2016136454960422,-0.2631933601056225,-0.0738097285716555,-0.1854101018627121,-0.4091955087429313,-0.8903562510141942,-0.0798239590731894,-0.2036913247350949,-0.2018599918011718,-0.9546677555545566,-0.0798239590731894,-0.2036913247350949,-0.2018599918011718,-0.9546677555545566,-0.1501397813880160,-0.6626755696817378,0.0699989467923133,0.7303555865739030
0.3822864007885933,1.2149989389169749,0.1064681933891887,-0.1643467266682929,-0.6602997436931949,0.0865206765204103,0.7276733981990607,-0.6557676685838777,0.3092388962073355,0.5187686607773602,1.2438618725787858,-0.2478387364918130,-0.2626967737551114,-0.6450138301771967,-0.3643165542506577,0.4518931040616930,1.2338651998828423,-0.2164225835239393,-0.2623079315986640,-0.0528037381709953,-0.7016718063090174,1.0670332117706016,1.0654025207116316,-2.1721381588442927,0.4022595753133484,-1.9489458806121400,-0.9329037790989771,-0.7121089214092654,-2.1963688321461272,-0.4365748879753946,0.0008512738552861,-0.0151208593770834,-0.0463662394133671,-0.0236340612534762,0.1352723767283874,-0.1475917293568331,0.0739906311618428,0.1206035403692751,0.0321675525860066,0.0257901774976913,0.0131058052691351,-0.0041796067165646,-0.0007237250883811,-0.0216640361451483,0.0136309997544060,0.0769532436503334,0.0192420830462386,0.1223735364754303,0.0003027509101252,-0.2151832688626306,0.2994427717370020,-0.6534367185142673,0.2245193333857442,-0.1831875435980602,0.0154322939169113,0.4909872471818556,1.6968737746751408,0.0328223876755594,0.0068545609755827,0.0074219618329787,-0.0001796036886582,0.0000000000000000,0.0000000000000000,-0.1643467266682929,-0.6602997436931949,0.0865206765204103,0.7276733981990607,-0.1643467266682929,-0.6602997436931949,0.0865206765204103,0.7276733981990607,-0.1837172411000756,-0.8378295598632144,0.1937221728939630,0.4761946279319311,-0.1082056537630417,-0.7980107269908879,0.3204146239777776,0.4988034531179253,-0.3092449905507226,-0.7435705210120264,0.4376216885498675,0.3999470887654388,-0.5062989683287231,-0.3713391720016169,0.1755179795326517,0.7582624960178366,-0.4807231097470901,-0.4622118317677358,0.2367498642555912,0.7065514957198521,-0.5691195729834008,-0.4892376776873785,0.1741745399941891,0.6375050086046891,-0.5691195729834008,-0.4892376776873785,0.1741745399941891,0.6375050086046891,-0.0752267414252203,-0.8625020390354907,0.0726831381637094,0.4951245615608649,-0.1636816499684928,-0.8613975293582168,-0.0847755998460876,0.4733029807109685,-0.3524374767588725,-0.8028606423886324,0.0233757992598864,0.4802667861596437,-0.3009953535008730,-0.3770236951721876,-0.1848253234437418,0.8562093962714434,-0.3192144744694144,-0.4673884229901223,-0.1511976266494116,0.8104254802507179,-0.4224592303901791,-0.4436008929069180,-0.2110234775132697,0.7617188053399554,-0.4224592303901791,-0.4436008929069180,-0.2110234775132697,0.7617188053399554,-0.1470012943216351,-0.6643765630692021,0.0674378358765278,0.7296893449985472,-0.1005322098881995,-0.8775047349216569,0.0980266939428695,0.4585515044569131,0.1469336792401994,-0.7053528237649105,0.5311319859904539,0.4458550228153111,-0.2138535836453841,-0.6963599486231101,0.6788131692806483,0.0925318751934042,0.5381549914789634,-0.4198146800540561,0.4984204854102149,-0.5345295682007053,0.4746675468960416,-0.5309091238714847,0.3596288034943355,-0.6029040933771629,0.4746675468960416,-0.5309091238714847,0.3596288034943355,-0.6029040933771629,-0.0613180700314327,-0.9679656764215487,0.1971986778548684,-0.1428118517829864,0.0097211447712011,-0.9528005106913046,-0.2607988805657031,-0.1551148931160471,0.3349025791699746,-0.8862518535715672,-0.1906833939277091,-0.2569781270584526,-0.0659207231599226,-0.1933321228379188,-0.4009201211253876,-0.8930510651770485,-0.0704630075950730,-0.2093346305395047,-0.1930186935491917,-0.9560113811864943,-0.0704630075950730,-0.2093346305395047,-0.1930186935491917,-0.9560113811864943,-0.1472841835095535,-0.6643139072575597,0.0677485435390704,0.7296605627005293
0.3820482225817546,1.2140513949863851,0.1058991935287308,-0.1629949277396688,-0.6617018377752902,0.0859523750807745,0.7267706107389849,-0.6536539621956751,0.3098379363314800,0.5189810823767667,1.2441174265174610,-0.2479358957783849,-0.2627080970001249,-0.6455513648144263,-0.3639440665050957,0.4533039487777430,1.2343465202466612,-0.2138968088938609,-0.2623000325816574,-0.0575937317670393,-0.6963144726829804,1.0521369323819469,1.0720556331129603,-2.1756840517829383,0.4025534888052254,-1.9400492941806669,-0.8992541321549130,-0.7118630629096115,-2.1962118067321454,-0.4364207969101105,0.0008479590713236,-0.0204953324536936,-0.0560712153652409,-0.0286381821093908,0.1403554837665867,-0.1696838932120924,0.0811176079040391,0.1087382563180650,0.0372999584379647,0.0171885460555953,0.0104147319044949,-0.0055344053630051,-0.0006107937656797,-0.0314671346795018,0.0240381462220137,0.0744891490347401,0.0215256477934778,0.1329963983201568,0.0004353906956485,-0.2212996651751225,0.2736061982346802,-0.8091254216409722,0.2535893459191114,-0.1947902277802079,0.0143730175497336,0.4760484316541373,1.6456020466499126,0.0186088578222598,0.0030936533853141,0.0073555566665141,-0.0002590269129936,0.0000000000000000,0.0000000000000000,-0.1629949277396688,-0.6617018377752902,0.0859523750807745,0.7267706107389849,-0.1629949277396688,-0.6617018377752902,0.0859523750807745,0.7267706107389849,-0.1826979993292192,-0.8385484617724881,0.1923681282700063,0.4758701729736681,-0.1071018177173879,-0.7988355420428508,0.3194225982679000,0.4983574832652958,-0.3084750983507009,-0.7446154284506796,0.4365943634956908,0.3997203261963648,-0.5050975590764398,-0.3722215568860735,0.1750656458409368,0.7587355191703002,-0.4795756673830992,-0.4631792989663437,0.2361751549014778,0.7068899578225483,-0.5680300269464474,-0.4901225432888914,0.1734752412989226,0.6379875560726300,-0.5680300269464474,-0.4901225432888914,0.1734752412989226,0.6379875560726300,-0.0739277542510345,-0.8635730553666212,0.0717897764663732,0.4935812933966044,-0.1620415690067065,-0.8623040582875647,-0.0856965869864691,0.4720490821445488,-0.3516112066436350,-0.8038627484763592,0.0225366395968290,0.4792351623684588,-0.2997918047649652,-0.3782338476527787,-0.1851032537733341,0.8560378588170408,-0.3178579340156362,-0.4675580774210191,-0.1520022188819026,0.8107102463128547,-0.4211486726117543,-0.4436646754193723,-0.2118416533443897,0.7621801396328138,-0.4211486726117543,-0.4436646754193723,-0.2118416533443897,0.7621801396328138,-0.1440224529992021,-0.6660887340408550,0.0651522292571622,0.7289297074744350,-0.0988877201817604,-0.8775333268250760,0.0946858352934277,0.4595552977644293,0.1456046356993564,-0.7109119093518032,0.5231007591618210,0.4469554149677092,-0.2202361952913109,-0.6998097837720123,0.6728557049578388,0.0950130787116492,0.5310349006430208,-0.4229533969154736,0.5002577083853406,-0.5374519360256931,0.4671736881933972,-0.5327142455744365,0.3607046761887435,-0.6065116768846337,0.4671736881933972,-0.5327142455744365,0.3607046761887435,-0.6065116768846337,-0.0622128866387642,-0.9691052948222012,0.1931799374258476,-0.1401641753794168,0.0051422308175019,-0.9563388085926700,-0.2487963903593308,-0.1532644668079955,0.3319842545632484,-0.8912494057440202,-0.1800089306537164,-0.2511129952191247,-0.0580240780388649,-0.2007555975772881,-0.3931520431844799,-0.8954115631088276,-0.0611918179584381,-0.2145189897372650,-0.1847730475942920,-0.9571290849931171,-0.0611918179584381,-0.2145189897372650,-0.1847730475942920,-0.9571290849931171,-0.1443050205573404,-0.6660275742234715,0.0654614634762076,0.7289020017913905
0.3817442624869014,1.2129946950540011,0.1053425991546802,-0.1616383728916184,-0.6630491000278863,0.0853760098300992,0.7259131244898738,-0.6517552741152920,0.3105356777249288,0.5190555278479494,1.2443056220354554,-0.2480732528941671,-0.2627201392444379,-0.6462220558150213,-0.3634451252979046,0.4545843572518343,1.2347661909554355,-0.2112027664530560,-0.2622889349595493,-0.0620373778718420,-0.6914541067068328,1.0342305068983302,1.0784451122612371,-2.1794727643554808,0.4028286049028741,-1.9304509551840590,-0.8671274684398769,-0.7116632219942697,-2.1961390018071607,-0.4362706878270871,0.0008427408996197,-0.0229436241689977,-0.0601654803780545,-0.0265131087486822,0.1400297960646328,-0.1582283494879904,0.0777581889955661,0.1190973681071545,0.0492677490678758,0.0164994355820525,0.0073751319238621,-0.0083174528612540,-0.0009151230470129,-0.0233772870729706,0.0319671835126825,0.0677734460316924,0.0212255781217313,0.1352046584864290,0.0002504246862244,-0.2350784997152445,0.2718752022015558,-0.9225136805104627,0.2514127960484711,-0.2005338980009044,0.0133296861002950,0.4159748326093946,1.6066035445513414,-0.0126993129237344,0.0126532701455577,0.0084992479637219,-0.0000097499861848,0.0000000000000000,0.0000000000000000,-0.1616383728916184,-0.6630491000278863,0.0853760098300992,0.7259131244898738,-0.1616383728916184,-0.6630491000278863,0.0853760098300992,0.7259131244898738,-0.1816734615513787,-0.8392843740177934,0.1910499669198456,0.4754959548065855,-0.1059795456640424,-0.7996587297758677,0.3185031651707080,0.4978654291777346,-0.3076298712641544,-0.7456873409894463,0.4355946058515497,0.3994641299880656,-0.5038450665055426,-0.3731682278760535,0.1746967295028517,0.7591881686136045,-0.4783628709542209,-0.4642212753428988,0.2356857272585734,0.7071914939944098,-0.5668708219757835,-0.4910924284602942,0.1728507484026636,0.6384421012731769,-0.5668708219757835,-0.4910924284602942,0.1728507484026636,0.6384421012731769,-0.0726068561351002,-0.8646464220393104,0.0708783174977031,0.4920275128542005,-0.1603475500890849,-0.8632156674649281,-0.0865787646005949,0.4707987809497196,-0.3506860549836450,-0.8049049112885948,0.0217054995023140,0.4782010517709704,-0.2985173895123038,-0.3795023759800358,-0.1853084078702220,0.8558773911938966,-0.3164075862304833,-0.4677119093236002,-0.1527680504701042,0.8110448397026118,-0.4197501634851220,-0.4437182538699208,-0.2126184812056384,0.7627039352767555,-0.4197501634851220,-0.4437182538699208,-0.2126184812056384,0.7627039352767555,-0.1411539705401708,-0.6677099888721034,0.0629928628880128,0.7281969696355047,-0.0972491046976379,-0.8776163225155031,0.0915290380429299,0.4603853139325886,0.1434826120168256,-0.7171434692676495,0.5140945621551152,0.4481347628762238,-0.2276363478683928,-0.7034217839791670,0.6661426897492007,0.0981499049740056,0.5228590757696727,-0.4267219562636744,0.5025732828672647,-0.5403210659189651,0.4585294647011718,-0.5349451018174782,0.3622515637760488,-0.6102116621174588,0.4585294647011718,-0.5349451018174782,0.3622515637760488,-0.6102116621174588,-0.0630775773409983,-0.9702615991928045,0.1892980086887766,-0.1370398200344557,0.0005725372845468,-0.9596329076393539,-0.2373731019668270,-0.1508587592397055,0.3289806844120468,-0.8960240789791104,-0.1700677686906084,-0.2449275673051445,-0.0508292655494776,-0.2083060626674746,-0.3856227075702420,-0.8973962878382497,-0.0525656015840960,-0.2199932800384540,-0.1768215471395209,-0.9579008063130603,-0.0525656015840960,-0.2199932800384540,-0.1768215471395209,-0.9579008063130603,-0.1414353177686219,-0.6676504501058386,0.0632997050709416,0.7281703610413514
0.3813738718007654,1.2118303684303164,0.1047871224542923,-0.1602633928640596,-0.6644232230468843,0.0847693928453110,0.7250321204059359,-0.6498893844207122,0.3114307107521817,0.5190641299892893,1.2444387016672487,-0.2482633558509723,-0.2627346279120351,-0.6469041772219916,-0.3628335190274376,0.4556829143842007,1.2351668873679664,-0.2085170714423536,-0.2622782292635909,-0.0663737222284020,-0.6868283433593292,1.0139574975259702,1.0859094184681266,-2.1831045481342528,0.4030838447506882,-1.9209126657600892,-0.8363466125551234,-0.7116488947868257,-2.1960624696384317,-0.4361162557978079,0.0008373537803301,-0.0261914838957714,-0.0636398239909509,-0.0224556174904333,0.1479346401467531,-0.1539993658312336,0.0767025922868822,0.1172394193264281,0.0526036785900220,0.0130670445272866,0.0018651889218349,-0.0125138434924250,-0.0013040603533386,-0.0255570423888999,0.0303274956833342,0.0568764220230833,0.0146827209885375,0.1308593795773822,0.0002972605912147,-0.1937600293771650,0.2182434493461147,-1.0684730345968336,0.4560807586056028,-0.1689875631016806,0.0122967549264412,0.4857521343074641,1.5001232422401833,0.0047189147349490,0.0044053211340516,0.0079339115813648,-0.0002738972546339,0.0000000000000000,0.0000000000000000,-0.1602633928640596,-0.6644232230468843,0.0847693928453110,0.7250321204059359,-0.1602633928640596,-0.6644232230468843,0.0847693928453110,0.7250321204059359,-0.1806405719304096,-0.8400426514187770,0.1896989651746776,0.4750911809133292,-0.1048007461774551,-0.8004757394233608,0.3176412192799546,0.4973524404379814,-0.3067059698468930,-0.7467771112353434,0.4346329717622384,0.3991861396045676,-0.5025464234673787,-0.3741610853254569,0.1744175001046172,0.7596243217179648,-0.4770873718259904,-0.4653247409378257,0.2352913337264405,0.7074591955643431,-0.5656457552807564,-0.4921359104009790,0.1723118450641779,0.6388706858803594,-0.5656457552807564,-0.4921359104009790,0.1723118450641779,0.6388706858803594,-0.0712773166187973,-0.8657331158194829,0.0699341264622739,0.4904436096689118,-0.1586092653259467,-0.8641407166666827,-0.0874381591145632,0.4695300747366580,-0.3496523992747730,-0.8060020328323244,0.0208496779907530,0.4771469518704246,-0.2971407491872143,-0.3808301467710744,-0.1854693628699476,0.8557317862037138,-0.3148491162362004,-0.4679242223423956,-0.1534976983417239,0.8113910356630402,-0.4182462982221847,-0.4438344604532271,-0.2133672724790175,0.7632531773746485,-0.4182462982221847,-0.4438344604532271,-0.2133672724790175,0.7632531773746485,-0.1382587681313082,-0.6693482557317399,0.0608065409753371,0.7274338390247631,-0.0955699600911004,-0.8777367002504791,0.0883516504881703,0.4611275893043076,0.1408265737031828,-0.7238945635232473,0.5041868602136220,0.4493775105948657,-0.2360382532279664,-0.7070912841012603,0.6587757997117460,0.1015987434728916,0.5136342766689975,-0.4308638029998393,0.5055098188281855,-0.5431353755405058,0.4487933328146347,-0.5373573511649786,0.3644208943251618,-0.6140268995323735,0.4487933328146347,-0.5373573511649786,0.3644208943251618,-0.6140268995323735,-0.0638931655664372,-0.9713752324255537,0.1853804204465352,-0.1340966850416798,-0.0037093117812505,-0.9626168071061132,-0.2265052430553534,-0.1484941027494933,0.3262512894609350,-0.9003579758593913,-0.1606068818712540,-0.2390000856214294,-0.0439038298027196,-0.2154585972431376,-0.3785683748874861,-0.8990750981635079,-0.0442792904369130,-0.2251634633233231,-0.1694172127226810,-0.9584563460356076,-0.0442792904369130,-0.2251634633233231,-0.1694172127226810,-0.9584563460356076,-0.1385391799683288,-0.6692902733717356,0.0611112946097023,0.7274083002377802
0.3809427872585955,1.2105657940190166,0.1042316145826980,-0.1590154249246890,-0.6657432267690118,0.0842392247640508,0.7241573058792935,-0.6484705933294705,0.3123557946314723,0.5186118409979690,1.2445756208082071,-0.2484704370569766,-0.2627413391840694,-0.6475161456743505,-0.3622791162586561,0.4562073291518133,1.2355346888038909,-0.2059086874014310,-0.2622614878810613,-0.0709135201279011,-0.6828900483274331,0.9921737937834068,1.0927269076708155,-2.1866256082267972,0.4033224464600019,-1.9112509794428305,-0.8071822360753460,-0.7117561968752633,-2.1959798572464200,-0.4359574267343719,0.0008319607072556,-0.0290264625967231,-0.0696710630104544,-0.0267722201035282,0.1216820364824953,-0.1513525251562342,0.0711106451720718,0.0739435201155336,0.0524631897460418,-0.0150173652431536,0.0041812927040126,-0.0116931945506129,-0.0005309009013174,-0.0369253737982011,0.0290096470427945,0.0283586588350288,0.0148579165016442,0.1284113365094064,0.0007614099638527,-0.1934682832561283,0.1744092084362046,-1.1219688725539170,0.2603626937883725,-0.1817909976504814,0.0116027769552370,0.5402429272282104,1.4067849510367600,0.0036904295387741,-0.0014433854835270,0.0074045704145446,-0.0004373918251567,0.0000000000000000,0.0000000000000000,-0.1590154249246890,-0.6657432267690118,0.0842392247640508,0.7241573058792935,-0.1590154249246890,-0.6657432267690118,0.0842392247640508,0.7241573058792935,-0.1797039275520048,-0.8408170452498780,0.1885162248523938,0.4745469711283070,-0.1037299868469347,-0.8012775683311382,0.3169636084863241,0.4967176453614279,-0.3057287076989426,-0.7478874306810226,0.4337361691209214,0.3988324007830613,-0.5012411458080801,-0.3752192214087951,0.1742252015753202,0.7600088346660316,-0.4757914211226260,-0.4664961948025843,0.2349885756820316,0.7076610722088301,-0.5643900534434945,-0.4932583226268746,0.1718562120660251,0.6392382475319265,-0.5643900534434945,-0.4932583226268746,0.1718562120660251,0.6392382475319265,-0.0700624745632544,-0.8667579847677223,0.0691029548448973,0.4889239482078727,-0.1570097150027090,-0.8650233723233349,-0.0881997044284389,0.4682983310539013,-0.3485281533544116,-0.8071218071581454,0.0199680708066313,0.4761132122482998,-0.2956795725182648,-0.3821844874003154,-0.1855914543501156,0.8556076320710232,-0.3132074242580991,-0.4681980030180286,-0.1541807605441806,0.8117388942495951,-0.4166581507606654,-0.4440182630964851,-0.2140767595719638,0.7638160174103781,-0.4166581507606654,-0.4440182630964851,-0.2140767595719638,0.7638160174103781,-0.1354451348517145,-0.6709355891572575,0.0586559761327572,0.7266770445742169,-0.0938928212649237,-0.8779798169979042,0.0852666396375006,0.4615898387358291,0.1376424316045182,-0.7310016458845850,0.4937160647627058,0.4504837423606440,-0.2451776490360807,-0.7107195993803310,0.6509198252375912,0.1052090898281415,0.5035944389917379,-0.4352203935985779,0.5089494839163613,-0.5458445500632620,0.4382213298852815,-0.5398374017095943,0.3671100774632213,-0.6178736414299910,0.4382213298852815,-0.5398374017095943,0.3671100774632213,-0.6178736414299910,-0.0646972472330016,-0.9724651540392573,0.1815408246517995,-0.1310294599111990,-0.0078356356544628,-0.9653259985363375,-0.2163128830783656,-0.1459214034267733,0.3235953250334986,-0.9043706115703032,-0.1518460351400818,-0.2331150877928273,-0.0375492700821496,-0.2224301843774660,-0.3718990064057985,-0.9004476633477841,-0.0365802718407345,-0.2303007871172210,-0.1624563596778606,-0.9587655408729834,-0.0365802718407345,-0.2303007871172210,-0.1624563596778606,-0.9587655408729834,-0.1357245125856748,-0.6708791292298311,0.0589585722550032,0.7266525561813270
0.3804644022953065,1.2092674707664364,0.1037093801993222,-0.1577165270973046,-0.6670508712155000,0.0836194611486592,0.7233093515282487,-0.6470066315655236,0.3134240522333598,0.5181991469443827,1.2446042036725875,-0.2487153489314606,-0.2627515037325840,-0.6482346381968566,-0.3616661022771309,0.4566517842511502,1.2358359248738504,-0.2034403998638214,-0.2622487252547177,-0.0750595696758899,-0.6797337347058339,0.9693140898488875,1.0996372195649495,-2.1898729385587989,0.4035455966198908,-1.9016676995477710,-0.7796887918174122,-0.7120584575937329,-2.1958766477968439,-0.4357987169487223,0.0008261425455345,-0.0317329612493225,-0.0697975830308595,-0.0214853214765751,0.1519805061985202,-0.1602505342189116,0.0718935530117654,0.0330193093227243,0.0424978162148617,-0.0613767369702694,0.0067876098509606,-0.0104679210772659,0.0003270686789851,-0.0319675054502045,0.0248302464660019,-0.0115015925911536,0.0189484999306176,0.1173031968446417,0.0010794261499897,-0.2527383554321769,0.1310231052908111,-1.1490362796111862,0.4271160469253121,-0.1405473954269719,0.0109257790517872,0.4247196574005826,1.3422800580435819,-0.0335144429358016,0.0091736998316408,0.0085164683200183,-0.0001623677854175,0.0000000000000000,0.0000000000000000,-0.1577165270973046,-0.6670508712155000,0.0836194611486592,0.7233093515282487,-0.1577165270973046,-0.6670508712155000,0.0836194611486592,0.7233093515282487,-0.1787428285146497,-0.8415847421127225,0.1872308194272412,0.4740577426371696,-0.1025867164629861,-0.8020638471430660,0.3162496529743524,0.4961408143914481,-0.3047054591369448,-0.7489893406856578,0.4328344178493510,0.3985271853166620,-0.4998861161306194,-0.3762836000988788,0.1740830864923064,0.7604075237619525,-0.4744354126402820,-0.4676893242824774,0.2347383422785640,0.7078669690339824,-0.5630764996654867,-0.4944094110566669,0.1714489067975891,0.6396166524887973,-0.5630764996654867,-0.4944094110566669,0.1714489067975891,0.6396166524887973,-0.0688080358274460,-0.8678082268351401,0.0681643680012772,0.4873683971882107,-0.1553504325381811,-0.8659150184457544,-0.0890431381851093,0.4670425499699537,-0.3473252954664793,-0.8082745295930300,0.0189870553432052,0.4750756946736838,-0.2941036030210819,-0.3835997531198705,-0.1857375563301644,0.8554857452143149,-0.3114622360757967,-0.4685823629430962,-0.1548762236114627,0.8120561556919458,-0.4149647950574702,-0.4443096896366043,-0.2148138151900565,0.7643612649535747,-0.4149647950574702,-0.4443096896366043,-0.2148138151900565,0.7643612649535747,-0.1327470321323530,-0.6724653100116350,0.0566047777289557,0.7259232269525911,-0.0922270939454344,-0.8783568562790609,0.0823455798398595,0.4617386724661283,0.1340393199930167,-0.7382810591519670,0.4829416519508825,0.4513777788108450,-0.2545942035945390,-0.7142926288736433,0.6427074248547457,0.1090641915085928,0.4930775616211954,-0.4398252528411327,0.5125333053816918,-0.5483957294358215,0.4271310054198112,-0.5424697443091141,0.3699715199945792,-0.6216162442465333,0.4271310054198112,-0.5424697443091141,0.3699715199945792,-0.6216162442465333,-0.0654641229985610,-0.9735287600158125,0.1778402600119302,-0.1277851475758945,-0.0117961317087958,-0.9677936692159217,-0.2067868914719196,-0.1430924408124783,0.3210517041077815,-0.9080846053375425,-0.1437904758873430,-0.2272277533281110,-0.0317564245406386,-0.2292669296210453,-0.3656493607985642,-0.9015146972901414,-0.0294503633706175,-0.2354498465240715,-0.1559668984051728,-0.9588380324491727,-0.0294503633706175,-0.2354498465240715,-0.1559668984051728,-0.9588380324491727,-0.1330249060785688,-0.6724103970580618,0.0569047487852800,0.7258997739748180
0.3799365216681797,1.2078835326393962,0.1031647990669060,-0.1566291770843233,-0.6682640877174213,0.0830930311848634,0.7224859570411054,-0.6458710367340809,0.3146791736425639,0.5175076499431606,1.2446623841927302,-0.2489671040808619,-0.2627564174418308,-0.6488920101112374,-0.3610525515906206,0.4565934434096365,1.2361174110851771,-0.2012357282205817,-0.2622342378438661,-0.0792404780204823,-0.6773001277712232,0.9461861250224537,1.1059449625962927,-2.1927601453630658,0.4037555936854449,-1.8921020996270836,-0.7539522706374523,-0.7126266770427983,-2.1957788849496853,-0.4356379891862705,0.0008201528991482,-0.0325533820797469,-0.0707147351653080,-0.0197107724512938,0.1531593978987510,-0.1563943055554041,0.0639321433978827,0.1107324345123586,0.0748557755874598,-0.0003336558423285,-0.0029827244187233,-0.0162165405803813,-0.0012388259384400,-0.0267128498957922,0.0288774021051246,0.0186193941748129,0.0086748469757787,0.1019720414787441,-0.0000022049779287,-0.1705450683177892,0.1325813985153334,-1.1405200851999087,0.2267199311237650,-0.1466534351799246,0.0100557058238731,0.4463233001214290,1.2493778948672276,-0.0305683264408928,0.0124190150683311,0.0084347677930384,-0.0001928727505187,0.0000000000000000,0.0000000000000000,-0.1566291770843233,-0.6682640877174213,0.0830930311848634,0.7224859570411054,-0.1566291770843233,-0.6682640877174213,0.0830930311848634,0.7224859570411054,-0.1779546924882155,-0.8423702170906202,0.1861857747582476,0.4733702589493740,-0.1016206558309755,-0.8028149261961155,0.3158178583303249,0.4953993509733891,-0.3036590347678831,-0.7500864976911860,0.4320651215702130,0.3980969320501294,-0.4985941915669784,-0.3773963209010212,0.1740485874958963,0.7607121257721139,-0.4731295631119399,-0.4689162841344647,0.2346007143705029,0.7079748864189187,-0.5617966103409622,-0.4956079211071928,0.1711512934377969,0.6398942036772808,-0.5617966103409622,-0.4956079211071928,0.1711512934377969,0.6398942036772808,-0.0677424054510450,-0.8687780344058390,0.0673786052860068,0.4858969201253963,-0.1538964892583959,-0.8667548732486188,-0.0897281406033333,0.4658333619198822,-0.3460512064305198,-0.8094422167358647,0.0180180156360552,0.4740540173927971,-0.2924756478246416,-0.3850142405089533,-0.1858334786550463,0.8553876011761187,-0.3096788816986315,-0.4690719125938245,-0.1554833643492588,0.8123394945809862,-0.4132274288200556,-0.4447174469558423,-0.2154760500539922,0.7648787853620814,-0.4132274288200556,-0.4447174469558423,-0.2154760500539922,0.7648787853620814,-0.1301513373056946,-0.6739215232090817,0.0545339239712298,0.7252009797906996,-0.0906022468486589,-0.8788688699376568,0.0794698718123618,0.4615899498414234,0.1301845111242286,-0.7455890610648731,0.4720412091033662,0.4520243820768728,-0.2643180880095330,-0.7176804755600197,0.6343112513447872,0.1127826217479403,0.4821375700057542,-0.4443674411358429,0.5164528218096602,-0.5507789245170595,0.4156373761649340,-0.5449693566253101,0.3732066368527266,-0.6252765612776491,0.4156373761649340,-0.5449693566253101,0.3732066368527266,-0.6252765612776491,-0.0662512459285796,-0.9745430888628166,0.1742161849048894,-0.1246004064191486,-0.0155572592232525,-0.9699968712654303,-0.1979686360724107,-0.1402585489457476,0.3187444008041994,-0.9114246657344434,-0.1363708092805722,-0.2216079601977158,-0.0263981313277307,-0.2357115761364970,-0.3599127308893730,-0.9023336509747415,-0.0228235672114454,-0.2403360591008997,-0.1500452637292215,-0.9587513141101932,-0.0228235672114454,-0.2403360591008997,-0.1500452637292215,-0.9587513141101932,-0.1304278156709690,-0.6738680693920801,0.0548314470878110,0.7251785451620498
0.3793829733868244,1.2065099311808933,0.1026572296915985,-0.1555407452662485,-0.6694273489772830,0.0824885170565543,0.7217130631747483,-0.6450823921264293,0.3158662023316855,0.5165624805318403,1.2446717496158073,-0.2492243354376107,-0.2627549042743560,-0.6497887074796037,-0.3605086036578679,0.4562986983211403,1.2363717690392659,-0.1993614126645542,-0.2622174082128399,-0.0830104254668124,-0.6756421445641655,0.9230146437975875,1.1129958642594708,-2.1950941556944463,0.4039516729723093,-1.8825345812810550,-0.7301582217057978,-0.7131786530190602,-2.1956547363766195,-0.4354807156738080,0.0008127718766663,-0.0330216986706351,-0.0704772854418989,-0.0185345816186290,0.1387015807737346,-0.1304742821224161,0.0507877961012600,0.0789649378946874,0.0748152157095308,-0.0152841749752016,-0.0042688855907050,-0.0154830593778279,-0.0005974376756963,-0.0407873745874811,0.0294636064448022,0.0019252032255799,0.0069615347175982,0.0859304796625097,0.0005493357700805,-0.1371802740146356,0.0771658017783778,-1.1436639029685245,0.2751475898191543,-0.1016292915421175,0.0084106835998719,0.5044152564293625,1.1459005132853752,-0.0199778768283811,0.0061014061007794,0.0078927891267020,-0.0003831833667259,0.0000000000000000,0.0000000000000000,-0.1555407452662485,-0.6694273489772830,0.0824885170565543,0.7217130631747483,-0.1555407452662485,-0.6694273489772830,0.0824885170565543,0.7217130631747483,-0.1771867193269101,-0.8431508038226786,0.1850902329220457,0.4726977831386572,-0.1006738824115683,-0.8035704336419131,0.3153351082364823,0.4946747386821121,-0.3025933543780615,-0.7511976666028081,0.4312310673952581,0.3977173545243862,-0.4972431454999159,-0.3785158936262645,0.1739891544147803,0.7610537081387163,-0.4717660271864667,-0.4701611998161783,0.2344350383225997,0.7081140265428949,-0.5604629782717645,-0.4968203855314832,0.1708240191725259,0.6402108316647238,-0.5604629782717645,-0.4968203855314832,0.1708240191725259,0.6402108316647238,-0.0666752565896559,-0.8697636174354649,0.0665077937689773,0.4843989815351200,-0.1524516152067124,-0.8675926578651266,-0.0905263324396160,0.4645927982377928,-0.3447274783159823,-0.8106302983817679,0.0168979761028749,0.4730284805833756,-0.2907238190137743,-0.3864665459911674,-0.1860167652673155,0.8552900285442289,-0.3078056722356508,-0.4697327435912351,-0.1561353388635272,0.8125445056707860,-0.4113910836483854,-0.4452890654884810,-0.2162053250967070,0.7653301783222911,-0.4113910836483854,-0.4452890654884810,-0.2162053250967070,0.7653301783222911,-0.1277226802710481,-0.6752872099641104,0.0525706105437505,0.7245070268191504,-0.0890509737087856,-0.8794643804620311,0.0767741298940734,0.4612136821030591,0.1261605346137282,-0.7527424643401119,0.4612273256233109,0.4524728234750931,-0.2742138108417408,-0.7207530839540823,0.6259424898462781,0.1162659766198714,0.4710158580195780,-0.4486936628877649,0.5206826775705984,-0.5529083175865186,0.4040028839151328,-0.5472334237932801,0.3768109295279278,-0.6287533483489689,0.4040028839151328,-0.5472334237932801,0.3768109295279278,-0.6287533483489689,-0.0670078226735225,-0.9755063173844379,0.1707884465837388,-0.1213617854067762,-0.0191054051659748,-0.9719745949757554,-0.1898595677471920,-0.1373088298326462,0.3165443641027630,-0.9144835285599473,-0.1296639836328753,-0.2161175441646979,-0.0216004282646902,-0.2419380564548314,-0.3546013493633011,-0.9029159879896734,-0.0167855677552901,-0.2451514230857583,-0.1445901232672981,-0.9584950290573806,-0.0167855677552901,-0.2451514230857583,-0.1445901232672981,-0.9584950290573806,-0.1279973556821968,-0.6752352004561804,0.0528653132733921,0.7244855827797914
0.3788309883096937,1.2051515396312764,0.1021801321916560,-0.1544901273025985,-0.6705633133408516,0.0818316928810070,0.7209585406995294,-0.6443453607877150,0.3170913652539509,0.5154902703693347,1.2446577598831390,-0.2494635790413599,-0.2627471228037854,-0.6506624185666738,-0.3599898513726425,0.4558085352095105,1.2365840897888254,-0.1977063126324153,-0.2621968138142667,-0.0865880864571362,-0.6744160106925441,0.9010496386099863,1.1197544504432100,-2.1959166041492297,0.4040563216926387,-1.8737482337200548,-0.7080729043693315,-0.7137794107322899,-2.1955044077863879,-0.4353215521659293,0.0008065452053931,-0.0325566674500128,-0.0710580470086503,-0.0209564435329500,0.1217463625188191,-0.1224866160779769,0.0418137204561909,0.0558660122253626,0.0705872751951922,-0.0363586048343525,-0.0025752206949716,-0.0128209004312672,0.0000720703517800,-0.0436278999390110,0.0298627778339299,-0.0136853858596226,0.0083984635582061,0.0779488776783162,0.0008744081003824,-0.1540827817885846,0.0582422816524128,-1.0691925445282462,0.3231286988351041,-0.0121167272228163,0.0036069446351703,0.4300378535091670,1.0659952780276709,-0.0258995811313197,0.0091734834605279,0.0079867800167391,-0.0002908520492201,0.0000000000000000,0.0000000000000000,-0.1544901273025985,-0.6705633133408516,0.0818316928810070,0.7209585406995294,-0.1544901273025985,-0.6705633133408516,0.0818316928810070,0.7209585406995294,-0.1764687391414240,-0.8439226998316021,0.1839690469544872,0.4720261121775299,-0.0997657581538696,-0.8043149398427436,0.3148453764535324,0.4939601805526247,-0.3015181078999252,-0.7523048315428406,0.4303704569733302,0.3973733015821711,-0.4958662962139266,-0.3796226606269997,0.1739210047868467,0.7614162697969453,-0.4703796787107453,-0.4713910588399658,0.2342538313090310,0.7082785963296877,-0.5591080718420229,-0.4980153590520944,0.1704848673209370,0.6405573949021837,-0.5591080718420229,-0.4980153590520944,0.1704848673209370,0.6405573949021837,-0.0656629408917476,-0.8707306757039414,0.0655970389418183,0.4829218332853367,-0.1510708460926380,-0.8684044286323518,-0.0913708348516929,0.4633602468178277,-0.3433798116082373,-0.8118121440255243,0.0156882719069186,0.4720224845461793,-0.2889049680449322,-0.3879231437833729,-0.1862518089428681,0.8551957773642778,-0.3058883666666538,-0.4704938393887365,-0.1568060076449263,0.8126990403597834,-0.4095028002939209,-0.4459581136156919,-0.2169652917787277,0.7657381273092931,-0.4095028002939209,-0.4459581136156919,-0.2169652917787277,0.7657381273092931,-0.1254272893385598,-0.6766020630487432,0.0506630813063889,0.7238168936684944,-0.0875708577757039,-0.8801349275152628,0.0741924581244426,0.4606401343712724,0.1222313862078592,-0.7595260943394203,0.4508460086241753,0.4526781160503141,-0.2837473362435117,-0.7235361297752009,0.6178245960485815,0.1194809047590560,0.4598840151121558,-0.4530405156985982,0.5250510627163347,-0.5546010866562728,0.3923531041092916,-0.5495068851929334,0.3806672198396776,-0.6318177684751314,0.3923531041092916,-0.5495068851929334,0.3806672198396776,-0.6318177684751314,-0.0677371259003220,-0.9763958795112929,0.1675115505727640,-0.1183327878182609,-0.0223683621175494,-0.9737208859186297,-0.1824189393340550,-0.1345013876294807,0.3145253691846131,-0.9172219428127117,-0.1235417078652378,-0.2109861279323786,-0.0172201272260985,-0.2477116806340214,-0.3497356041613241,-0.9033423479931071,-0.0112499802524768,-0.2496363538106334,-0.1396187317529127,-0.9581553832986379,-0.0112499802524768,-0.2496363538106334,-0.1396187317529127,-0.9581553832986379,-0.1257003309834391,-0.6765513900830358,0.0509551832190899,0.7237963889592676
0.3784037202045647,1.2038800043271658,0.1017039537884429,-0.1535921776542112,-0.6715533785049229,0.0810189320912486,0.7203203699916136,-0.6444207698447824,0.3185949500360219,0.5140862564911185,1.2450663218972238,-0.2495349069457234,-0.2627040384709193,-0.6519798541076076,-0.3592987853597562,0.4552107763717374,1.2368293628797178,-0.1959466349720321,-0.2621636593237036,-0.0898514405590800,-0.6707858045047332,0.8848193337059291,1.1233036285882942,-2.1963617528002102,0.4039230611057960,-1.8654356049938778,-0.6876877651142993,-0.7144679888363837,-2.1953311686196533,-0.4351773481524486,0.0007985976232988,-0.0231175968486825,-0.0646770840399969,-0.0238316953361524,0.0969397667695718,-0.0964043358773364,0.0091200089943609,-0.0077773589720118,0.0791898561930634,-0.0711828477216638,0.0251339339703829,-0.0000545976613533,0.0026250701020676,-0.0613592751771198,0.0349362032521796,-0.0343492898463204,0.0091674931490846,0.0872562204818612,0.0019582850520406,-0.1638371231755056,0.2062298920203094,-0.6943164582357452,0.2928376163475270,-0.0137800966023645,-0.0073565106097510,0.3725688379281488,0.9721246422782076,-0.0391551170248669,0.0135709456615269,0.0075305837338500,-0.0003458779546550,0.0000000000000000,0.0000000000000000,-0.1535921776542112,-0.6715533785049229,0.0810189320912486,0.7203203699916136,-0.1535921776542112,-0.6715533785049229,0.0810189320912486,0.7203203699916136,-0.1759456804296690,-0.8447295721017306,0.1828635648605501,0.4712069441354401,-0.0990120578141500,-0.8050526646665750,0.3144794754032904,0.4931424531215360,-0.3004747881303141,-0.7534109649967861,0.4295434269856159,0.3969625471680017,-0.4945671654562932,-0.3806263539216080,0.1737698846780757,0.7617945423352934,-0.4690981070222512,-0.4724683253517724,0.2339649972894338,0.7085061944477183,-0.5578551868326629,-0.4990422771805956,0.1700668809726297,0.6409615059475431,-0.5578551868326629,-0.4990422771805956,0.1700668809726297,0.6409615059475431,-0.0647965053876348,-0.8717065447344486,0.0645627611696230,0.4814153743149815,-0.1497913630441869,-0.8692107989894526,-0.0922672053485658,0.4620842967410255,-0.3420894456188342,-0.8129819658016509,0.0143957467392376,0.4709860899785706,-0.2870815483657649,-0.3893729316045735,-0.1865920976780543,0.8550767765561634,-0.3039704018545002,-0.4712173534179043,-0.1575894067645258,0.8128479436584956,-0.4076088891017529,-0.4465763848665186,-0.2178296301381434,0.7661427923296453,-0.4076088891017529,-0.4465763848665186,-0.2178296301381434,0.7661427923296453,-0.1233883759873642,-0.6777534993558793,0.0487056496188479,0.7232242131436609,-0.0864807103345304,-0.8802083459902297,0.0715887350141548,0.4611175635434556,0.1195733394186916,-0.7645090337564493,0.4420606481429476,0.4536634624570069,-0.2901713643575722,-0.7258763544446136,0.6112462483171188,0.1236208772146128,0.4513571908786074,-0.4579996021636578,0.5274337268719324,-0.5552717482621348,0.3831094269307593,-0.5527686513605948,0.3828047711651196,-0.6333517918526753,0.3831094269307593,-0.5527686513605948,0.3828047711651196,-0.6333517918526753,-0.0685964832904995,-0.9772158945522513,0.1644262817469418,-0.1153586398389616,-0.0255648003862012,-0.9752746332940448,-0.1755741904376832,-0.1317555854092445,0.3125235986412577,-0.9197449753319047,-0.1179538074697827,-0.2061190916616269,-0.0132910586103520,-0.2531611326134588,-0.3451418241890474,-0.9036647109909429,-0.0062225323885937,-0.2539145596881752,-0.1349369733033344,-0.9577477171493384,-0.0062225323885937,-0.2539145596881752,-0.1349369733033344,-0.9577477171493384,-0.1236592267134910,-0.6777041337239729,0.0489946784377973,0.7232046904347609
0.3781056115386378,1.2028031104508867,0.1012574860073736,-0.1528105073921361,-0.6724430080967921,0.0801213357398162,0.7197568487007007,-0.6445276599060944,0.3201161826241514,0.5128296600496260,1.2456148405334784,-0.2494810677920731,-0.2626511146544748,-0.6533159433718909,-0.3587573102041815,0.4546353565628350,1.2369423043762444,-0.1943375461344996,-0.2621267648370890,-0.0926969606523269,-0.6662097359270792,0.8734999069889176,1.1283841843868307,-2.1965824451156579,0.4037458054475074,-1.8583026607845041,-0.6694980170911023,-0.7151948787025368,-2.1951957769587800,-0.4350281074001355,0.0007909787114510,-0.0190548447320757,-0.0560000597940975,-0.0211903112157842,0.1228992845796618,-0.1278565214330645,0.0072338476603046,0.0173219557288441,0.0807761008763578,-0.0459192239296892,0.0272106919340570,0.0038714410169436,0.0022721380985797,-0.0573838083225533,0.0263486830687248,-0.0202279874224270,0.0034142398012692,0.0714057921164761,0.0016317403685982,-0.1375539643539669,0.2486066446304555,-0.4633956202595239,0.2390850655193816,-0.0086273694863364,-0.0095426861407298,0.2940648211394502,0.8562461007831667,-0.0395198089563546,0.0116313202893850,0.0078832233954411,-0.0002756673137260,0.0000000000000000,0.0000000000000000,-0.1528105073921361,-0.6724430080967921,0.0801213357398162,0.7197568487007007,-0.1528105073921361,-0.6724430080967921,0.0801213357398162,0.7197568487007007,-0.1755550902285212,-0.8454972448304103,0.1817497696128815,0.4704060379339380,-0.0983796976764105,-0.8057490265661913,0.3141131578870670,0.4923645654542453,-0.2995472835154406,-0.7544411730981994,0.4287322410930002,0.3965836692554382,-0.4933879082352602,-0.3814767872237536,0.1735173813234300,0.7621912825500807,-0.4679648095297721,-0.4733452220391010,0.2335569452100930,0.7088049034527402,-0.5567535769506192,-0.4998536276300667,0.1695608941595282,0.6414210073497555,-0.5567535769506192,-0.4998536276300667,0.1695608941595282,0.6414210073497555,-0.0640669026400396,-0.8726331795389571,0.0634754840357291,0.4799766961845876,-0.1486876690994502,-0.8699542817265472,-0.0932595883085870,0.4608407251447430,-0.3409363206413911,-0.8140582906058329,0.0130064569508086,0.4700025072709788,-0.2853249154835045,-0.3907669482083486,-0.1870733419256566,0.8549236512888334,-0.3021394022324059,-0.4719229033057314,-0.1584882464839178,0.8129465115741541,-0.4057920918467196,-0.4471625034019509,-0.2188045851652978,0.7664874605997187,-0.4057920918467196,-0.4471625034019509,-0.2188045851652978,0.7664874605997187,-0.1215842209076303,-0.6787841538618804,0.0467870091569531,0.7226896467131951,-0.0856656076052073,-0.8799227411649826,0.0690685362191986,0.4621979127591026,0.1180947827476165,-0.7679081267777135,0.4351454951432943,0.4549935484960568,-0.2952451117614053,-0.7272714404273523,0.6065263786400940,0.1266188293005929,0.4449886433027876,-0.4615038851178226,0.5295752755787401,-0.5554721404790716,0.3762533253403356,-0.5550108427023981,0.3848574856527209,-0.6342563483246969,0.3762533253403356,-0.5550108427023981,0.3848574856527209,-0.6342563483246969,-0.0694773367935020,-0.9779246467506960,0.1615844802505149,-0.1128128569436111,-0.0284474085608455,-0.9765837017672006,-0.1695005381200131,-0.1294008731263808,0.3107446038275739,-0.9219118775037012,-0.1129558603334577,-0.2018842612141249,-0.0097682685103955,-0.2578863178108869,-0.3410492343937765,-0.9039273464917795,-0.0017487910631122,-0.2575959627759078,-0.1307870240527842,-0.9573588752556623,-0.0017487910631122,-0.2575959627759078,-0.1307870240527842,-0.9573588752556623,-0.1218528504050440,-0.6787359819221832,0.0470730207700449,0.7226710734544993
0.3778989858905417,1.2019334876379475,0.1008475960990394,-0.1521277647685959,-0.6731777654722110,0.0792777194960295,0.7193079190804594,-0.6448334552116147,0.3212945052743779,0.5116700838330379,1.2461562896536635,-0.2493382673926606,-0.2626049791497468,-0.6547748766470549,-0.3585263079244860,0.4540964520616306,1.2369837003395532,-0.1931974271139106,-0.2620940212503489,-0.0950747573715825,-0.6617575040400067,0.8653340734221940,1.1330129367011961,-2.1966881687077913,0.4035645088743317,-1.8517534486513865,-0.6535533766697637,-0.7157938187060696,-2.1952839787676677,-0.4348819934285824,0.0007826069537566,-0.0150624396174052,-0.0450174184407707,-0.0183831275631589,0.1179468047156503,-0.1142386517595407,0.0076856203727638,0.0243032451015157,0.0640421417772844,-0.0319671361299671,0.0218369379035226,0.0059611318152431,0.0014361095801464,-0.0543555302836424,0.0129971759966423,-0.0133765729978338,0.0001336438477264,0.0402999650818135,0.0012411684293647,-0.1134704106062540,0.2187284274936764,-0.3461601643353864,0.2643143328178601,-0.0004575360149604,-0.0082243194532885,0.2497884282847866,0.7379164823206934,-0.0337099631459882,0.0048791060364428,0.0079857773359585,-0.0002524562507646,0.0000000000000000,0.0000000000000000,-0.1521277647685959,-0.6731777654722110,0.0792777194960295,0.7193079190804594,-0.1521277647685959,-0.6731777654722110,0.0792777194960295,0.7193079190804594,-0.1752329290625371,-0.8461780910186802,0.1807504069789049,0.4696864371355708,-0.0978784017710815,-0.8063904375847007,0.3137236578822394,0.4916622286933189,-0.2987766439097801,-0.7553662928773793,0.4279421279398767,0.3962572595839525,-0.4923489150060268,-0.3822080881947872,0.1731891847203209,0.7625713274879828,-0.4669908796866126,-0.4740689774596190,0.2330696593321941,0.7091238656248214,-0.5558144588781699,-0.5005033008311094,0.1689949920796406,0.6418780459021273,-0.5558144588781699,-0.5005033008311094,0.1689949920796406,0.6418780459021273,-0.0634108995700206,-0.8734842005596281,0.0624563009420255,0.4786476988987490,-0.1477458146885701,-0.8706219349264519,-0.0943020921272392,0.4596691593824383,-0.3399440004747665,-0.8150150034657523,0.0115971104861998,0.4690992727507714,-0.2836947840646959,-0.3920496354170274,-0.1876530999608125,0.8547518159904421,-0.3004774847176617,-0.4726942249338978,-0.1594041957043933,0.8129352700453613,-0.4041301073411283,-0.4478111886512550,-0.2198059762899385,0.7667002859308356,-0.4041301073411283,-0.4478111886512550,-0.2198059762899385,0.7667002859308356,-0.1200439717421718,-0.6796326990279478,0.0450889797360727,0.7222574493674067,-0.0850225412640176,-0.8794985053910901,0.0668442550642654,0.4634494493002998,0.1172915738799143,-0.7702772698678362,0.4297193304300034,0.4563517407400955,-0.2989477983031527,-0.7282283045573646,0.6030314922200630,0.1290998440047404,0.4402793818338810,-0.4643073246438181,0.5311092848078134,-0.5554238938009499,0.3711439496501776,-0.5568663500103472,0.3863775115971573,-0.6347160431218111,0.3711439496501776,-0.5568663500103472,0.3863775115971573,-0.6347160431218111,-0.0702799323929934,-0.9785498627735197,0.1591061832694431,-0.1103907587354709,-0.0310325032657519,-0.9777178309173749,-0.1641415687596156,-0.1271313189281766,0.3091163241008295,-0.9238291870729334,-0.1086173770048054,-0.1979621092511157,-0.0067859492159761,-0.2621301346009341,-0.3374129094417598,-0.9040985963761816,0.0020935960013594,-0.2609440791204314,-0.1271156212211233,-0.9569458831456152,0.0020935960013594,-0.2609440791204314,-0.1271156212211233,-0.9569458831456152,-0.1203100767486912,-0.6795856430004775,0.0453717804619607,0.7222397391434949
0.3777480622461287,1.2012423469984992,0.1004803360345786,-0.1515206981310162,-0.6738086044994476,0.0785238345184675,0.7189279866251642,-0.6451338970405842,0.3221436006561210,0.5106521451838668,1.2466060449522667,-0.2491455473104033,-0.2625705857223898,-0.6560973003778784,-0.3584266477628177,0.4536412583463982,1.2369665514442816,-0.1926272551815213,-0.2620692608504390,-0.0971152490272020,-0.6577297980940483,0.8593706397049385,1.1368207059963655,-2.1967090234797122,0.4033923359725862,-1.8459812172590184,-0.6399891244853300,-0.7163299398216277,-2.1953419216317238,-0.4347335171157304,0.0007743880601675,-0.0102794219122406,-0.0355460682531907,-0.0171686313627520,0.0922669552829623,-0.0794768962635764,0.0003215584631595,0.0035172636294912,0.0409410781010717,-0.0358140572231073,0.0161470976536113,0.0074062749222396,0.0007742303208820,-0.0524635465032365,0.0063024206329766,-0.0162054208674106,-0.0056470803569356,0.0202289690124037,0.0007156138047390,-0.0882070094887552,0.1557936784357296,-0.3048470646087466,0.3778474622832668,0.0093188701160466,-0.0047417243319799,0.2630862767286576,0.6178108216697293,-0.0239755516821998,0.0008558755803979,0.0078380133222220,-0.0004095956677669,0.0000000000000000,0.0000000000000000,-0.1515206981310162,-0.6738086044994476,0.0785238345184675,0.7189279866251642,-0.1515206981310162,-0.6738086044994476,0.0785238345184675,0.7189279866251642,-0.1749455210349319,-0.8467627098621201,0.1798559876551946,0.4690829367620923,-0.0974713730177235,-0.8069703815903914,0.3132954936546720,0.4910642201724462,-0.2981477150590683,-0.7561810664960864,0.4271765809317307,0.3960029082991360,-0.4914313107066641,-0.3828422876093651,0.1728211739012240,0.7629284969946796,-0.4661482349265198,-0.4746753344558860,0.2325461553463248,0.7094444555902353,-0.5550095706838991,-0.5010328901278139,0.1684055537009815,0.6423161129398119,-0.5550095706838991,-0.5010328901278139,0.1684055537009815,0.6423161129398119,-0.0628282556762527,-0.8742298390887840,0.0615438369938954,0.4774800046740665,-0.1469383647622307,-0.8711983022365087,-0.0952836481530650,0.4586323816913376,-0.3391036603897284,-0.8158345864015948,0.0103020928243288,0.4683123978976691,-0.2822597793138177,-0.3931760167837581,-0.1882201970777532,0.8545848080909138,-0.2990550222975117,-0.4735512253074841,-0.1601983746637528,0.8128049036537036,-0.4026929108423838,-0.4485599108455688,-0.2206995437633323,0.7667621126021810,-0.4026929108423838,-0.4485599108455688,-0.2206995437633323,0.7667621126021810,-0.1186964258825526,-0.6803585201511856,0.0435992366909895,0.7218881832391766,-0.0844660165844952,-0.8790654023832682,0.0648914257991184,0.4646489139477757,0.1169173502740020,-0.7719931851040855,0.4254331921258012,0.4575625141938596,-0.3015622902353112,-0.7289939203425256,0.6003444922097931,0.1312041915680837,0.4367507431702603,-0.4666538258622459,0.5320823227468305,-0.5553119816541789,0.3672701681606434,-0.5584831966100554,0.3873636612408460,-0.6349476644838955,0.3672701681606434,-0.5584831966100554,0.3873636612408460,-0.6349476644838955,-0.0709686048428726,-0.9790863955870426,0.1569341495199326,-0.1082818535927623,-0.0332274432092291,-0.9786521564000765,-0.1596197170861157,-0.1251296915548251,0.3077412686978453,-0.9254269782459595,-0.1049848820101276,-0.1945723362251485,-0.0042917269499869,-0.2657790459485552,-0.3343517834152564,-0.9041858021123201,0.0053299448681158,-0.2638423738146030,-0.1240460164259699,-0.9565413630765927,0.0053299448681158,-0.2638423738146030,-0.1240460164259699,-0.9565413630765927,-0.1189601263888992,-0.6803124618799370,0.0438790398860941,0.7218712297903765
0.3776267044340531,1.2007099980497908,0.1001874570773801,-0.1508883697842001,-0.6744044248710597,0.0778082302123156,0.7185800239983213,-0.6449396141885338,0.3228882288695424,0.5101511666802442,1.2469037953266562,-0.2489740695945005,-0.2625537267424042,-0.6571327951098035,-0.3583205220598991,0.4534905711270095,1.2368387248767891,-0.1923184732350696,-0.2620675158412069,-0.0985797711054941,-0.6542716788133059,0.8546601919234996,1.1407769111456534,-2.1966377384417912,0.4032442263587191,-1.8409155237853099,-0.6288607146127536,-0.7167553459379716,-2.1953326398686226,-0.4345771201007119,0.0007670199927149,-0.0079449764189023,-0.0275864746801431,-0.0135110053302829,0.0902265467372342,-0.0669034692419760,0.0032187416417399,0.0082715728988684,0.0294423085755865,-0.0211914626981416,0.0124585853104980,0.0097128052915731,0.0009754362649882,-0.0518191024531217,0.0037566943662047,-0.0029837415297713,-0.0082217992839525,0.0128293702890862,-0.0002907342123376,-0.0619405876192004,0.1652116179727153,-0.2011176455597671,0.1200703245419006,0.0018687210691016,-0.0079368452795269,0.2553729230195221,0.5089338805256527,-0.0176305133820238,-0.0029480515836621,0.0076086553939904,-0.0004251453598770,0.0000000000000000,0.0000000000000000,-0.1508883697842001,-0.6744044248710597,0.0778082302123156,0.7185800239983213,-0.1508883697842001,-0.6744044248710597,0.0778082302123156,0.7185800239983213,-0.1746095213439077,-0.8472354848282999,0.1789283321373776,0.4687090784936241,-0.0970113415711974,-0.8074657924650646,0.3127655812145472,0.4906785962448814,-0.2976270992223096,-0.7568555451360529,0.4264615090020926,0.3958767168513185,-0.4906175149700310,-0.3833471549285372,0.1724695998037330,0.7632782257842594,-0.4654037948332709,-0.4751605297008223,0.2320573562863694,0.7097683862800630,-0.5543086538785965,-0.5014485404408460,0.1678615705929453,0.6427392711225233,-0.5543086538785965,-0.5014485404408460,0.1678615705929453,0.6427392711225233,-0.0622548821873470,-0.8748799535874414,0.0606658848985971,0.4764756519111392,-0.1461696824047581,-0.8716868503631370,-0.0962149556133942,0.4577544551022936,-0.3383922289844398,-0.8165134662167283,0.0091557813083753,0.4676672219840924,-0.2810270765025953,-0.3941556240269170,-0.1887244320188268,0.8544285898069692,-0.2978505118658136,-0.4743797947611382,-0.1608670306485986,0.8126319470424201,-0.4014746872665009,-0.4492944261569873,-0.2214698847509075,0.7667487751910316,-0.4014746872665009,-0.4492944261569873,-0.2214698847509075,0.7667487751910316,-0.1175194396849437,-0.6810123418249739,0.0423540373704414,0.7215382921901123,-0.0839440056991613,-0.8787406189427703,0.0632468631055799,0.4655836797339003,0.1166544766102994,-0.7734232977340635,0.4219024100367111,0.4584828153967790,-0.3042154790774979,-0.7294309704481632,0.5982108205543176,0.1323903916922526,0.4336444911118703,-0.4680750792443178,0.5334190895728457,-0.5552677285760695,0.3639912984692215,-0.5592988928067764,0.3887133337155585,-0.6352928673734183,0.3639912984692215,-0.5592988928067764,0.3887133337155585,-0.6352928673734183,-0.0715196725897044,-0.9795456923239264,0.1550647520050192,-0.1064429225825845,-0.0350303642459299,-0.9793995829850306,-0.1559849271996713,-0.1233613915131395,0.3065954268614247,-0.9267269981146445,-0.1021219737916893,-0.1916961597475789,-0.0023471935729937,-0.2688771176062981,-0.3318712189536365,-0.9041908428757098,0.0079091847512287,-0.2663470046754003,-0.1215827583181611,-0.9561455698672459,0.0079091847512287,-0.2663470046754003,-0.1215827583181611,-0.9561455698672459,-0.1177808955869434,-0.6809671717906347,0.0426310581484784,0.7215219778075660
0.3775302816140627,1.2002602219515808,0.0998761099536017,-0.1505048256079559,-0.6747939718841002,0.0773280368505839,0.7183465512511579,-0.6453790938216138,0.3232352999724540,0.5092936601699386,1.2471961847324835,-0.2487444245372006,-0.2625412025485231,-0.6580274790531985,-0.3582873746207447,0.4530802413288430,1.2366022553374767,-0.1920808795628628,-0.2620711212252697,-0.1002770900333232,-0.6514262145264903,0.8510022196036824,1.1437869343724270,-2.1965447861433454,0.4031096975549253,-1.8365656407866555,-0.6198163824791566,-0.7172727619975224,-2.1953467594435474,-0.4344239049915235,0.0007598625482270,-0.0080610767039746,-0.0230738673424738,-0.0121718563340959,0.0685219499355246,-0.0540179094112768,0.0041877423418835,0.0031714862182252,0.0204211436576580,-0.0226702505514659,0.0090047210693802,0.0077105739105113,-0.0002948361320381,-0.0337046620652741,0.0037137170755175,-0.0095055976785850,-0.0181468081560905,0.0101131347228737,-0.0005601680531205,-0.0563017788620575,0.1083248572112535,-0.2026814208471731,0.2879229207604092,0.0100400614748569,-0.0044401063215615,0.2152028426639380,0.4010356009632509,-0.0190531107086623,-0.0025789826802781,0.0077626268250328,-0.0004249146428811,0.0000000000000000,0.0000000000000000,-0.1505048256079559,-0.6747939718841002,0.0773280368505839,0.7183465512511579,-0.1505048256079559,-0.6747939718841002,0.0773280368505839,0.7183465512511579,-0.1744348033037159,-0.8476523451668818,0.1783985106921968,0.4682221401346632,-0.0968276674105183,-0.8079053563816135,0.3124571362827331,0.4901875926007596,-0.2972366743637538,-0.7574543032153424,0.4258701291496526,0.3956614348806223,-0.4899810394157422,-0.3838447061108540,0.1721440922652730,0.7635104675784772,-0.4648397253516376,-0.4756001272232647,0.2316010302735721,0.7099926136914716,-0.5537739459880734,-0.5018233612746040,0.1673554071956562,0.6430395777137140,-0.5537739459880734,-0.5018233612746040,0.1673554071956562,0.6430395777137140,-0.0618765090182672,-0.8753653056987740,0.0600818559664675,0.4757068948357038,-0.1456527729925456,-0.8720619650267629,-0.0968616383876726,0.4570678526018834,-0.3378105836604605,-0.8170623052703729,0.0082785017056394,0.4671452293267597,-0.2800650300715078,-0.3949979699187323,-0.1890716873425438,0.8542786897357135,-0.2969066529618027,-0.4751051332580933,-0.1613411399815029,0.8124595918126001,-0.4005175755147991,-0.4499512596080500,-0.2220353914939027,0.7667006068896934,-0.4005175755147991,-0.4499512596080500,-0.2220353914939027,0.7667006068896934,-0.1165350447024107,-0.6814823478114514,0.0412697097550388,0.7213169927530700,-0.0835232948618053,-0.8783991292002703,0.0618287878919850,0.4664933333108216,0.1165752544564680,-0.7744675995701745,0.4190558034534266,0.4593499546711887,-0.3058655874335089,-0.7299004355683538,0.5964892921555801,0.1337614328751582,0.4313649710246958,-0.4696174577844916,0.5340394528399925,-0.5551446369436117,0.3614865720914422,-0.5603652119789957,0.3893610033751976,-0.6353867298362246,0.3614865720914422,-0.5603652119789957,0.3893610033751976,-0.6353867298362246,-0.0720119770162361,-0.9799474576074551,0.1534710740950591,-0.1047085713349475,-0.0365995390196168,-0.9800072448806006,-0.1530888311952914,-0.1216966864312429,0.3056390624388768,-0.9278004971806622,-0.0999143881741998,-0.1891774721751365,-0.0008904630856835,-0.2715490412170902,-0.3298779006959176,-0.9041243807806673,0.0099190535727657,-0.2685618681502754,-0.1196215822171422,-0.9557545775039327,0.0099190535727657,-0.2685618681502754,-0.1196215822171422,-0.9557545775039327,-0.1167942422950683,-0.6814379736917527,0.0415440641454107,0.7213012433871715
