base_x,base_y,base_z,base_qx,base_qy,base_qz,base_qw,J00_HIP_PITCH_L,J01_HIP_ROLL_L,J02_HIP_YAW_L,J03_KNEE_PITCH_L,J04_ANKLE_PITCH_L,J05_ANKLE_ROLL_L,J06_HIP_PITCH_R,J07_HIP_ROLL_R,J08_HIP_YAW_R,J09_KNEE_PITCH_R,J10_ANKLE_PITCH_R,J11_ANKLE_ROLL_R,J12_WAIST_YAW,J13_SHOULDER_PITCH_L,J14_SHOULDER_ROLL_L,J15_SHOULDER_YAW_L,J16_ELBOW_PITCH_L,J17_ELBOW_YAW_L,J18_SHOULDER_PITCH_R,J19_SHOULDER_ROLL_R,J20_SHOULDER_YAW_R,J21_ELBOW_PITCH_R,J22_ELBOW_YAW_R,J23_HEAD_YAW,base_vx,base_vy,base_vz,base_wx,base_wy,base_wz,dJ00_HIP_PITCH_L,dJ01_HIP_ROLL_L,dJ02_HIP_YAW_L,dJ03_KNEE_PITCH_L,dJ04_ANKLE_PITCH_L,dJ05_ANKLE_ROLL_L,dJ06_HIP_PITCH_R,dJ07_HIP_ROLL_R,dJ08_HIP_YAW_R,dJ09_KNEE_PITCH_R,dJ10_ANKLE_PITCH_R,dJ11_ANKLE_ROLL_R,dJ12_WAIST_YAW,dJ13_SHOULDER_PITCH_L,dJ14_SHOULDER_ROLL_L,dJ15_SHOULDER_YAW_L,dJ16_ELBOW_PITCH_L,dJ17_ELBOW_YAW_L,dJ18_SHOULDER_PITCH_R,dJ19_SHOULDER_ROLL_R,dJ20_SHOULDER_YAW_R,dJ21_ELBOW_PITCH_R,dJ22_ELBOW_YAW_R,dJ23_HEAD_YAW,left_foot_contact,right_foot_contact,base_quat_x,base_quat_y,base_quat_z,base_quat_w,LINK_BASE_qx,LINK_BASE_qy,LINK_BASE_qz,LINK_BASE_qw,LINK_HIP_PITCH_L_qx,LINK_HIP_PITCH_L_qy,LINK_HIP_PITCH_L_qz,LINK_HIP_PITCH_L_qw,LINK_HIP_ROLL_L_qx,LINK_HIP_ROLL_L_qy,LINK_HIP_ROLL_L_qz,LINK_HIP_ROLL_L_qw,LINK_HIP_YAW_L_qx,LINK_HIP_YAW_L_qy,LINK_HIP_YAW_L_qz,LINK_HIP_YAW_L_qw,LINK_KNEE_PITCH_L_qx,LINK_KNEE_PITCH_L_qy,LINK_KNEE_PITCH_L_qz,LINK_KNEE_PITCH_L_qw,LINK_ANKLE_PITCH_L_qx,LINK_ANKLE_PITCH_L_qy,LINK_ANKLE_PITCH_L_qz,LINK_ANKLE_PITCH_L_qw,LINK_ANKLE_ROLL_L_qx,LINK_ANKLE_ROLL_L_qy,LINK_ANKLE_ROLL_L_qz,LINK_ANKLE_ROLL_L_qw,LINK_FOOT_L_qx,LINK_FOOT_L_qy,LINK_FOOT_L_qz,LINK_FOOT_L_qw,LINK_HIP_PITCH_R_qx,LINK_HIP_PITCH_R_qy,LINK_HIP_PITCH_R_qz,LINK_HIP_PITCH_R_qw,LINK_HIP_ROLL_R_qx,LINK_HIP_ROLL_R_qy,LINK_HIP_ROLL_R_qz,LINK_HIP_ROLL_R_qw,LINK_HIP_YAW_R_qx,LINK_HIP_YAW_R_qy,LINK_HIP_YAW_R_qz,LINK_HIP_YAW_R_qw,LINK_KNEE_PITCH_R_qx,LINK_KNEE_PITCH_R_qy,LINK_KNEE_PITCH_R_qz,LINK_KNEE_PITCH_R_qw,LINK_ANKLE_PITCH_R_qx,LINK_ANKLE_PITCH_R_qy,LINK_ANKLE_PITCH_R_qz,LINK_ANKLE_PITCH_R_qw,LINK_ANKLE_ROLL_R_qx,LINK_ANKLE_ROLL_R_qy,LINK_ANKLE_ROLL_R_qz,LINK_ANKLE_ROLL_R_qw,LINK_FOOT_R_qx,LINK_FOOT_R_qy,LINK_FOOT_R_qz,LINK_FOOT_R_qw,LINK_TORSO_YAW_qx,LINK_TORSO_YAW_qy,LINK_TORSO_YAW_qz,LINK_TORSO_YAW_qw,LINK_SHOULDER_PITCH_L_qx,LINK_SHOULDER_PITCH_L_qy,LINK_SHOULDER_PITCH_L_qz,LINK_SHOULDER_PITCH_L_qw,LINK_SHOULDER_ROLL_L_qx,LINK_SHOULDER_ROLL_L_qy,LINK_SHOULDER_ROLL_L_qz,LINK_SHOULDER_ROLL_L_qw,LINK_SHOULDER_YAW_L_qx,LINK_SHOULDER_YAW_L_qy,LINK_SHOULDER_YAW_L_qz,LINK_SHOULDER_YAW_L_qw,LINK_ELBOW_PITCH_L_qx,LINK_ELBOW_PITCH_L_qy,LINK_ELBOW_PITCH_L_qz,LINK_ELBOW_PITCH_L_qw,LINK_ELBOW_YAW_L_qx,LINK_ELBOW_YAW_L_qy,LINK_ELBOW_YAW_L_qz,LINK_ELBOW_YAW_L_qw,LINK_ELBOW_END_L_qx,LINK_ELBOW_END_L_qy,LINK_ELBOW_END_L_qz,LINK_ELBOW_END_L_qw,LINK_SHOULDER_PITCH_R_qx,LINK_SHOULDER_PITCH_R_qy,LINK_SHOULDER_PITCH_R_qz,LINK_SHOULDER_PITCH_R_qw,LINK_SHOULDER_ROLL_R_qx,LINK_SHOULDER_ROLL_R_qy,LINK_SHOULDER_ROLL_R_qz,LINK_SHOULDER_ROLL_R_qw,LINK_SHOULDER_YAW_R_qx,LINK_SHOULDER_YAW_R_qy,LINK_SHOULDER_YAW_R_qz,LINK_SHOULDER_YAW_R_qw,LINK_ELBOW_PITCH_R_qx,LINK_ELBOW_PITCH_R_qy,LINK_ELBOW_PITCH_R_qz,LINK_ELBOW_PITCH_R_qw,LINK_ELBOW_YAW_R_qx,LINK_ELBOW_YAW_R_qy,LINK_ELBOW_YAW_R_qz,LINK_ELBOW_YAW_R_qw,LINK_ELBOW_END_R_qx,LINK_ELBOW_END_R_qy,LINK_ELBOW_END_R_qz,LINK_ELBOW_END_R_qw,LINK_HEAD_YAW_qx,LINK_HEAD_YAW_qy,LINK_HEAD_YAW_qz,LINK_HEAD_YAW_qw
1.7739400000000001,1.0141549999999999,0.7245370000000000,-0.2327600083648129,0.1205780043332721,0.1801040064724878,0.9480750340714471,0.1405500000000000,-0.2376750000000000,-0.1371410000000000,0.3250140000000000,0.7792580000000000,-0.2760450000000000,-0.2956140000000000,0.1073300000000000,0.1017690000000000,0.7912950000000000,0.2923320000000000,-0.2704220000000000,-0.0737370000000000,0.0266330000000000,0.1216580000000000,0.0447310000000000,-0.2917530000000000,0.0745610000000000,0.2325700000000000,-0.4115310000000000,-0.0683440000000000,0.0119160000000000,0.0330380000000000,-0.0002270000000000,1.7772799450557268,2.4117399562304129,-1.1949561823454216,-1.1330960877225211,1.9367545082271478,1.5593346351590913,-1.1004090000000000,-0.5073990000000000,2.3630710000000001,7.2302609999999996,-0.7956750000000000,0.0327670000000000,2.0444610000000001,-3.2528329999999999,-1.3540470000000000,-5.1557719999999998,12.2383679999999995,0.3921070000000000,-1.0767050000000000,0.3088930000000000,-0.7770890000000000,0.3471710000000000,-0.3610190000000000,-0.0334810000000000,0.9133490000000000,-1.7203539999999999,-0.3741810000000000,-0.1108700000000000,-0.1650870000000000,0.0008220000000000,0.0000000000000000,0.0000000000000000,-0.2327600083648129,0.1205780043332721,0.1801040064724878,0.9480750340714471,-0.2327600083648129,0.1205780043332721,0.1801040064724878,0.9480750340714471,-0.2465923007452665,0.1803531045366439,0.1466427358591235,0.9408299011600884,-0.3563960162418313,0.1616954300960648,0.1669907847226993,0.9049588638776338,-0.3666373226346161,0.1368963336189815,0.1045934855585711,0.9142738486207017,-0.3787292523913873,0.2830155112256232,0.0438962065904492,0.8800792559967133,-0.3670172778510154,0.5960974347014008,-0.1032523187575036,0.7066152593685185,-0.4607463879726926,0.6046344902898636,-0.0202565085419147,0.6493993940432383,-0.4607463879726926,0.6046344902898636,-0.0202565085419147,0.6493993940432383,-0.2091980226341035,-0.0244735597905274,0.1751137111169844,0.9617548650129085,-0.1573090519141478,-0.0150453598770126,0.1761743570902257,0.9715915269473528,-0.1578706862924224,-0.0070247475055280,0.2253639451206730,0.9613732841990613,-0.2325312948630451,0.3640367239199860,0.1471096810550201,0.8898118915179822,-0.2514777073163589,0.4897525385621082,0.1116737394095044,0.8273030820812747,-0.3607023971101379,0.4702289716050925,0.1766728257682781,0.7858531717930958,-0.3607023971101379,0.4702289716050925,0.1766728257682781,0.7858531717930958,-0.2370463556353475,0.1119164952229240,0.1450354277243759,0.9540694147082931,-0.2388592578985147,0.1247841938645797,0.1426699875106881,0.9523762043128954,-0.1805211122063534,0.1332265255416991,0.1348202999062822,0.9651353830800362,-0.1773130617502598,0.1358668154803785,0.1565814513610603,0.9620720012938913,-0.1543355035094197,-0.0068268361585922,0.1719125840983813,0.9729234348566050,-0.1618683385668529,-0.0048369504131928,0.2074397372533285,0.9647507451609338,-0.1618683385668529,-0.0048369504131928,0.2074397372533285,0.9647507451609338,-0.2530550538593266,0.2199094082045252,0.1096567809316085,0.9357234539622837,-0.4389006317103663,0.1928656924859877,0.1522746928515953,0.8642809022899293,-0.4448940499299003,0.1759333775174367,0.1236571627097480,0.8693823308089793,-0.4456731478268793,0.1809353354323147,0.1206814520152864,0.8683742492943689,-0.4459035842987791,0.1885459613605565,0.1348322432906675,0.8645465170442431,-0.4459035842987791,0.1885459613605565,0.1348322432906675,0.8645465170442431,-0.2370590566306828,0.1118895897407490,0.1449271399118477,0.9540858700840242
1.8049060515743436,1.0578231403817739,0.6999368901977576,-0.2441179500569728,0.1358669710008867,0.1840108957190022,0.9423834585282763,0.1434018454718931,-0.2445051944452930,-0.1003163383451806,0.3705950267634811,0.7586371393337203,-0.2718017037937402,-0.2946120626159776,0.0707678180621736,0.1161056631383627,0.7566753666598033,0.4613676897247197,-0.2656420562621704,-0.0795422612496712,0.0238241739344207,0.1177746469460692,0.0472848448879748,-0.3638705310778520,0.0743998927309475,0.2176974401104244,-0.4416143654327862,-0.0656776988523438,-0.0558154021951131,0.0266457969768497,-0.0001824467403840,1.5779685110487491,2.2722430575977541,-1.2916026413861466,-1.8989537948359272,1.4929416879439137,-0.1341598377577854,0.3558046513787705,-0.1402664736201312,1.3044646015674120,0.5355796634205633,-1.0089719523292648,0.2571917297580721,-0.8216043656001679,-1.0181818409589838,1.5540333108159183,-0.3848812898894524,5.6670675755216342,0.1510583947951707,-0.2383726938798995,-0.7937807041900599,0.2201559303196751,0.0419062707957143,-5.5458324774841667,0.0022892287826843,-2.1304776572144610,-1.2700953160087931,0.3882865732036712,-5.4034346623950746,-0.4002123653903862,0.0019598900539115,0.0000000000000000,0.0000000000000000,-0.2441179500569728,0.1358669710008867,0.1840108957190022,0.9423834585282763,-0.2441179500569728,0.1358669710008867,0.1840108957190022,0.9423834585282763,-0.2586738264544826,0.1959058193123348,0.1493470822626775,0.9340258082550950,-0.3705204479077845,0.1762551857731840,0.1720980839779239,0.8955618106314058,-0.3790964653695967,0.1569622973009856,0.1258026128303752,0.9032288800604891,-0.3957557644999697,0.3202252588485849,0.0540166855306360,0.8590199975231573,-0.3875286058612554,0.6162323297476179,-0.0967574652928802,0.6787615843012564,-0.4760755081342272,0.6236626180449814,-0.0122159800818218,0.6198772614305652,-0.4760755081342272,0.6236626180449814,-0.0122159800818218,0.6198772614305652,-0.2206929840125704,-0.0076746859462342,0.1808569117165687,0.9583978732695512,-0.1856667967053312,-0.0010874857609583,0.1810164100150805,0.9657948629399270,-0.1854319496709900,0.0093986203942127,0.2352647978036480,0.9540320397608818,-0.2592771774394155,0.3614705593271805,0.1500329240647725,0.8829521514189308,-0.2862166477062725,0.5493647005987030,0.0884000204760125,0.7800409557784261,-0.3871082705133775,0.5327949105235894,0.1604547325703498,0.7352081671309690,-0.3871082705133775,0.5327949105235894,0.1604547325703498,0.7352081671309690,-0.2492970135113950,0.1261126734443203,0.1466218107767981,0.9489197211859166,-0.2510355103732695,0.1383341134720048,0.1442058149129284,0.9471269864843068,-0.1950702340085538,0.1465514145067541,0.1358467037173033,0.9602166212886862,-0.1913630399354670,0.1496817686883840,0.1587127483710198,0.9569669892809735,-0.1627056042463008,-0.0224183152234500,0.1792887004580152,0.9699896223040037,-0.1707408959372365,-0.0201708376933072,0.2145204937226415,0.9614684818205397,-0.1707408959372365,-0.0201708376933072,0.2145204937226415,0.9614684818205397,-0.2648469256028999,0.2284901165412451,0.1115653156385510,0.9301621111333928,-0.4610588662192380,0.1987095264335428,0.1586476508339107,0.8501589080107723,-0.4670617477358212,0.1815398129601251,0.1313344226214808,0.8553641853310463,-0.4637899241579939,0.1629360520271080,0.1430100814517833,0.8590103991236051,-0.4642203235427733,0.1694323639519068,0.1545724988428344,0.8555112552485751,-0.4642203235427733,0.1694323639519068,0.1545724988428344,0.8555112552485751,-0.2493087640191099,0.1260894425883397,0.1465333867070269,0.9489333797644562
1.8369443214866052,1.1038335668336050,0.6702978114228373,-0.2609647819349450,0.1548441577433977,0.1840200281889600,0.9349103158205700,0.1459488287893395,-0.2427262077871695,-0.0866137299601418,0.3765148512942539,0.7410485618910558,-0.2674266059345505,-0.3161584857610153,0.0600475255080078,0.1479644925795926,0.7589130722033334,0.5185446866493625,-0.2637288422609118,-0.0908132009150986,-0.0158075516278491,0.1303077648012913,0.0476463290130545,-0.4983624582019408,0.0745145710950009,0.1424081483074104,-0.4608429318145262,-0.0562182243908748,-0.1910808610880160,0.0179993597589775,-0.0001570977431733,1.4801072049919775,2.1430433964522577,-1.3938841045011061,-2.2365332871626524,1.6657027019550272,0.0261857762417099,-0.1214157607370053,0.2638388919352621,0.2770252791956421,0.4525345184864467,-0.8892469972990452,0.1779916447296785,-1.1690337395349317,-0.2798901832062985,1.4253269627784957,0.4411135075386028,0.8776462206106203,0.0627352646046380,-0.8507780850959963,-3.0392198591951427,0.9219254895694297,0.0091069861407324,-7.3770369137264105,0.0073453326771051,-5.0488630064547326,-0.7010463439384975,0.4939008532280982,-7.5710877006044530,-0.4436446529577434,0.0007871371419700,0.0000000000000000,0.0000000000000000,-0.2609647819349450,0.1548441577433977,0.1840200281889600,0.9349103158205700,-0.2609647819349450,0.1548441577433977,0.1840200281889600,0.9349103158205700,-0.2761759445526638,0.2154487051763261,0.1474481472920802,0.9249690518868298,-0.3863596998381653,0.1959676058912304,0.1724986902654099,0.8846282166192414,-0.3945311289371480,0.1789477815379596,0.1337915469062381,0.8913039334360963,-0.4125731262509550,0.3422102131974600,0.0577789340460531,0.8422215743255236,-0.4054118137132395,0.6245466520282694,-0.0958970855955809,0.6605955568396553,-0.4899673199487939,0.6317583804240512,-0.0116670625877403,0.6005641129777477,-0.4899673199487939,0.6317583804240512,-0.0116670625877403,0.6005641129777477,-0.2362450059870861,0.0012695190253502,0.1833376265542051,0.9542400118193933,-0.2072240085040707,0.0068238856818453,0.1832149873053130,0.9609598916242129,-0.2061840958785883,0.0218282780590498,0.2523960586988244,0.9451496571638826,-0.2849391267139826,0.3699901062316822,0.1581940135006512,0.8699952123148129,-0.3159026916570245,0.5800158577508673,0.0801320238345331,0.7465694561911529,-0.4113648955557595,0.5644347010955908,0.1557337621886261,0.6985265823274773,-0.4113648955557595,0.5644347010955908,0.1557337621886261,0.6985265823274773,-0.2676027146347428,0.1430668295508502,0.1421954814608857,0.9421789184939825,-0.2669528976702913,0.1384091781705027,0.1432052067753863,0.9429057845702397,-0.2058793506986837,0.1473157828527521,0.1340257138458732,0.9580964779741509,-0.2021196169195272,0.1507339133574851,0.1570645658535614,0.9548600263774127,-0.1615937055032584,-0.0849868730124316,0.1865366112912296,0.9653335166693836,-0.1718581142168824,-0.0827804124010554,0.2211406359223852,0.9564042090269003,-0.1718581142168824,-0.0827804124010554,0.2211406359223852,0.9564042090269003,-0.2783203831151492,0.2130037395675032,0.1169300211398827,0.9292440698918242,-0.4826027295977450,0.1807825664262556,0.1623603602787658,0.8414578910862329,-0.4872737849698248,0.1654227877776431,0.1391431254127872,0.8460725444165023,-0.4724791614782032,0.0932523334008759,0.1860372870551142,0.8564213753225206,-0.4734456118140230,0.0977203255735008,0.1938246213619811,0.8536580151194845,-0.4734456118140230,0.0977203255735008,0.1938246213619811,0.8536580151194845,-0.2676140641437961,0.1430455985693226,0.1421207322985590,0.9421901967507966
1.8672003712460681,1.1478149819411594,0.6377751514111611,-0.2792239095903840,0.1750803463480686,0.1874591069734750,0.9253323531836596,0.1344367449240142,-0.2333937153948511,-0.0845654771231934,0.4019829676021338,0.7150532568425135,-0.2648114095467460,-0.3405420225079296,0.0557985352836597,0.1669961742854034,0.7780135361920990,0.4985964799638864,-0.2629122892169281,-0.1142741058327613,-0.1047640551530785,0.1539059640344597,0.0477770193862900,-0.6526254285760434,0.0746795062497020,0.0133926419282873,-0.4682757391328896,-0.0467234728022169,-0.3525808253126043,0.0091906803701430,-0.0001499166175978,1.4125191019649412,2.0475365453354288,-1.5599409240502782,-2.2749679706414718,1.9139180035603132,0.4470243748144321,-0.9883259151297716,0.6269723270296474,0.0397806689308336,2.1178439147131685,-1.8026113999868982,0.0968673246587555,-1.2608456317236885,-0.2349098014087884,0.4990313002447825,1.4547337830873321,-2.4179532170804103,0.0277296433061491,-1.4182111821053636,-5.6206333617872026,1.3400721893969063,0.0048330177266539,-7.8771685169258205,0.0088423666524813,-7.5163466365444673,-0.1283215133492510,0.4690746290542495,-8.3589860369149207,-0.4357180863636523,0.0000416995190186,0.0000000000000000,0.0000000000000000,-0.2792239095903840,0.1750803463480686,0.1874591069734750,0.9253323531836596,-0.2792239095903840,0.1750803463480686,0.1874591069734750,0.9253323531836596,-0.2940037173764147,0.2306639389707907,0.1523190888917512,0.9149616694629976,-0.3990832817523350,0.2112485391177214,0.1782722981928556,0.8742571570444551,-0.4076638185301828,0.1941742055860542,0.1411229413464574,0.8810169716708866,-0.4275096501494365,0.3644053591919464,0.0578011465456516,0.8252898040563106,-0.4205314151818565,0.6313420291177132,-0.0962226707072219,0.6444391117527268,-0.5019853876894057,0.6385203949965290,-0.0119693467648968,0.5832316096181822,-0.5019853876894057,0.6385203949965290,-0.0119693467648968,0.5832316096181822,-0.2524101380860230,0.0100861617340486,0.1898706816726564,0.9487552454527092,-0.2256213220876434,0.0154233210068928,0.1895118138441057,0.9554802000052433,-0.2235659813233179,0.0340750907027351,0.2680723636437155,0.9364797638171442,-0.3082963994817849,0.3854653448830053,0.1637005504607553,0.8541498274539658,-0.3393531832104159,0.5860579974645306,0.0817554719853326,0.7312260139336388,-0.4322916806434332,0.5702808235221191,0.1578851351920567,0.6804233750061768,-0.4322916806434332,0.5702808235221191,0.1578851351920567,0.6804233750061768,-0.2885408111373837,0.1592586565072030,0.1356364173665066,0.9343359368662219,-0.2823651196564879,0.1146489211895929,0.1462068070990966,0.9411424619202597,-0.2104635896313682,0.1253659263443802,0.1371283708204300,0.9597834505071597,-0.2072098931919822,0.1289069171356375,0.1602806498735657,0.9564293910969387,-0.1500614961154687,-0.1806324445209182,0.1982721496083351,0.9515995071770870,-0.1636981561608814,-0.1788362774776660,0.2316499020737038,0.9421034032401657,-0.1636981561608814,-0.1788362774776660,0.2316499020737038,0.9421034032401657,-0.2905776770869861,0.1722378352546535,0.1306962175828169,0.9321036639747037,-0.4987936971769464,0.1372376119513341,0.1670724724470168,0.8393196497597852,-0.5016658144696108,0.1240807634537311,0.1478110262397238,0.8432599096691606,-0.4690336782393218,-0.0131336158112913,0.2383224676655412,0.8503160107976450,-0.4700852367698313,-0.0108261233921365,0.2423288943438316,0.8486338269179741,-0.4700852367698313,-0.0108261233921365,0.2423288943438316,0.8486338269179741,-0.2885527547264140,0.1592370154960729,0.1355663417820581,0.9343461069708227
1.8960103353553464,1.1899439480458061,0.6014993030796951,-0.2969885010796394,0.1965297259188726,0.1955900382934675,0.9137387120928400,0.1033097870487181,-0.2164165181441014,-0.0812891973325824,0.4701662445747511,0.6591694370286572,-0.2634560192395300,-0.3669006144371000,0.0487689009058349,0.1670650469427139,0.8225131681646407,0.4208205992567783,-0.2625122288144339,-0.1473241755847027,-0.2457679961386737,0.1817855361816171,0.0477927716783745,-0.8112619756465658,0.0748688676402438,-0.1590848197172792,-0.4666609415620436,-0.0371096644033687,-0.5227255100956688,0.0005791870365033,-0.0001552475715082,1.3613672322507337,1.9623684894324693,-1.7862961148665175,-2.1769949249204785,2.2365572979887252,0.8684836099058668,-2.0336063808313232,1.0609476754227720,0.3409049574494937,4.5188651788982455,-3.7352445429199910,0.0484607416824267,-1.3598259257960421,-0.4905480626885852,-0.4254911917948930,2.8911044170946543,-4.9860019680196208,0.0152920274331185,-1.8317918230820458,-8.2006387342126814,1.3753247798870700,-0.0039832257500048,-7.9478448391321725,0.0099802231152780,-9.4570593372562435,0.2271389324886710,0.4844107151727891,-8.5762800270990915,-0.4275945233584471,-0.0004847660453545,0.0000000000000000,0.0000000000000000,-0.2969885010796394,0.1965297259188726,0.1955900382934675,0.9137387120928400,-0.2969885010796394,0.1965297259188726,0.1955900382934675,0.9137387120928400,-0.3094284160530775,0.2394846132914427,0.1672232045945082,0.9049516977058362,-0.4062697005366145,0.2198203335153538,0.1923421460091553,0.8658108628723026,-0.4149354449670898,0.2029892241250136,0.1567048591346117,0.8729647979859725,-0.4397665314931866,0.3971135688473992,0.0577341679154335,0.8034755609667581,-0.4344519466247865,0.6381397537213223,-0.0893271651871309,0.6293248909379439,-0.5133756715237737,0.6443442864756052,-0.0047040627251366,0.5667836731660817,-0.5133756715237737,0.6443442864756052,-0.0047040627251366,0.5667836731660817,-0.2670777836160296,0.0195340620508901,0.2014787807504250,0.9421752378543301,-0.2435609678536954,0.0245392863950041,0.2009305902447654,0.9485266344522357,-0.2406451974940275,0.0448777290163551,0.2797657187010396,0.9283356187290704,-0.3319549082316574,0.4098386036580143,0.1611983478146121,0.8341782486461754,-0.3587376796458060,0.5786607029381663,0.0865230931000030,0.7273051783384048,-0.4508516037096696,0.5623566495136710,0.1615223003558414,0.6740907777650832,-0.4508516037096696,0.5623566495136710,0.1615223003558414,0.6740907777650832,-0.3103273128231605,0.1747085054003796,0.1295079770563138,0.9254196782733244,-0.2947534936447019,0.0656422861308734,0.1574491877781463,0.9402240273061294,-0.2095192107087057,0.0794550859356905,0.1509504745916271,0.9628097132266145,-0.2073377389918051,0.0829845718896349,0.1741857185852967,0.9590536785076130,-0.1268617299037323,-0.2994091604503977,0.2174929101720912,0.9203027165824813,-0.1445841401500844,-0.2984530389669224,0.2487907980989860,0.9100133783245929,-0.1445841401500844,-0.2984530389669224,0.2487907980989860,0.9100133783245929,-0.2997459677167012,0.1109667455508937,0.1549479273975978,0.9347886798708093,-0.5079551096185223,0.0720927593275431,0.1764231075440771,0.8400351943754898,-0.5090219485168787,0.0614240872744759,0.1610372407544076,0.8433212581933320,-0.4522586136241955,-0.1431441235487808,0.2962608903823076,0.8289761101057462,-0.4524994138273790,-0.1428367701464437,0.2967981711478936,0.8287054863962684,-0.4524994138273790,-0.1428367701464437,0.2967981711478936,0.8287054863962684,-0.3103407887426982,0.1746845665359081,0.1294365907042695,0.9254296656383872
1.9240160037072593,1.2300406051201951,0.5607202213089491,-0.3134148991464754,0.2197520091646821,0.2084839833150203,0.9000081022758585,0.0513176618459014,-0.1884209828890077,-0.0682914922165135,0.5871048256824285,0.5573611976153113,-0.2627863188532760,-0.3945042126481916,0.0337680504921386,0.1472510934911554,0.8968976636013770,0.2996336621473127,-0.2622812825153632,-0.1876977157200408,-0.4359726016907939,0.2058782337314753,0.0473400568839915,-0.9700901711289149,0.0750821032533431,-0.3656122554292942,-0.4603205614565104,-0.0276216260229584,-0.6943310889516929,-0.0079640097957358,-0.0001674442522033,1.3433810677753177,1.8719887404507936,-2.0562323588793259,-2.0578595778918602,2.6378264493505483,1.2264622162735725,-3.0369049685407230,1.7036637851787897,0.9077502078995131,6.8663542918678777,-6.2328595633792787,0.0241597146793081,-1.3757211582601478,-0.9857152173202890,-1.4373105340415679,4.3737133034858822,-6.8212666202913681,0.0090678933309913,-2.1495232277232037,-10.5240911772959134,1.0174611976271888,-0.0619575000329573,-7.9339394558316236,0.0112590099961602,-10.9882108176995317,0.3477544973029203,0.4586353597085259,-8.5623560663470375,-0.4277193752384765,-0.0006423654038621,0.0000000000000000,0.0000000000000000,-0.3134148991464754,0.2197520091646821,0.2084839833150203,0.9000081022758585,-0.3134148991464754,0.2197520091646821,0.2084839833150203,0.9000081022758585,-0.3206956985122930,0.2422770841393459,0.1930286810579220,0.8950955321895466,-0.4049424638667821,0.2226777121678276,0.2153436642061400,0.8602693437217643,-0.4124977372352561,0.2083491764192785,0.1850621031689836,0.8672878734491071,-0.4479931080630892,0.4450930755412872,0.0608649355664422,0.7729746366160173,-0.4470402805609669,0.6444129666489389,-0.0675081684650524,0.6167086533860049,-0.5239986403381043,0.6477025278765989,0.0175174135378489,0.5528109989218969,-0.5239986403381043,0.6477025278765989,0.0175174135378489,0.5528109989218969,-0.2792973304400447,0.0305655762376252,0.2180814529617387,0.9346118053140688,-0.2625523564038653,0.0344575477122545,0.2175004643266281,0.9394532907867937,-0.2592289830910103,0.0540499470227799,0.2873398515414122,0.9204970110047039,-0.3575337266993762,0.4442741409139296,0.1480995956466318,0.8079954404307917,-0.3762598468052786,0.5648809890224913,0.0905117873003754,0.7287973739543328,-0.4683363960774982,0.5481933079768900,0.1636062727669414,0.6733335761045961,-0.4683363960774982,0.5481933079768900,0.1636062727669414,0.6733335761045961,-0.3322209895592773,0.1901290578401008,0.1251935206890047,0.9153178343278261,-0.3018200092621521,-0.0064072548375869,0.1789656502952875,0.9363946417557212,-0.2049799679956566,0.0118349070906375,0.1786888129523639,0.9622439689706196,-0.2043756638568567,0.0152520723371389,0.2017327181068278,0.9577587758708990,-0.0907346874864690,-0.4315449885510648,0.2452681851523825,0.8633537262879279,-0.1128410685935433,-0.4319052944432210,0.2734025963657913,0.8520420941309328,-0.1128410685935433,-0.4319052944432210,0.2734025963657913,0.8520420941309328,-0.3039255110835107,0.0347095622976782,0.1898655773588931,0.9329392223140286,-0.5090374485005322,-0.0095874868941719,0.1927738863948546,0.8388248833000518,-0.5086763738687952,-0.0175871681105133,0.1812647940243220,0.8414761509590548,-0.4208301270924012,-0.2851035963366238,0.3571402125095783,0.7836254284388235,-0.4191629516864271,-0.2864594767232645,0.3547334640914534,0.7851162701043919,-0.4191629516864271,-0.2864594767232645,0.3547334640914534,0.7851162701043919,-0.3322367842893506,0.1901014563436624,0.1251174758703955,0.9153282322166791
1.9522094142895507,1.2679471612633695,0.5148955550188680,-0.3283193974444723,0.2451810913659289,0.2245958117671321,0.8841093411083116,-0.0178230708470389,-0.1464173488175488,-0.0450058825066288,0.7436083773428542,0.4062639830565938,-0.2624258832014863,-0.4204001223165721,0.0077543143665888,0.1098608334880947,0.9977110554478755,0.1508214616591211,-0.2621382439578968,-0.2321678380455041,-0.6674748355859249,0.2203266976568311,0.0437082200067016,-1.1284776866581845,0.0753235230770218,-0.5996212829148886,-0.4546241312953274,-0.0192776468016245,-0.8643586349831728,-0.0165341873598072,-0.0001779555711447,1.3702877015639989,1.7825703410016283,-2.3534193811962094,-1.9940326699211570,2.9679013033188877,1.3284731195212096,-3.7360130936282596,2.4161926289997040,1.3324565279643996,8.4557236783292229,-8.5469055259943758,0.0140604041480416,-1.1904109984216749,-1.5581283509681503,-2.1530274299310674,5.5061268837184256,-7.8087961244917485,0.0059249013990530,-2.2369434257405345,-12.3413570610593997,0.4709560561955872,-0.2926077886814013,-7.9015715909189561,0.0127542402538469,-12.2490568153985482,0.1989993884394852,0.3740552839519168,-8.4367371006901095,-0.4283076707033661,-0.0003825493575871,0.0000000000000000,0.0000000000000000,-0.3283193974444723,0.2451810913659289,0.2245958117671321,0.8841093411083116,-0.3283193974444723,0.2451810913659289,0.2245958117671321,0.8841093411083116,-0.3268637881360538,0.2411978033080288,0.2274184009558273,0.8850223469446543,-0.3927954658713806,0.2233263146566774,0.2449915643359802,0.8577973027335538,-0.3980064599884163,0.2139013292028298,0.2244779705666539,0.8633925641925736,-0.4518022480945701,0.5067910978329054,0.0683683412035634,0.7310015606652855,-0.4560821194604093,0.6490639054195468,-0.0280820542470686,0.6082076497540048,-0.5317451571709112,0.6471578660353527,0.0570898547710381,0.5432996712092436,-0.5317451571709112,0.6471578660353527,0.0570898547710381,0.5432996712092436,-0.2893272765481906,0.0450193794693095,0.2380310263253880,0.9260692269068694,-0.2842895769684788,0.0463124747062455,0.2377828183614254,0.9276281164377045,-0.2811842810959534,0.0624564564387474,0.2903189684110476,0.9125510877175104,-0.3851423348566925,0.4871732257398594,0.1225360569621788,0.7741527916164331,-0.3939950811776876,0.5498375353648854,0.0900976101930031,0.7309780990899555,-0.4861542438141535,0.5333452443505939,0.1611885386348150,0.6732125641748422,-0.4861542438141535,0.5333452443505939,0.1611885386348150,0.6732125641748422,-0.3540468658993742,0.2062964155008998,0.1227059894173538,0.9039003517309960,-0.3013246361801490,-0.0962604127981162,0.2101136258286049,0.9250890015560630,-0.1982417710087042,-0.0726801964467646,0.2193886776371252,0.9525158252734834,-0.1994943585052236,-0.0696057144757241,0.2406623196380532,0.9473324091064046,-0.0416265672227193,-0.5653485806255812,0.2779912959342841,0.7754798841173572,-0.0679599734818059,-0.5674756532334566,0.3017711949268565,0.7630773033605642,-0.0679599734818059,-0.5674756532334566,0.3017711949268565,0.7630773033605642,-0.3011027311658290,-0.0517230896632463,0.2339792665007165,0.9229927248510427,-0.5015277273201404,-0.1031650525504220,0.2162834877858091,0.8312931874931786,-0.5003356842271033,-0.1086942632538613,0.2082808852159994,0.8333479663851924,-0.3743533987351840,-0.4283710777083703,0.4165719676977280,0.7091019308723027,-0.3696729405172805,-0.4308608582263527,0.4120442797835717,0.7126853088112557,-0.3696729405172805,-0.4308608582263527,0.4120442797835717,0.7126853088112557,-0.3540651413895344,0.2062650478256032,0.1226259076707155,0.9039112193496900
1.9816842245992243,1.3039767069693198,0.4637402487038591,-0.3418349706155938,0.2723686916133899,0.2402220061562781,0.8667511387078176,-0.0954392262803521,-0.0917752991477681,-0.0164478074374278,0.9195115684979431,0.2183741185572798,-0.2622098458505214,-0.4396408095619699,-0.0289876402209975,0.0641065135463777,1.1142205060275707,-0.0070972253593471,-0.2620394035446396,-0.2745681999074004,-0.9276370929506620,0.2245144415833300,0.0354458755702872,-1.2854322361819772,0.0755956564147481,-0.8563224265528713,-0.4530299964255982,-0.0134623965634666,-1.0306157207254432,-0.0250027214535068,-0.0001806784992700,1.4474702906013537,1.7161662151852091,-2.6528139562467445,-2.0050435833416396,3.0489361692986261,1.0572332508935802,-3.9094560878842595,2.9463477863471264,1.4659601921368994,8.8874421476089580,-9.8924580798610808,0.0085871280321314,-0.7361133876509415,-2.0370416001245348,-2.3030554359299855,5.9707235501541422,-7.8131645258730344,0.0042582504903039,-1.9716574240127627,-13.4276327348470215,0.0650277370366307,-0.4953524304035066,-7.7846230935188530,0.0143100905804995,-13.2768048163917793,0.0218305807375526,0.2074919341357450,-8.1879349496804750,-0.4166588711750496,0.0000919447464678,0.0000000000000000,0.0000000000000000,-0.3418349706155938,0.2723686916133899,0.2402220061562781,0.8667511387078176,-0.3418349706155938,0.2723686916133899,0.2402220061562781,0.8667511387078176,-0.3282572923861951,0.2393152524910096,0.2642772983543692,0.8747187373635958,-0.3705649994835761,0.2261293665611475,0.2756443180603840,0.8576522026191132,-0.3727387313033095,0.2225280823851404,0.2673209744858584,0.8602828530990965,-0.4519749848331204,0.5751565441933573,0.0781874561471998,0.6773479788542106,-0.4580628188793106,0.6515513044072412,0.0239399075605906,0.6042236609994284,-0.5331263331202251,0.6428291341677747,0.1089170588746145,0.5391512695756129,-0.5331263331202251,0.6428291341677747,0.1089170588746145,0.5391512695756129,-0.2985550707320170,0.0646724125843501,0.2574861723279617,0.9167241787204122,-0.3099510421614027,0.0614600297289186,0.2582717844351288,0.9129341167759447,-0.3076570092391031,0.0720704409398863,0.2894782526628406,0.9035238554925091,-0.4136894374404629,0.5345366778813504,0.0855075636939461,0.7319972991076454,-0.4140503260181979,0.5376534482105726,0.0837425914508554,0.7297110904519674,-0.5058376609458326,0.5221041047387381,0.1532689003372324,0.6693610451566659,-0.5058376609458326,0.5221041047387381,0.1532689003372324,0.6693610451566659,-0.3754528465404415,0.2237655275765983,0.1211015467788608,0.8912342924623203,-0.2915143572499126,-0.1960159485727930,0.2477826821378581,0.9028847489324686,-0.1885973735551484,-0.1670426064724092,0.2681702393727285,0.9298454285663700,-0.1912963192421443,-0.1646497676746798,0.2852473282116434,0.9246243204659932,0.0194760681082725,-0.6874789638873101,0.3081856208531909,0.6572784646425021,-0.0104618998751943,-0.6917432544555088,0.3265423324340101,0.6440123629984587,-0.0104618998751943,-0.6917432544555088,0.3265423324340101,0.6440123629984587,-0.2892192352401998,-0.1442489132712645,0.2844252124153315,0.9025778545530716,-0.4845524745335300,-0.2044464594147777,0.2447592606423889,0.8145572103824165,-0.4830183928150465,-0.2081519240823466,0.2393237176404492,0.8161434719937051,-0.3136558320414495,-0.5631284346726206,0.4679365498625447,0.6046005047899703,-0.3050806704908866,-0.5660194960013980,0.4624773283939633,0.6104608385152444,-0.3050806704908866,-0.5660194960013980,0.4624773283939633,0.6104608385152444,-0.3754730803891448,0.2237315740123431,0.1210209509022574,0.8912452401756538
2.0132738992069195,1.3390508153751883,0.4073942109388334,-0.3542442506859281,0.3000146568789344,0.2511493135333721,0.8493681409291827,-0.1699812465861104,-0.0303726560748063,0.0122677252048068,1.0908648453454377,0.0194457898266658,-0.2620769667277623,-0.4475350833986600,-0.0727294997918283,0.0220556406173226,1.2313190414154376,-0.1539294779814694,-0.2619675296753800,-0.3073941612384504,-1.2002939583472885,0.2249543016742156,0.0255360283896538,-1.4380450964760367,0.0758972511703604,-1.1293023367992987,-0.4530676955988563,-0.0111764630184380,-1.1901921358809622,-0.0330311718309601,-0.0001770112644960,1.5628787390184133,1.6988709869421053,-2.9232883396105906,-2.0782392019325231,2.8131123349957488,0.4809659535211253,-3.5035841994876340,3.1083665554258846,1.3891359027617991,8.1479147679486417,-9.7502750887629777,0.0052503141807411,-0.1197851073134862,-2.2628376075430658,-1.8546498979054726,5.6519748786197841,-6.8123493446613077,0.0030807524494051,-1.3034528370335112,-13.6755015729534204,0.0065814722960689,-0.4351603991060795,-7.4667009073467829,0.0156507938705604,-13.8604791077886418,-0.0259782267946500,0.0535018393147123,-7.7856826023186469,-0.3861299543819655,0.0001472345470837,0.0000000000000000,0.0000000000000000,-0.3542442506859281,0.3000146568789344,0.2511493135333721,0.8493681409291827,-0.3542442506859281,0.3000146568789344,0.2511493135333721,0.8493681409291827,-0.3270021574427909,0.2397018470796456,0.2960615023062342,0.8648469230947992,-0.3427686635797415,0.2342456819598321,0.3003969858776738,0.8587201259004819,-0.3416533777376546,0.2358693827725853,0.3044679815722243,0.8572851637280715,-0.4493432150189361,0.6413986071348788,0.0867090389674510,0.6157759693616048,-0.4509464144044071,0.6532673527089347,0.0779430154537373,0.6031699458381916,-0.5258956351168105,0.6374815354130987,0.1626365265883382,0.5390736806705785,-0.5258956351168105,0.6374815354130987,0.1626365265883382,0.5390736806705785,-0.3088395800414745,0.0902473196109923,0.2720282051087903,0.9069036281370398,-0.3395811703527686,0.0809199645113292,0.2749470538397601,0.8958463627599125,-0.3385105724315992,0.0852877732544466,0.2864646341865794,0.8922301280755307,-0.4415660955578137,0.5810407112705170,0.0408751457666807,0.6824516814827489,-0.4376148509844461,0.5317751858287809,0.0717261213609151,0.7215010446625459,-0.5281031412729041,0.5178513891010309,0.1405682167306961,0.6581622804665845,-0.5281031412729041,0.5178513891010309,0.1405682167306961,0.6581622804665845,-0.3956823139892123,0.2427617965874405,0.1193007650199265,0.8776500122369054,-0.2721054277523880,-0.2963095082781990,0.2874156841382001,0.8692246752152126,-0.1728300096199252,-0.2621796831770955,0.3188556317737786,0.8942721552134330,-0.1760052302574907,-0.2606210018076752,0.3307547268362950,0.8897753441258185,0.0913683933439708,-0.7850726889927837,0.3282479642033830,0.5172677872163655,0.0588403960919425,-0.7917737666817908,0.3405227739584958,0.5036629335159406,0.0588403960919425,-0.7917737666817908,0.3405227739584958,0.5036629335159406,-0.2668733627892018,-0.2385585272737809,0.3371751619870693,0.8707360951732395,-0.4556029088500793,-0.3081863666735713,0.2749880437266041,0.7885611762262354,-0.4537629793298973,-0.3110261118329011,0.2707050139041468,0.7899877921809412,-0.2400344209943987,-0.6804152138243859,0.5033049529093989,0.4755026160927677,-0.2271568047199973,-0.6828314078530574,0.4983611057604511,0.4835051838233302,-0.2271568047199973,-0.6828314078530574,0.4983611057604511,0.4835051838233302,-0.3957038339635008,0.2427267172620386,0.1192229583615888,0.8776605851428506
2.0467638417721798,1.3770330148590861,0.3525631295835135,-0.3622670271619858,0.3374782948059888,0.2601430773246207,0.8289732087867104,-0.1748900674462478,-0.0373136899417290,-0.0175339005178519,1.1451816013307439,-0.1729569992954102,-0.2619366509228315,-0.4621990294249782,-0.1227429944758835,-0.0148233703223397,1.3206555681080403,-0.2707672746361762,-0.2618782266419875,-0.3476842719682915,-1.4609655613111043,0.2314509805515452,0.0224647576240082,-1.5906633463047506,0.0762422742967019,-1.3974441094671255,-0.4538400915712983,-0.0122260553663909,-1.3530023186581364,-0.0404693422634414,-0.0001884612806620,1.5886784073022455,1.9705757234375179,-2.4451295183411981,-2.2469855436117778,5.6589885250888532,0.2576885093151469,1.3271994202547397,-2.6051684099451453,-4.1980625372457032,0.0237099780206542,-9.4805979575070172,0.0117143657963787,-1.5092514186739372,-2.0482415766437598,-2.1282407019090779,3.5036150106281863,-5.0205833381444567,0.0057380745872643,-3.0797132203955067,-12.8889344715599652,0.5400336321306048,-0.0427590191008666,-7.6060707955799947,0.0178562268359106,-12.6724089170473704,-0.1826460982276094,-0.2500770332112190,-8.4026196744747566,-0.3603783185770196,-0.0019602988023239,0.0000000000000000,0.0000000000000000,-0.3622670271619858,0.3374782948059888,0.2601430773246207,0.8289732087867104,-0.3622670271619858,0.3374782948059888,0.2601430773246207,0.8289732087867104,-0.3308195352090216,0.2734729450563850,0.3091628209972707,0.8486396959601192,-0.3443984222062677,0.2684753462931557,0.3135125037340186,0.8432203894694612,-0.3456214570452676,0.2668990318740455,0.3096566656139553,0.8446439869290788,-0.4582686501878377,0.6819530205477728,0.0730156584868200,0.5653305543100615,-0.4512943589222105,0.6364462121913390,0.1080501908107420,0.6161126332563306,-0.5278966532217255,0.6168826629600308,0.1902482717037968,0.5518935574640820,-0.5278966532217255,0.6168826629600308,0.1902482717037968,0.5518935574640820,-0.3154533724651633,0.1250564310620887,0.2841239562493947,0.8967294108790899,-0.3680641672043476,0.1079911696637848,0.2910385554173923,0.8764492200666132,-0.3686295926926640,0.1060450248546482,0.2864038440558554,0.8779746660381759,-0.4668104094169378,0.6200764269427022,0.0017263136218589,0.6305476082352872,-0.4626250023801421,0.5328474479053501,0.0623942759514337,0.7058035553622727,-0.5508219041562129,0.5201388421421198,0.1314345209821355,0.6393557550307770,-0.5508219041562129,0.5201388421421198,0.1314345209821355,0.6393557550307770,-0.4143469776186972,0.2710084511084326,0.1154889130866495,0.8611232853198912,-0.2475621199952620,-0.3780678536112460,0.3233788635967687,0.8313866762151646,-0.1503696123349424,-0.3383963522677247,0.3646876747673960,0.8543300230770814,-0.1539096740653765,-0.3372877331739133,0.3743844394795641,0.8499324024621396,0.1696155904523647,-0.8467150924898411,0.3344975203238083,0.3773797987739113,0.1357550734950357,-0.8560254442219750,0.3409388150934002,0.3640765348489725,0.1357550734950357,-0.8560254442219750,0.3409388150934002,0.3640765348489725,-0.2368067487952332,-0.3182571728547862,0.3855778758990799,0.8330453992842547,-0.4180139814937740,-0.3967891484766926,0.3041649192584652,0.7584895416677508,-0.4155730713373283,-0.3995075022250810,0.2998753918975220,0.7601102073906414,-0.1576443583173975,-0.7679079997693743,0.5212314033383694,0.3373179277103548,-0.1406576321095113,-0.7690000691149569,0.5180663434504665,0.3470757669650816,-0.1406576321095113,-0.7690000691149569,0.5180663434504665,0.3470757669650816,-0.4143719818971656,0.2709702180176926,0.1154094564555018,0.8611339378556069
2.0828969300443285,1.4154329462805082,0.3099915612074322,-0.3699177930871281,0.3967849006010564,0.2809171564756347,0.7917121447914018,-0.1594141642036386,-0.0726453283076626,-0.1173078978390688,1.1831120737800787,-0.3407499645584344,-0.2616326391302598,-0.4952010676167315,-0.1373094227865213,-0.0696163317572819,1.3822108285550192,-0.3517906830408567,-0.2617807988411389,-0.4206343361518833,-1.7231814142907593,0.2374071002834536,0.0202626473086129,-1.7249379927852238,0.0765870481301266,-1.6318496569866738,-0.4680620787921245,-0.0219093138047016,-1.5087379361127360,-0.0470378083624730,-0.0002371076913869,1.7944834978681476,1.7821388302069014,-2.0925086269647495,-3.2323857251177239,7.1418722199335676,1.2085629414155614,0.3788085389439821,-0.6399291876468721,-4.8262021067460257,3.5064795180774277,-7.1765098775739515,0.0159488343435800,-1.5115781755684781,0.1141991223294200,-3.2919834528562104,2.8485363393551650,-3.2570928282023361,0.0040527037021498,-3.8327271226008590,-12.9893604191626757,0.1006522256077972,-0.1089352026470182,-5.8697324311408110,0.0168857611978482,-11.0195194279756929,-1.1331537714210493,-0.5815421945222442,-7.0679544656365758,-0.2970305905932770,-0.0021585803315190,0.0000000000000000,0.0000000000000000,-0.3699177930871281,0.3967849006010564,0.2809171564756347,0.7917121447914018,-0.3699177930871281,0.3967849006010564,0.2809171564756347,0.7917121447914018,-0.3388087832394325,0.3419934548706419,0.3249948075112384,0.8140193242891657,-0.3676333829659325,0.3301815122859577,0.3369886007392277,0.8014140924923886,-0.3848652616931121,0.3099239675602878,0.2933830325838759,0.8183839324335919,-0.4829683174254089,0.7118539560705046,0.0306019252578771,0.5089882825375769,-0.4715789050058802,0.6196974362137546,0.1086655870994781,0.6178836574015205,-0.5481573274606186,0.6002248500456898,0.1885822145834647,0.5510811392904467,-0.5481573274606186,0.6002248500456898,0.1885822145834647,0.5510811392904467,-0.3176879461221546,0.1752077644996142,0.3095811622648857,0.8789403347886913,-0.3773331821608969,0.1535208517892153,0.3208887733096058,0.8550329893460842,-0.3819833910927012,0.1415544814658838,0.2937865070519587,0.8647199003032450,-0.4816373466007163,0.6585932517490247,-0.0157254302291424,0.5779559723319543,-0.4771791492008862,0.5495208396120095,0.0672449430395219,0.6824991018570216,-0.5621776039610666,0.5360431117262209,0.1383937061543867,0.6143787968935102,-0.5621776039610666,0.5360431117262209,0.1383937061543867,0.6143787968935102,-0.4434088533707612,0.3125156311928545,0.1126327801416147,0.8324880935185370,-0.2234843558696735,-0.4377384677947911,0.3672891529888954,0.7896445115309070,-0.1284796445607070,-0.3912038165353625,0.4165043361344490,0.8105409877624462,-0.1322031027942272,-0.3903915233042597,0.4248487441982419,0.8059902869743126,0.2506615333255405,-0.8706764069372948,0.3389261146408118,0.2534175979053818,0.2167227666836414,-0.8827743337319472,0.3403796970208690,0.2405875723329972,0.2167227666836414,-0.8827743337319472,0.3403796970208690,0.2405875723329972,-0.2121967058226825,-0.3621473026873213,0.4347139139287141,0.7967720516126791,-0.3903612503970556,-0.4527010859223100,0.3393944351513222,0.7262859205447417,-0.3854326231709043,-0.4571909773444980,0.3321115815353040,0.7294655582277321,-0.0783094346095657,-0.8143370925445350,0.5353424561607317,0.2100742411364086,-0.0580407728333379,-0.8135218926428001,0.5346176285787959,0.2213535409533115,-0.0580407728333379,-0.8135218926428001,0.5346176285787959,0.2213535409533115,-0.4434452257068816,0.3124640183848605,0.1125358817063113,0.8325011978016253
2.1225434595780421,1.4502722197638984,0.2698548483158205,-0.3816210539857537,0.4570174429236860,0.3039160646885588,0.7437307669059526,-0.1558434940594504,-0.0553989910399343,-0.1881749054094580,1.2661882098858066,-0.4462984846823385,-0.2613352942073925,-0.5148189680306100,-0.1300655625187178,-0.1481794585691658,1.4299336830269118,-0.3990466502348278,-0.2616946899326599,-0.4941397275416969,-1.9623066936767610,0.2381833424905410,0.0212426653619663,-1.8251693613016129,0.0769263024369535,-1.8369838273036960,-0.4975979492169182,-0.0321512740477997,-1.6319582405487383,-0.0521811942688456,-0.0002691311939495,1.9360018917921351,1.6849259669346277,-2.0357030103803928,-3.8299464587499168,7.0007176901712356,1.3535401391970288,-0.1952392096722337,1.9534207077555032,-2.1510572421203222,4.2349672531207698,-3.6743699446627085,0.0124635643339965,0.2847200241213098,0.3441090875061227,-4.4937914604614537,1.1640188720600522,-1.9238717554340943,0.0053556579231929,-3.0158066382066955,-10.9526700636615892,0.0294873105467000,0.2180604194473625,-4.4713374861963375,0.0171363561652930,-9.5656127389235586,-1.7067684239370216,-0.4882994829153985,-5.5342104711262508,-0.2281154867130985,-0.0010528630566686,0.0000000000000000,0.0000000000000000,-0.3816210539857537,0.4570174429236860,0.3039160646885588,0.7437307669059526,-0.3816210539857537,0.4570174429236860,0.3039160646885588,0.7437307669059526,-0.3484898058804063,0.4075253574342149,0.3465676487941824,0.7696549896251067,-0.3711557748143672,0.3970709674933719,0.3584978366970853,0.7589844126721794,-0.4060421888343899,0.3613193923535703,0.2873038029718244,0.7886916776496061,-0.4973645277991131,0.7561248843013995,-0.0065008309207747,0.4252780561288093,-0.4868490465199459,0.6453965803521451,0.1019398853153894,0.5796977831200153,-0.5582374670906980,0.6266099737013558,0.1851713449925333,0.5113144279088970,-0.5582374670906980,0.6266099737013558,0.1851713449925333,0.5113144279088970,-0.3243507337493648,0.2336724182057574,0.3387668045748927,0.8517222872534437,-0.3793011176905817,0.2110414753082049,0.3533089902786883,0.8287128062282280,-0.3930586734332902,0.1841540697906247,0.2948251957148575,0.8512756673311570,-0.4901301213987428,0.6965391520201787,-0.0344888516349196,0.5228921427154622,-0.4873632325315195,0.5803328378303516,0.0624026951811373,0.6494588366835328,-0.5679378911659104,0.5672292902363163,0.1375908112051961,0.5803156492357571,-0.5679378911659104,0.5672292902363163,0.1375908112051961,0.5803156492357571,-0.4807452430379081,0.3512599938480395,0.1151959147139072,0.7951291274073180,-0.1950325686197769,-0.4810811756323824,0.4197433532685553,0.7445392649260377,-0.1052146490243726,-0.4278177756706488,0.4739151094670698,0.7624344545400021,-0.1093411657626213,-0.4272003590147972,0.4818742180863140,0.7571932386590635,0.3313857732807753,-0.8650251744514975,0.3440870041961089,0.1533592200541088,0.2982864880143288,-0.8800066635904060,0.3416480481472778,0.1410321037980841,0.2982864880143288,-0.8800066635904060,0.3416480481472778,0.1410321037980841,-0.1873717135122354,-0.3863010643848654,0.4886678800239573,0.7595176309102369,-0.3674478226633755,-0.4940893093326351,0.3793422777851003,0.6906209440119483,-0.3593458939811214,-0.5004211987561109,0.3689125525959913,0.6959545106194185,-0.0050109919567616,-0.8325446945563857,0.5447870671657510,0.1002560370978320,0.0174042140104700,-0.8295271427124333,0.5467101775409118,0.1126489885050339,0.0174042140104700,-0.8295271427124333,0.5467101775409118,0.1126489885050339,-0.4807921364350652,0.3511958051057952,0.1150897538238836,0.7951445004419352
2.1610641963423745,1.4847283482053544,0.2328664438995059,-0.3986969374031780,0.5108181058144673,0.3131744883986030,0.6942818985784652,-0.1746386083718285,0.0032283658676461,-0.1970771364991893,1.3581689849914229,-0.4835375067464688,-0.2611348749733844,-0.4777726127285074,-0.1239505495912370,-0.2396381509827004,1.4427174580407429,-0.4285162225122689,-0.2615218237856601,-0.4983276289349474,-2.1525298783591933,0.1581947047013896,0.0599201540405777,-1.8637509395092804,0.0772557260966596,-2.0246849529298241,-0.5383462210494877,-0.0287209619336400,-1.7273073647223256,-0.0558764227252322,-0.0018982621865986,1.6990741202580379,1.5427546952614470,-1.6062009187032369,-3.3181938162584572,5.4665049271388453,1.4488179223440176,-0.8853911562202023,3.9383700374007073,0.1250593569942320,5.6081459229663597,-0.6156684009911374,0.0085639319495767,3.5173092541183135,0.3904846877287408,-5.0175034854563778,1.2206974602800225,-0.9049786179569674,0.0124500406650845,4.7564504131054353,-8.0240256505964958,-15.0884542851214185,5.7880701480105579,3.4944627954281815,0.0141977654982409,-9.8051369507929547,-2.6563852066100675,1.6237239551420024,-4.0494287780524747,-0.1335745038422673,-0.2577740603154487,0.0000000000000000,0.0000000000000000,-0.3986969374031780,0.5108181058144673,0.3131744883986030,0.6942818985784652,-0.3986969374031780,0.5108181058144673,0.3131744883986030,0.6942818985784652,-0.3596814112389390,0.4599266389758387,0.3607629243708333,0.7272873445681268,-0.3613707901126396,0.4590869169686497,0.3618309045789583,0.7264494140772354,-0.4048350610653782,0.4212579003539338,0.2885133036153539,0.7585581245748677,-0.4963904194015334,0.8023977416345696,-0.0269797063961716,0.3301916279812193,-0.4884698489179579,0.7003217578379251,0.0923502015640528,0.5122675887345832,-0.5510114699721438,0.6823354783751775,0.1827496078809479,0.4443053406487638,-0.5510114699721438,0.6823354783751775,0.1827496078809479,0.4443053406487638,-0.3461637788795073,0.3101397309175082,0.3533264008405522,0.8118771089070904,-0.3960913130577143,0.2875155963481728,0.3719690579619191,0.7887239526575136,-0.4264188429281349,0.2402509455112722,0.2791725954975094,0.8261410990260400,-0.5046564142871026,0.7254306723574607,-0.0713601513442174,0.4625796925093189,-0.5083237179994734,0.6110367785075789,0.0371128737795556,0.6056927336778060,-0.5829662179964820,0.6009797914711617,0.1164757499755907,0.5342350405821207,-0.5829662179964820,0.6009797914711617,0.1164757499755907,0.5342350405821207,-0.5142304897449130,0.3942859223194012,0.1287286569244044,0.7506893816778575,-0.1567946603808201,-0.4949541138202893,0.4704550926198201,0.7135179503814258,-0.0889957661608344,-0.4485156665880268,0.5149186982278362,0.7251014995474039,-0.0990072314064351,-0.4473385372742646,0.5323942198450667,0.7117880273467065,0.3899206654657244,-0.8434036650676896,0.3585540508616091,0.0898394401356382,0.3580072389283238,-0.8606343927968259,0.3537418525582949,0.0774981326148042,0.3580072389283238,-0.8606343927968259,0.3537418525582949,0.0774981326148042,-0.1475910223509515,-0.3920564725627274,0.5415640688960724,0.7288463292929461,-0.3343384549123192,-0.5208478004594335,0.4191866972533464,0.6642423346710474,-0.3255664857667691,-0.5267812722221791,0.4088727132501395,0.6703216085886884,0.0701919098688294,-0.8360280154548008,0.5438421563421659,0.0191301371865281,0.0938693762883810,-0.8305882859186537,0.5479849848571972,0.0320014977930606,0.0938693762883810,-0.8305882859186537,0.5479849848571972,0.0320014977930606,-0.5145029591740620,0.3939303112527489,0.1282096318176300,0.7507781997278775
2.1918541178515034,1.5136166341448547,0.2073226534563743,-0.4068151222189206,0.5455935506328559,0.3322751299910748,0.6530102386879173,-0.1983684203440888,0.0791383368243862,-0.1958214589817838,1.4651160796863063,-0.4750030080872390,-0.2610128793353467,-0.4135747034535383,-0.1190555391993133,-0.3245777911680909,1.4862824194731401,-0.4331734054992331,-0.2612994046714940,-0.3488343330230346,-2.2948506894296736,-0.2389477963716238,0.2286320039484394,-1.7857131714783139,0.0775507065430524,-2.2040317729994774,-0.5653024265418061,0.0182498293962058,-1.7931869971328795,-0.0582872677037154,-0.0046491551620756,1.3735600355401565,1.4052019083612393,-1.1290586906508220,-1.9970697933728714,4.7818316015252424,1.4222439233769246,-1.4702290569295851,3.3407963817366602,0.0298835934885298,4.6551590546914605,1.1255470085675530,0.0045260730554870,2.4495267735228645,0.0290543364461693,-3.2763035760387060,2.7171790515249943,0.2351499716143938,0.0091904517754264,8.2609045440033668,-6.4713953040249628,-19.7095129026829383,9.0750924694474957,2.3798609577300374,0.0164471820920522,-7.5932947371218429,-0.0602968545704317,2.3643642815179717,-2.7735760772705333,-0.1214221030455422,-0.0452760820883579,0.0000000000000000,0.0000000000000000,-0.4068151222189206,0.5455935506328559,0.3322751299910748,0.6530102386879173,-0.4068151222189206,0.5455935506328559,0.3322751299910748,0.6530102386879173,-0.3597865616237230,0.4917270514056085,0.3855145705648774,0.6929189367257195,-0.3344526443702918,0.5053679023769411,0.3674510313620120,0.7054958904712640,-0.3822667799777907,0.4702418494823293,0.2967037914823284,0.7380457790956190,-0.4827880441425784,0.8420949330725795,-0.0328136463618639,0.2381493076599398,-0.4768636010400007,0.7619417692550597,0.0822322136254444,0.4304459423782390,-0.5288266974030484,0.7447600906293087,0.1806925679132804,0.3647258249980551,-0.5288266974030484,0.7447600906293087,0.1806925679132804,0.3647258249980551,-0.3606072841553135,0.3808062937184268,0.3715438467764327,0.7660966800614223,-0.4055672504187222,0.3580162380396005,0.3935513139515179,0.7432744728394765,-0.4571401446853655,0.2892806758656262,0.2708937581410754,0.7962136336988789,-0.5201980843828058,0.7506684548275948,-0.1084181400283718,0.3926020005603603,-0.5313418779736819,0.6486330849212661,0.0060289961148786,0.5448986888062473,-0.5978063190676335,0.6423188048937465,0.0904863554824751,0.4710269389686468,-0.5978063190676335,0.6423188048937465,0.0904863554824751,0.4710269389686468,-0.4991605683110424,0.4626117088893873,0.2081180314667261,0.7025069528625686,-0.0456067495199257,-0.4730492200933033,0.4994875301612286,0.7243318762699725,-0.1175226905936772,-0.5204455051335289,0.4498886902376550,0.7161878662600860,-0.1684676419739380,-0.5099698704487059,0.5232596006796797,0.6616258573686582,0.3257595489422880,-0.8435536892683566,0.4249073922791932,0.0418520917178164,0.2943261675215939,-0.8588605409856593,0.4183665389988523,0.0264597297036838,0.2943261675215939,-0.8588605409856593,0.4183665389988523,0.0264597297036838,-0.0184992550486550,-0.3830722905554854,0.5773448569419358,0.7208233583437156,-0.2187633008326283,-0.5288677596692027,0.4476274750405844,0.6870743442889428,-0.2225166726881493,-0.5270879820807808,0.4521601808020383,0.6842629322262546,0.1851051848367531,-0.8525662732130234,0.4887237395965111,-0.0039908246025157,0.2099942180103338,-0.8439184769827677,0.4936121263540041,0.0071485191187852,0.2099942180103338,-0.8439184769827677,0.4936121263540041,0.0071485191187852,-0.5002137023367907,0.4614727707597520,0.2065162670937363,0.7029794913562593
2.2186645993399963,1.5426429458167450,0.1863854781580319,-0.4083588150735847,0.5771482802716212,0.3470736655427158,0.6161840726746755,-0.2322213631988632,0.1319826817775344,-0.1948342089744181,1.5374120060639995,-0.4434130432828401,-0.2609379824193597,-0.3809253644892576,-0.1248297271314284,-0.3677598871539104,1.5404798314571240,-0.4198665148099174,-0.2611521614311648,-0.1870764374206738,-2.3997906835766925,-0.5366142404406712,0.3641427257254035,-1.7851558386601960,0.0779181636279865,-2.3117411675724284,-0.5458332474007712,0.0536423704678665,-1.8386444370324071,-0.0607429580766766,-0.0049093412505199,1.2787626009637110,1.4874956604691085,-1.0377572678948337,-1.8312376907326291,4.5415124033717191,0.5964800955909265,-1.8829714429176101,2.0550934586502265,0.1199042343094172,2.7647939608488925,1.8024596142558653,0.0033749026760509,1.0314111367598608,-0.5618845283912277,-1.3151389945723084,2.4926669100088756,0.9290151874288244,0.0061109308957948,7.7542220473087751,-3.8853775186156221,-8.5620562219794429,3.3509970116292740,-1.6536727464427137,0.0193523110418949,-3.7251472357211086,1.4925041317559538,1.1739305324248992,-1.9133929426244782,-0.1217697091482010,0.0006117166658338,0.0000000000000000,0.0000000000000000,-0.4083588150735847,0.5771482802716212,0.3470736655427158,0.6161840726746755,-0.4083588150735847,0.5771482802716212,0.3470736655427158,0.6161840726746755,-0.3504603603082209,0.5175944458436643,0.4079478366016750,0.6654713277793671,-0.3072255333857366,0.5426017707224143,0.3740438024685042,0.6865034769610797,-0.3586051802514714,0.5101044350444912,0.3054126090805932,0.7196658448608867,-0.4701743933792671,0.8665313156236027,-0.0284706322206548,0.1650725354352495,-0.4647897165562867,0.8083881680565186,0.0764529690210410,0.3530354552415654,-0.5067700570907331,0.7915705888390370,0.1809764891109525,0.2895645394559697,-0.5067700570907331,0.7915705888390370,0.1809764891109525,0.2895645394559697,-0.3655184408029873,0.4332031239684344,0.3854492675095132,0.7281209961217440,-0.4098272066331607,0.4085487293467641,0.4114900001078708,0.7041346293597753,-0.4771893849725206,0.3273540811065941,0.2768142679035407,0.7671397900887625,-0.5355788119850993,0.7683147653376378,-0.1322542407564130,0.3245867731728205,-0.5513974001686117,0.6833601748362909,-0.0172265821543766,0.4782081381598263,-0.6089710936294166,0.6797853170914601,0.0719013654381520,0.4023385681721102,-0.6089710936294166,0.6797853170914601,0.0719013654381520,0.4023385681721102,-0.4646265323639098,0.5328970301027025,0.2829865594874086,0.6481215533221264,0.0615977155515268,-0.4340121454393414,0.4972444449310270,0.7487236746859329,-0.1327663778888317,-0.5471627861278218,0.3690954698725856,0.7394285012755820,-0.2236082895769933,-0.5231475397405728,0.4958878409828450,0.6560573402235574,0.2684450813820215,-0.8500468919640204,0.4521577282887735,0.0301812606238214,0.2368243206547936,-0.8634421673922464,0.4452052404346078,0.0131969164935159,0.2368243206547936,-0.8634421673922464,0.4452052404346078,0.0131969164935159,0.0997246172687072,-0.3476877384503965,0.5758863962669980,0.7331596659912953,-0.1026768322745778,-0.4907318385007274,0.4601240784351947,0.7327520475849358,-0.1159436841494022,-0.4867626530838044,0.4785613604284794,0.7215249170843108,0.2829312002273771,-0.8629268974579392,0.4177086734513611,0.0287501253043228,0.3092095653400344,-0.8515316335064520,0.4217461042277272,0.0375971462852494,0.3092095653400344,-0.8515316335064520,0.4217461042277272,0.0375971462852494,-0.4659335432381441,0.5317546356679371,0.2813943867017024,0.6488144109558444
2.2443333268821859,1.5709979519825299,0.1675527779604277,-0.4012399255532482,0.6054525524683250,0.3610447776216609,0.5848763949790915,-0.2606959310338470,0.1700477364625623,-0.1932750255471248,1.5895597586540768,-0.4074732516078436,-0.2608625382835173,-0.3530978269387111,-0.1363733979378953,-0.3833157280148721,1.5917596252721546,-0.3986779085581194,-0.2610210433577458,-0.0163616350161255,-2.4661062004925332,-0.6610189088189934,0.4688872647185176,-1.8052773478704303,0.0784590934791634,-2.3400705068958834,-0.5098490856349760,0.0746810024206913,-1.8604902977432225,-0.0627734891186983,-0.0049539115874113,1.2543888016896068,1.1869285917566290,-0.7213566719184605,0.5340393985267804,4.0562589854126161,0.0313369875135180,-0.7662668998006977,1.7819587801121011,-0.0358134407606336,2.8434103778945210,1.7580487277025678,0.0042656961684968,2.0160469291790011,-0.6420806968993308,-0.3582732426853968,3.0315790294147074,1.1332747282475895,0.0068757082774951,9.6903988187526000,-3.1920307612617678,-2.7351517611238032,8.9594883761763136,0.9165414350006520,0.0347201813552741,0.7718579644409618,2.4718608858842592,1.3779827503618771,-0.2244895914761423,-0.0762689215180060,-0.0054643654069153,0.0000000000000000,0.0000000000000000,-0.4012399255532482,0.6054525524683250,0.3610447776216609,0.5848763949790915,-0.4012399255532482,0.6054525524683250,0.3610447776216609,0.5848763949790915,-0.3325626533549589,0.5407935759226929,0.4276599328783208,0.6434682367022981,-0.2779094321217103,0.5744791511594747,0.3812143948381707,0.6688913496144525,-0.3320231195903747,0.5449959592846517,0.3149214629248887,0.7025414753664899,-0.4573700581402705,0.8828516962255969,-0.0150834236843581,0.1056314475821872,-0.4508248621915022,0.8427223922190079,0.0785609532992656,0.2835561494649602,-0.4838762693536752,0.8253456434189218,0.1875031269606535,0.2225104541942948,-0.4838762693536752,0.8253456434189218,0.1875031269606535,0.2225104541942948,-0.3607503971626529,0.4770357625207960,0.3972556673727106,0.6960488251289935,-0.4069064002480115,0.4491359076982934,0.4285465206947374,0.6701134213352758,-0.4848800284283068,0.3635756319916522,0.2933169864352470,0.7393708564190091,-0.5492439716125774,0.7818589668194249,-0.1395512670932540,0.2599097141392943,-0.5660332112793355,0.7144440309835424,-0.0273843062518247,0.4103976487407005,-0.6146310097040302,0.7119314516429810,0.0658314651092041,0.3332394758627744,-0.6146310097040302,0.7119314516429810,0.0658314651092041,0.3332394758627744,-0.4119954507714920,0.5981856063898404,0.3505352276449656,0.5912349643174911,0.1565503379342152,-0.3804713534343214,0.4697364377511121,0.7810769616096950,-0.1032414906230903,-0.5114408860390721,0.3222405806580195,0.7898926654164300,-0.2102246968940533,-0.4865484058993796,0.4917872421525409,0.6908122277352745,0.2779839829299269,-0.8540918749557646,0.4340182909024897,0.0698576948592001,0.2456150710395079,-0.8678754229263957,0.4284901333748966,0.0534947918862115,0.2456150710395079,-0.8678754229263957,0.4284901333748966,0.0534947918862115,0.1963899049439402,-0.2867253449493489,0.5494209437016500,0.7598395938760854,-0.0035074549346065,-0.4171420455460799,0.4583310055538104,0.7848011856168070,-0.0195085772538617,-0.4149746791789987,0.4861884015929274,0.7687888326519386,0.3547446816620151,-0.8632264943758270,0.3440501430841719,0.1030811781262505,0.3822705482934044,-0.8498653654620087,0.3458530288151689,0.1094704113217781,0.3822705482934044,-0.8498653654620087,0.3458530288151689,0.1094704113217781,-0.4134726015760672,0.5971655372627466,0.3490729264048025,0.5920995025355115
2.2628084399697985,1.5927395954748322,0.1590806604294349,-0.3829354349728706,0.6145231096031923,0.3751164307838731,0.5788000205267162,-0.2493276249652168,0.1862307168427120,-0.1566179949763415,1.6480839006951822,-0.3739281052346340,-0.2608734701300283,-0.3095113057900856,-0.1671265031995126,-0.3554090345872873,1.6559116645405370,-0.3768107298744696,-0.2610409998646622,-0.0004598569807208,-2.5006938196955235,-0.6094818619989301,0.5093358274399572,-1.7952819859005031,0.0788017451504451,-2.3104075264753754,-0.4683415677292739,0.1021855933364756,-1.7331499860110635,-0.0646174013926054,0.0029760940343444,0.7091086229416469,1.0602528795343567,-0.1807735944743788,1.2465540136354558,0.7461674864742556,-0.6469604917766956,0.4735524396927182,0.5152209264355310,2.8398925768204712,2.7095099003093015,1.6040535600890677,-0.0024661802904688,2.3123943643911709,-1.8979023760722042,2.0686294589719929,2.5299006321564783,0.8988192191019126,-0.0050602824480563,-2.9432113425190960,-0.8932639180558212,5.3038956391351473,-1.7492315109754768,-0.1389752429598505,0.0126027289186668,1.4554938507166539,2.6550518171840087,0.8909018543616928,7.7360695300718083,-0.0553746462387796,0.3764493014929948,0.0000000000000000,0.0000000000000000,-0.3829354349728706,0.6145231096031923,0.3751164307838731,0.5788000205267162,-0.3829354349728706,0.6145231096031923,0.3751164307838731,0.5788000205267162,-0.3148665009836048,0.5523089190492623,0.4370464680834903,0.6362423510209941,-0.2546855425769530,0.5903553954823294,0.3841031949236042,0.6626315092694153,-0.3017015560469812,0.5677679012163727,0.3291263865851144,0.6915862947460781,-0.4464714505112595,0.8930684865791194,0.0033542728148362,0.0555037927671333,-0.4379283761091649,0.8668333168270893,0.0869870373454242,0.2219279017401884,-0.4630733890305120,0.8481560588599609,0.1989925718380604,0.1630836979719585,-0.4630733890305120,0.8481560588599609,0.1989925718380604,0.1630836979719585,-0.3464231941680120,0.5040025346052032,0.4049248241087315,0.6797119260940430,-0.4007158803017722,0.4692912315108933,0.4446891139829547,0.6491872728312053,-0.4781703223343093,0.3900777096140433,0.3214438024993279,0.7182384041080901,-0.5605248839158095,0.7923558439482008,-0.1333597759359714,0.2004974843598006,-0.5756063856590626,0.7404720049528162,-0.0255002767638823,0.3460176795405557,-0.6157433663197209,0.7374929876763201,0.0710854933311522,0.2681623623840195,-0.6157433663197209,0.7374929876763201,0.0710854933311522,0.2681623623840195,-0.3812666524371117,0.6155598584489061,0.3766854962427852,0.5777800942625889,0.1996059701029205,-0.3754187138333419,0.4455870526098924,0.7878263923920159,-0.0502781406905120,-0.4934679104511800,0.3098006673730673,0.8111627927973840,-0.1686043846030464,-0.4775277505515108,0.5057906501234732,0.6983663989579643,0.3114531606559570,-0.8520080815899064,0.4116374562377931,0.0873714040460560,0.2787748355624767,-0.8669959937761523,0.4067059554428266,0.0720611104587741,0.2787748355624767,-0.8669959937761523,0.4067059554428266,0.0720611104587741,0.2261238032097866,-0.2582754940491250,0.5331377474626209,0.7732567083615266,0.0383920083264448,-0.3761502460699390,0.4576604428802661,0.8047260186553082,0.0180633238869919,-0.3750634884279967,0.4975069473438192,0.7819769391248108,0.3727723486988715,-0.8411924911302069,0.3422156315326576,0.1905896913434363,0.4010219410052869,-0.8270482594249394,0.3411293572837092,0.1969856365670654,0.4010219410052869,-0.8270482594249394,0.3411293572837092,0.1969856365670654,-0.3805821620895662,0.6159832931934679,0.3773275224178695,0.5773610146448682
2.2758781492739559,1.6141712453301411,0.1583004407751901,-0.3762101065388422,0.6139653736025825,0.3757866639733463,0.5833496883815539,-0.2542064135456972,0.1991599061461941,-0.0947831057493441,1.6896003563229736,-0.3459853948761338,-0.2609376221473720,-0.2855043890331000,-0.1942610551619121,-0.2948390502525737,1.6906677897305304,-0.3603345176009987,-0.2611402126926404,-0.0655081883461776,-2.5129190832137591,-0.5023406703318920,0.4573061928192770,-1.8117741413009476,0.0790740417610444,-2.2823041925933159,-0.4206201795828917,0.1081133467827950,-1.6186544671084053,-0.0652563428641503,0.0061452553960638,0.6458173368742615,1.0568713675524759,0.0778396709873413,0.5703006382420188,-0.3984951432481310,-0.2143382464730556,-0.6201324334420385,0.9041286140607799,2.8408656798118059,1.7054095410723444,1.1801168371095234,-0.0031672123040240,0.5251776196733910,-0.6773522161757354,3.5250919469725033,1.2151276613437896,0.7923724824230496,-0.0037305612437849,-2.4047454129172485,-1.1088182514270537,2.2769592619491670,-1.0052783162982677,-0.6891344880065818,0.0144835596997238,1.7640003363056012,1.1555444126813195,0.0704133081762168,3.6976450293378913,-0.0227239478024274,0.0428326916580193,0.0000000000000000,0.0000000000000000,-0.3762101065388422,0.6139653736025825,0.3757866639733463,0.5833496883815539,-0.3762101065388422,0.6139653736025825,0.3757866639733463,0.5833496883815539,-0.3073706911349878,0.5502638397032639,0.4376709081601800,0.6412309576872145,-0.2427041221806482,0.5907045619089750,0.3813321880915140,0.6683925433020504,-0.2720580210205727,0.5777729688916944,0.3472903264362703,0.6866966279080116,-0.4402842801905086,0.8970685957159814,0.0278548066761779,0.0253337115779318,-0.4287958189937430,0.8791059785825263,0.1037317851544389,0.1804065985007630,-0.4486218132172528,0.8581397545618527,0.2172182461751106,0.1230888454523589,-0.4486218132172528,0.8581397545618527,0.2172182461751106,0.1230888454523589,-0.3432156506853448,0.5133140736226793,0.4022655080009126,0.6759394499644862,-0.4067158473151655,0.4721885354727032,0.4498298167912899,0.6397447478771231,-0.4730952448102486,0.4056607977449637,0.3485152699565300,0.7001123574955497,-0.5747952317256557,0.7927711613161916,-0.1220346083715261,0.1619625936148025,-0.5873726618123223,0.7506773538448124,-0.0165939811512892,0.3019958714446391,-0.6216916990370392,0.7464482885002925,0.0812822390247893,0.2229519714255495,-0.6216916990370392,0.7464482885002925,0.0812822390247893,0.2229519714255495,-0.3946674483659343,0.6022666597490254,0.3579120464938885,0.5944841820684796,0.1811880942188406,-0.4007475092820558,0.4500058770459614,0.7772174849690829,-0.0194817182662869,-0.5007807936274827,0.3351454196397511,0.7978199089278952,-0.1279538764129644,-0.4946124470395082,0.5078855345017544,0.6935694749542769,0.3426171260570272,-0.8572932307245977,0.3787567070789686,0.0648473463520250,0.3097094678158351,-0.8731918588169443,0.3728444327380074,0.0510201158104687,0.3097094678158351,-0.8731918588169443,0.3728444327380074,0.0510201158104687,0.1956457335807046,-0.2673688035086154,0.5408545814194313,0.7731190022238812,0.0290152428818097,-0.3749346372193252,0.4726878178515180,0.7969619566506868,0.0071798474075171,-0.3732507065154437,0.5150167057407279,0.7716152880062019,0.3597371367069907,-0.8172532302727192,0.3832222425370367,0.2362775124880588,0.3879418234072361,-0.8031817978788243,0.3805073164369780,0.2441604459070637,0.3879418234072361,-0.8031817978788243,0.3805073164369780,0.2441604459070637,-0.3928408951848041,0.6034596550850169,0.3597115661906146,0.5933970550177746
2.2886720360014809,1.6355328018730484,0.1606550786715414,-0.3739390928462810,0.6094770605821417,0.3764761741718247,0.5890441050943446,-0.2753558781038634,0.2099509698979625,-0.0456839046688977,1.7089149276278652,-0.3287463993819307,-0.2610018213316208,-0.2892515246769472,-0.2072005897116732,-0.2210238511417053,1.7043048674855508,-0.3474771432563062,-0.2612265639840913,-0.0987180104442861,-2.5203005646237906,-0.4585327233772309,0.4302501734806664,-1.8378010213137927,0.0793800539257657,-2.2432061844467448,-0.4098251871694900,0.1084799790289345,-1.5883240430504104,-0.0656669270041200,0.0063661595429363,0.6478046496667581,1.1001101496586978,0.1198315983829089,0.3803758176987005,-0.5248332745629505,-0.2254473739277326,-1.4030341205361077,0.1919671732794827,2.2527169779954694,0.3373529569295705,0.5708177545831692,-0.0030106865947367,-0.7476296932482668,-0.7397463135386043,3.7642789165403663,0.2456729521738743,0.4753717643876443,-0.0048912927517671,-1.3508656824681777,0.6250594985040429,3.9143833548624487,-2.4859608333595258,-2.0316950117959371,0.0158065771817507,1.9397713079266716,0.2987546803354191,-0.0092137746929493,0.0355005983568099,-0.0203398126371028,-0.0001300487755616,0.0000000000000000,0.0000000000000000,-0.3739390928462810,0.6094770605821417,0.3764761741718247,0.5890441050943446,-0.3739390928462810,0.6094770605821417,0.3764761741718247,0.5890441050943446,-0.2996393092932955,0.5396778382751063,0.4427674302148139,0.6503238561992888,-0.2299772637039000,0.5830277048996144,0.3838930341954775,0.6780968159451446,-0.2445342061714592,0.5770735382196444,0.3667573342729922,0.6875159716368210,-0.4371627110558153,0.8974517165061668,0.0565392279153759,0.0165074622276170,-0.4219457638683805,0.8825606195512770,0.1275527051240623,0.1636423923875706,-0.4396524830152704,0.8584582499259688,0.2413138473052115,0.1073440935091729,-0.4396524830152704,0.8584582499259688,0.2413138473052115,0.1073440935091729,-0.3405523678500487,0.5077220570189249,0.4025160374258297,0.6813392966673822,-0.4087118000672839,0.4637084507405955,0.4525210716422796,0.6427704231817443,-0.4589215909258862,0.4140795046661163,0.3762759410995588,0.6901779142707750,-0.5853842986235828,0.7920765643438437,-0.0975593839324601,0.1429059332181358,-0.5934337527217982,0.7553165137075695,0.0053843847214630,0.2780366048784521,-0.6245901414373657,0.7481821154886060,0.1037089655776198,0.1983812686244958,-0.6245901414373657,0.7481821154886060,0.1037089655776198,0.1983812686244958,-0.4027568731295810,0.5908296147633679,0.3477743597799164,0.6064324052564479,0.1723388609946409,-0.4202167542931984,0.4526349060312372,0.7673583506057983,-0.0096413250814595,-0.5134360116728454,0.3432840524465112,0.7864137372299996,-0.1153901683152092,-0.5099126561124627,0.5047684694133662,0.6869373948756955,0.3535821585215725,-0.8611718450944822,0.3631147464660103,0.0388637529159789,0.3205716095362275,-0.8773526608155728,0.3561264595248900,0.0256923441019370,0.3205716095362275,-0.8773526608155728,0.3561264595248900,0.0256923441019370,0.1722088760422027,-0.2673734812017239,0.5471665823131578,0.7742507705918605,0.0108233418445245,-0.3732618004639259,0.4812021150874325,0.7930970987345277,-0.0110302063696442,-0.3705981552320499,0.5234499820337805,0.7671606469279290,0.3468195890751092,-0.8063945730735931,0.4083557860323782,0.2503787474309815,0.3750127709949495,-0.7925012060783260,0.4051075412370168,0.2592202538151407,0.3750127709949495,-0.7925012060783260,0.4051075412370168,0.2592202538151407,-0.4008741011432811,0.5921086788479912,0.3497029961407404,0.6053222959346870
2.3017110233477269,1.6573195378485279,0.1622136325613444,-0.3730762677975908,0.6055918454564864,0.3748427669546421,0.5946137529393475,-0.3064912776267277,0.2130956583511051,-0.0040232277880701,1.7092584855872461,-0.3238975808616920,-0.2610580480045959,-0.2963891083563315,-0.2228034611107156,-0.1541097794457201,1.7003199051276361,-0.3438849553568455,-0.2613123133445425,-0.1080856673011729,-2.5035924969155197,-0.3960014985396650,0.3953935716316828,-1.8795643162385760,0.0796949279467840,-2.2043419928794186,-0.4125280052522329,0.1074048953657556,-1.6110964057439130,-0.0664102002913885,0.0062495054259634,0.6432432928650955,1.0328656186917888,0.0979592738694897,0.3587155108237827,-0.7893948286425844,-0.1172140260242596,-1.6337585026474475,0.1721202927266464,1.9612230902875722,-0.1188339899258603,0.0735452244027391,-0.0030106473747570,-0.1068037066658079,-0.7504244487140449,3.1204920357061763,-0.3052144724308508,0.0173012872790403,-0.0040075938998989,0.4635155540592071,0.6565189585632667,1.3315935140738739,-0.6528706987402502,-1.8281416427400627,0.0155602999168671,1.9309123180006644,-0.4615631307917363,-0.1152916949966187,-1.8201487090880415,-0.0699452404637427,-0.0082512136745961,0.0000000000000000,0.0000000000000000,-0.3730762677975908,0.6055918454564864,0.3748427669546421,0.5946137529393475,-0.3730762677975908,0.6055918454564864,0.3748427669546421,0.5946137529393475,-0.2904400689214880,0.5264830654419117,0.4482126858880384,0.6614873667552538,-0.2185647838618246,0.5710961592701246,0.3897796901520064,0.6885858009481115,-0.2208319249874312,0.5702233323742543,0.3870409821845076,0.6901288939263434,-0.4369418458404937,0.8949365749106368,0.0874601871568144,0.0228268680115170,-0.4171106627794666,0.8795333509882741,0.1567997320778223,0.1668940487714724,-0.4352847506307463,0.8516432808830308,0.2699422041977257,0.1111850457030507,-0.4352847506307463,0.8516432808830308,0.2699422041977257,0.1111850457030507,-0.3386968718042216,0.4999725530110332,0.4012036843063120,0.6887288864021209,-0.4126788661204344,0.4526117383071968,0.4539598709267889,0.6471160663993928,-0.4476026616035337,0.4181065528323399,0.4006743934780169,0.6813947447809628,-0.5963955527527371,0.7879247864916950,-0.0721141936119464,0.1352272848521062,-0.5999392180325777,0.7531647106274647,0.0310007569262991,0.2680574684688025,-0.6297487523489715,0.7427067925983127,0.1288594136758470,0.1876123147620048,-0.6297487523489715,0.7427067925983127,0.1288594136758470,0.1876123147620048,-0.4055144695860616,0.5843675212000643,0.3418919076248251,0.6141518856304893,0.1623000842159414,-0.4234227357503778,0.4547640331252934,0.7665256314623675,0.0073028552178363,-0.5050886150199069,0.3619152248137532,0.7834855003961148,-0.0876935491037803,-0.5063175249314332,0.5088111361401294,0.6906979319012626,0.3817261571182020,-0.8608571592041210,0.3354125119656383,0.0266184003215997,0.3486096883083897,-0.8779250322244564,0.3278753050033811,0.0147209843473254,0.3486096883083897,-0.8779250322244564,0.3278753050033811,0.0147209843473254,0.1550407872715527,-0.2617244827149392,0.5497031816062283,0.7780032529249507,-0.0072180788432133,-0.3685347411113122,0.4846188577783892,0.7932683068277723,-0.0286295051127116,-0.3649342958813658,0.5264799332494943,0.7673475034247399,0.3404172444390816,-0.8043713249077564,0.4199353073088101,0.2464897746968390,0.3688194241273469,-0.7904548280535589,0.4167709726230170,0.2558424389581508,0.3688194241273469,-0.7904548280535589,0.4167709726230170,0.2558424389581508,-0.4036816566373534,0.5856351295573843,0.3438143667911167,0.6130777245267121
2.3146029487763893,1.6773619634566339,0.1633627627212844,-0.3744921864529844,0.6011351873371222,0.3719250147715875,0.6000532244876126,-0.3187147545882778,0.2143000965438375,0.0313394790316102,1.6944174417595508,-0.3300352780634204,-0.2617524093994184,-0.3038785105236317,-0.2358088174036852,-0.0956639788409461,1.6935492743392182,-0.3451231267781880,-0.2613844408956023,-0.0921167927947946,-2.4833739699856405,-0.3480761945138974,0.3705139174624369,-1.9165027184679768,0.0800041673335027,-2.1714549727165893,-0.4263918927642353,0.0999989016349924,-1.6582254622586552,-0.0697470633375475,0.0061048496033914,0.6364971735614900,0.9008414436148034,0.0949222311702713,0.0068996577198956,-0.4569792208075137,0.0479878154824183,0.6430801110300175,0.1086378626163731,1.2362207522420721,-0.9904335938611349,-0.7651477596822984,-0.0471273932616755,-0.3265465432929150,-0.4325487839914944,2.3907557758831262,-0.2777302873173293,-0.1196654943333890,-0.0023796805191491,1.1366974262540785,0.5263418716480341,0.8363624605978661,-0.5030419510610087,-1.2735914956081054,0.0150579858957498,1.2726754498605057,-1.1865390031599909,-0.6476069044117815,-2.5947304698295834,-0.2656209336879007,-0.0092918530047926,0.0000000000000000,0.0000000000000000,-0.3744921864529844,0.6011351873371222,0.3719250147715875,0.6000532244876126,-0.3744921864529844,0.6011351873371222,0.3719250147715875,0.6000532244876126,-0.2876857095634950,0.5165568862704457,0.4495481095467883,0.6695613586240171,-0.2145051459554701,0.5616288154108341,0.3917876889984327,0.6964646601286484,-0.2063768042045455,0.5646662719053379,0.4017989665473477,0.6907374367589538,-0.4378698588428132,0.8915492770978071,0.1109224122942375,0.0332579565544928,-0.4138390366684480,0.8741116179790256,0.1810277508050323,0.1785919496558924,-0.4336008232327466,0.8430253379717918,0.2935139635264140,0.1230778568404827,-0.4336008232327466,0.8430253379717918,0.2935139635264140,0.1230778568404827,-0.3394359948634563,0.4920610057537803,0.3988357084494831,0.6954058165368144,-0.4185995007796915,0.4419254863221427,0.4537574465028211,0.6508306248396513,-0.4402570718203822,0.4203538845142413,0.4205125437205172,0.6727893600969264,-0.6066393351962920,0.7824985784876741,-0.0514373959951127,0.1305330837397670,-0.6064681546115929,0.7484951283334909,0.0534178449225183,0.2628648971370556,-0.6355523964480382,0.7351508209453737,0.1505047964633632,0.1815894492365168,-0.6355523964480382,0.7351508209453737,0.1505047964633632,0.1815894492365168,-0.4024352969671612,0.5827982008586906,0.3432018267183607,0.6169315966685505,0.1596964002526318,-0.4186209473272786,0.4542403939405076,0.7700124847805627,0.0232905253782170,-0.4912670972636811,0.3744789342199807,0.7860532541750539,-0.0633212195908342,-0.4962261665581771,0.5126586564881308,0.6978044974778331,0.4056952976610032,-0.8595106587133915,0.3100182534413161,0.0232687676299944,0.3724479514194405,-0.8773509856009715,0.3022926798156498,0.0125262635426511,0.3724479514194405,-0.8773509856009715,0.3022926798156498,0.0125262635426511,0.1484195974745378,-0.2515983747138406,0.5494768955445737,0.7827803154075533,-0.0196198529720039,-0.3615886351051942,0.4842316179874164,0.7964850660705507,-0.0394034244168089,-0.3576017973916392,0.5237911394135694,0.7721471148157802,0.3397696020507911,-0.8083346684964456,0.4187111853765492,0.2362892813259934,0.3694806239487422,-0.7937860828714155,0.4157711499188367,0.2460123453432198,0.3694806239487422,-0.7937860828714155,0.4157711499188367,0.2460123453432198,-0.4006490505623928,0.5840276101800558,0.3450890849072267,0.6158779199717421
2.3276526568463827,1.6939929466646033,0.1659713425585476,-0.3753413905655476,0.6020460982558350,0.3732677529493635,0.5977712946532142,-0.3149010135134767,0.2142417644418576,0.0389638643894383,1.6813027122893078,-0.3445975971691740,-0.2621057453553784,-0.3238743857021022,-0.2434258060305453,-0.0583664015588866,1.6900091677999378,-0.3460495680857033,-0.2614433005189799,-0.0716784057341462,-2.4673789967769006,-0.3103007869423572,0.3490699831513305,-1.9428498191627930,0.0803088315934440,-2.1534615294941184,-0.4563867298788878,0.0790454083738614,-1.7155876091864011,-0.0783740506155570,0.0059488208542756,0.6634830164868191,0.7883250596253819,0.1322410185223120,-0.0195497501730736,0.5916578148860490,0.2799686936706565,-0.4167469250048533,0.0155857657907420,-0.1281181469145065,-0.2900058923418350,-0.5192353051983420,-0.0024814748506047,-1.1923634495396356,-0.3526214124169104,1.4300539738270366,-0.2022155970216182,-0.0171168399337278,-0.0030885653890564,1.1732386406804367,1.0219579343713563,1.9749408700967634,-1.0418330659506108,-1.2436959301219312,0.0153104115704191,0.7425965185071627,-1.7618720543275050,-1.3420506681639541,-2.9814287314245616,-0.5776647659427014,-0.0074597226492738,0.0000000000000000,0.0000000000000000,-0.3753413905655476,0.6020460982558350,0.3732677529493635,0.5977712946532142,-0.3753413905655476,0.6020460982558350,0.3732677529493635,0.5977712946532142,-0.2899683525361537,0.5195312008315647,0.4495697568714365,0.6662527445320875,-0.2170839068612856,0.5646134290163608,0.3914553751135843,0.6934327238102560,-0.2059707798049487,0.5687616238023744,0.4049774887413103,0.6856234292736864,-0.4391514209162286,0.8902037196782076,0.1165193461530499,0.0332657323744222,-0.4127707000572182,0.8714155112797075,0.1898712134446686,0.1849439866025642,-0.4333989318680931,0.8391317457617157,0.3021158457425237,0.1294190668401352,-0.4333989318680931,0.8391317457617157,0.3021158457425237,0.1294190668401352,-0.3377351859896697,0.4863209396148253,0.4017208136100855,0.6986038045624487,-0.4198258912645981,0.4341106240060568,0.4576413820017455,0.6525783881101876,-0.4329166456841750,0.4210569922713606,0.4374525263589328,0.6662803271380189,-0.6145352408308419,0.7778534422093075,-0.0335853049000536,0.1271317722478590,-0.6111427025920396,0.7443560182490027,0.0727057906686134,0.2591381545975822,-0.6397065103726152,0.7285285824960468,0.1691097820546125,0.1772669362476651,-0.6397065103726152,0.7285285824960468,0.1691097820546125,0.1772669362476651,-0.3973624345628717,0.5877446379976775,0.3508921846544516,0.6111742884412540,0.1647193842886431,-0.4055628200317044,0.4538838781587573,0.7761286933202951,0.0412419270441899,-0.4715903382692034,0.3848302595893944,0.7923429356088058,-0.0373834494543388,-0.4802219479631513,0.5165916073759311,0.7079000420893644,0.4275019488200654,-0.8573495063838278,0.2849747714211880,0.0313574123915762,0.3940620048339805,-0.8759139318623400,0.2775198698021213,0.0217403353399725,0.3940620048339805,-0.8759139318623400,0.2775198698021213,0.0217403353399725,0.1527748800202544,-0.2369329243192042,0.5492590939031166,0.7866619815226074,-0.0277317216933678,-0.3541944258687935,0.4820467524475173,0.8008796343709832,-0.0433866105966036,-0.3507135992687156,0.5142272574237330,0.7814652270135810,0.3404932297004528,-0.8176051479294284,0.4064851364642815,0.2244014626535827,0.3738321130264960,-0.8013515878536954,0.4037044783637717,0.2347506721258575,0.3738321130264960,-0.8013515878536954,0.4037044783637717,0.2347506721258575,-0.3956080923857300,0.5889269064456787,0.3527130643342759,0.6101252579193651
2.3406583456335861,1.7088951510833339,0.1684355975226295,-0.3750442406161502,0.6040387505023793,0.3766719346847239,0.5937990056349431,-0.3280544068737578,0.2148869780953677,0.0379630425788878,1.6796750862141872,-0.3495554202527807,-0.2620705757930609,-0.3359700758593888,-0.2502258025499556,-0.0318808895246051,1.6832046062120298,-0.3478671749193707,-0.2614928610811367,-0.0487698379711033,-2.4426864587321102,-0.2624034284959542,0.3253175523515895,-1.9639876939420324,0.0806054115929081,-2.1398400629418473,-0.4905934651697010,0.0464566917929572,-1.7618006572311051,-0.0937192791829032,0.0058795862113923,0.5957429723630212,0.7181130534583391,0.1299943471027709,0.1169893557400681,0.1131389648367195,0.2446349067870500,-0.5450522925848810,-0.0095431349542654,0.1929426977974480,-0.0016523133179434,-0.0872599064057938,0.0027622205042129,-0.6114639936918951,-0.3894494620107966,1.5040362981985329,-0.1917235410753337,-0.0598439486329081,-0.0038490004201281,0.2987196707519324,1.4728075703768990,3.5362076414492036,-1.9022464916040107,-1.0101953988585561,0.0141160032825169,0.8654330266752208,-1.2642640707209607,-1.8917427517104080,-1.1125011451020461,-0.9195779000345066,0.0031496486533533,0.0000000000000000,0.0000000000000000,-0.3750442406161502,0.6040387505023793,0.3766719346847239,0.5937990056349431,-0.3750442406161502,0.6040387505023793,0.3766719346847239,0.5937990056349431,-0.2853827536097099,0.5184325514015675,0.4556232079745145,0.6649750867095802,-0.2124206352038942,0.5643064156309985,0.3973953790312885,0.6917460919599389,-0.2017812512791651,0.5681976624511452,0.4103213998392357,0.6841579436440387,-0.4402046073128644,0.8886989173616089,0.1236900490514184,0.0336884215493892,-0.4120071238732438,0.8693181045568370,0.1983165510276765,0.1876345079027130,-0.4329918573388939,0.8359525527002390,0.3102043696593568,0.1321916417796930,-0.4329918573388939,0.8359525527002390,0.3102043696593568,0.1321916417796930,-0.3352350952243061,0.4838746114714586,0.4061559706058617,0.6989421427017449,-0.4195796640658249,0.4295899855928020,0.4631951601256438,0.6518094763172483,-0.4270094188493226,0.4222056447197008,0.4517547830900341,0.6597900921778551,-0.6213785105310622,0.7733395157037924,-0.0175548990586281,0.1246056404030913,-0.6150463478005195,0.7401224583656241,0.0902076376367456,0.2565137789516693,-0.6432389561391255,0.7220453691548139,0.1859278251022850,0.1741406731348867,-0.6432389561391255,0.7220453691548139,0.1859278251022850,0.1741406731348867,-0.3898383528062340,0.5945982283938817,0.3619015590444443,0.6029148091010709,0.1715067041034043,-0.3859129035001254,0.4535695277039245,0.7848129489872920,0.0645278607541658,-0.4433434816694637,0.3976187153676952,0.8007384527028995,-0.0047379168950691,-0.4561423465014711,0.5225006149072264,0.7203504836488959,0.4529035974339904,-0.8525986512841820,0.2559178769729005,0.0495974949511340,0.4192735289704707,-0.8720247939130998,0.2491517742471696,0.0413020592095793,0.4192735289704707,-0.8720247939130998,0.2491517742471696,0.0413020592095793,0.1628323276034617,-0.2215075014266847,0.5481693997016914,0.7898926313934281,-0.0328440821160348,-0.3473919378277431,0.4784078861075463,0.8058324902312828,-0.0422966186484753,-0.3451880925764434,0.4984056664961921,0.7941334701414047,0.3379881120477254,-0.8297455270613925,0.3878712832354488,0.2164307373672070,0.3780100860812557,-0.8105305086472111,0.3849978520381609,0.2278712866925925,0.3780100860812557,-0.8105305086472111,0.3849978520381609,0.2278712866925925,-0.3880905513616109,0.5957404791280019,0.3636705418331737,0.6018494350541056
2.3519230859176248,1.7224460089269058,0.1710043934390370,-0.3766359562645188,0.6010688234198005,0.3785776585340748,0.5945927870570802,-0.3419111841992691,0.2156151712854244,0.0422124472911491,1.6809162271294231,-0.3501846291594069,-0.2620140253778305,-0.3425692649037855,-0.2549933055969025,-0.0015928343749170,1.6778198328220044,-0.3495515688296792,-0.2615591490327634,-0.0367814506211754,-2.4112090878936319,-0.1980289308052585,0.2959021151494684,-1.9798434329007175,0.0808929471905256,-2.1247726519396406,-0.5252585010833556,0.0029372419394868,-1.7812874829796324,-0.1149598444059745,0.0058441885310199,0.5580544138077336,0.6703905143175425,0.1043201984222608,-0.0010459864854019,-0.3488880792976537,0.2687500881111330,-0.8966964767224389,0.0494836893463457,0.2123645098335542,-0.0031105968367378,-0.0095334094323022,0.0027163971061206,-0.3878567049676704,-0.1568052956432424,1.4993504310458965,-0.2798786678080726,-0.0693376731695906,-0.0036520348551107,1.2100310273810495,1.7866627624402842,3.3732638809737985,-1.2555892802350355,-0.7887035855292898,0.0147416554406377,0.5318201819861660,-2.2764651958969808,-2.4400306468780388,-1.3301172520495852,-1.1587955670024941,-0.0058010418582843,0.0000000000000000,0.0000000000000000,-0.3766359562645188,0.6010688234198005,0.3785776585340748,0.5945927870570802,-0.3766359562645188,0.6010688234198005,0.3785776585340748,0.5945927870570802,-0.2829870363546509,0.5116956622821194,0.4607313872578691,0.6676919014428098,-0.2095355805452439,0.5582791925071444,0.4030263083428525,0.6942542606874450,-0.1978260873580022,0.5625350259863697,0.4174429356358718,0.6856825644471677,-0.4429480891306324,0.8860778141076731,0.1311135221370849,0.0383711088515532,-0.4133377340428778,0.8658477150007019,0.2062660489949077,0.1921300837359755,-0.4348946016893362,0.8314822027098320,0.3176087138551338,0.1364871308276621,-0.4348946016893362,0.8314822027098320,0.3176087138551338,0.1364871308276621,-0.3354167851733241,0.4780601963263574,0.4087614555918924,0.7013330887208979,-0.4217674768868224,0.4222783914767002,0.4661635324444082,0.6530579733464147,-0.4227358176197976,0.4213089993923069,0.4646630359448679,0.6541264545627808,-0.6281721310420763,0.7681990489323520,-0.0041330683803717,0.1235026831581013,-0.6193282537317087,0.7350381003680043,0.1051181364076274,0.2551503136098722,-0.6473123039477454,0.7150538461247281,0.2000720588604278,0.1722090286931715,-0.6473123039477454,0.7150538461247281,0.2000720588604278,0.1722090286931715,-0.3883442579453803,0.5935714879939937,0.3668512159540401,0.6018985058251025,0.1693390186951005,-0.3732810793842166,0.4573410826349473,0.7891924142155889,0.0877896699314456,-0.4180705320585850,0.4167933064676101,0.8023673371725554,0.0286803621851526,-0.4339407590198643,0.5303822328836254,0.7277139146172575,0.4791563908274412,-0.8449543944163143,0.2283085304556866,0.0658516469569729,0.4454750840511843,-0.8652885835664238,0.2221812631812983,0.0588481344680165,0.4454750840511843,-0.8652885835664238,0.2221812631812983,0.0588481344680165,0.1636192933635737,-0.2149132299350995,0.5500891963521772,0.7902169996239542,-0.0453136208403341,-0.3492752535754142,0.4762274851206630,0.8057051913831871,-0.0467926515157374,-0.3488980787953658,0.4793557247338792,0.8039270287419673,0.3233587146149064,-0.8416462314548431,0.3767026218930687,0.2125226985979262,0.3729069229573108,-0.8187559916268502,0.3734941046346476,0.2260115191507008,0.3729069229573108,-0.8187559916268502,0.3734941046346476,0.2260115191507008,-0.3866046807010016,0.5947059734849049,0.3686119368189458,0.6008218254990694
2.3630834629655220,1.7346515946998939,0.1726493846784973,-0.3790905071682772,0.5992738686813072,0.3804554038763164,0.5936454357206395,-0.3451881989546429,0.2212617569719114,0.0474049413619814,1.6738511289538309,-0.3534001348536539,-0.2620000470423899,-0.3518556121320705,-0.2573385723579721,0.0203552726079139,1.6724338344546903,-0.3510154835966468,-0.2616092834340327,-0.0068278962914396,-2.3750288269077884,-0.1255286049500987,0.2730770304009338,-1.9946199271581213,0.0811852950868807,-2.1219472612735961,-0.5825262493521908,-0.0532917081666135,-1.8142744704868625,-0.1393715142562006,0.0057083480178268,0.5495238915861460,0.5779439758320079,0.0730311750896357,-0.0750484817559109,0.1534852335610760,0.3707198550384624,-0.4397907482639189,0.1863742474469676,0.0553653595061754,-0.2305586202232735,-0.0980520979398399,0.0019140823199011,-0.3692417725267633,-0.0733983960081494,0.9435528886845040,-0.3230011160143950,-0.0916898318499745,-0.0019447317279799,1.8057209709720439,1.8666891483481678,3.8846380385993893,-1.0421663579753471,-0.7539900892937247,0.0145758323773291,-0.1061667074364524,-3.1822995786748405,-3.0455772002657748,-1.8483105280713066,-1.2440376046291728,-0.0066481328881442,0.0000000000000000,0.0000000000000000,-0.3790905071682772,0.5992738686813072,0.3804554038763164,0.5936454357206395,-0.3790905071682772,0.5992738686813072,0.3804554038763164,0.5936454357206395,-0.2839635238034177,0.5089937575860133,0.4638793915636809,0.6671626353222481,-0.2086986541504854,0.5570213983538014,0.4049517217582803,0.6943962388843687,-0.1954695901154697,0.5618003255680247,0.4212574361414278,0.6846270561607275,-0.4437676583973207,0.8846702449804977,0.1368811657055775,0.0411384185620773,-0.4128174215874106,0.8636829729348654,0.2127156895912500,0.1959222654473841,-0.4348730475213354,0.8284959830132894,0.3237138373111842,0.1403181748870027,-0.4348730475213354,0.8284959830132894,0.3237138373111842,0.1403181748870027,-0.3361682171347055,0.4727737543985039,0.4117269810556641,0.7028206030070595,-0.4235233998702440,0.4160694427330038,0.4689566596191120,0.6539065682382175,-0.4196633780985670,0.4199624989171082,0.4749748081791317,0.6495483663141608,-0.6337769641369737,0.7635684338763922,0.0067215363738280,0.1234699455966954,-0.6228780048870755,0.7303030189052560,0.1172237618821367,0.2548314761876299,-0.6507947560219137,0.7087749198994420,0.2114758205882417,0.1714125892764236,-0.6507947560219137,0.7087749198994420,0.2114758205882417,0.1714125892764236,-0.3822133401309287,0.5972869870801818,0.3773516024679074,0.5956231911246752,0.1724615729944488,-0.3516742006886966,0.4597981746230270,0.7969742160343587,0.1190005001214954,-0.3815157853435605,0.4353559582116542,0.8066906322464233,0.0694053591442244,-0.4011472706667617,0.5406340231920646,0.7361919697509833,0.5101906654345689,-0.8323670413994726,0.1957761775273482,0.0924244643376527,0.4765450012350173,-0.8537930330572366,0.1907352691118611,0.0869619205035674,0.4765450012350173,-0.8537930330572366,0.1907352691118611,0.0869619205035674,0.1748634386123655,-0.2063306660677532,0.5497622733420169,0.7903239063108970,-0.0568835547100228,-0.3540223885520812,0.4684859115854226,0.8074362886651850,-0.0478357732749656,-0.3564599093432220,0.4494233852188176,0.8177204245001269,0.3039243089044912,-0.8606497675679567,0.3546777690083467,0.2027699983069803,0.3650619453165916,-0.8340244762970036,0.3516865522283132,0.2178291027409747,0.3650619453165916,-0.8340244762970036,0.3516865522283132,0.2178291027409747,-0.3805030465501865,0.5983779857877367,0.3790540279780097,0.5945412193988615
2.3731907710369851,1.7457314781680704,0.1738452021184862,-0.3815657086566862,0.5974768357960628,0.3824960213253943,0.5925587180480011,-0.3499523153661587,0.2244320241724519,0.0508334761446169,1.6712393785507067,-0.3546964889418145,-0.2619697938859410,-0.3594298691415682,-0.2601916942317646,0.0384018786233770,1.6686796694419295,-0.3521863248516934,-0.2616684689275903,0.0139539780773277,-2.3384109683635836,-0.0370576710906255,0.2460169048604403,-2.0085045148123704,0.0814630668907195,-2.1219611728046011,-0.6373699183192828,-0.1170434120728644,-1.8326262891139584,-0.1635038558860816,0.0056744401490530,0.4689899895383640,0.5270505858733207,0.0611009124018741,0.0394646466022831,-0.0739028805498399,0.4122817924936609,0.0920371418472213,0.2997374119755437,0.3143923202240612,-0.2566693542278654,-0.1042898657674594,0.0003212768328672,-0.3500526140603980,-0.1086792841829652,0.7881072076876877,-0.1821388300370455,-0.0626093161424694,-0.0023873013997222,0.7578195142739117,1.7244933078997899,4.6894971431821624,-1.3727542283935710,-0.7080306054079666,0.0138344903502991,-0.1208761729189891,-2.7668709387585118,-3.2225636529399990,-0.7423730589715994,-1.1476148766156118,-0.0025414354344629,0.0000000000000000,0.0000000000000000,-0.3815657086566862,0.5974768357960628,0.3824960213253943,0.5925587180480011,-0.3815657086566862,0.5974768357960628,0.3824960213253943,0.5925587180480011,-0.2844478822846572,0.5058528079561624,0.4675566826405617,0.6667781396122658,-0.2082007064763904,0.5549061813980249,0.4081365514692886,0.6943746474517574,-0.1942071294152122,0.5599571369447029,0.4254365711084267,0.6839117776676318,-0.4458460395357223,0.8828503099019310,0.1411877975694201,0.0431583729289389,-0.4139672718486545,0.8614094489028979,0.2175862656290022,0.1981440793680569,-0.4363008950231810,0.8256111961317717,0.3282318913077070,0.1423780437862658,-0.4363008950231810,0.8256111961317717,0.3282318913077070,0.1423780437862658,-0.3371186366668608,0.4681599314691798,0.4147521781519420,0.7036745938975424,-0.4254858537230979,0.4104495611995370,0.4719366995965825,0.6540402874185357,-0.4178566171957041,0.4182139422270959,0.4838987544776759,0.6452402199240137,-0.6391612386966032,0.7589512808402837,0.0153319296602598,0.1234131119112192,-0.6265990456208752,0.7256104374040638,0.1270267418549805,0.2544156756393001,-0.6544347472186419,0.7028373914438667,0.2206034931826548,0.1704959284465922,-0.6544347472186419,0.7028373914438667,0.2206034931826548,0.1704959284465922,-0.3778425437925903,0.5998382877375360,0.3861738236098965,0.5901684663068331,0.1732224290594406,-0.3308784064077522,0.4635507330436616,0.8035136514947951,0.1545211687434906,-0.3415511317690600,0.4557440359670368,0.8073186523782896,0.1145888542914993,-0.3643347918217149,0.5509781540750035,0.7419923366669582,0.5429286287341685,-0.8155039579385717,0.1594606342793530,0.1214664760441649,0.5094622775270029,-0.8380698546953610,0.1556491364138811,0.1177304241116552,0.5094622775270029,-0.8380698546953610,0.1556491364138811,0.1177304241116552,0.1848172073945669,-0.2005672932073520,0.5499634339141863,0.7894020408534981,-0.0695878440485648,-0.3615092564487894,0.4604324871781432,0.8077564696203100,-0.0479420009688413,-0.3675985724550213,0.4154127922634371,0.8306654357176722,0.2794251130918297,-0.8798435108253102,0.3316276945458743,0.1944738410234143,0.3525840607069065,-0.8502918339781008,0.3291120518246200,0.2106502659608486,0.3525840607069065,-0.8502918339781008,0.3291120518246200,0.2106502659608486,-0.3761376248938272,0.6009088503881309,0.3878482019531791,0.5890694465902412
2.3825924265463279,1.7559770367400773,0.1742236305276401,-0.3843812576101446,0.5971470635632621,0.3841577695058116,0.5899908824754303,-0.3559592455744089,0.2274304244191997,0.0541067374837768,1.6674701773320404,-0.3558305670726449,-0.2619458188455888,-0.3666624553202675,-0.2617223811665729,0.0522890672555011,1.6636350718457489,-0.3534839938154415,-0.2617138208709091,0.0337375395772565,-2.3052268455412865,0.0615756444183272,0.2227079721925005,-2.0259990582485132,0.0817413002867695,-2.1273892680117452,-0.6954443122356067,-0.1799844448095919,-1.8540513591612757,-0.1842751438170993,0.0055956530266538,0.4637011658342084,0.5020761138053996,-0.0225752569302779,-0.3038929547228808,0.2357939105723264,0.3545984984890205,-0.2121819552673263,0.1524828598855046,0.2298483106812709,-0.2422566208005527,-0.0600982954967113,0.0007036210125843,-0.4301158713327157,-0.1010096873554834,0.6009373754624191,-0.2097603611541622,-0.0507884147250713,-0.0027480563867501,0.8062187113413729,1.5588920688091883,5.2033770890549853,-1.1856752656124470,-0.9859952328345583,0.0136861590131214,-0.3193211868217148,-2.7777103208999883,-3.0807638495809369,-0.9644901707342030,-0.9453860697844675,-0.0021083010680078,0.0000000000000000,0.0000000000000000,-0.3843812576101446,0.5971470635632621,0.3841577695058116,0.5899908824754303,-0.3843812576101446,0.5971470635632621,0.3841577695058116,0.5899908824754303,-0.2853768367117372,0.5045541057924139,0.4707613855347375,0.6651082117113233,-0.2081693733606180,0.5546502235612151,0.4105535985545155,0.6931625957970321,-0.1932186012045762,0.5600338656281468,0.4289967420055944,0.6819020727690506,-0.4475495883956332,0.8813299094308902,0.1451585286153274,0.0434276207000991,-0.4148083774500784,0.8597441244353975,0.2220487390193893,0.1986665749338438,-0.4372013820288329,0.8233811472532829,0.3324290726593518,0.1427912796734792,-0.4372013820288329,0.8233811472532829,0.3324290726593518,0.1427912796734792,-0.3385894442745347,0.4654392164358314,0.4175066206559209,0.7031441855963358,-0.4273804008397372,0.4070279910171117,0.4746300211917719,0.6529935302054212,-0.4168451527646688,0.4178108556631341,0.4911531767159767,0.6406580714456384,-0.6438030834164808,0.7549820405400645,0.0225591259810154,0.1225185458629238,-0.6298142144256567,0.7216919968558690,0.1353712661128219,0.2533166739332278,-0.6574828345071945,0.6978587251368439,0.2283810801383930,0.1689721998246615,-0.6574828345071945,0.6978587251368439,0.2283810801383930,0.1689721998246615,-0.3747403796656626,0.6032439096851439,0.3935845643343280,0.5837444851932860,0.1729209053585362,-0.3101572172359016,0.4677646263115307,0.8093806987185328,0.1935696116322949,-0.2980895210526609,0.4755458784076247,0.8046922147135752,0.1622890359413074,-0.3235746276872491,0.5613627550756664,0.7441999639506555,0.5765885031981817,-0.7939591758635296,0.1198994086422251,0.1509922410226111,0.5434767658073092,-0.8176855364181659,0.1173868076801384,0.1491432396819584,0.5434767658073092,-0.8176855364181659,0.1173868076801384,0.1491432396819584,0.1943242268987631,-0.1954896365189670,0.5501649531487667,0.7882514961487201,-0.0836654155737367,-0.3700093665895069,0.4516533430580741,0.8075285905634374,-0.0488337417400109,-0.3802621263004728,0.3804477726620027,0.8415910368139827,0.2532105139887963,-0.8982295326975088,0.3090055044901188,0.1832586707098787,0.3372132695852572,-0.8670109585127629,0.3075970031162319,0.1999082097071400,0.3372132695852572,-0.8670109585127629,0.3075970031162319,0.1999082097071400,-0.3730498693353448,0.6042907923450970,0.3952174659269070,0.5826401873387479
2.3908292803218281,1.7653102546103914,0.1738965420109423,-0.3872722211750450,0.5964676482755482,0.3859631119476077,0.5876044992020587,-0.3591236076971523,0.2298640033229500,0.0580998751548427,1.6655655735316819,-0.3565977187442151,-0.2619291433397618,-0.3708109138912964,-0.2630741121163737,0.0629018188803010,1.6602575355820757,-0.3545421842999357,-0.2617614132803737,0.0444181286023508,-2.2806299775814427,0.1552613180247603,0.2024524908794749,-2.0410062022914612,0.0820089641528603,-2.1326439758934810,-0.7480107101404039,-0.2359975059978222,-1.8640229439749159,-0.2008203983263477,0.0055527319736170,0.3944179824310184,0.4594474533112605,-0.0423824332263387,-0.2650996162660899,0.1372996316224794,0.3809223540392673,-0.3482130177115730,0.0628784586273292,0.1562905259929728,-0.1078391125700966,-0.0265283954093719,0.0010274451729628,-0.4017410165126115,-0.0730898966235842,0.4742758979243339,-0.1398815088508249,-0.0381019378571737,-0.0029709620793055,0.5308830577064693,1.2268909558082854,4.8439852989418402,-0.9278428324813827,-0.9466568254548955,0.0135951310141476,-0.3399661470323878,-2.5618279162513393,-2.6520126147752983,-0.7390973418644863,-0.7325097689573105,-0.0032731448773544,0.0000000000000000,0.0000000000000000,-0.3872722211750450,0.5964676482755482,0.3859631119476077,0.5876044992020587,-0.3872722211750450,0.5964676482755482,0.3859631119476077,0.5876044992020587,-0.2870952549463845,0.5036070558857145,0.4735725743321100,0.6630876749645187,-0.2092023333335728,0.5545674952659742,0.4127298669733543,0.6916236938034797,-0.1930937658203890,0.5603798003846037,0.4325383471708829,0.6794114034580910,-0.4499279554664658,0.8796721253292035,0.1481197456849843,0.0424538307668851,-0.4165312769721077,0.8582023476953111,0.2255577963095130,0.1977728652728613,-0.4387916718337511,0.8213969847575976,0.3357001377671366,0.1416837311182682,-0.4387916718337511,0.8213969847575976,0.3357001377671366,0.1416837311182682,-0.3404825530965884,0.4634444312937028,0.4202125357380208,0.7019346942189905,-0.4295580885436980,0.4043615738365094,0.4773374421653744,0.6512453704082382,-0.4168282561973987,0.4174717219935862,0.4972786085749926,0.6361490011191284,-0.6482722733130426,0.7512083985630069,0.0278364754303544,0.1210542531989588,-0.6332095302397548,0.7180982840256971,0.1416950970372438,0.2516009633695871,-0.6606291878887953,0.6934650749310592,0.2341982832898332,0.1668125596720643,-0.6606291878887953,0.6934650749310592,0.2341982832898332,0.1668125596720643,-0.3742519056444743,0.6047222005637759,0.3986096242142742,0.5791001111643296,0.1714439349046329,-0.2952093979356038,0.4724621770763134,0.8125502321624337,0.2300806092959691,-0.2600691547053209,0.4926795430785120,0.7979309593121479,0.2055678800531526,-0.2872401340948781,0.5698471680015456,0.7419630429989270,0.6057893800866543,-0.7715750480039002,0.0833200200771201,0.1753537753410359,0.5731298856450771,-0.7963019621340905,0.0819255719637063,0.1752527316200174,0.5731298856450771,-0.7963019621340905,0.0819255719637063,0.1752527316200174,0.2004299270453880,-0.1928263087974814,0.5515349526300757,0.7864191344362490,-0.0986779101026855,-0.3798620175080952,0.4439342710264675,0.8055370138737543,-0.0511815464616667,-0.3944936962157358,0.3491701892832915,0.8484311120319136,0.2273376048109248,-0.9130421045803574,0.2912583352169588,0.1727434828552132,0.3202560100377057,-0.8812982889696683,0.2911724373950947,0.1896523809375028,0.3202560100377057,-0.8812982889696683,0.2911724373950947,0.1896523809375028,-0.3725695525086961,0.6057601483068080,0.4002177715651284,0.5779898845051066
2.3982100275949008,1.7740108467144466,0.1724995052183466,-0.3905498151838755,0.5967261098755462,0.3873371209964028,0.5842591431469906,-0.3621405808639721,0.2321201901339842,0.0628257109987143,1.6638278281665773,-0.3571436363887683,-0.2619171460193800,-0.3742283453760176,-0.2638425076031710,0.0704741647920323,1.6573323260146544,-0.3554694649496751,-0.2618038486804874,0.0503590479802977,-2.2615646453865201,0.2449330651703121,0.1854518429243297,-2.0571715237976069,0.0822740662112037,-2.1388978537415193,-0.7967208228786964,-0.2828346546926405,-1.8728082020087609,-0.2134668880131588,0.0055013818371463,0.3272922705735216,0.4143113566760581,-0.0721301666710538,-0.1962519063272138,0.0786665340379993,0.4063007542881364,-0.2024472184127042,0.0398668627220971,0.2045175812674463,-0.0089518566925103,-0.0138641595994234,0.0007112604294459,-0.0844991075109967,-0.0189161205116602,0.3891976471417669,-0.1269110692237447,-0.0436483145783334,-0.0017535398930770,0.1242947991385230,0.7559643643994008,4.2107070778655151,-0.7846785203719983,-0.7502503163436423,0.0131667662570528,-0.2919125545490372,-2.2919228283773085,-2.0884166363992418,-0.2465131209929873,-0.5541667808784254,-0.0023509040317016,0.0000000000000000,0.0000000000000000,-0.3905498151838755,0.5967261098755462,0.3873371209964028,0.5842591431469906,-0.3905498151838755,0.5967261098755462,0.3873371209964028,0.5842591431469906,-0.2890958846580443,0.5036578597360719,0.4760799141025170,0.6603788648859088,-0.2107068154666548,0.5553829354159795,0.4145758306202987,0.6894050432293919,-0.1932744488333778,0.5616872390071924,0.4358856500261292,0.6761332213890463,-0.4523805014189191,0.8780878071128516,0.1506757923706211,0.0401309173729633,-0.4184264069160125,0.8569992694482640,0.2286277639874534,0.1954506067900378,-0.4403664264579539,0.8198054356834961,0.3385815262600045,0.1391366527838366,-0.4403664264579539,0.8198054356834961,0.3385815262600045,0.1391366527838366,-0.3428886350393578,0.4625883773637689,0.4226096248280793,0.6998860493619450,-0.4319592780094340,0.4029884004214506,0.4797783352707113,0.6487097041606463,-0.4176565730596555,0.4177935563322340,0.5020886352157478,0.6315999791438536,-0.6523357901357283,0.7478932825433345,0.0314329053818223,0.1188512822556316,-0.6365083926704640,0.7151094257680175,0.1462432107580037,0.2491756379443787,-0.6635870005432706,0.6899028823983250,0.2383329191982440,0.1639625725429775,-0.6635870005432706,0.6899028823983250,0.2383329191982440,0.1639625725429775,-0.3754776897397512,0.6063231092866748,0.4018527642798180,0.5743719591809010,0.1688502167921044,-0.2823080619933916,0.4774156933927383,0.8147797359563658,0.2637989888872049,-0.2240107093166094,0.5073882027359360,0.7891682376388156,0.2447463059737058,-0.2522432754288844,0.5771671300159017,0.7371232459652457,0.6314810296097193,-0.7483773024978847,0.0488495461396876,0.1969183693589409,0.5993436675939051,-0.7739819129175430,0.0484830716202493,0.1984655092398992,0.5993436675939051,-0.7739819129175430,0.0484830716202493,0.1984655092398992,0.2044747978585448,-0.1903824928040018,0.5534256884935506,0.7846429575226431,-0.1140653309072290,-0.3891524180469277,0.4371337115563789,0.8027849114390463,-0.0552097561909506,-0.4081917945851002,0.3226227038117439,0.8522006410698892,0.2040473394685198,-0.9248360801427129,0.2778456528069843,0.1607628730097228,0.3039145692775514,-0.8932800246453910,0.2793879538616099,0.1778457291795114,0.3039145692775514,-0.8932800246453910,0.2793879538616099,0.1778457291795114,-0.3738070360537301,0.6073545160316889,0.4034325094395391,0.5732634664619347
2.4045054802995063,1.7818581753672069,0.1705540843376897,-0.3937239719467160,0.5970926300158178,0.3887462094266835,0.5808082383641607,-0.3635192105798616,0.2342394818043054,0.0684343643312339,1.6626337408643725,-0.3574227718534261,-0.2619097414319575,-0.3753404957280138,-0.2642199112499020,0.0761653506281264,1.6552907328172330,-0.3561862480919507,-0.2618231308975380,0.0542553735994224,-2.2514818502144602,0.3190125695343515,0.1735278524871630,-2.0701253249329477,0.0825350536426415,-2.1458076348005255,-0.8408304950855757,-0.3188341564587083,-1.8797302329470698,-0.2229219197387290,0.0054394119332426,0.2714460868064194,0.3798632000287642,-0.1078925251906055,-0.2686203171840312,0.1006693281248804,0.3945525389443639,0.0985224494737748,0.1576553265449847,0.4531083802408029,-0.0656466213163950,-0.0143173222752568,-0.0000378334669614,-0.0329435813595652,-0.0236972707397427,0.3173836647772223,-0.0806193545402717,-0.0316689568406210,-0.0008108535829331,-0.2579571381868645,0.3852499569203946,3.6408513765591652,-0.7317491964750173,-0.7244031659577053,0.0128892896956625,-0.2520058322347615,-2.0023246226085210,-1.5925268826300178,0.0153512165930310,-0.4142990809198150,-0.0005217358028318,0.0000000000000000,0.0000000000000000,-0.3937239719467160,0.5970926300158178,0.3887462094266835,0.5808082383641607,-0.3937239719467160,0.5970926300158178,0.3887462094266835,0.5808082383641607,-0.2913697589263431,0.5042119409205483,0.4783042966375823,0.6573423628782533,-0.2126700858253975,0.5565830315098612,0.4161970814219290,0.6868527884824946,-0.1937599339138074,0.5634450500087884,0.4391464111358430,0.6724114761192134,-0.4550354223854075,0.8765006413519165,0.1527587862556772,0.0367986861980789,-0.4206369946992028,0.8560024751007470,0.2312077012000178,0.1920085420433699,-0.4421079993152395,0.8184817929566917,0.3410055616426231,0.1354373599442707,-0.4421079993152395,0.8184817929566917,0.3410055616426231,0.1354373599442707,-0.3455955267087426,0.4629522166190346,0.4248236187959631,0.6969676247570835,-0.4343775306824931,0.4029692338371555,0.4820950720968543,0.6453807394699688,-0.4188531756540415,0.4190824021903677,0.5061185255333934,0.6267184340122594,-0.6560790312540297,0.7450432589055558,0.0339742460158489,0.1153975637343208,-0.6396881137742845,0.7128238572558243,0.1496431145742078,0.2455365632311322,-0.6662662149386851,0.6871905342534723,0.2414126816158764,0.1599325408374908,-0.6662662149386851,0.6871905342534723,0.2414126816158764,0.1599325408374908,-0.3772266175606386,0.6076497789915375,0.4045042633914961,0.5699457219713099,0.1677344951187406,-0.2735008960094107,0.4815648179028790,0.8155720232986644,0.2923065471627143,-0.1954296340253606,0.5181840137484918,0.7796470153383697,0.2769884289855746,-0.2244532408309953,0.5825918855131018,0.7304004708533910,0.6517347288953066,-0.7276843671306139,0.0201990841458995,0.2128598176855976,0.6200937502457220,-0.7539870350196535,0.0206281108393815,0.2157817716390015,0.6200937502457220,-0.7539870350196535,0.0206281108393815,0.2157817716390015,0.2079242769057106,-0.1885519565009571,0.5554373809849830,0.7827547320696571,-0.1280540233805630,-0.3979667154487972,0.4309118446860008,0.7997122248660786,-0.0597848396669059,-0.4209993881046750,0.3013771353493078,0.8534384046023100,0.1843879585033368,-0.9337513034350443,0.2683029568905999,0.1487383858191564,0.2894919866676369,-0.9027175678463023,0.2715451954576875,0.1660077985539455,0.2894919866676369,-0.9027175678463023,0.2715451954576875,0.1660077985539455,-0.3755722781674983,0.6086736718281643,0.4060531470294480,0.5688432709303821
2.4095784729456287,1.7888699518539681,0.1683475612532226,-0.3967326332877563,0.5974324565162399,0.3901797696820498,0.5774404081084001,-0.3638090551365127,0.2359927787777243,0.0747615136124377,1.6624887761283522,-0.3575772893622648,-0.2619035705472791,-0.3750281545629620,-0.2648424175582645,0.0805837319734495,1.6546376904604245,-0.3566172208583246,-0.2618356667903095,0.0564433859830815,-2.2476742626161448,0.3788149575403308,0.1644833380921561,-2.0798844393947999,0.0827929036158657,-2.1522661054124717,-0.8810350327351359,-0.3442827086478845,-1.8846954653039616,-0.2299202556453995,0.0053658675517830,0.2282951723413911,0.3445085418629290,-0.1317106894657236,-0.2898255902089950,0.1518207741653912,0.3774346774321073,0.1181718027943184,0.1303265120672930,0.3999136900932772,-0.0282078016911344,-0.0095752760700065,-0.0000033163082673,0.0682029211912796,-0.0414462913234995,0.1706625856998079,-0.0117179795040615,-0.0174416042113158,-0.0004661766517237,-0.0121909600688727,0.1002434489116504,2.7567329721750835,-0.4792196380511713,-0.4436484935673283,0.0127373524529350,-0.2440112660478691,-1.9617007842825529,-1.0512990976544574,-0.1019776139929628,-0.3059120750840066,-0.0027823323902357,0.0000000000000000,0.0000000000000000,-0.3967326332877563,0.5974324565162399,0.3901797696820498,0.5774404081084001,-0.3967326332877563,0.5974324565162399,0.3901797696820498,0.5774404081084001,-0.2939646212701584,0.5051838918300113,0.4801567646554143,0.6540821953184630,-0.2150093324514819,0.5581420820233963,0.4174190933384095,0.6841123473157723,-0.1942264671980836,0.5657098869618554,0.4424269836481478,0.6682116187057491,-0.4577566947545549,0.8749201354904887,0.1546750297482820,0.0323913583083142,-0.4229551713535987,0.8552151596748847,0.2336118135829063,0.1874605938377828,-0.4438120534436074,0.8173883350671842,0.3432837870906953,0.1306269973433320,-0.4438120534436074,0.8173883350671842,0.3432837870906953,0.1306269973433320,-0.3483255704565031,0.4637894779628283,0.4269280885940910,0.6937586210394175,-0.4368495238664022,0.4033798791452473,0.4844098944080340,0.6417119453446852,-0.4203182257164075,0.4205774869535311,0.5097594154477617,0.6217656350754834,-0.6597373130922199,0.7423636177946249,0.0356195202226348,0.1112393206912147,-0.6429622270202050,0.7108677278471346,0.1520580386965814,0.2411327455954893,-0.6689384769863090,0.6849342947649182,0.2435561238845846,0.1551345879565157,-0.6689384769863090,0.6849342947649182,0.2435561238845846,0.1551345879565157,-0.3797089179491123,0.6083941650315036,0.4063254831923684,0.5661954426644755,0.1671688471727596,-0.2681852174987236,0.4852756829796542,0.8152538114959796,0.3155510558127874,-0.1734751235712414,0.5266138821548005,0.7700725496985508,0.3028993824273376,-0.2028994140152998,0.5866785753303932,0.7231127444359454,0.6675572102216411,-0.7099756321447965,-0.0030160845572790,0.2242607323533010,0.6363553240739680,-0.7368347197732853,-0.0019893216050043,0.2283036133285909,0.6363553240739680,-0.7368347197732853,-0.0019893216050043,0.2283036133285909,0.2101410857322520,-0.1873376941310674,0.5577597160352538,0.7808004941169016,-0.1412986186586577,-0.4064519945382363,0.4254269486174587,0.7961428187775623,-0.0656230027995813,-0.4330384489504748,0.2854450883754219,0.8524625650176552,0.1679775261376821,-0.9400881557727704,0.2631523472532309,0.1369987307369301,0.2769325460785295,-0.9096889940421333,0.2680587453209597,0.1546570661108852,0.2769325460785295,-0.9096889940421333,0.2680587453209597,0.1546570661108852,-0.3780735764713585,0.6094117599690885,0.4078446561586861,0.5651021270782266
2.4134522396503062,1.7949644922190791,0.1661560614577599,-0.3992140450114359,0.5976605516227438,0.3919849218872738,0.5742628599453671,-0.3624608285399425,0.2375419303924374,0.0817155048676491,1.6627691057447813,-0.3577140915912556,-0.2619018636345191,-0.3725725864199582,-0.2655892856147160,0.0838051129899270,1.6549076353658101,-0.3568571798988527,-0.2618434404923366,0.0564162950735588,-2.2480089040075475,0.4270171400096078,0.1565664592632444,-2.0873286487551570,0.0830469981031146,-2.1570528190532317,-0.9186162331618468,-0.3605293291029549,-1.8875414512216788,-0.2350817283371436,0.0052951757914789,0.1828288178105892,0.2895856292760299,-0.1210791143433736,-0.2282060321680447,0.2590239326777304,0.3337879585738916,-0.0323648039384194,0.0122486094163177,0.2919549169309871,0.0110403938851304,-0.0051807102987721,0.0001528975191571,0.0034091746495066,-0.0563241278778118,0.1434897588484621,0.0446784014151249,-0.0072945728266268,-0.0006622641162334,0.1297302313710459,-0.0456064411361358,2.1451298543017141,-0.2897401561676943,-0.3700141641438272,0.0126949262438330,-0.2377301558165672,-1.7513046067803359,-0.6861855454805900,-0.3406124944426641,-0.2231269699071979,-0.0040740743523801,0.0000000000000000,0.0000000000000000,-0.3992140450114359,0.5976605516227438,0.3919849218872738,0.5742628599453671,-0.3992140450114359,0.5976605516227438,0.3919849218872738,0.5742628599453671,-0.2965707443408120,0.5065351928300279,0.4818421675295811,0.6506120331012777,-0.2173974821848228,0.5600559394971825,0.4184341293667221,0.6811670564220946,-0.1945057484941937,0.5684116768936802,0.4457143993610984,0.6636372153336513,-0.4603894308013212,0.8733641994441136,0.1566377476904805,0.0272243114555931,-0.4251797372407688,0.8545896113734150,0.2360423755069880,0.1821614232968225,-0.4453255313068526,0.8164510061344826,0.3456112866853995,0.1250830294801127,-0.4453255313068526,0.8164510061344826,0.3456112866853995,0.1250830294801127,-0.3508296216616186,0.4654454723366588,0.4290951019404132,0.6900409280157346,-0.4390695766769336,0.4045607902115663,0.4869216171534614,0.6375388714492545,-0.4217976318000571,0.4225379082966783,0.5131124184295531,0.6166555926232293,-0.6632097653252559,0.7399372277048575,0.0367478341672045,0.1062793626142351,-0.6461595133770252,0.7093287469382280,0.1538683834032427,0.2359134006966994,-0.6714276019911297,0.6831712496836245,0.2451525938059778,0.1495400436015602,-0.6714276019911297,0.6831712496836245,0.2451525938059778,0.1495400436015602,-0.3822775282708353,0.6086327957640271,0.4079526856387015,0.5630316310650542,0.1675207029886144,-0.2653972427109988,0.4884651434101919,0.8141885047732252,0.3346038664799673,-0.1570143731618965,0.5332732689587176,0.7609246741769621,0.3239002379322221,-0.1864928642160081,0.5895872507707421,0.7160278773850619,0.6799139184550711,-0.6951597485525385,-0.0218287333023965,0.2323650014220191,0.6490825655465061,-0.7224651156828592,-0.0203544879538785,0.2373218796172262,0.6490825655465061,-0.7224651156828592,-0.0203544879538785,0.2373218796172262,0.2116776816106510,-0.1862015162557818,0.5602257087228918,0.7788894078994277,-0.1541769390123897,-0.4145317405537380,0.4203418673455060,0.7922787527800750,-0.0730879245648490,-0.4442353301441239,0.2740780274244940,0.8498201936984330,0.1540884288995676,-0.9442959936106964,0.2621605958854194,0.1258318500819717,0.2658244100085949,-0.9145464580648690,0.2686265451499208,0.1441594198288896,0.2658244100085949,-0.9145464580648690,0.2686265451499208,0.1441594198288896,-0.3806622977685022,0.6096443256178141,0.4094442192328630,0.5619479002864907
2.4162302046639246,1.8002585504525954,0.1640066026929358,-0.4015783163874917,0.5978124509697785,0.3935589290263936,0.5713724692846970,-0.3613640284987462,0.2378945983948584,0.0885935764553465,1.6636575375945091,-0.3578116321646849,-0.2619004570878475,-0.3702346216045653,-0.2667416171631183,0.0869810000839770,1.6561509194976014,-0.3570079330675575,-0.2618534717064804,0.0566447883326397,-2.2510337492711701,0.4649324192003418,0.1499491830413717,-2.0932556535857336,0.0832979183021350,-2.1594708239939178,-0.9540457032169101,-0.3695262595204471,-1.8902220993957586,-0.2388841488636228,0.0052273543915860,0.1209982768905130,0.2491186421416288,-0.1071706495105653,-0.1220464964016851,0.1311695448631980,0.3170401641317813,-0.0466013605458745,-0.0347942256780524,0.2795875174744394,0.0464829158028015,-0.0033454587792611,0.0001916996975965,0.1472252050444861,-0.0494395213272540,0.1407709257240786,0.0393659621928344,-0.0083443539829780,-0.0003196506572207,0.2003318489773286,-0.1510489746979575,1.6441734363945799,-0.2052949846255923,-0.2463709847370085,0.0125869477080245,-0.1123382664682350,-1.6155405393158098,-0.3652653238919112,-0.3620201135095450,-0.1628272926170597,-0.0046504818986097,0.0000000000000000,0.0000000000000000,-0.4015783163874917,0.5978124509697785,0.3935589290263936,0.5713724692846970,-0.4015783163874917,0.5978124509697785,0.3935589290263936,0.5713724692846970,-0.2989519226990204,0.5076064510618463,0.4834104520917999,0.6475166202989373,-0.2199770935189115,0.5613992362501475,0.4197390521371009,0.6784247224090314,-0.1950607796694260,0.5705351140552459,0.4491852076350297,0.6592978273182754,-0.4633926571935323,0.8715981313211985,0.1583770936167430,0.0223749626597681,-0.4278135692828725,0.8537054509604387,0.2383099000478537,0.1771184475910544,-0.4472782359555847,0.8152785599573213,0.3477434041564276,0.1197396099044776,-0.4472782359555847,0.8152785599573213,0.3477434041564276,0.1197396099044776,-0.3531818363144305,0.4667724840439581,0.4310361123150963,0.6867269533936233,-0.4413320441595045,0.4053340450224974,0.4892575946533477,0.6336855251761035,-0.4233518154241890,0.4240788860970918,0.5162594534840782,0.6118876656969109,-0.6666019257558927,0.7375338376894105,0.0373156202302864,0.1014556815979032,-0.6493855305017686,0.7078024467393415,0.1550774506805297,0.2307923600450557,-0.6739582444862038,0.6814988519468319,0.2461557111157908,0.1440380691668163,-0.6739582444862038,0.6814988519468319,0.2461557111157908,0.1440380691668163,-0.3846100295064335,0.6088677984013989,0.4094693705176334,0.5600803191335926,0.1685776160839159,-0.2638983023459717,0.4910789428559799,0.8128842139307613,0.3500766027579379,-0.1445513882587116,0.5384289537628079,0.7527586134371553,0.3407918571278319,-0.1739359085242778,0.5916841379104810,0.7095893818162226,0.6895780485885900,-0.6829774127843795,-0.0371375652137084,0.2380016171817021,0.6590477323750515,-0.7106438142709198,-0.0353328475302887,0.2437068845461339,0.6590477323750515,-0.7106438142709198,-0.0353328475302887,0.2437068845461339,0.2126555841342048,-0.1844191213939226,0.5626132153024965,0.7773246169830341,-0.1667085311291536,-0.4214766373346424,0.4158142452463624,0.7884568620286342,-0.0819678302914165,-0.4539152281274088,0.2664022383638009,0.8463285933171092,0.1424589747557890,-0.9468538113445837,0.2644495430505249,0.1150640675195073,0.2561572478408963,-0.9176914693874542,0.2723760812440256,0.1343022775615554,0.2561572478408963,-0.9176914693874542,0.2723760812440256,0.1343022775615554,-0.3830144975462195,0.6098727452481569,0.4109344390568886,0.5590062755192415
2.4179950169871631,1.8046955889234215,0.1620475475801095,-0.4037408421629524,0.5980410505677857,0.3949888296831913,0.5686159148589068,-0.3600095776652752,0.2382475796812184,0.0960782541612545,1.6643443285105481,-0.3579233732688689,-0.2619018280583104,-0.3680251207268032,-0.2680855859025170,0.0897938538376434,1.6575815865786991,-0.3571506252981361,-0.2618609930382934,0.0570123750521423,-2.2549179323548314,0.4945483152971805,0.1449698355352909,-2.0985541187200498,0.0835463429262348,-2.1602383428564362,-0.9875145762921473,-0.3738039060354873,-1.8933531509855257,-0.2416773883137410,0.0051608267172836,0.0656721510902280,0.2058520780116583,-0.0936096757961686,-0.1591111429114166,0.1344918087357319,0.2938379566030204,-0.0564956204010938,-0.0363846375499444,0.3165770978230171,0.0438102213436937,-0.0035951109539644,0.0000646451938191,0.1368023173897530,-0.0428136685872271,0.1612418355854161,0.0331186970855509,-0.0090727158315300,-0.0002200687105463,0.0822747893845944,-0.1345269537836223,1.3459233506591048,-0.1663522903132373,-0.2984647462653659,0.0124433827766587,-0.0127474107332206,-1.5144468176401449,-0.2005521430596090,-0.2718846952882053,-0.1200369980855226,-0.0036553357694401,0.0000000000000000,0.0000000000000000,-0.4037408421629524,0.5980410505677857,0.3949888296831913,0.5686159148589068,-0.4037408421629524,0.5980410505677857,0.3949888296831913,0.5686159148589068,-0.3012327838335213,0.5087845636054990,0.4847497451939478,0.6445267739319067,-0.2224763906758395,0.5628029462535787,0.4208288147419646,0.6757663856415288,-0.1953749020825969,0.5727753035493701,0.4525867546476598,0.6549216203467718,-0.4661739269378942,0.8698785311972392,0.1602747412713191,0.0174704927190967,-0.4301993759828842,0.8528764778092830,0.2406961149462582,0.1720336907508116,-0.4489797301535050,0.8141449052722505,0.3500013990969593,0.1143866065616718,-0.4489797301535050,0.8141449052722505,0.3500013990969593,0.1143866065616718,-0.3553950827323614,0.4682236584747444,0.4327724667660311,0.6834975733851787,-0.4435239306155865,0.4062081260091547,0.4914472105021661,0.6298897686302503,-0.4249142583074383,0.4256364549138249,0.5191246827977488,0.6072816850898497,-0.6697965035442233,0.7352644134383575,0.0376192376684728,0.0966627080539549,-0.6524644314772544,0.7064041301487909,0.1559895152242190,0.2257224882591587,-0.6763494439807073,0.6799924775373850,0.2468800405940621,0.1386070188548579,-0.6763494439807073,0.6799924775373850,0.2468800405940621,0.1386070188548579,-0.3865813804288520,0.6092738317869839,0.4109893939014692,0.5571606162551619,0.1700710688222388,-0.2627715678176553,0.4932434518889908,0.8116266579314316,0.3625499054394243,-0.1347817929752357,0.5423761314503953,0.7458012914853047,0.3543018966273201,-0.1640907142366933,0.5933215164589285,0.7039275400596660,0.6972173592157669,-0.6729415554645605,-0.0495096912391014,0.2420462918752081,0.6669275879542151,-0.7009078901768658,-0.0474538723183533,0.2483623399700126,0.6669275879542151,-0.7009078901768658,-0.0474538723183533,0.2483623399700126,0.2133529103742582,-0.1819298987843473,0.5648240617576842,0.7761158591490721,-0.1787725688755872,-0.4272681948956940,0.4117846505671457,0.7848029432956352,-0.0917139871803771,-0.4621080960933859,0.2613256247063214,0.8424687352966127,0.1325797119861148,-0.9482151256304314,0.2689305349738115,0.1048191912487538,0.2476311225343988,-0.9195776250595272,0.2782080445841949,0.1251243484333527,0.2476311225343988,-0.9195776250595272,0.2782080445841949,0.1251243484333527,-0.3850056860652992,0.6102707493334898,0.4124277614336129,0.5560967324163915
2.4188540017394766,1.8083027327007666,0.1602603112954389,-0.4058116007236095,0.5982821740745146,0.3961559148016283,0.5660705575018884,-0.3595180348207017,0.2378649286570686,0.1028711335002275,1.6651212873676429,-0.3580114533917225,-0.2619026128668768,-0.3667120934252653,-0.2696949933342642,0.0921037892459698,1.6591223228747298,-0.3572720521520599,-0.2618688195514218,0.0585791617953398,-2.2598415692261469,0.5167832644473883,0.1417823983847293,-2.1031087304493292,0.0837918267534268,-2.1597528868262543,-1.0199558775336941,-0.3755465405899673,-1.8957871136913105,-0.2437399066286140,0.0050916474677679,0.0246051932537252,0.1640014452011030,-0.0899415685574002,-0.1885628767098889,0.1091483383711434,0.2609388655350944,0.0322103650288012,-0.0219299514056427,0.3458446698966867,0.0311402629468288,-0.0049692548354314,-0.0001050314829856,0.0679009171839360,-0.0763003264543407,0.1131539975057793,0.0731763037683601,-0.0056183199872385,-0.0003738499829365,0.1682517388012966,-0.3095836820317869,0.9157371727826739,-0.1167696687162501,-0.1792770167837742,0.0121849932114504,0.0408117766059400,-1.5687494932869166,-0.0467554373220797,-0.1413591667377224,-0.0892238406169815,-0.0039292086307650,0.0000000000000000,0.0000000000000000,-0.4058116007236095,0.5982821740745146,0.3961559148016283,0.5660705575018884,-0.4058116007236095,0.5982821740745146,0.3961559148016283,0.5660705575018884,-0.3031516346048345,0.5096428349982216,0.4860659870293701,0.6419525865860783,-0.2248262253187276,0.5637247460741514,0.4221497052888867,0.6733923116557481,-0.1957448597184788,0.5744705134480157,0.4559873476410248,0.6509555421561977,-0.4690023689916886,0.8680929029761213,0.1621027118683947,0.0131985032328037,-0.4326468919896348,0.8518726517215947,0.2430168269207156,0.1675484226542123,-0.4508206423270466,0.8128465636427158,0.3521713459269828,0.1096200507846737,-0.4508206423270466,0.8128465636427158,0.3521713459269828,0.1096200507846737,-0.3574521069493500,0.4693569549334626,0.4342841547027999,0.6806829754497554,-0.4456697722594412,0.4067488968017507,0.4934105928340985,0.6264820635292599,-0.4265206308286892,0.4267860850973476,0.5216597208845224,0.6031624363730375,-0.6727783152339224,0.7330728038943828,0.0376570241366168,0.0924962230288708,-0.6553820716585604,0.7049732171396291,0.1565983814231623,0.2212782189913417,-0.6786623864866890,0.6784933907408269,0.2472994311954001,0.1338173203275226,-0.6786623864866890,0.6784933907408269,0.2472994311954001,0.1338173203275226,-0.3882192285956779,0.6098446077860842,0.4124703434491245,0.5542955896250439,0.1718387713446525,-0.2618624824752415,0.4950106279574651,0.8104714400543798,0.3725530682695892,-0.1271806576261596,0.5453737817723893,0.7399977904047921,0.3650388380182416,-0.1565372367823876,0.5947373885390050,0.6989493393033799,0.7033528800252732,-0.6647688106305722,-0.0595282363357030,0.2446089606938570,0.6732512926611310,-0.6929898466671350,-0.0572952703467159,0.2514259758701828,0.6732512926611310,-0.6929898466671350,-0.0572952703467159,0.2514259758701828,0.2138114549360481,-0.1788993365269708,0.5668361785853533,0.7752266996015381,-0.1906026727467008,-0.4322013447418348,0.4080566425955919,0.7812569328836559,-0.1019714507083383,-0.4692642853652819,0.2576060587914923,0.8384700186619451,0.1235045412235170,-0.9487709005661296,0.2746809182064358,0.0955552181169261,0.2394891378684131,-0.9206720214561429,0.2851593112720490,0.1170134562593308,0.2394891378684131,-0.9206720214561429,0.2851593112720490,0.1170134562593308,-0.3866630152448336,0.6108324874619552,0.4138823179447736,0.5532420914893181
2.4188980176491981,1.8110456423332590,0.1586462150780427,-0.4076536484923866,0.5983876234697011,0.3971743378238157,0.5639178134474410,-0.3577591022150463,0.2378027574745484,0.1101655678674876,1.6653923145749587,-0.3581206280400632,-0.2619059172170247,-0.3660237799029831,-0.2714986084497304,0.0938239584032471,1.6605964056997775,-0.3573756591032568,-0.2618750638575471,0.0612454726450661,-2.2660335154639411,0.5318470496446680,0.1401294648808324,-2.1065485287562011,0.0840341310453123,-2.1579056165834114,-1.0514412466965590,-0.3758493204859519,-1.8969298328726676,-0.2452642078668752,0.0050229367688568,-0.0139033758190411,0.1188573829217411,-0.0761416480184760,-0.0908366979524005,0.1043914849552345,0.2339983167134704,0.0888172815739035,-0.0000429681912777,0.3514278532748761,0.0101534244767433,-0.0049632862039535,-0.0001466632844604,0.0583177503449847,-0.0819928516171604,0.0709408550309729,0.0513760347580614,-0.0063569325826229,-0.0001736307568386,0.1309276855823268,-0.3077133285421635,0.6253330563689500,-0.0462722358275452,-0.1659244056367780,0.0120632680072001,0.0936611632919018,-1.5363314974650426,-0.0030858135813745,-0.0346242844029612,-0.0658037925211236,-0.0032618187640694,0.0000000000000000,0.0000000000000000,-0.4076536484923866,0.5983876234697011,0.3971743378238157,0.5639178134474410,-0.4076536484923866,0.5983876234697011,0.3971743378238157,0.5639178134474410,-0.3052790581636805,0.5106471338011204,0.4869078635573713,0.6395036620640993,-0.2272647943142451,0.5647994555484822,0.4228963677609930,0.6712011251569840,-0.1960276816241690,0.5763860336264329,0.4589805383880293,0.6470619395842079,-0.4714322279685331,0.8665036355493312,0.1638341875633315,0.0090256854521011,-0.4347162595506706,0.8510428239095498,0.2451769978284787,0.1632057759092717,-0.4523054105161036,0.8117412010438529,0.3542059724510726,0.1050436443852384,-0.4523054105161036,0.8117412010438529,0.3542059724510726,0.1050436443852384,-0.3591946506625919,0.4700176779191839,0.4356510647942012,0.6784325575342887,-0.4476531527889013,0.4067763560271342,0.4952186022254709,0.6236170194801404,-0.4281152884732660,0.4272910586473927,0.5238756142743092,0.5997449389066640,-0.6755181488637405,0.7309610374397472,0.0374645166996422,0.0892614266588668,-0.6581045013433473,0.7034586993376222,0.1569293623496147,0.2177555943492349,-0.6809020302861442,0.6769478016312251,0.2474320923160277,0.1299671447365495,-0.6809020302861442,0.6769478016312251,0.2474320923160277,0.1299671447365495,-0.3892210614264239,0.6105376404391124,0.4141819253186462,0.5515469949954117,0.1745018175788637,-0.2616124124363775,0.4961071143756476,0.8093119252715607,0.3805959501436221,-0.1223819179536298,0.5473444888120316,0.7352437687320857,0.3735126175504506,-0.1519254749779052,0.5957301192863194,0.6946312687739135,0.7081329812520650,-0.6586269354635417,-0.0673856025713068,0.2453923823411567,0.6781621684279104,-0.6870601782851015,-0.0650640591856377,0.2526084973437891,0.6781621684279104,-0.6870601782851015,-0.0650640591856377,0.2526084973437891,0.2143996578712988,-0.1754130462314801,0.5685167937093162,0.7746300440771334,-0.2020949975776616,-0.4364074015906738,0.4043880084208790,0.7779309290909808,-0.1124257583662148,-0.4755301199576360,0.2545949666267588,0.8345136049443278,0.1148028090605558,-0.9487455911833256,0.2811058777682993,0.0876447586916746,0.2314290603146222,-0.9212291754463030,0.2925979434292995,0.1102897993894294,0.2314290603146222,-0.9212291754463030,0.2925979434292995,0.1102897993894294,-0.3876844949093791,0.6115144948876768,0.4155676061283622,0.5505036963416975
2.4183485212322240,1.8130021259978399,0.1572035293157513,-0.4093654937948832,0.5984956851393729,0.3979696007163059,0.5619991141143625,-0.3565310382581858,0.2378027417042990,0.1165061876792671,1.6652838745453962,-0.3582103860013193,-0.2619084593010673,-0.3648075255656359,-0.2728099210598811,0.0947609567206331,1.6611969331290437,-0.3574947246321376,-0.2618791611968485,0.0640061956175174,-2.2715869682694758,0.5419825230725084,0.1396417267619758,-2.1099179096871250,0.0842743800402328,-2.1569706717479753,-1.0802131002939719,-0.3759800519042974,-1.8991215708973019,-0.2463545291673915,0.0049590678172332,-0.0358098166025440,0.0898880691849002,-0.0723025362849713,-0.1544990300042479,0.0763419875423799,0.2108305118486785,0.0467253492247648,-0.0002001995949677,0.2801308443144485,-0.0340241074114021,-0.0043160983095947,-0.0001239473409868,-0.0355018204791166,-0.0707502121460585,0.0121053655504975,0.0424439767876307,-0.0040154248404530,-0.0003021316255222,0.1348183553160963,-0.2183254966127158,0.4219657014824533,-0.0138243921056669,-0.1809767619302046,0.0119879084383242,0.0318772015541481,-1.3590174601858820,-0.0163077037257329,-0.1913181890120378,-0.0465274849269351,-0.0031221997277187,0.0000000000000000,0.0000000000000000,-0.4093654937948832,0.5984956851393729,0.3979696007163059,0.5619991141143625,-0.4093654937948832,0.5984956851393729,0.3979696007163059,0.5619991141143625,-0.3072177891071064,0.5115141329444017,0.4875935392611726,0.6373563071979769,-0.2294444593508604,0.5657417323831300,0.4234742730925158,0.6692989409390184,-0.1962796453106557,0.5780854335852070,0.4615423646642052,0.6436382352948745,-0.4734952003830998,0.8651144360808588,0.1653763851257825,0.0054734761710171,-0.4364603361471411,0.8503012226758994,0.2470818255425267,0.1595016525706475,-0.4535510048689607,0.8107567586557525,0.3559987023734426,0.1011429097109578,-0.4535510048689607,0.8107567586557525,0.3559987023734426,0.1011429097109578,-0.3609537708477621,0.4709048498490895,0.4367026861435270,0.6762039349297045,-0.4495088426974210,0.4071820163476956,0.4966522115720319,0.6208713124637505,-0.4297243037275378,0.4280098326978395,0.5254937979711266,0.5966580881826132,-0.6778096410254384,0.7291943479814471,0.0371591099624659,0.0864227629254921,-0.6604040732642406,0.7022113769219860,0.1570769522757424,0.2146915769216207,-0.6827821119472263,0.6756914114214476,0.2474168614832048,0.1266278041741939,-0.6827821119472263,0.6756914114214476,0.2474168614832048,0.1266278041741939,-0.3900878386796475,0.6112353644502396,0.4156744448520535,0.5490332988595148,0.1769128161463905,-0.2613752539558564,0.4970170821552671,0.8083061623843590,0.3865206546857974,-0.1190233747546761,0.5487954442200043,0.7316138190101653,0.3796946734340657,-0.1488567441614344,0.5967136836863419,0.6910907352764410,0.7118325705218940,-0.6540373872561063,-0.0732746963773782,0.2452759802471529,0.6819450538553521,-0.6826526342877408,-0.0709140297590373,0.2527993765925127,0.6819450538553521,-0.6826526342877408,-0.0709140297590373,0.2527993765925127,0.2150467978071146,-0.1724081520888513,0.5699328895712961,0.7740844948913048,-0.2125669879918114,-0.4403974031121403,0.4007470484655660,0.7747691308346698,-0.1219862894769210,-0.4813743458896126,0.2516876311145441,0.8306933373050189,0.1067949434204189,-0.9486428556060383,0.2868580829322591,0.0799000176713382,0.2238393292807617,-0.9217161346079747,0.2993347911019174,0.1036050418968321,0.2238393292807617,-0.9217161346079747,0.2993347911019174,0.1036050418968321,-0.3885691508588712,0.6122019337123918,0.4170362233039587,0.5479996312151997
2.4176317828646559,1.8144200024221988,0.1560282711247082,-0.4108135035344846,0.5985631171410799,0.3986346478104572,0.5603970714387332,-0.3558213347801389,0.2377335124632899,0.1210176057406568,1.6638892836963066,-0.3582936466298568,-0.2619111465691085,-0.3636812381011831,-0.2737092783988981,0.0946712195659994,1.6614349807006079,-0.3576222913619820,-0.2618784261033923,0.0673031764521396,-2.2766134506044402,0.5478802614059886,0.1395108120207925,-2.1126588770831565,0.0845123721463663,-2.1570168374026171,-1.1050952115251385,-0.3763377613659070,-1.9051783520547534,-0.2471344897223880,0.0048951043707955,-0.0368723070827907,0.0621811962456946,-0.0508448225139937,-0.0996271943464919,0.0560331492188072,0.1661474640689798,0.0290469144946877,-0.0038520269451584,0.1889186706697785,-0.0982375390275906,-0.0042383647936650,-0.0001340334681813,0.0744816737511800,-0.0320845407503396,-0.0143063448320236,0.0031787379996947,-0.0064402431812998,0.0001137851726887,0.1918306452446406,-0.2632630109132968,0.1927915787127719,-0.0020642526076932,-0.1117378669007023,0.0118178418530186,-0.0270070771331941,-1.1495600378634390,-0.0171189443317053,-0.3866034947164344,-0.0337786055501666,-0.0033010668147162,0.0000000000000000,0.0000000000000000,-0.4108135035344846,0.5985631171410799,0.3986346478104572,0.5603970714387332,-0.4108135035344846,0.5985631171410799,0.3986346478104572,0.5603970714387332,-0.3087508942527399,0.5121204258857995,0.4882502266662311,0.6356235291814289,-0.2311929605793089,0.5664085117467696,0.4240719423280538,0.6677530984798915,-0.1966275106100667,0.5793154661079786,0.4635550541593422,0.6409741996076856,-0.4751126481441859,0.8639695163975671,0.1667742118518374,0.0033179165709133,-0.4377925208660504,0.8495520625155542,0.2487636927671146,0.1572120444183125,-0.4545729373696904,0.8097939176961205,0.3575694235053273,0.0986983426787308,-0.4545729373696904,0.8097939176961205,0.3575694235053273,0.0986983426787308,-0.3624007134897669,0.4715215971247362,0.4376060795669143,0.6744138384057086,-0.4510012460445160,0.4074271946004782,0.4978300699324728,0.6186809990918642,-0.4312113292072981,0.4283174434890518,0.5265556512568598,0.5944241779198944,-0.6796023743182495,0.7277659065419149,0.0366698394904896,0.0845737605168656,-0.6622456041707001,0.7011213861447347,0.1569548472136014,0.2126610861987333,-0.6843427728905360,0.6746266820451252,0.2471535191862434,0.1243742216825212,-0.6843427728905360,0.6746266820451252,0.2471535191862434,0.1243742216825212,-0.3905595207836559,0.6119712416553291,0.4171587734513276,0.5467476729211198,0.1792822334701427,-0.2609856953215085,0.4976346053277226,0.8075296571518770,0.3909150690554939,-0.1167366857710075,0.5496601493444204,0.7289936043637207,0.3842498319155135,-0.1468372237895067,0.5973233594116788,0.6884734567750862,0.7144520979150695,-0.6508091255802204,-0.0778316622018951,0.2448426315108442,0.6846008547273145,-0.6795718654748560,-0.0754554763647103,0.2526068495671273,0.6846008547273145,-0.6795718654748560,-0.0754554763647103,0.2526068495671273,0.2161500614493212,-0.1699958721402747,0.5709287992269638,0.7735766675669448,-0.2211451526063334,-0.4438986572111461,0.3972559281591866,0.7721635391205973,-0.1297121181952725,-0.4864154865726982,0.2486990202823968,0.8274802342812286,0.1002753637834436,-0.9487951154214385,0.2909349888284649,0.0713408203337925,0.2175705060572076,-0.9223658028987594,0.3044958215502329,0.0958472492844027,0.2175705060572076,-0.9223658028987594,0.3044958215502329,0.0958472492844027,-0.3890584975945370,0.6129266068114565,0.4184975175528052,0.5457236369392621
2.4169162982104013,1.8154416096278931,0.1551806448356561,-0.4120340908522549,0.5985646222824960,0.3990613281498555,0.5591943823954620,-0.3554176474494971,0.2376338487371451,0.1239744297704179,1.6613136555677530,-0.3583856433014473,-0.2619133999821653,-0.3634034525756990,-0.2742979313453877,0.0940170047122001,1.6615977095902654,-0.3577374148941532,-0.2618772838118852,0.0707899046222105,-2.2792032394022255,0.5505806093235326,0.1395043898264091,-2.1156932820090879,0.0847478772269045,-2.1575143690729366,-1.1251933621567913,-0.3768531443445436,-1.9144067332960801,-0.2477171945968208,0.0048338096993019,-0.0339704637477036,0.0437657789336247,-0.0347385255632933,-0.0717629797685651,0.0265929707706931,0.1242196474501126,0.0270785478621428,-0.0040769819465750,0.1127710004080552,-0.1397318594262638,-0.0048523050671745,-0.0001010456403997,0.0366484615945999,-0.0209105004082135,-0.0460814979756962,0.0019269159359793,-0.0062113686992121,0.0001460737683636,0.1936143542772765,-0.1504705515775029,0.0568846212652859,0.0029693634907202,-0.1307495160851348,0.0116766567808922,-0.0298207297972834,-0.8941183213814600,-0.0206711872585315,-0.5175874569259582,-0.0257424965299845,-0.0031603005781344,0.0000000000000000,0.0000000000000000,-0.4120340908522549,0.5985646222824960,0.3990613281498555,0.5591943823954620,-0.4120340908522549,0.5985646222824960,0.3990613281498555,0.5591943823954620,-0.3100024455609295,0.5124919889367068,0.4887292767460669,0.6343454414380290,-0.2326203187609246,0.5668132047089226,0.4245316662401478,0.6666209137332333,-0.1971262955069621,0.5801126143711538,0.4649397618491710,0.6390943561938278,-0.4762633130558306,0.8631140119552412,0.1679315788222866,0.0025384715610289,-0.4387071935353994,0.8488420408780154,0.2501274812349807,0.1563311584725964,-0.4553648641657696,0.8089114739373000,0.3588297570763813,0.0977050318682752,-0.4553648641657696,0.8089114739373000,0.3588297570763813,0.0977050318682752,-0.3635799071651333,0.4718076406581759,0.4382640622569967,0.6731506614840055,-0.4521856819163929,0.4074685012204724,0.4986454236855894,0.6171306758056739,-0.4325189882799361,0.4282870476612057,0.5271216040205116,0.5929927016058391,-0.6809050782000274,0.7266952948701468,0.0360296423694590,0.0835708547624945,-0.6636323516858383,0.7002339905631831,0.1565948991627137,0.2115242251187878,-0.6855691482790118,0.6737940125649056,0.2466804260891088,0.1230664005493378,-0.6855691482790118,0.6737940125649056,0.2466804260891088,0.1230664005493378,-0.3907129101020326,0.6126949656658135,0.4184944338342886,0.5448033679935240,0.1811097688526987,-0.2600475311590547,0.4981192567825147,0.8071256031043980,0.3936469202947288,-0.1148851498796876,0.5500444661812407,0.7275263498341427,0.3871064055145526,-0.1451702638264086,0.5975872636078124,0.6869961336746379,0.7159391080549378,-0.6488484725085059,-0.0811950347852367,0.2446103423960301,0.6860757135895525,-0.6777217454656149,-0.0788046630262318,0.2525533132448444,0.6860757135895525,-0.6777217454656149,-0.0788046630262318,0.2525533132448444,0.2174300275510783,-0.1681284343240115,0.5715460283360336,0.7731701948369454,-0.2277902458962112,-0.4467167965841975,0.3941777981881910,0.7701815181758170,-0.1356216968390344,-0.4904486610867864,0.2459161772181143,0.8249800603451631,0.0954315608059674,-0.9491118275204806,0.2935713180881013,0.0624134381274244,0.2128661953710996,-0.9230436980524387,0.3082594804451330,0.0874894683353854,0.2128661953710996,-0.9230436980524387,0.3082594804451330,0.0874894683353854,-0.3892290056686688,0.6136387212512022,0.4198116666911385,0.5437889898088939
2.4162835452550615,1.8161443878631034,0.1546266180491158,-0.4130320468249350,0.5984772151681896,0.3991993127892114,0.5584527373813787,-0.3550090691757194,0.2375599605093913,0.1256079746741354,1.6582946492066155,-0.3584896702236665,-0.2619150161969013,-0.3639253134266464,-0.2746578610824324,0.0929716727046800,1.6616699919046936,-0.3578507178324664,-0.2618758361764188,0.0740466136279507,-2.2789649631520108,0.5518258381521116,0.1395740965604855,-2.1194359137474938,0.0849809116766520,-2.1577781582064710,-1.1396532068803704,-0.3774708152243227,-1.9254824685460197,-0.2481784247722197,0.0047761549133922,-0.0289450755229066,0.0295023945373495,-0.0226686427600449,-0.0613865617999677,-0.0097900213697989,0.0795356116548810,0.0339418266967072,-0.0031675649792162,0.0521060035244070,-0.1525556158725652,-0.0054089188608127,-0.0000665149286111,-0.0081597130989475,-0.0126321008719218,-0.0685791306910054,-0.0011523229026022,-0.0063187600704479,0.0001499530856533,0.1619138847620188,0.0284713017072010,0.0364010824096469,0.0059110529690610,-0.1826216886715901,0.0115587984513103,-0.0060131221662360,-0.5988544806255105,-0.0268022872008842,-0.5745853206431920,-0.0217665096621095,-0.0029841289444359,0.0000000000000000,0.0000000000000000,-0.4130320468249350,0.5984772151681896,0.3991993127892114,0.5584527373813787,-0.4130320468249350,0.5984772151681896,0.3991993127892114,0.5584527373813787,-0.3110845527461086,0.5126832070207638,0.4889098931216632,0.6335214650581484,-0.2338176792567216,0.5670084087262224,0.4247098053813788,0.6659221715138114,-0.1977999695619577,0.5805552641571090,0.4656343180216984,0.6379776165205380,-0.4769786406996673,0.8625846588142565,0.1686164950250752,0.0027495999800050,-0.4392760822656514,0.8482754825323450,0.2509515284424149,0.1564882093203016,-0.4559494722557375,0.8082418575606080,0.3595734467115790,0.0977860667817677,-0.4559494722557375,0.8082418575606080,0.3595734467115790,0.0977860667817677,-0.3644680689730105,0.4716436937332087,0.4386471684996047,0.6725354373027939,-0.4530974310033604,0.4071597821141011,0.4990791761833216,0.6163145347524512,-0.4336582780935687,0.4278047077744333,0.5272202432017983,0.5924208343780544,-0.6817475112012990,0.7259510289002493,0.0352280849845266,0.0835129728714518,-0.6645951309925818,0.6994999450230600,0.1559935859636391,0.2113744069462869,-0.6865040365562848,0.6731449381575405,0.2459879350332859,0.1227926538636115,-0.6865040365562848,0.6731449381575405,0.2459879350332859,0.1227926538636115,-0.3906957641604657,0.6132921560291935,0.4195088193473188,0.5433616675014465,0.1820332579957595,-0.2585372993091415,0.4985961587584521,0.8071085604308147,0.3949986363813613,-0.1129483649802100,0.5501657309493617,0.7270050980523575,0.3885867117011800,-0.1433436773041290,0.5976871457559423,0.6864568693401718,0.7165758676774823,-0.6477654348714490,-0.0837318179882053,0.2447610056860709,0.6866647359395146,-0.6767211396081114,-0.0813179387729068,0.2528387479369852,0.6866647359395146,-0.6767211396081114,-0.0813179387729068,0.2528387479369852,0.2184506930361342,-0.1667013411762580,0.5719040254280411,0.7729267386119290,-0.2325885580469772,-0.4486612699642768,0.3918757663913437,0.7687906159773730,-0.1398450481282701,-0.4932972036552874,0.2437252713302238,0.8232248924169421,0.0923569713179787,-0.9494452229562658,0.2951609071542642,0.0538887496827488,0.2098609820433580,-0.9235748613191043,0.3109209044540468,0.0793475577990507,0.2098609820433580,-0.9235748613191043,0.3109209044540468,0.0793475577990507,-0.3892282294051108,0.6142245796237964,0.4208068301174197,0.5423570437881884
2.4157904883223185,1.8165556098018356,0.1543404946973559,-0.4137002955379547,0.5982574194309029,0.3991183590207569,0.5582514317583649,-0.3541790995101960,0.2375138578051509,0.1260887978628621,1.6554275522184967,-0.3586016488494144,-0.2619149569994718,-0.3639701669187823,-0.2747811593242330,0.0912706828473989,1.6616042936687758,-0.3579761282685010,-0.2618731907265191,0.0772475012391906,-2.2785873035188065,0.5520459912754023,0.1396997031448964,-2.1230536788616559,0.0852104561190133,-2.1578550199855542,-1.1486700077833796,-0.3779341376720031,-1.9369591122841991,-0.2486041685286218,0.0047176299296897,-0.0215014172709259,0.0152663598686943,-0.0090284466896593,-0.0326293784038966,-0.0434675138825973,0.0334603275802942,0.0474383569831971,-0.0021350875619924,0.0085562149487281,-0.1395562391870311,-0.0057192607972277,0.0000785462896825,-0.0045021448540031,-0.0023522119098421,-0.1030554236084552,-0.0053006842626297,-0.0061710757711012,0.0001065073659369,0.1481596663016128,0.0420839357213769,0.0016481244115299,0.0056195932030207,-0.1897610216170486,0.0114266439456587,-0.0016608727252452,-0.3353270842348785,-0.0232032361430221,-0.5611924012526798,-0.0210473367295179,-0.0028505478848372,0.0000000000000000,0.0000000000000000,-0.4137002955379547,0.5982574194309029,0.3991183590207569,0.5582514317583649,-0.4137002955379547,0.5982574194309029,0.3991183590207569,0.5582514317583649,-0.3120090004412524,0.5127449088851114,0.4887482548630033,0.6331415208501324,-0.2347966692539728,0.5670402962683559,0.4245556508010787,0.6656488007110120,-0.1986101432108799,0.5807049031122590,0.4656443910896512,0.6375822516051430,-0.4772896972234760,0.8623898246973509,0.1687164273679977,0.0036197125540968,-0.4395503575027405,0.8479198848423466,0.2511297894689344,0.1573568586031245,-0.4563348415646581,0.8078659852677105,0.3597038394529602,0.0986114096055271,-0.4563348415646581,0.8078659852677105,0.3597038394529602,0.0986114096055271,-0.3651212713531359,0.4714120112113415,0.4386984405245540,0.6723100855799150,-0.4537579446616663,0.4068873613622851,0.4991275199752412,0.6159692537971543,-0.4346795089108857,0.4272087565967414,0.5267691474215446,0.5925037283805368,-0.6821019716229695,0.7256080091709899,0.0341893324048208,0.0840297975999195,-0.6651190499677389,0.6990571088204435,0.1550763022264915,0.2118658737630330,-0.6870874703692020,0.6728259918900287,0.2450197656146104,0.1232124472486926,-0.6870874703692020,0.6728259918900287,0.2450197656146104,0.1232124472486926,-0.3903814894292234,0.6137280889313569,0.4202967284561094,0.5424857469250023,0.1827640751751287,-0.2574038489113564,0.4987314146998512,0.8072221053604053,0.3958380222243803,-0.1117412759885971,0.5500033206111901,0.7268579604837498,0.3895007537810852,-0.1422245386230090,0.5975528897658100,0.6862884869717467,0.7167640853495219,-0.6473800599913532,-0.0859010609258753,0.2444776300819055,0.6867830356909382,-0.6764000308494674,-0.0834872165016814,0.2526696357593866,0.6867830356909382,-0.6764000308494674,-0.0834872165016814,0.2526696357593866,0.2193403492293226,-0.1657758870547282,0.5719439331262876,0.7728442946876235,-0.2354626664259475,-0.4497706900999424,0.3902663624958866,0.7680858190012587,-0.1423595964762776,-0.4949623044292726,0.2421192895178928,0.8222677861430100,0.0908760198209922,-0.9498004989266291,0.2957337532012566,0.0464984782301525,0.2084420279001841,-0.9239774388647914,0.3124261536344182,0.0721630930526343,0.2084420279001841,-0.9239774388647914,0.3124261536344182,0.0721630930526343,-0.3889309816459042,0.6146483270523624,0.4215767250504333,0.5414916347123356
2.4154148250336664,1.8167651936712219,0.1542273606583524,-0.4141932121252164,0.5979652239490453,0.3987483973172795,0.5584633287995421,-0.3529975060397976,0.2374675789117668,0.1261354947427185,1.6527656281737628,-0.3587196507992709,-0.2619127975046197,-0.3643111076716886,-0.2748014725904523,0.0888321881490999,1.6613826079116187,-0.3580981174382860,-0.2618714822525288,0.0800972246663888,-2.2765464714786252,0.5520471144442344,0.1398035575329594,-2.1275631193997486,0.0854374032434141,-2.1578519233862323,-1.1531062069887359,-0.3785499387791557,-1.9475084500855655,-0.2490218287123287,0.0046608899763399,-0.0169686676986219,0.0079653419286939,-0.0020724288150213,-0.0282148748990181,-0.0815723087234990,-0.0020759497713955,0.0698831875217969,-0.0022917286998021,-0.0010628917793255,-0.1268533383647917,-0.0060379530807557,0.0001219587502900,-0.0258713373193381,-0.0004359370812958,-0.1389322529548025,-0.0187883957146379,-0.0060960971740422,0.0000813248382376,0.1447122536300196,0.1449275593133927,0.0012543376968159,0.0038228998019457,-0.2685275804658535,0.0112671254982303,0.0012361798580191,-0.1515451081275998,-0.0409461173714235,-0.4947418876518157,-0.0207623037845316,-0.0028684172981651,0.0000000000000000,0.0000000000000000,-0.4141932121252164,0.5979652239490453,0.3987483973172795,0.5584633287995421,-0.4141932121252164,0.5979652239490453,0.3987483973172795,0.5584633287995421,-0.3129139979010548,0.5127453197320381,0.4882128077154844,0.6331076696684641,-0.2357146030957296,0.5669675189788329,0.4240369570539025,0.6657169949482115,-0.1995116944473817,0.5806966725135637,0.4651520459463737,0.6376676504750047,-0.4773111665354908,0.8624414236881059,0.1683608991716654,0.0048423793191572,-0.4396201688163882,0.8477433044970328,0.2508095876142158,0.1586188753304246,-0.4565687502607233,0.8077331024441606,0.3593624838164008,0.0998539770194444,-0.4565687502607233,0.8077331024441606,0.3593624838164008,0.0998539770194444,-0.3656120695322170,0.4709535475436795,0.4384375371936309,0.6725348293196247,-0.4542823365673421,0.4064629280790110,0.4988111927992696,0.6161191773662978,-0.4357275265595031,0.4262934151708007,0.5257582916947491,0.5932905405402759,-0.6820589458597733,0.7255635533396615,0.0328001990862569,0.0853069245588043,-0.6653146281653683,0.6987729828951798,0.1537423306595193,0.2131573589823494,-0.6874498849983101,0.6727186795275941,0.2436595249020616,0.1244679466969826,-0.6874498849983101,0.6727186795275941,0.2436595249020616,0.1244679466969826,-0.3900086789384575,0.6140127493592585,0.4207099229001319,0.5421113674793487,0.1828068675098720,-0.2561952558858810,0.4988017334133850,0.8075533857254266,0.3959701732285123,-0.1105587422597679,0.5497417056259857,0.7271646605265918,0.3897082507711358,-0.1410786486030419,0.5973481942002673,0.6865853399796138,0.7165214905943376,-0.6475013872378476,-0.0877886808514594,0.2441967537783686,0.6864515233932341,-0.6765689018084222,-0.0853786306414279,0.2524862700557186,0.6864515233932341,-0.6765689018084222,-0.0853786306414279,0.2524862700557186,0.2198964212229475,-0.1653337959105114,0.5717901576573314,0.7728947635152967,-0.2368681156421050,-0.4502522940278970,0.3892969563027571,0.7678634301281608,-0.1435132414136776,-0.4957527224604048,0.2409900061103516,0.8219227486004814,0.0905108698461501,-0.9501671722714647,0.2955437163710067,0.0405467494499456,0.2081594969433232,-0.9242891797986801,0.3129945802207019,0.0662836985378245,0.2081594969433232,-0.9242891797986801,0.3129945802207019,0.0662836985378245,-0.3885749343875786,0.6149210895624946,0.4219736922275348,0.5411282445454370
2.4150873101593104,1.8169083973453617,0.1542025997043378,-0.4146909827209729,0.5975824500809075,0.3980591473050353,0.5589950978783287,-0.3513909025772780,0.2374351845036136,0.1260625951090184,1.6504167911802261,-0.3588425311631001,-0.2619101781925792,-0.3650547538254961,-0.2747915461713588,0.0855936501984284,1.6607949333225620,-0.3582216752303947,-0.2618697081503005,0.0831347288179183,-2.2711584182169759,0.5526368557192617,0.1398396638100402,-2.1342257504523205,0.0856618455857629,-2.1577901040500969,-1.1551036499221523,-0.3797789937998262,-1.9565069288815977,-0.2494342020153222,0.0046033248933424,-0.0157026013770334,0.0066950266008071,0.0008814188383443,-0.0376625386681805,-0.1170610802695366,-0.0221497259296151,0.0925162394838853,-0.0009598544683010,-0.0051677605331693,-0.1093041915223083,-0.0062151173660103,0.0001347742173668,-0.0410357018839269,0.0008226362762045,-0.1833563454947710,-0.0374536259384538,-0.0062544183805448,0.0001031161294474,0.1621860379853674,0.3677234982650489,0.0611887969414538,0.0004812841630489,-0.3723186816865720,0.0111705029602583,0.0042165061119374,-0.0682736190943653,-0.0764065360233342,-0.4135562074226792,-0.0205005625791437,-0.0029437981044731,0.0000000000000000,0.0000000000000000,-0.4146909827209729,0.5975824500809075,0.3980591473050353,0.5589950978783287,-0.4146909827209729,0.5975824500809075,0.3980591473050353,0.5589950978783287,-0.3140095059624065,0.5127151715579350,0.4872783074612375,0.6333095878772680,-0.2367901543243480,0.5668194678518010,0.4231225436350232,0.6660431117781199,-0.2006132184201473,0.5806102159933614,0.4642393667509189,0.6380657677998085,-0.4771867332309020,0.8626689155706400,0.1675012676805877,0.0062039553506555,-0.4396357714230815,0.8477144469254950,0.2499684810759467,0.1600511275424794,-0.4567711150565278,0.8078147907380805,0.3585237633998691,0.1012725204209078,-0.4567711150565278,0.8078147907380805,0.3585237633998691,0.1012725204209078,-0.3660968222214245,0.4701950630909554,0.4378858559322935,0.6731609737490064,-0.4548459981029257,0.4057890004152920,0.4981593192168775,0.6166747098990594,-0.4369904295606911,0.4249575970854637,0.5241958974982888,0.5947008207474374,-0.6817483933911659,0.7256800731964496,0.0310016546370970,0.0874440214304134,-0.6653199765515738,0.6984937819363061,0.1519582287442404,0.2153240862389603,-0.6877379703168193,0.6726750136899105,0.2418536595630702,0.1266160238584821,-0.6877379703168193,0.6726750136899105,0.2418536595630702,0.1266160238584821,-0.3895996240283579,0.6142357273488320,0.4208566609438011,0.5420389978077670,0.1818287801052841,-0.2540483948824661,0.4990720692996152,0.8082850842543536,0.3953995739753567,-0.1082903905090452,0.5494421795064116,0.7280423473965987,0.3892936813215717,-0.1387891491609659,0.5971272362865317,0.6874787745400456,0.7158427193521635,-0.6478358543515385,-0.0899395250470181,0.2445174611381138,0.6856700123405783,-0.6769306577334701,-0.0875088528088078,0.2529104969697573,0.6856700123405783,-0.6769306577334701,-0.0875088528088078,0.2529104969697573,0.2202153953655578,-0.1651655302143477,0.5715003850237038,0.7730542265525513,-0.2375186042792000,-0.4503740754874814,0.3886586350282530,0.7679144289359544,-0.1438413833140190,-0.4961081516941289,0.2398914210916946,0.8219723014527632,0.0904759394088299,-0.9505923407369938,0.2947861225197237,0.0359088859481794,0.2082395744722871,-0.9246448708199201,0.3128417086275362,0.0616296019216236,0.2082395744722871,-0.9246448708199201,0.3128417086275362,0.0616296019216236,-0.3881830191661708,0.6151319691138016,0.4221047286687327,0.5410676503365449
2.4147987371961701,1.8170298078968596,0.1542639400736789,-0.4151434502075187,0.5970324105799425,0.3971722831237811,0.5598771240059233,-0.3490361176257085,0.2374289578886937,0.1259082635400511,1.6486585130382416,-0.3589683642308218,-0.2619073746607812,-0.3656763959546271,-0.2747902629320610,0.0813633802815228,1.6600455410525174,-0.3583474722469618,-0.2618671995184977,0.0871459031906065,-2.2634184691612687,0.5543609205748170,0.1398504242894932,-2.1417734929266761,0.0858836366956630,-2.1577295672468639,-1.1560159262097884,-0.3814801494946155,-1.9640788220969481,-0.2498411791909396,0.0045424379208170,-0.0129137446059742,0.0048860153990618,0.0081768382068358,-0.0099899582839249,-0.1550464888200100,-0.0442107744537703,0.1328997074427334,0.0002113490098750,-0.0097349594152095,-0.0686397760832899,-0.0063256847580412,0.0001435349938378,-0.0290952596336089,-0.0000692309423522,-0.2318490605374339,-0.0367689958049551,-0.0062916548424643,0.0001347622842913,0.2291531096325837,0.4489190526649093,0.1184653459745107,0.0004872472266436,-0.3840413110327128,0.0110501867289240,0.0027024201105152,-0.0268431358552650,-0.0956786411047885,-0.3523814628866079,-0.0202235964470814,-0.0030561897241861,0.0000000000000000,0.0000000000000000,-0.4151434502075187,0.5970324105799425,0.3971722831237811,0.5598771240059233,-0.4151434502075187,0.5970324105799425,0.3971722831237811,0.5598771240059233,-0.3153145216396979,0.5126486108720634,0.4859889955249592,0.6337056496850205,-0.2380419307930410,0.5665988622977202,0.4218526179169025,0.6665899318050841,-0.2019185463612692,0.5804542464381682,0.4629600407417629,0.6387251123164299,-0.4769795764333734,0.8630409916177431,0.1661131612898342,0.0075596361817570,-0.4396640407785173,0.8478284819872195,0.2485933022721429,0.1615046948016832,-0.4569888079080295,0.8081079194964420,0.3571741245533527,0.1027105868130286,-0.4569888079080295,0.8081079194964420,0.3571741245533527,0.1027105868130286,-0.3665743444143930,0.4692375433932469,0.4371096007508439,0.6740731227536573,-0.4554430053694286,0.4049475865603528,0.4972586121297820,0.6175135574720378,-0.4384986543434428,0.4232372964897844,0.5221001024237133,0.5966578618003427,-0.6812078688701175,0.7259305243010846,0.0287302314869687,0.0903066280850466,-0.6651833421707022,0.6982165406979330,0.1496686610833297,0.2182294102176657,-0.6879816695879193,0.6726993670473799,0.2395466705857534,0.1295151593303071,-0.6879816695879193,0.6726993670473799,0.2395466705857534,0.1295151593303071,-0.3888839988005272,0.6144599409318815,0.4210588642989885,0.5421417243324359,0.1803537839458802,-0.2509903774772773,0.4993817644971870,0.8093788953993633,0.3948657887924472,-0.1048220829893779,0.5489905711542576,0.7291794652503657,0.3890005205924157,-0.1352994061401067,0.5967619207790055,0.6886565730355857,0.7149948634188015,-0.6479520185133545,-0.0926661503707594,0.2456695169626536,0.6847203275614856,-0.6770630164593149,-0.0901770788805264,0.2541885898534424,0.6847203275614856,-0.6770630164593149,-0.0901770788805264,0.2541885898534424,0.2207258902920088,-0.1651646408163443,0.5709774945102972,0.7732951723252591,-0.2376047280052838,-0.4502809862218345,0.3879970248086196,0.7682768611745945,-0.1435272482427623,-0.4961994232070733,0.2384997436134553,0.8223770021815693,0.0903911559570346,-0.9511479009257765,0.2934222788733870,0.0324110436423856,0.2083090802921192,-0.9251616223522692,0.3119543242267989,0.0580327424009070,0.2083090802921192,-0.9251616223522692,0.3119543242267989,0.0580327424009070,-0.3874855433135334,0.6153427802908843,0.4222907537608991,0.5411827193794648
2.4145464664397727,1.8171406314343055,0.1544523885406151,-0.4155840587504092,0.5963330750843567,0.3961016019085938,0.5610528269587617,-0.3463932423051575,0.2374591843590105,0.1256302301222884,1.6477157271743712,-0.3590941320159254,-0.2619043437772602,-0.3665589847044069,-0.2747463760099124,0.0762744578747952,1.6592560057902028,-0.3584730454706018,-0.2618645078720637,0.0920750055008846,-2.2499253852648269,0.5579463874429943,0.1398444331060701,-2.1498130879114870,0.0861044295943271,-2.1576660572958084,-1.1562389128533130,-0.3839036914820530,-1.9704978933449122,-0.2502426447713366,0.0044829814735511,-0.0113766495527059,0.0047694589569037,0.0142611555566980,-0.0043086421585905,-0.1860989061199757,-0.0581622526219900,0.1173887472389409,0.0043038766015644,-0.0202429764630217,-0.0306065609642271,-0.0062250344075308,0.0001599898594401,-0.0688017233979453,0.0071022879112529,-0.2718203091668083,-0.0430305651681620,-0.0062718874238865,0.0001239395102405,0.2474008570973878,0.9484756985916216,0.2309426295822322,-0.0009946448146788,-0.4245335522610084,0.0110701833657157,0.0052626325083025,-0.0003368879348912,-0.1503914722846892,-0.2939912051255533,-0.0199519375881374,-0.0028050508448943,0.0000000000000000,0.0000000000000000,-0.4155840587504092,0.5963330750843567,0.3961016019085938,0.5610528269587617,-0.4155840587504092,0.5963330750843567,0.3961016019085938,0.5610528269587617,-0.3167627991166853,0.5124923763971501,0.4844333133701889,0.6343006054921797,-0.2394021962369099,0.5662641115182254,0.4203201481900346,0.6673548662210589,-0.2033717394273494,0.5801796197376080,0.4613965430851056,0.6396442561866199,-0.4767348685364600,0.8635249160079231,0.1642275844373158,0.0088252515498938,-0.4397443301518047,0.8480684428694651,0.2467220267181916,0.1628897843339797,-0.4572491186273688,0.8085907093592799,0.3553489932402058,0.1040740181578680,-0.4572491186273688,0.8085907093592799,0.3553489932402058,0.1040740181578680,-0.3670422064118186,0.4680226213303826,0.4361510364357299,0.6752829910870114,-0.4560630270482990,0.4038827307325475,0.4961367155098932,0.6186546813034063,-0.4402177259931052,0.4210974929228342,0.5195268924626969,0.5991469462357438,-0.6804589516581248,0.7262869847020967,0.0259894859282200,0.0938476296016583,-0.6649256190095083,0.6979223213006146,0.1468800852917425,0.2218210881766550,-0.6881949011102977,0.6727720635141452,0.2367426378577945,0.1331106759837121,-0.6881949011102977,0.6727720635141452,0.2367426378577945,0.1331106759837121,-0.3878518393927479,0.6147309956449981,0.4213681040341817,0.5423335455009318,0.1778457780132255,-0.2460077126012493,0.5000062964067348,0.8110763146197731,0.3941462757465366,-0.0989373075053733,0.5483953868234721,0.7308369327076033,0.3886906374493173,-0.1293854599220374,0.5962859169829615,0.6903782270087868,0.7138844228987422,-0.6474536112258700,-0.0956090091096933,0.2490617783405827,0.6835131390458475,-0.6765736001835009,-0.0929607634084399,0.2577135013012501,0.6835131390458475,-0.6765736001835009,-0.0929607634084399,0.2577135013012501,0.2214841299168505,-0.1652395347419962,0.5702312343747813,0.7736129624667871,-0.2372493843682360,-0.4499894548016504,0.3872689699235553,0.7689245509921997,-0.1426521773602520,-0.4960785430325501,0.2367181700383309,0.8231166037754228,0.0901591167816802,-0.9518596465277904,0.2914503157801186,0.0298539847391796,0.2082692919662238,-0.9258755464110161,0.3103555983040885,0.0552971715669270,0.2082692919662238,-0.9258755464110161,0.3103555983040885,0.0552971715669270,-0.3864712255888841,0.6155999010062092,0.4225841987176759,0.5413865058044134
2.4143234689634139,1.8172739793487376,0.1547098390799200,-0.4161175421688875,0.5955410473620800,0.3948717613115958,0.5623640672419248,-0.3435519104891813,0.2376778977711605,0.1251612849283415,1.6473718303431117,-0.3592168445305968,-0.2619015281937997,-0.3682450419838624,-0.2747216584312678,0.0700691261681896,1.6583620487063404,-0.3585896426991874,-0.2618620208022800,0.0977801557593445,-2.2291643265829402,0.5632855567909358,0.1398052371424352,-2.1576335020992881,0.0863232009039150,-2.1574278913525360,-1.1564767421009565,-0.3870234752846857,-1.9758652377859429,-0.2506387675533119,0.0044239486243624,-0.0101551905290928,0.0062934755532352,0.0164000514548319,-0.0190424547872606,-0.2049769973905639,-0.0582037833129377,0.1553118694115011,0.0135639118431264,-0.0246469720804865,-0.0092838024771956,-0.0060049993746878,0.0001184259700711,-0.0565636697802027,0.0055052023293155,-0.3301668248840670,-0.0588069071730613,-0.0065866545512626,0.0002267711985724,0.3116155577693300,1.1211493937844703,0.3034138857626411,-0.0028578554393511,-0.3593486767269121,0.0108274569404274,0.0114910887262593,-0.0135973291244336,-0.1616128539094107,-0.2506064992428215,-0.0196790206147489,-0.0030415401500296,0.0000000000000000,0.0000000000000000,-0.4161175421688875,0.5955410473620800,0.3948717613115958,0.5623640672419248,-0.4161175421688875,0.5955410473620800,0.3948717613115958,0.5623640672419248,-0.3183568563722317,0.5122522945168748,0.4827172851172650,0.6350043475536253,-0.2408347861282455,0.5658643641584363,0.4185879978742276,0.6682665749547686,-0.2049600084575134,0.5798234798341347,0.4595776524168174,0.6407686856933464,-0.4764479209720963,0.8641061428167692,0.1619185050240525,0.0100174986133851,-0.4398592953886875,0.8484173076607985,0.2444259068266382,0.1642189038866901,-0.4575365010794226,0.8092369225744133,0.3531169140790561,0.1053774089336899,-0.4575365010794226,0.8092369225744133,0.3531169140790561,0.1053774089336899,-0.3674897364641042,0.4663475976232068,0.4351277540084179,0.6768567422107854,-0.4567132086822881,0.4023705325204543,0.4948880668156715,0.6201586900929335,-0.4422008817443555,0.4182671163385663,0.5165058030138728,0.6022729904514480,-0.6795593713307675,0.7266399118812258,0.0227799297414008,0.0983594128630004,-0.6646042981686276,0.6974521451702155,0.1436001086986947,0.2263639565720977,-0.6884692840807708,0.6727344072255401,0.2334285829878457,0.1376573966646892,-0.6884692840807708,0.6727344072255401,0.2334285829878457,0.1376573966646892,-0.3867075566924529,0.6150448874600556,0.4217139686485053,0.5425259262495475,0.1733803129222988,-0.2378159686414793,0.5014272977629739,0.8136052465466308,0.3924552471949529,-0.0892485189852855,0.5477412452442270,0.7334801354272565,0.3876779073895946,-0.1196063986841668,0.5958132638037144,0.6931137743483359,0.7122162240095858,-0.6460957277783053,-0.0979704519853524,0.2563399136731082,0.6817508452942823,-0.6752169934819473,-0.0949899884464689,0.2650937546391322,0.6817508452942823,-0.6752169934819473,-0.0949899884464689,0.2650937546391322,0.2222832915658840,-0.1652350791459962,0.5694182151989937,0.7739834643646119,-0.2368638712711473,-0.4495822916007369,0.3865430095860242,0.7696465236104529,-0.1415707518007047,-0.4959136802688183,0.2346040018174423,0.8240074673739688,0.0896295596305380,-0.9526582393465652,0.2891839045638967,0.0279551495563645,0.2079578067933267,-0.9267257070250225,0.3083899745973600,0.0531849424228561,0.2079578067933267,-0.9267257070250225,0.3083899745973600,0.0531849424228561,-0.3853442749805038,0.6158999413326397,0.4229146366666043,0.5415904929920355
2.4141256709944510,1.8173993959470076,0.1550684295988374,-0.4166494408846603,0.5945560462026559,0.3935231688184095,0.5639555540443634,-0.3401932458964878,0.2380571685006826,0.1246208227845278,1.6472960190296106,-0.3593329006185982,-0.2618995996066579,-0.3691888062207236,-0.2744885038679696,0.0632049962070691,1.6572775085260332,-0.3587206498101946,-0.2618575110182868,0.1047442183394172,-2.2047339160153192,0.5701545681016434,0.1397455058181561,-2.1640629557735567,0.0865383865937955,-2.1571990242666130,-1.1566670935724230,-0.3903957360410867,-1.9806296922736342,-0.2510292922416177,0.0043642438000130,-0.0088887742800560,0.0055207533824473,0.0224196585414700,-0.0116259724387297,-0.2380082151984186,-0.0660375587825163,0.1750349058030464,0.0247837874610834,-0.0318265767167413,-0.0014027686361447,-0.0057104444043468,0.0000843626426920,-0.0457646908646914,0.0168290509825234,-0.3577262950754994,-0.0513472125587764,-0.0063930649824301,0.0002224356133745,0.3724973376672751,1.3202918066154308,0.3813163712463283,-0.0040470113979686,-0.2900349026466131,0.0106745466869886,0.0121644316631364,-0.0130863046623656,-0.1740156077640624,-0.2265795948750032,-0.0194065928006872,-0.0030248301823989,0.0000000000000000,0.0000000000000000,-0.4166494408846603,0.5945560462026559,0.3935231688184095,0.5639555540443634,-0.4166494408846603,0.5945560462026559,0.3935231688184095,0.5639555540443634,-0.3201384124297026,0.5119248739837482,0.4807612836601354,0.6358560437844182,-0.2423833929853135,0.5653817103341632,0.4165837371878961,0.6693667173792773,-0.2066881934731726,0.5793843096376126,0.4574772551847107,0.6421124305082455,-0.4760739763413991,0.8647930582287204,0.1592451486954295,0.0112923915481286,-0.4399548308343179,0.8488557696300719,0.2417544108348123,0.1656455071325435,-0.4578173934538858,0.8100208162389868,0.3505247352924963,0.1067797801961622,-0.4578173934538858,0.8100208162389868,0.3505247352924963,0.1067797801961622,-0.3680602048562440,0.4647104318750892,0.4339074826281333,0.6784542701074008,-0.4574316256591690,0.4009678219188535,0.4934129049385173,0.6217112021450122,-0.4443851824051453,0.4153801825151089,0.5130275735939587,0.6056268012272557,-0.6784593699411077,0.7271065356787152,0.0191928358528409,0.1031533041852764,-0.6641524218718533,0.6970412099577985,0.1399179835857804,0.2312100127840732,-0.6886536423370402,0.6728082372334131,0.2297228034414710,0.1425225258890203,-0.6886536423370402,0.6728082372334131,0.2297228034414710,0.1425225258890203,-0.3851835135800344,0.6154082462331604,0.4223035091830157,0.5427394379129620,0.1683664834427214,-0.2281140021792337,0.5029795459557133,0.8164730893379701,0.3909085038055064,-0.0776620623651183,0.5468025472775702,0.7363193057447954,0.3869405413800628,-0.1079405429821371,0.5950623394255184,0.6960794989185176,0.7103603462638900,-0.6439560862530015,-0.1002023933492389,0.2658349446567323,0.6798150360149947,-0.6730769842980742,-0.0967871096565507,0.2746837188849616,0.6798150360149947,-0.6730769842980742,-0.0967871096565507,0.2746837188849616,0.2234786570576524,-0.1652460435584267,0.5683878312283845,0.7743941556077809,-0.2361610290912839,-0.4490652312646924,0.3856311705106427,0.7706211694070735,-0.1401390921148082,-0.4956047338830626,0.2321505000430199,0.8251321881636369,0.0889314881843033,-0.9535766213796231,0.2864849114842529,0.0266310544178692,0.2075033399579278,-0.9277323710521406,0.3059301061232711,0.0515924585155800,0.2075033399579278,-0.9277323710521406,0.3059301061232711,0.0515924585155800,-0.3838378377337089,0.6162484588131200,0.4234884653263299,0.5418153477615019
2.4139572602276207,1.8175294042255652,0.1554892686471531,-0.4173462034632273,0.5934834791057696,0.3920333871708009,0.5656052774035361,-0.3369725145857571,0.2388439482994304,0.1236613372770025,1.6473010108132378,-0.3594452438761903,-0.2618980093355386,-0.3710520242062351,-0.2740012550272312,0.0555760331246080,1.6563938230003463,-0.3588358442428727,-0.2618542562001138,0.1122600767677256,-2.1736672484748936,0.5784596759989573,0.1396440727759817,-2.1693876760729678,0.0867509911183042,-2.1566605048817791,-1.1570327115393837,-0.3942379958108982,-1.9848372513645969,-0.2514146127674992,0.0043061543178191,-0.0065876921974357,0.0055204981801192,0.0252380531545434,-0.0039371089468647,-0.2593797228109661,-0.0639285258413412,0.1893059037598382,0.0445784385539110,-0.0539652651475372,0.0016241821980866,-0.0055900626418660,0.0000641050873388,-0.0732494659824750,0.0236728923559818,-0.4047099070618528,-0.0470475737007985,-0.0060016098659486,0.0002363905955859,0.4187910164639708,1.4929030281209608,0.4496428665595891,-0.0062531487918561,-0.2021847808703035,0.0104674750924027,0.0232914817410913,-0.0343391571348378,-0.1728921907068818,-0.2029207233941973,-0.0191470511464387,-0.0031211581725777,0.0000000000000000,0.0000000000000000,-0.4173462034632273,0.5934834791057696,0.3920333871708009,0.5656052774035361,-0.4173462034632273,0.5934834791057696,0.3920333871708009,0.5656052774035361,-0.3220657289833549,0.5114776929740872,0.4787204654834785,0.6367817143508497,-0.2439366617845707,0.5648502568504296,0.4143994471748444,0.6706058384435577,-0.2085364637203203,0.5788552935973029,0.4550798989043076,0.6436935435334495,-0.4755711084051036,0.8655935124370567,0.1562603338601080,0.0127553964715926,-0.4399799915362949,0.8493724922683892,0.2387525458198365,0.1672758150183515,-0.4580551293605458,0.8109253696861102,0.3476153816463152,0.1083932180019831,-0.4580551293605458,0.8109253696861102,0.3476153816463152,0.1083932180019831,-0.3686888307723482,0.4626503508505057,0.4326511089063508,0.6803206720978924,-0.4581620802994390,0.3992154852141506,0.4917919535181735,0.6235825358328275,-0.4467265298446079,0.4119719686969904,0.5091746840467676,0.6094716118629280,-0.6771952922943030,0.7275885539108342,0.0151653366452695,0.1085884196257160,-0.6636192305225243,0.6965321808975515,0.1357680677546219,0.2366843248569073,-0.6888394757762761,0.6728457220318381,0.2255408645704312,0.1480207058642215,-0.6888394757762761,0.6728457220318381,0.2255408645704312,0.1480207058642215,-0.3836520992398443,0.6158015591613248,0.4229194369829345,0.5428983848800618,0.1616492251315671,-0.2156059581266365,0.5052117014296227,0.8198443361841593,0.3884334950193652,-0.0628023640432707,0.5456928215687794,0.7398612217881957,0.3855048517250549,-0.0929393792298045,0.5941802781016524,0.6997843083406952,0.7079007967876521,-0.6408952903351766,-0.1015176055752021,0.2789692895138723,0.6772845002672256,-0.6700083176573450,-0.0975023630661329,0.2878677633293952,0.6772845002672256,-0.6700083176573450,-0.0975023630661329,0.2878677633293952,0.2246223545014924,-0.1650814812444374,0.5673860369875227,0.7748328771031480,-0.2355677866031123,-0.4484420049383303,0.3848097953861810,0.7715756654383592,-0.1387100423374232,-0.4952569576215423,0.2295848149845610,0.8262995115638816,0.0880652550416586,-0.9544990417747024,0.2837585306627368,0.0256356467003936,0.2068889228613709,-0.9287679435557106,0.3034046726845544,0.0503257907412952,0.2068889228613709,-0.9287679435557106,0.3034046726845544,0.0503257907412952,-0.3823234181475494,0.6166273570420243,0.4240890495434274,0.5419852253896728
2.4138193435000015,1.8176490938893093,0.1559624539980824,-0.4181058445892887,0.5923199693210678,0.3904855049533245,0.5673320254358237,-0.3337387346032363,0.2399176123150825,0.1221357686278902,1.6473544709950132,-0.3595550005376667,-0.2618966439691604,-0.3726034282295163,-0.2731790898239519,0.0472032447595239,1.6553149883422023,-0.3589632308313309,-0.2618491197139610,0.1203386016391672,-2.1386343057962409,0.5879993589735668,0.1395108632675478,-2.1730617774228325,0.0869599197577106,-2.1559788722724411,-1.1575518388217310,-0.3980180651665584,-1.9886490223008884,-0.2517946600869982,0.0042483725209530,-0.0055365977366294,0.0043116052062430,0.0289897149105951,0.0091953289259128,-0.2760832673699845,-0.0693850654191243,0.2004561532536493,0.0519817195333758,-0.0813167872420166,0.0044796786169945,-0.0054813518701069,0.0000519068542045,-0.0370302902499665,0.0366508525566011,-0.4345906089392937,-0.0462613555456631,-0.0062981567088797,0.0002904675861741,0.4597926213772062,1.5970133055613775,0.5224875254645369,-0.0079691493217133,-0.1072417495306964,0.0102655112656221,0.0186149507671684,-0.0416390085566679,-0.1555403595131462,-0.1896233209793908,-0.0188828616444052,-0.0031666107688286,0.0000000000000000,0.0000000000000000,-0.4181058445892887,0.5923199693210678,0.3904855049533245,0.5673320254358237,-0.4181058445892887,0.5923199693210678,0.3904855049533245,0.5673320254358237,-0.3240681628097919,0.5109388712440927,0.4766256810188907,0.6377689674938546,-0.2454515506154019,0.5642840422831896,0.4120850513904288,0.6719545865202394,-0.2105087759113153,0.5782291927421871,0.4523787359015630,0.6455157126121270,-0.4749333879231941,0.8665051896093898,0.1529664749785826,0.0144322883985419,-0.4399283786186539,0.8499604408896394,0.2354219342320056,0.1691353998757006,-0.4582466972864137,0.8119434189350244,0.3443894926430717,0.1102439396576739,-0.4582466972864137,0.8119434189350244,0.3443894926430717,0.1102439396576739,-0.3694142397455164,0.4605505027123132,0.4313291614594034,0.6821887630263386,-0.4588868787402727,0.3975110095301241,0.4900373540620940,0.6255167635213096,-0.4492005872766490,0.4084250268629015,0.5049294103743454,0.6135585712557261,-0.6757347367649904,0.7281395930870108,0.0108370936980077,0.1143584535940044,-0.6629461757097733,0.6960293345330643,0.1312906896259468,0.2425042028476816,-0.6889316007680406,0.6729322730733639,0.2210344669261169,0.1538803748051980,-0.6889316007680406,0.6729322730733639,0.2210344669261169,0.1538803748051980,-0.3820146227078364,0.6162144686500169,0.4236446183970473,0.5430191469616767,0.1540071925640054,-0.2013210881957285,0.5077470971477909,0.8233738454822532,0.3856100604301997,-0.0458310148703889,0.5442764125793719,0.7436179032814486,0.3838663645198092,-0.0758015167796138,0.5929972755313665,0.7037435438116872,0.7050101666894751,-0.6369503419803521,-0.1022020526364407,0.2946348030231490,0.6743401730069154,-0.6660491890196171,-0.0974681132220319,0.3035519325918575,0.6743401730069154,-0.6660491890196171,-0.0974681132220319,0.3035519325918575,0.2258654243126423,-0.1648108548916346,0.5663566005582392,0.7752821378144050,-0.2349675066052418,-0.4477494424117925,0.3839828820480483,0.7725722321917348,-0.1372978607339199,-0.4948341690316607,0.2270135059025954,0.8274982240068238,0.0871316863623534,-0.9553993047041778,0.2810680645088269,0.0249194886722880,0.2062105708563182,-0.9297921115528692,0.3008808461393226,0.0493411206566445,0.2062105708563182,-0.9297921115528692,0.3008808461393226,0.0493411206566445,-0.3807028536492916,0.6170257535626202,0.4247988522380617,0.5421166772946505
2.4137095999536347,1.8177727325253403,0.1564509667175320,-0.4189667027359480,0.5911357472373658,0.3888836979396127,0.5690297881600763,-0.3307784668157887,0.2413178227290169,0.1198803865577271,1.6474292274113702,-0.3596637590526558,-0.2618951823483348,-0.3748919341842095,-0.2722150950911253,0.0379690261436458,1.6543238111462704,-0.3590795828919552,-0.2618447616935435,0.1283407495121046,-2.0984854001310538,0.5983880465921440,0.1393458828520494,-2.1756870618275079,0.0871655335973457,-2.1547663046964969,-1.1579892662673641,-0.4018914647616242,-1.9921812144101896,-0.2521696281551354,0.0041929356778885,-0.0043066826444747,0.0045329994000730,0.0297878662417737,0.0055881649337265,-0.2817756867447052,-0.0674276215171825,0.1952395103184545,0.0622949963215781,-0.1163924094262308,0.0062737098754035,-0.0054354195734401,0.0000560445654579,-0.0438814524912160,0.0426340485979684,-0.4737536053515102,-0.0493625630136183,-0.0063948578424037,0.0003317022210013,0.4672758771269192,1.7668628368108323,0.5783389303447483,-0.0103105788162796,-0.0595869463136765,0.0100497361755537,0.0294686512691031,-0.0437911449278395,-0.1421665218825413,-0.1754659951781181,-0.0186321931195333,-0.0031839223784132,0.0000000000000000,0.0000000000000000,-0.4189667027359480,0.5911357472373658,0.3888836979396127,0.5690297881600763,-0.4189667027359480,0.5911357472373658,0.3888836979396127,0.5690297881600763,-0.3261026929250465,0.5103271507144274,0.4745446100141198,0.6387727655569501,-0.2468869753685698,0.5637105210994897,0.4097033512817544,0.6733650078104746,-0.2126076921736455,0.5775125101965285,0.4493804135262955,0.6475604324957146,-0.4741652740019772,0.8675188641941003,0.1493722857932414,0.0163166612672563,-0.4398026896241923,0.8506115265271978,0.2317722611353532,0.1712169504067937,-0.4583938000819235,0.8130657320752070,0.3408554905201493,0.1123244138810863,-0.4583938000819235,0.8130657320752070,0.3408554905201493,0.1123244138810863,-0.3701526425119330,0.4581814465440598,0.4300332056747616,0.6841989661650437,-0.4595934861596666,0.3955729965880981,0.4882425629852762,0.6276265064028812,-0.4518098031651417,0.4044404405026271,0.5003618889812703,0.6180079383834907,-0.6741336689370490,0.7286608354658077,0.0061574821560743,0.1206617946047656,-0.6621988557791851,0.6954025227036497,0.1264388926943253,0.2488397340385405,-0.6890174448948670,0.6729446954151338,0.2161409241235910,0.1602607202722567,-0.6890174448948670,0.6729446954151338,0.2161409241235910,0.1602607202722567,-0.3804851741866681,0.6166081428974579,0.4243193521717202,0.5431192481483794,0.1449618681585172,-0.1849259896780528,0.5107395786026413,0.8270027315374371,0.3818486161446063,-0.0264837535595862,0.5425413805480703,0.7477560401219362,0.3814539693548464,-0.0562236754440569,0.5915160963371384,0.7081246185220980,0.7013950564844640,-0.6321990382226674,-0.1019387904958824,0.3130141111862637,0.6706847482064386,-0.6612684354815036,-0.0963591307316726,0.3219020700209102,0.6706847482064386,-0.6612684354815036,-0.0963591307316726,0.3219020700209102,0.2268742062730042,-0.1643277885397855,0.5654424502989922,0.7757572480109289,-0.2345503772512384,-0.4469280696628566,0.3833850378326436,0.7734709650948750,-0.1360689890727198,-0.4943251169832314,0.2246494283991172,0.8286498315043532,0.0862362407098862,-0.9562003160996307,0.2786580795956612,0.0243709038661173,0.2055624421173932,-0.9307080091309831,0.2986118799935064,0.0485554245879854,0.2055624421173932,-0.9307080091309831,0.2986118799935064,0.0485554245879854,-0.3791896740733738,0.6174056695070426,0.4254587773062674,0.5422271287474882
2.4136112542259904,1.8178980507926765,0.1569648586475411,-0.4198598333538950,0.5899388541603400,0.3872434216452091,0.5707297093025171,-0.3281679323972580,0.2428882498717080,0.1168661753245406,1.6475400017840041,-0.3597709430244506,-0.2618935712985164,-0.3773937901809338,-0.2711185327427108,0.0280806628613018,1.6533413111975528,-0.3591958940424378,-0.2618403043277932,0.1362195722743840,-2.0548293775727546,0.6095024143773051,0.1391489242801137,-2.1777183848404196,0.0873677971499072,-2.1533463105497921,-1.1583365576524030,-0.4056552330857929,-1.9954551774198372,-0.2525395626527213,0.0041402136133481,-0.0040837683847671,0.0061262155555128,0.0275496708106615,-0.0408845190104449,-0.2684918766345232,-0.0535010786088028,0.0984507879541598,0.0853259637684915,-0.1718687700640519,0.0042213579868446,-0.0053254767566051,0.0000933045330486,-0.1370541254157535,0.0690642961221176,-0.5046662074808969,-0.0622532002842392,-0.0063083072562064,0.0002584101893136,0.3511459747131022,2.4035155690622347,0.5458050642918927,-0.0090142520800608,-0.1162273285397167,0.0101081115703276,0.0947106166499295,0.0042080936378573,-0.2072268044574763,-0.1568361044043568,-0.0183812832613666,-0.0023362933706401,0.0000000000000000,0.0000000000000000,-0.4198598333538950,0.5899388541603400,0.3872434216452091,0.5707297093025171,-0.4198598333538950,0.5899388541603400,0.3872434216452091,0.5707297093025171,-0.3281209394273282,0.5096619983904644,0.4724654093048668,0.6398107013143424,-0.2482514253523829,0.5631106555611645,0.4072901977539512,0.6748276181496525,-0.2148430444266624,0.5766843563488586,0.4461165791955081,0.6498135249214839,-0.4732979853187473,0.8686102158961149,0.1454872952007621,0.0184053489313828,-0.4396320173630243,0.8513023829528265,0.2278184041752035,0.1735128721657863,-0.4585242880327942,0.8142672025996588,0.3370250662378443,0.1146233169207825,-0.4585242880327942,0.8142672025996588,0.3370250662378443,0.1146233169207825,-0.3709249975236825,0.4557782888465676,0.4287098766491913,0.6862132607954952,-0.4603035168772941,0.3936255752371535,0.4863999521378369,0.6297576243523573,-0.4545297463364916,0.4002788163588850,0.4955080025896835,0.6226165740158199,-0.6724017040030772,0.7291751121262005,0.0011913810856701,0.1271934940184051,-0.6613744650131594,0.6947272909109367,0.1212818533981497,0.2553987477033079,-0.6890559980141977,0.6729489743242459,0.2109383195535720,0.1668728105489890,-0.6890559980141977,0.6729489743242459,0.2109383195535720,0.1668728105489890,-0.3789534911880657,0.6170124656993180,0.4249970831293016,0.5432010198992731,0.1352289959720586,-0.1673672223435127,0.5138251332385090,0.8304727954519854,0.3777757903994198,-0.0057739091701388,0.5403653547697607,0.7518360177096730,0.3788204461940610,-0.0352567272297012,0.5895781036749913,0.7124953981587422,0.6972224875919499,-0.6267424781182248,-0.1013928248062005,0.3328575731392322,0.6664910131046488,-0.6557642724062266,-0.0948936349400103,0.3416989121055899,0.6664910131046488,-0.6557642724062266,-0.0948936349400103,0.3416989121055899,0.2278611166967969,-0.1637841907179304,0.5645369224975405,0.7762423033470720,-0.2341613325172243,-0.4460624644465099,0.3828256467427797,0.7743650769253718,-0.1349466379442468,-0.4937508237149105,0.2224296047088875,0.8297738245675387,0.0853721605584368,-0.9569346209758651,0.2764290403079279,0.0239731319147131,0.2049406009091304,-0.9315512535213371,0.2965018940938386,0.0479399516123717,0.2049406009091304,-0.9315512535213371,0.2965018940938386,0.0479399516123717,-0.3776739550700455,0.6177964996450891,0.4261219228438288,0.5423190717279847
2.4135100081547178,1.8180567623664652,0.1574296393020576,-0.4208647377268702,0.5888067870696521,0.3855293506208033,0.5723168351959503,-0.3257583905518965,0.2445585721645761,0.1132043158678991,1.6476227096291838,-0.3598786241444713,-0.2618917499598018,-0.3800183956931177,-0.2699811965186687,0.0175550430542840,1.6522735441979566,-0.3593130149807748,-0.2618353897504113,0.1436595594012968,-2.0082962872027950,0.6212232065862646,0.1388433636442584,-2.1795073094223740,0.0875660949216566,-2.1515432578380702,-1.1584795311796749,-0.4092274692802171,-1.9984809627399160,-0.2529045926959371,0.0040880632869750,-0.0043907853719128,0.0084104656315922,0.0235578632158405,-0.0684852291700115,-0.2630735992733521,-0.0466748509137153,0.0750724227408338,0.0927604621728021,-0.2052311286138631,0.0026297705123503,-0.0053485600079015,0.0001082155307627,-0.1609708944039548,0.0737211755010159,-0.5343488539490698,-0.0670228235960758,-0.0062509428261558,0.0002510250063511,0.3015632534463976,2.6050192788231330,0.5388333115278842,-0.0125819683619366,-0.1148919014923234,0.0099692915771613,0.1313748423033220,0.0300637294042707,-0.2127528206458560,-0.1449143133711173,-0.0181355671260991,-0.0021171808134332,0.0000000000000000,0.0000000000000000,-0.4208647377268702,0.5888067870696521,0.3855293506208033,0.5723168351959503,-0.4208647377268702,0.5888067870696521,0.3855293506208033,0.5723168351959503,-0.3301509151018864,0.5089927358935740,0.4704051806123811,0.6408164589943015,-0.2495850242979497,0.5625322084753369,0.4048606594462499,0.6762785494948070,-0.2172436158516245,0.5757954335505447,0.4426045355712598,0.6522009315891859,-0.4723583337577330,0.8697587765172325,0.1413193831933787,0.0206423626241889,-0.4394411834656085,0.8520227151258375,0.2235732761554570,0.1759651368114081,-0.4586551825327067,0.8155359649889579,0.3329096074174154,0.1170799155901717,-0.4586551825327067,0.8155359649889579,0.3329096074174154,0.1170799155901717,-0.3717871473342383,0.4533501311171123,0.4273646893569756,0.6881913963309793,-0.4610689151899538,0.3916749388599154,0.4845179680488317,0.6318611685746109,-0.4574017519238343,0.3959513096611331,0.4903806859680356,0.6273220708249954,-0.6705768133941548,0.7296353324994369,-0.0040394518953700,0.1339503704174171,-0.6605065071747114,0.6939577768639894,0.1158478908454401,0.2621698382661832,-0.6890789836510213,0.6728959380748929,0.2054487439865654,0.1737009625970140,-0.6890789836510213,0.6728959380748929,0.2054487439865654,0.1737009625970140,-0.3777081692218750,0.6173792180372233,0.4254454358746738,0.5433006728619206,0.1241481443757624,-0.1482250392400276,0.5171877974092324,0.8337465791242173,0.3726270628488436,0.0166520557018975,0.5377514194194394,0.7561052783745951,0.3752252649920920,-0.0124838054497446,0.5871859507065726,0.7171211992445395,0.6921067887713557,-0.6207477534323040,-0.1001653294203172,0.3544394536835164,0.6613650434391390,-0.6496916852104940,-0.0926616173687345,0.3631952892752123,0.6613650434391390,-0.6496916852104940,-0.0926616173687345,0.3631952892752123,0.2283881393885091,-0.1630838894815995,0.5638159380651202,0.7767587081983426,-0.2340783511383720,-0.4451189953292483,0.3825622132696572,0.7750629384144516,-0.1341573535364028,-0.4931508796558089,0.2205693873676670,0.8307545725080685,0.0845961806665768,-0.9575152826307930,0.2746813263642214,0.0236249590876612,0.2043902848881296,-0.9322196515366216,0.2948584125488009,0.0474304678607662,0.2043902848881296,-0.9322196515366216,0.2948584125488009,0.0474304678607662,-0.3764441296623764,0.6181507722262666,0.4265562185207671,0.5424290114660815
2.4134009787756310,1.8182566638546889,0.1578292810454654,-0.4219595885483062,0.5877544495857491,0.3837576696040629,0.5737811984061134,-0.3235460757503140,0.2462582577764421,0.1088813770957691,1.6477183289308859,-0.3599858154320608,-0.2618897361463146,-0.3827210400162458,-0.2688308199926756,0.0064959407943860,1.6512022359105638,-0.3594303117222549,-0.2618300960570402,0.1505689549339949,-1.9603378031375314,0.6332497868714123,0.1383055039394736,-2.1810600650678280,0.0877606689254373,-2.1494026189224105,-1.1584120457880593,-0.4125028628258743,-2.0012524086842070,-0.2532647895698641,0.0040364155447101,-0.0050949422819436,0.0110016196348934,0.0188657183068031,-0.0849338448061200,-0.2565131724453202,-0.0440980728713068,0.1149656625083624,0.0823755484441845,-0.2263932769017297,0.0038091316056889,-0.0053830185171246,0.0001028940379541,-0.1176616710243606,0.0574670590186607,-0.5623860274732104,-0.0591403209395899,-0.0062512503412618,0.0003275114723762,0.3410820117863399,2.3834676371892027,0.6198316007560405,-0.0435392139983704,-0.0672890121075721,0.0095912653198070,0.1062741058438674,0.0021924925923647,-0.1460869201675721,-0.1314873999451038,-0.0179057284742904,-0.0027584666054490,0.0000000000000000,0.0000000000000000,-0.4219595885483062,0.5877544495857491,0.3837576696040629,0.5737811984061134,-0.4219595885483062,0.5877544495857491,0.3837576696040629,0.5737811984061134,-0.3321759471823779,0.5083404420199845,0.4683710644184388,0.6417769714908403,-0.2508950099474239,0.5619832503057859,0.4024379273295187,0.6776947948788946,-0.2198135201510558,0.5748525863206801,0.4388658830786693,0.6546932541494573,-0.4713675958317633,0.8709479632595503,0.1368716061548279,0.0229869163312992,-0.4392507035482034,0.8527635498607116,0.2190435262773752,0.1785303365183034,-0.4588011557122372,0.8168622487229679,0.3285145430362646,0.1196484899279794,-0.4588011557122372,0.8168622487229679,0.3285145430362646,0.1196484899279794,-0.3727231227579416,0.4509325463924841,0.4260062997628385,0.6901129943189976,-0.4618802753974232,0.3897477922214292,0.4826159832539293,0.6339125194892155,-0.4603918480135972,0.3915048871027060,0.4850279065482643,0.6320689832025694,-0.6686721402842857,0.7300363838479853,-0.0095022447663507,0.1408337829151430,-0.6596021489101764,0.6931066296467515,0.1101713619823430,0.2690547826963003,-0.6890806902952435,0.6727936263105981,0.1997079504104902,0.1806468189614936,-0.6890806902952435,0.6727936263105981,0.1997079504104902,0.1806468189614936,-0.3767680796659252,0.6176981475774019,0.4256413538821779,0.5434374393521700,0.1120637969904408,-0.1281221953779081,0.5206224789761378,0.8366472630926197,0.3665213830657901,0.0400166867229408,0.5346603850552535,0.7603939855047687,0.3707272203119101,0.0113274438554993,0.5842600393135985,0.7218540182036651,0.6860497553754767,-0.6144328035619431,-0.0983310877972575,0.3770133422425084,0.6553060902918528,-0.6432656800877519,-0.0897712957190418,0.3856479058838151,0.6553060902918528,-0.6432656800877519,-0.0897712957190418,0.3856479058838151,0.2284197954377428,-0.1622390700224024,0.5632874744128279,0.7773095280389036,-0.2343056007436875,-0.4440991363986049,0.3826097904159400,0.7755556658216244,-0.1337248348405219,-0.4925217430161398,0.2191191649426755,0.8315808997073244,0.0839420210640865,-0.9579298622513909,0.2734601685938259,0.0233163526166475,0.2039434493336924,-0.9326953049042838,0.2937268562509049,0.0470220331370372,0.2039434493336924,-0.9326953049042838,0.2937268562509049,0.0470220331370372,-0.3755189639960472,0.6184583211947579,0.4267387526283243,0.5425761233500039
2.4132779028463283,1.8184966328335916,0.1581692341161928,-0.4230785945069366,0.5867568771495968,0.3819559801043277,0.5751786672419534,-0.3215690288001126,0.2479340523791462,0.1039395057289284,1.6478376950520937,-0.3600922752187930,-0.2618875634018261,-0.3855169338430691,-0.2677031383713305,-0.0049585815963865,1.6501896267011946,-0.3595472822899461,-0.2618247635252365,0.1568364263441699,-1.9118470199895259,0.6453376804422208,0.1375014504300828,-2.1823912750645942,0.0879520131412095,-2.1469673815768933,-1.1580788833713123,-0.4155020300233056,-2.0037667853183754,-0.2536201871508652,0.0039862042264242,-0.0062509307320222,0.0138744838594169,0.0136676872367546,-0.1090782627889031,-0.2476829250779093,-0.0400940626248745,0.0980947148958364,0.0813844962437323,-0.2553120137542361,0.0031771089987397,-0.0053713709469128,0.0001143937783714,-0.1284467226943520,0.0567885702134861,-0.5801956943384330,-0.0582483122658523,-0.0062145610785270,0.0003261983394233,0.2953738948669152,2.4332380562215166,0.6093666845036156,-0.0623407613109693,-0.0593698702415629,0.0094340788900335,0.1276958381805136,0.0190460372976768,-0.1428520963015851,-0.1172955623930470,-0.0176706783837260,-0.0027008828247327,0.0000000000000000,0.0000000000000000,-0.4230785945069366,0.5867568771495968,0.3819559801043277,0.5751786672419534,-0.4230785945069366,0.5867568771495968,0.3819559801043277,0.5751786672419534,-0.3341876016614394,0.5077224728455269,0.4663339007847668,0.6427046214570585,-0.2522080198159652,0.5614556897069531,0.4000211556270530,0.6790741478564735,-0.2225554221406129,0.5738557840081550,0.4349243314966766,0.6572666499286020,-0.4703462137400098,0.8721605550333621,0.1321534308009235,0.0254140943548921,-0.4390790499921041,0.8535124013453816,0.2142421011613938,0.1811808232060499,-0.4589769171490740,0.8182319646237455,0.3238511220119119,0.1222991920002849,-0.4589769171490740,0.8182319646237455,0.3238511220119119,0.1222991920002849,-0.3736959009496197,0.4485806337531542,0.4246268486848868,0.6919673605098814,-0.4627339892122168,0.3878734870845011,0.4807147840657165,0.6358810499026593,-0.4634697629704739,0.3869940123147066,0.4795063193394648,0.6367928257747382,-0.6667086252696892,0.7303748598907031,-0.0151703811880012,0.1477228234405479,-0.6586772938273164,0.6921921388158983,0.1042820889257177,0.2759338897038269,-0.6890612595575262,0.6726562737380501,0.1937478993694651,0.1875896304910167,-0.6890612595575262,0.6726562737380501,0.1937478993694651,0.1875896304910167,-0.3759956889594104,0.6179857376155620,0.4256798973429899,0.5436152085673734,0.0997263838033204,-0.1079938108480072,0.5238291576791292,0.8390440982196414,0.3601739317859568,0.0633614631721345,0.5310790662424827,0.7643396425971529,0.3659628946276745,0.0351946776915939,0.5807181621652042,0.7263600419553554,0.6793335278810120,-0.6078892047555263,-0.0964188466619983,0.3995998982066959,0.6486001011696061,-0.6365818495135475,-0.0867943432990094,0.4081031727443210,0.6486001011696061,-0.6365818495135475,-0.0867943432990094,0.4081031727443210,0.2281774208438243,-0.1613552153806308,0.5628520409496952,0.7778799001679453,-0.2347044664937440,-0.4430637921054106,0.3827955089299515,0.7759354920843092,-0.1335661783830120,-0.4918740807188466,0.2179930451351575,0.8322854059647131,0.0833837187886166,-0.9582154786784389,0.2726505693598665,0.0230633668351104,0.2035784108379103,-0.9330213572046161,0.2929923052094180,0.0467170924698633,0.2035784108379103,-0.9330213572046161,0.2929923052094180,0.0467170924698633,-0.3747615631532434,0.6187349196507738,0.4267639976945714,0.5427645532451758
2.4131361385985834,1.8187914916672347,0.1584170360024097,-0.4242073048760123,0.5858081071837388,0.3801425477282717,0.5765142387264107,-0.3194740069094534,0.2495071483134847,0.0985143331472038,1.6479412173167363,-0.3601982661139443,-0.2618853009411398,-0.3881392935597541,-0.2667694793853660,-0.0168344849371819,1.6492481579785920,-0.3596639648044086,-0.2618190095408869,0.1627539218185210,-1.8646896032776581,0.6577989708365245,0.1361799218123941,-2.1833740424473067,0.0881392870554623,-2.1444275082422544,-1.1578299524029771,-0.4180519791181367,-2.0059311233190225,-0.2539709719555407,0.0039336386319337,-0.0070063335406512,0.0154179576738594,0.0120819204576449,-0.0821436779089725,-0.2503996185781220,-0.0502914525466910,0.1215884660673701,0.0690605084699288,-0.2779098313516659,0.0060995955435120,-0.0053010428699522,0.0001106338646288,-0.0892756168768122,0.0438734295435569,-0.5956532487116061,-0.0494789273633860,-0.0063426519063205,0.0003674791635658,0.3119473629898368,2.2459035451014406,0.6734295849299629,-0.0862533933375463,-0.0334028688285498,0.0092200139700353,0.1082664963727521,-0.0018653571496925,-0.1005870009149055,-0.0998470598190558,-0.0174375461510207,-0.0028995459126559,0.0000000000000000,0.0000000000000000,-0.4242073048760123,0.5858081071837388,0.3801425477282717,0.5765142387264107,-0.4242073048760123,0.5858081071837388,0.3801425477282717,0.5765142387264107,-0.3362154837011330,0.5071738278333124,0.4642710211684671,0.6435730539602372,-0.2535695858501243,0.5609741471211155,0.3975938618711848,0.6803892947393350,-0.2254820199312933,0.5728415027685847,0.4307955232056315,0.6598679326801073,-0.4693108513628350,0.8733817141597437,0.1271780205829646,0.0278829203111276,-0.4389402679784768,0.8542619740598484,0.2091850025056600,0.1838737489394834,-0.4591907967325790,0.8196357877551732,0.3189342581612686,0.1249877057881154,-0.4591907967325790,0.8196357877551732,0.3189342581612686,0.1249877057881154,-0.3746963429891599,0.4463110906839698,0.4232361561543395,0.6937436248404260,-0.4636567270364124,0.3860397003903831,0.4788483927782555,0.6377303551894528,-0.4666619576573570,0.3824013965442832,0.4738457315249730,0.6414561652302886,-0.6647259560211081,0.7306109022727378,-0.0210371908974921,0.1546109616785993,-0.6577698496371298,0.6911763120128868,0.0981936093510232,0.2827934682824730,-0.6890564718249284,0.6724444557299534,0.1875770059553236,0.1945109236805585,-0.6890564718249284,0.6724444557299534,0.1875770059553236,0.1945109236805585,-0.3753776740237593,0.6182350506052509,0.4255781357484111,0.5438384635353969,0.0873863772398989,-0.0882124641021537,0.5267305484320226,0.8409144496311216,0.3538021078206454,0.0862958184301399,0.5270479496174379,0.7678525633396001,0.3611022387900619,0.0587555866167662,0.5765153596160488,0.7306045403013192,0.6720165061618520,-0.6012310287505673,-0.0945958242775466,0.4218609907810895,0.6413034290348597,-0.6297539155847811,-0.0839137083556403,0.4302306442639467,0.6413034290348597,-0.6297539155847811,-0.0839137083556403,0.4302306442639467,0.2276860162731976,-0.1604462067136885,0.5625041415701059,0.7784633475387951,-0.2353222074611596,-0.4420569042301545,0.3830660360235365,0.7761891291066068,-0.1337106047927996,-0.4912642669844315,0.2171299343076031,0.8328478166974852,0.0828437823872249,-0.9583823288828143,0.2722460437006533,0.0228541264167390,0.2032192125544701,-0.9332174592617075,0.2926506124413575,0.0465053159924950,0.2032192125544701,-0.9332174592617075,0.2926506124413575,0.0465053159924950,-0.3741591973774556,0.6189732393005557,0.4266485183580342,0.5429991398064351
2.4129647643276257,1.8191494955441847,0.1585634884080948,-0.4253928053057316,0.5849514032391471,0.3782941348175025,0.5777251635556041,-0.3176429275489953,0.2510144466203545,0.0925660605156853,1.6480407600564966,-0.3603034999386203,-0.2618828775511763,-0.3910967946820315,-0.2659689639618645,-0.0289868235081690,1.6484574368237110,-0.3597739712626296,-0.2618136533506827,0.1678274506899653,-1.8181853470169258,0.6699617568026848,0.1346281660190294,-2.1841805039166204,0.0883238806053248,-2.1416183737563190,-1.1575142444756306,-0.4205268764246342,-2.0077143944637923,-0.2543171090205452,0.0038829202602908,-0.0071697924306610,0.0178947322887367,0.0087336911239983,-0.0603574212855386,-0.2485508931147750,-0.0536210843831369,0.1044084051336360,0.0726910268500616,-0.3058886785859882,0.0048801693697804,-0.0052376473199731,0.0001194734042674,-0.1545031721980313,0.0256848772430427,-0.6203453202118767,-0.0283720408753415,-0.0050163353524172,0.0002530752265450,0.2591286082906092,2.2389344646712170,0.6256896203511301,-0.0896743147574812,-0.0303049049964142,0.0091370238556611,0.1368088913683442,-0.0007115688180070,-0.1080483377000689,-0.0787183906345630,-0.0172068330148236,-0.0026198112086198,0.0000000000000000,0.0000000000000000,-0.4253928053057316,0.5849514032391471,0.3782941348175025,0.5777251635556041,-0.4253928053057316,0.5849514032391471,0.3782941348175025,0.5777251635556041,-0.3382442606765338,0.5066898046600735,0.4622182502827512,0.6443683349439768,-0.2549725532965165,0.5605351580466850,0.3951969200721198,0.6816221299404408,-0.2285906099485834,0.5718015384591943,0.4265126562902600,0.6624773865448232,-0.4682858303172895,0.8745917324520214,0.1219634947698923,0.0303741435127391,-0.4388551198164984,0.8549963617419468,0.2038943273935930,0.1865864638059108,-0.4594604200840660,0.8210550635382737,0.3137837758288547,0.1276888681166896,-0.4594604200840660,0.8210550635382737,0.3137837758288547,0.1276888681166896,-0.3757479196799272,0.4440992875722332,0.4218417604504709,0.6954414804813480,-0.4646572856304320,0.3842326946640550,0.4770114091227972,0.6394677152354458,-0.4699428866335872,0.3777497055468517,0.4680944130493502,0.6460235783109949,-0.6627410288980178,0.7307401533434187,-0.0270744314939585,0.1614315089011817,-0.6568915609656379,0.6900672592460732,0.0919357023014012,0.2895660226806456,-0.6890692000375690,0.6721622825414822,0.1812259958440388,0.2013421017039040,-0.6890692000375690,0.6721622825414822,0.1812259958440388,0.2013421017039040,-0.3750283844799809,0.6184503971958163,0.4252442544865853,0.5440957094747398,0.0749478913096170,-0.0688512918267258,0.5293515825086421,0.8422762108106988,0.3471989102486781,0.1086736345090754,0.5226314566242646,0.7710378190669490,0.3559262134069771,0.0818267908911199,0.5718050382085692,0.7346154811746946,0.6641403316901514,-0.5945869826526137,-0.0926323687932742,0.4436250490383767,0.6334540770871234,-0.6229141343517748,-0.0809087526317273,0.4518491863377170,0.6334540770871234,-0.6229141343517748,-0.0809087526317273,0.4518491863377170,0.2268139972728327,-0.1594986735332318,0.5622972303667699,0.7790618771985435,-0.2362579663818445,-0.4410904740541218,0.3834803721648748,0.7762500700058675,-0.1342016324545330,-0.4907428117259628,0.2165225158428584,0.8332343096145967,0.0822884101764005,-0.9584260524815369,0.2722781683036845,0.0226432890828337,0.2028307383164333,-0.9332822038061885,0.2927387826021348,0.0463467885974205,0.2028307383164333,-0.9332822038061885,0.2927387826021348,0.0463467885974205,-0.3738253595257248,0.6191783131964410,0.4263012157814881,0.5432679729800914
2.4127563452099947,1.8195836605060507,0.1585806753522224,-0.4266791899517645,0.5842046986535332,0.3763966517418562,0.5787705067561406,-0.3160337352399722,0.2524161597815530,0.0861976944131551,1.6481063731893497,-0.3604075975171840,-0.2618803362862489,-0.3940484885771653,-0.2652385786997154,-0.0412866381545760,1.6476464948608487,-0.3598878231628925,-0.2618066810731333,0.1720434599426691,-1.7730660270143210,0.6814624474936720,0.1329234885542839,-2.1848342483676091,0.0885058016734530,-2.1386205904116817,-1.1572188032623736,-0.4229289609727662,-2.0090713245222975,-0.2546586070828968,0.0038344313810702,-0.0105050240848079,0.0229887521124671,-0.0012149919886323,-0.1295859238781233,-0.2273008066271574,-0.0378663272808959,0.0916132798968260,0.0634725215826550,-0.3244977574856394,0.0038758570058725,-0.0051899229553305,0.0001253824108545,-0.1315729877370386,0.0296380757388189,-0.6175775453806751,-0.0375840681781296,-0.0057926779796408,0.0004401331417775,0.2184056211291819,2.1520647447351275,0.5990285849108004,-0.0988182447132270,-0.0235074704388420,0.0089853448322645,0.1375983105743275,-0.0026781445365335,-0.1042016506349413,-0.0576594884853741,-0.0169759457812170,-0.0025992892269729,0.0000000000000000,0.0000000000000000,-0.4266791899517645,0.5842046986535332,0.3763966517418562,0.5787705067561406,-0.4266791899517645,0.5842046986535332,0.3763966517418562,0.5787705067561406,-0.3403056288826369,0.5062828810344188,0.4601791425360650,0.6450619195837349,-0.2564462152751056,0.5601554050442147,0.3928270879833662,0.6827504227881035,-0.2318882994587521,0.5707596304078469,0.4220947822870978,0.6650543253275125,-0.4672876376544604,0.8757762591278614,0.1165266165096117,0.0328596300670573,-0.4388368913365931,0.8557065257823865,0.1983894439275930,0.1892885444858531,-0.4597949872233424,0.8224782981729908,0.3084177017664884,0.1303707789185292,-0.4597949872233424,0.8224782981729908,0.3084177017664884,0.1303707789185292,-0.3768913332812082,0.4419513024756374,0.4204448125296945,0.6970352421179795,-0.4657704144322829,0.3824606305177766,0.4752038091671689,0.6410640583409247,-0.4733355693473890,0.3730571694084687,0.4622716016845236,0.6504511921885828,-0.6607840418313040,0.7307369190267853,-0.0332572547645982,0.1681724122377065,-0.6560675385092927,0.6888414063905062,0.0855393467811723,0.2962362602865444,-0.6891222311419215,0.6717824334034376,0.1747221370529677,0.2080651040904738,-0.6891222311419215,0.6717824334034376,0.1747221370529677,0.2080651040904738,-0.3750442816802739,0.6186210858398595,0.4246114667594310,0.5443848282507923,0.0623589076744150,-0.0500219875924250,0.5317065630061086,0.8431472577475345,0.3400702057169765,0.1302272828040382,0.5179333192602525,0.7740401713071143,0.3501251375037928,0.1041317704336322,0.5667468215756618,0.7384896767783499,0.6557165299715944,-0.5881959520853318,-0.0902144151193721,0.4646748471534796,0.6250560663474499,-0.6163040438473815,-0.0774775537736734,0.4727276891835970,0.6250560663474499,-0.6163040438473815,-0.0774775537736734,0.4727276891835970,0.2254359696254697,-0.1584824763708263,0.5622881453627930,0.7796755542319285,-0.2376310829633413,-0.4401773127471853,0.3840945027917292,0.7760456266724980,-0.1351206943293070,-0.4903588380466197,0.2161918958291873,0.8333976674381303,0.0816847526414013,-0.9583278698082563,0.2728260188664968,0.0223888044374893,0.2023775143927986,-0.9331985046438720,0.2933401599933256,0.0462108551503141,0.2023775143927986,-0.9331985046438720,0.2933401599933256,0.0462108551503141,-0.3738559532342420,0.6193399610053236,0.4256558017726814,0.5435686500806460
2.4125077315381178,1.8200872373164885,0.1584976517097526,-0.4279903695681238,0.5835185125536796,0.3744776093263204,0.5797386559281046,-0.3143474842003667,0.2536269324766285,0.0795123057755709,1.6481949822427573,-0.3605107649608836,-0.2618778164678976,-0.3968010747613004,-0.2647050700680952,-0.0536311155531405,1.6469762197135618,-0.3600015037710534,-0.2617978773768007,0.1760090412356750,-1.7311362209620760,0.6927901537427695,0.1309316669367813,-2.1852413451940693,0.0886843601450128,-2.1358475520459228,-1.1573525205949959,-0.4249705719993622,-2.0100008900550153,-0.2549955801282521,0.0037844284820050,-0.0122153943309561,0.0256413962039981,-0.0040519970542483,-0.1112272683955840,-0.2285347269436633,-0.0456113200051686,0.1112922728045346,0.0482171095398055,-0.3371039711084831,0.0081761780274674,-0.0051544774899778,0.0001195180462980,-0.0891303613587046,0.0192140583390850,-0.6152894069390268,-0.0312793450010591,-0.0061084025159339,0.0005857097241100,0.2356636067837324,1.9386751136171125,0.6272865900966738,-0.1254212839360476,-0.0054971707309591,0.0087817570814291,0.1064886082214474,-0.0403270170846808,-0.0709754632038336,-0.0363742031183520,-0.0167530554932406,-0.0028548297740000,0.0000000000000000,0.0000000000000000,-0.4279903695681238,0.5835185125536796,0.3744776093263204,0.5797386559281046,-0.4279903695681238,0.5835185125536796,0.3744776093263204,0.5797386559281046,-0.3423925997194084,0.5059522160703435,0.4581131104369152,0.6456872623466470,-0.2580135879596011,0.5598098901136404,0.3904717068260267,0.6837936249538569,-0.2353676522514027,0.5697018456302346,0.4175660823354893,0.6675930214151118,-0.4663318178043050,0.8769223224392603,0.1108783141406757,0.0353252822265813,-0.4388989192321991,0.8563822178611941,0.1926839472819502,0.1919638822481871,-0.4602056251047691,0.8238935357796451,0.3028482265253102,0.1330156983702189,-0.4602056251047691,0.8238935357796451,0.3028482265253102,0.1330156983702189,-0.3780927496783051,0.4399334171898404,0.4190236519015273,0.6985153113765478,-0.4669789611544841,0.3807796725270016,0.4734227216805842,0.6425016867105142,-0.4767940787646778,0.3684154117645377,0.4564284487432962,0.6546835586809064,-0.6588597133919101,0.7306293332955625,-0.0395398588313063,0.1747033341433749,-0.6552942009591814,0.6875496192687204,0.0790508226177147,0.3026813484114397,-0.6891958757251740,0.6713493625915350,0.1681176518425100,0.2145589275008381,-0.6891958757251740,0.6713493625915350,0.1681176518425100,0.2145589275008381,-0.3751939191377840,0.6187884404042692,0.4238538607071493,0.5446818280682091,0.0503593424694019,-0.0323988510066955,0.5336361278582169,0.8435915683101531,0.3332881676250756,0.1503781485283471,0.5130337366560328,0.7765962881826399,0.3445202787052381,0.1250560448948496,0.5613595370472143,0.7419853323093787,0.6471765926436356,-0.5820577980710629,-0.0880232305387762,0.4843790752338051,0.6165448463502352,-0.6099335936871572,-0.0743295620722704,0.4922688086127118,0.6165448463502352,-0.6099335936871572,-0.0743295620722704,0.4922688086127118,0.2239288678529754,-0.1575300013345824,0.5623192814335412,0.7802801974609355,-0.2392461795467564,-0.4394081385851368,0.3846286044193188,0.7757206906998633,-0.1363240416352383,-0.4901394987304858,0.2159358700490525,0.8333971007164712,0.0809386100244310,-0.9581590316914191,0.2736627779390953,0.0221109784073864,0.2017736945946448,-0.9330550219716003,0.2942299185703667,0.0460918339977735,0.2017736945946448,-0.9330550219716003,0.2942299185703667,0.0460918339977735,-0.3740205992906251,0.6194983472473510,0.4248853086849524,0.5438776181529943
2.4122258841159714,1.8206602095753124,0.1583193455448978,-0.4293295717320125,0.5828656006624015,0.3725530625564272,0.5806444919059259,-0.3126756298482322,0.2547587668012197,0.0725390235916107,1.6482996623302841,-0.3606126805467667,-0.2618752989258244,-0.3998716582072150,-0.2643675624410060,-0.0659899344485284,1.6465239047356122,-0.3601060398154231,-0.2617901159523197,0.1796162910391987,-1.6921530758308014,0.7031654592239043,0.1288262500558128,-2.1854733572306255,0.0888602487065536,-2.1330970618510521,-1.1579630007875152,-0.4268654892124005,-2.0105313456563425,-0.2553280441821674,0.0037353011376741,-0.0130263235793038,0.0284804875323270,-0.0078652856303330,-0.1041377793257371,-0.2251975510668425,-0.0444227718085529,0.0832073091414763,0.0526992220039797,-0.3564502144759642,0.0066894569710363,-0.0050366942186670,0.0001265394196720,-0.1371375214351322,0.0166935266029684,-0.6171192157884947,-0.0268678583896476,-0.0056452330955514,0.0005055946121257,0.1745665283986156,1.8693677045230781,0.5022364428623970,-0.1077383181045649,-0.0083610499904702,0.0087341471322075,0.1330712907066955,-0.0400393551693159,-0.0878930108666486,-0.0200460203588363,-0.0165176337471777,-0.0024126146427432,0.0000000000000000,0.0000000000000000,-0.4293295717320125,0.5828656006624015,0.3725530625564272,0.5806444919059259,-0.4293295717320125,0.5828656006624015,0.3725530625564272,0.5806444919059259,-0.3445267174096877,0.5056870821797621,0.4560197882857784,0.6462413392837206,-0.2596761250987747,0.5595002226010199,0.3881146393800379,0.6847589631848547,-0.2390143192431340,0.5686337522814193,0.4129286969857407,0.6700878316823493,-0.4654108673819051,0.8780298945632955,0.1050270351881991,0.0377564650830470,-0.4390323421257258,0.8570260558332594,0.1867847856898417,0.1945980113600497,-0.4606816616784473,0.8253024593472260,0.2970825931247632,0.1356104348893218,-0.4606816616784473,0.8253024593472260,0.2970825931247632,0.1356104348893218,-0.3793076816355849,0.4379015243343063,0.4176214194882402,0.6999716334413526,-0.4682652071602513,0.3790314253635422,0.4716996646347792,0.6438651261976256,-0.4802898593107857,0.3636739978238441,0.4506091139630860,0.6587976174542909,-0.6569774731255971,0.7303829496314125,-0.0459077591358705,0.1811458648281683,-0.6545785566330555,0.6861375528399736,0.0724833480156479,0.3090118703859123,-0.6893117766180223,0.6708072422638456,0.1614193943835729,0.2209314315775821,-0.6893117766180223,0.6708072422638456,0.1614193943835729,0.2209314315775821,-0.3754316696582347,0.6189565824973230,0.4230330671615485,0.5449649846446621,0.0391132743751280,-0.0160986129416614,0.5351748089217279,0.8436817589142259,0.3268802110825247,0.1689367318193942,0.5080665528109831,0.7787670294507787,0.3391282365750951,0.1443974176873800,0.5557985123858460,0.7451371944496951,0.6386760234015869,-0.5762897590889110,-0.0860092829457655,0.5025788037197103,0.6080722461876754,-0.6039267198197498,-0.0714241374607990,0.5103128972424792,0.6080722461876754,-0.6039267198197498,-0.0714241374607990,0.5103128972424792,0.2223622547919185,-0.1566137910682988,0.5623809636430120,0.7808679784848561,-0.2411160914102558,-0.4387924747473232,0.3850472593409117,0.7752824018654189,-0.1378082197549384,-0.4901021890133867,0.2156964010694565,0.8332369419666561,0.0800037709096057,-0.9579326683742814,0.2747535525742529,0.0217918528216107,0.2009743152733015,-0.9328713580789272,0.2953763935619807,0.0459689025616518,0.2009743152733015,-0.9328713580789272,0.2953763935619807,0.0459689025616518,-0.3742735259481120,0.6196575807439969,0.4240514458196843,0.5441729336333252
2.4119097410237216,1.8212926741188389,0.1580632696741272,-0.4307027833461116,0.5822445272240377,0.3706128864278584,0.5814916262072739,-0.3109211470218952,0.2557610093885507,0.0653311138567473,1.6484402518127865,-0.3607125777040331,-0.2618728257829976,-0.4026618339245365,-0.2640928036230417,-0.0782006551923884,1.6461618729665346,-0.3602130717760869,-0.2617799679773919,0.1831637823030160,-1.6568312078220793,0.7128385304856290,0.1265553693791271,-2.1855690675310186,0.0890332164684271,-2.1305576541329923,-1.1590891160968828,-0.4284448629356732,-2.0108557035687040,-0.2556559269751345,0.0036860077086878,-0.0148429800177524,0.0309360853749899,-0.0107775323076962,-0.1119594549994494,-0.2223683989312586,-0.0437630558434908,0.0848811941371529,0.0522895430930922,-0.3693250700843288,0.0083995802922222,-0.0049564223122932,0.0001281636782687,-0.1821549643979000,0.0050698086760497,-0.6101104262998136,0.0025189688259822,-0.0041253517544050,0.0003376560772285,0.1678502193556492,1.6904479400349028,0.4519990378158586,-0.1083812719670273,-0.0054626082016333,0.0086062653321106,0.1353215231193954,-0.0643498762970741,-0.0809818132894679,-0.0145779643569338,-0.0162930610954079,-0.0023683411155696,0.0000000000000000,0.0000000000000000,-0.4307027833461116,0.5822445272240377,0.3706128864278584,0.5814916262072739,-0.4307027833461116,0.5822445272240377,0.3706128864278584,0.5814916262072739,-0.3466987159913105,0.5054700812443398,0.4539044905181840,0.6467385180923154,-0.2614235615287747,0.5592099143319169,0.3857636080018717,0.6856591222552781,-0.2428108545908822,0.5675393340574241,0.4081996831974339,0.6725436876724179,-0.4645252765029541,0.8790918528387384,0.0989967674194162,0.0401674221591721,-0.4392334503030206,0.8576285873842546,0.1807154354352273,0.1972032292627254,-0.4612210252540945,0.8266926310421405,0.2911428451531639,0.1381676639460372,-0.4612210252540945,0.8266926310421405,0.2911428451531639,0.1381676639460372,-0.3806035801403130,0.4360127288194147,0.4161912436351968,0.7012978424415776,-0.4696284996105604,0.3774176629078360,0.4699767639962121,0.6450789264751789,-0.4838039671445085,0.3590664858999157,0.4448055747451294,0.6626861857277363,-0.6551211940436392,0.7300631264880848,-0.0522924379231456,0.1873220579465563,-0.6538920016431085,0.6846995514475239,0.0659054484567000,0.3150686374402408,-0.6894204467064573,0.6702409146127460,0.1547065618123189,0.2270296099066151,-0.6894204467064573,0.6702409146127460,0.1547065618123189,0.2270296099066151,-0.3757532202958209,0.6191309187092428,0.4221479425011710,0.5452316366257526,0.0286839271477818,-0.0012128611663584,0.5363582344250827,0.8435019891236650,0.3208437716054107,0.1857824927262280,0.5031565283927357,0.7806264455898312,0.3339459845023672,0.1620206604265560,0.5502198128030884,0.7479889990024060,0.6303562854318774,-0.5710087509936612,-0.0841337568477445,0.5191545729971649,0.5997756668288282,-0.5984064662472853,-0.0687296451622111,0.5267400559188061,0.5997756668288282,-0.5984064662472853,-0.0687296451622111,0.5267400559188061,0.2207441107338407,-0.1557389954343280,0.5624665671915523,0.7814401855991173,-0.2432010497608939,-0.4383147467650798,0.3853614623641117,0.7747451035586197,-0.1395422077054894,-0.4902214837492087,0.2154895829463310,0.8329316351184044,0.0789307700031914,-0.9576514830907270,0.2760739487761039,0.0213716000337725,0.2000279371375783,-0.9326441897050087,0.2967624920625944,0.0457784128031040,0.2000279371375783,-0.9326441897050087,0.2967624920625944,0.0457784128031040,-0.3746100541669931,0.6198232686673139,0.4231533784416357,0.5444516886271900
2.4115715633945238,1.8219746118073097,0.1577405870294399,-0.4321044628664815,0.5816426797906331,0.3686821223793121,0.5822808762570910,-0.3091106922687442,0.2566814784688120,0.0578603708558031,1.6486319208712596,-0.3608107217730685,-0.2618703269112510,-0.4054308147397265,-0.2639116490486719,-0.0902827995560738,1.6459363977711059,-0.3603169492632202,-0.2617683381969072,0.1866379337449733,-1.6252032681676807,0.7216590481620572,0.1242491004057190,-2.1856170340166572,0.0892035141179382,-2.1280860513593516,-1.1606650372618375,-0.4298019990136338,-2.0111306773956437,-0.2559793459827079,0.0036369353906508,-0.0159475208996261,0.0335025306244216,-0.0150379479502706,-0.1231548657707406,-0.2160676583130206,-0.0376591225159885,0.1088185257502894,0.0371633166283634,-0.3801965349861432,0.0153260853337782,-0.0048749298560583,0.0001230071700872,-0.0971428971156364,0.0041268603425487,-0.6024445139614265,-0.0101873177624301,-0.0056231584706351,0.0007395073016264,0.2046567703899961,1.4503029859061758,0.4878382919848995,-0.1313339041348564,0.0025673349467277,0.0084058551737806,0.1003704600184486,-0.1025608312878146,-0.0448090733717014,-0.0134089097090732,-0.0160761320817711,-0.0026860978554974,0.0000000000000000,0.0000000000000000,-0.4321044628664815,0.5816426797906331,0.3686821223793121,0.5822808762570910,-0.4321044628664815,0.5816426797906331,0.3686821223793121,0.5822808762570910,-0.3488965077174367,0.5052851306289682,0.4517939852858995,0.6471787686005520,-0.2632209924087235,0.5589397545924131,0.3834282450621264,0.6865011586152764,-0.2467275420531915,0.5664136828333607,0.4033822857661093,0.6749694744369168,-0.4636574616616421,0.8801117286840021,0.0928089797540263,0.0425628541730446,-0.4394810700850703,0.8581924213526468,0.1744939469276283,0.1997849330039168,-0.4618034231814737,0.8280642907265309,0.2850471890846642,0.1406955178972334,-0.4618034231814737,0.8280642907265309,0.2850471890846642,0.1406955178972334,-0.3818952026787432,0.4340561057083659,0.4148043883893051,0.7026298247592565,-0.4710251115722994,0.3757035403286206,0.4683099756723939,0.6462723580183242,-0.4872859094931027,0.3543589258881964,0.4390707749344268,0.6664825944098803,-0.6532896746411940,0.7296264831102788,-0.0586796727942580,0.1934282609963897,-0.6532312622527122,0.6831599721624745,0.0593263938543925,0.3210323183776493,-0.6895424589716991,0.6695739835982081,0.1479792183423940,0.2330322482028246,-0.6895424589716991,0.6695739835982081,0.1479792183423940,0.2330322482028246,-0.3761515555531803,0.6192999927644778,0.4212253567557157,0.5454784368266631,0.0191349477268126,0.0121915626427377,0.5372433116654758,0.8431220811048256,0.3151858156795416,0.2008373423589647,0.4984409413793648,0.7822268797896567,0.3289933446550917,0.1778210721958419,0.5448145010359149,0.7505466040938189,0.6223992316598781,-0.5662855848475512,-0.0823569202954544,0.5340010959750060,0.5918346940882369,-0.5934516684448716,-0.0662126174480746,0.5414450123365764,0.5918346940882369,-0.5934516684448716,-0.0662126174480746,0.5414450123365764,0.2190539102930563,-0.1548416552766200,0.5625971869295584,0.7819999050098824,-0.2455022699932854,-0.4379246776017401,0.3856339063117610,0.7741040643726704,-0.1415104736663840,-0.4904582652014609,0.2153350264239967,0.8325000314313901,0.0777645597702730,-0.9573135774358082,0.2776154654398650,0.0208096383773799,0.1989777675415564,-0.9323659765431118,0.2983844630400415,0.0454779729681737,0.1989777675415564,-0.9323659765431118,0.2983844630400415,0.0454779729681737,-0.3750230918735068,0.6199839952327759,0.4222180578128665,0.5447104165275075
