base_x,base_y,base_z,base_qx,base_qy,base_qz,base_qw,J00_HIP_PITCH_L,J01_HIP_ROLL_L,J02_HIP_YAW_L,J03_KNEE_PITCH_L,J04_ANKLE_PITCH_L,J05_ANKLE_ROLL_L,J06_HIP_PITCH_R,J07_HIP_ROLL_R,J08_HIP_YAW_R,J09_KNEE_PITCH_R,J10_ANKLE_PITCH_R,J11_ANKLE_ROLL_R,J12_WAIST_YAW,J13_SHOULDER_PITCH_L,J14_SHOULDER_ROLL_L,J15_SHOULDER_YAW_L,J16_ELBOW_PITCH_L,J17_ELBOW_YAW_L,J18_SHOULDER_PITCH_R,J19_SHOULDER_ROLL_R,J20_SHOULDER_YAW_R,J21_ELBOW_PITCH_R,J22_ELBOW_YAW_R,J23_HEAD_YAW,base_vx,base_vy,base_vz,base_wx,base_wy,base_wz,dJ00_HIP_PITCH_L,dJ01_HIP_ROLL_L,dJ02_HIP_YAW_L,dJ03_KNEE_PITCH_L,dJ04_ANKLE_PITCH_L,dJ05_ANKLE_ROLL_L,dJ06_HIP_PITCH_R,dJ07_HIP_ROLL_R,dJ08_HIP_YAW_R,dJ09_KNEE_PITCH_R,dJ10_ANKLE_PITCH_R,dJ11_ANKLE_ROLL_R,dJ12_WAIST_YAW,dJ13_SHOULDER_PITCH_L,dJ14_SHOULDER_ROLL_L,dJ15_SHOULDER_YAW_L,dJ16_ELBOW_PITCH_L,dJ17_ELBOW_YAW_L,dJ18_SHOULDER_PITCH_R,dJ19_SHOULDER_ROLL_R,dJ20_SHOULDER_YAW_R,dJ21_ELBOW_PITCH_R,dJ22_ELBOW_YAW_R,dJ23_HEAD_YAW,left_foot_contact,right_foot_contact,base_quat_x,base_quat_y,base_quat_z,base_quat_w,LINK_BASE_qx,LINK_BASE_qy,LINK_BASE_qz,LINK_BASE_qw,LINK_HIP_PITCH_L_qx,LINK_HIP_PITCH_L_qy,LINK_HIP_PITCH_L_qz,LINK_HIP_PITCH_L_qw,LINK_HIP_ROLL_L_qx,LINK_HIP_ROLL_L_qy,LINK_HIP_ROLL_L_qz,LINK_HIP_ROLL_L_qw,LINK_HIP_YAW_L_qx,LINK_HIP_YAW_L_qy,LINK_HIP_YAW_L_qz,LINK_HIP_YAW_L_qw,LINK_KNEE_PITCH_L_qx,LINK_KNEE_PITCH_L_qy,LINK_KNEE_PITCH_L_qz,LINK_KNEE_PITCH_L_qw,LINK_ANKLE_PITCH_L_qx,LINK_ANKLE_PITCH_L_qy,LINK_ANKLE_PITCH_L_qz,LINK_ANKLE_PITCH_L_qw,LINK_ANKLE_ROLL_L_qx,LINK_ANKLE_ROLL_L_qy,LINK_ANKLE_ROLL_L_qz,LINK_ANKLE_ROLL_L_qw,LINK_FOOT_L_qx,LINK_FOOT_L_qy,LINK_FOOT_L_qz,LINK_FOOT_L_qw,LINK_HIP_PITCH_R_qx,LINK_HIP_PITCH_R_qy,LINK_HIP_PITCH_R_qz,LINK_HIP_PITCH_R_qw,LINK_HIP_ROLL_R_qx,LINK_HIP_ROLL_R_qy,LINK_HIP_ROLL_R_qz,LINK_HIP_ROLL_R_qw,LINK_HIP_YAW_R_qx,LINK_HIP_YAW_R_qy,LINK_HIP_YAW_R_qz,LINK_HIP_YAW_R_qw,LINK_KNEE_PITCH_R_qx,LINK_KNEE_PITCH_R_qy,LINK_KNEE_PITCH_R_qz,LINK_KNEE_PITCH_R_qw,LINK_ANKLE_PITCH_R_qx,LINK_ANKLE_PITCH_R_qy,LINK_ANKLE_PITCH_R_qz,LINK_ANKLE_PITCH_R_qw,LINK_ANKLE_ROLL_R_qx,LINK_ANKLE_ROLL_R_qy,LINK_ANKLE_ROLL_R_qz,LINK_ANKLE_ROLL_R_qw,LINK_FOOT_R_qx,LINK_FOOT_R_qy,LINK_FOOT_R_qz,LINK_FOOT_R_qw,LINK_TORSO_YAW_qx,LINK_TORSO_YAW_qy,LINK_TORSO_YAW_qz,LINK_TORSO_YAW_qw,LINK_SHOULDER_PITCH_L_qx,LINK_SHOULDER_PITCH_L_qy,LINK_SHOULDER_PITCH_L_qz,LINK_SHOULDER_PITCH_L_qw,LINK_SHOULDER_ROLL_L_qx,LINK_SHOULDER_ROLL_L_qy,LINK_SHOULDER_ROLL_L_qz,LINK_SHOULDER_ROLL_L_qw,LINK_SHOULDER_YAW_L_qx,LINK_SHOULDER_YAW_L_qy,LINK_SHOULDER_YAW_L_qz,LINK_SHOULDER_YAW_L_qw,LINK_ELBOW_PITCH_L_qx,LINK_ELBOW_PITCH_L_qy,LINK_ELBOW_PITCH_L_qz,LINK_ELBOW_PITCH_L_qw,LINK_ELBOW_YAW_L_qx,LINK_ELBOW_YAW_L_qy,LINK_ELBOW_YAW_L_qz,LINK_ELBOW_YAW_L_qw,LINK_ELBOW_END_L_qx,LINK_ELBOW_END_L_qy,LINK_ELBOW_END_L_qz,LINK_ELBOW_END_L_qw,LINK_SHOULDER_PITCH_R_qx,LINK_SHOULDER_PITCH_R_qy,LINK_SHOULDER_PITCH_R_qz,LINK_SHOULDER_PITCH_R_qw,LINK_SHOULDER_ROLL_R_qx,LINK_SHOULDER_ROLL_R_qy,LINK_SHOULDER_ROLL_R_qz,LINK_SHOULDER_ROLL_R_qw,LINK_SHOULDER_YAW_R_qx,LINK_SHOULDER_YAW_R_qy,LINK_SHOULDER_YAW_R_qz,LINK_SHOULDER_YAW_R_qw,LINK_ELBOW_PITCH_R_qx,LINK_ELBOW_PITCH_R_qy,LINK_ELBOW_PITCH_R_qz,LINK_ELBOW_PITCH_R_qw,LINK_ELBOW_YAW_R_qx,LINK_ELBOW_YAW_R_qy,LINK_ELBOW_YAW_R_qz,LINK_ELBOW_YAW_R_qw,LINK_ELBOW_END_R_qx,LINK_ELBOW_END_R_qy,LINK_ELBOW_END_R_qz,LINK_ELBOW_END_R_qw,LINK_HEAD_YAW_qx,LINK_HEAD_YAW_qy,LINK_HEAD_YAW_qz,LINK_HEAD_YAW_qw
2.2066279999999998,-0.7851730000000000,0.5152050000000000,0.2257429267182143,0.2298609253814092,-0.0601819804634278,0.9447656933054865,0.4249170000000000,0.5857990000000000,0.4000050000000000,0.4304800000000000,0.7463750000000000,0.2756780000000000,-0.3731610000000000,0.2462710000000000,-0.0150790000000000,1.2798240000000001,0.2235230000000000,0.3000710000000000,0.0863170000000000,-0.3513220000000000,0.7287260000000000,-0.0427210000000000,0.0815590000000000,-0.0756900000000000,0.0781270000000000,-0.0466650000000000,0.0740680000000000,-0.1505070000000000,-0.0764690000000000,0.0002100000000000,2.2272629781408835,-1.9426569931710733,-1.9880824254168457,1.1556422492785834,3.3019465079960084,0.4525566064000170,4.0389949999999999,-0.6356540000000001,-10.2263420000000007,-1.5319910000000001,-1.2075840000000000,-0.4022540000000000,0.7435000000000000,0.1878170000000000,-1.4531970000000001,-3.0919240000000001,4.7350420000000000,6.4371510000000001,0.0047110000000000,-0.9992460000000000,-0.1054050000000000,0.1355020000000000,-2.1027269999999998,-0.1751800000000000,-0.4440570000000000,-0.3395610000000000,0.2553110000000000,0.1993160000000000,-0.0093910000000000,0.0075300000000000,0.0000000000000000,0.0000000000000000,0.2257429267182143,0.2298609253814092,-0.0601819804634278,0.9447656933054865,0.2257429267182143,0.2298609253814092,-0.0601819804634278,0.9447656933054865,0.2203802080998613,0.4294413483898178,-0.0644108746051692,0.8734208214850353,0.4631766870137776,0.3925544387031447,-0.1856600256617635,0.7725922107636559,0.5319332499897664,0.2927091530750695,-0.0284668233103675,0.7940768282930917,0.5257389748948565,0.4555553719326223,0.0858013563445496,0.7132362586333303,0.4582704209234022,0.6842349931534073,0.2715723914184702,0.4980553500067010,0.5223581006206990,0.7150600293851483,0.1749806961127455,0.4303637125496820,0.5223581006206990,0.7150600293851483,0.1749806961127455,0.4303637125496820,0.2000058231117850,0.0674273902601697,-0.1449449174248130,0.9666654998895918,0.3172217284422045,0.0491140604715271,-0.1521291921643649,0.9347806656962677,0.3168424204486395,0.0515043351195621,-0.1591725804228436,0.9336071302800086,0.3492005154033540,0.5987941372135204,0.0615144681863628,0.7181368612489524,0.3401612706791001,0.6751514432757256,0.1000766690302941,0.6468736344051177,0.4330301154596130,0.6825254215456540,-0.0019646845603449,0.5887615035509202,0.4330301154596130,0.6825254215456540,-0.0019646845603449,0.5887615035509202,0.2354500919306595,0.2199071808521650,-0.0193639268405411,0.9464825008191178,0.2260363662015448,0.0540267908735904,-0.0705177619009136,0.9700597467572750,0.5568821438285984,0.0253506836993143,-0.0851410107503425,0.8258272392027595,0.5563289185761143,0.0383235575932439,-0.1019785106624225,0.8237899141482631,0.5602052786568394,0.0703739705628814,-0.0771531079221387,0.8217450626381532,0.5640677312914356,0.0922813433415261,-0.1066620771828781,0.8135938479842688,0.5640677312914356,0.0922813433415261,-0.1066620771828781,0.8135938479842688,0.2354859522893457,0.2572073664153154,-0.0124931016062900,0.9371417498694276,0.2135579793166696,0.2574288258771734,-0.0064889547345764,0.9423806463123771,0.2229392645203452,0.2515517217836001,0.0288352829649557,0.9413757709114702,0.2254666156766210,0.1791463805892799,0.0165211778230882,0.9574959165554857,0.2265276826101505,0.1852856283930016,-0.0211696458103146,0.9559844617035108,0.2265276826101505,0.1852856283930016,-0.0211696458103146,0.9559844617035108,0.2354731808866879,0.2198824573803194,-0.0192645460713941,0.9464845288139475
2.2449105386433983,-0.8190818472877048,0.4759249523103458,0.2349957887852451,0.2649334344370677,-0.0566658295379214,0.9334753549683887,0.4627905214504177,0.5922387403730994,0.2524173203103555,0.4335064355772438,0.7271452154204917,0.2693453721979817,-0.3911742612572349,0.2460178040510320,-0.0478738133641932,1.2551700736657827,0.2930623140169167,0.3283610887598573,0.0845238919036220,-0.3753780870687564,0.7316976270773226,-0.0755438738679840,-0.0331016356214260,-0.0813542820867630,0.0637634792797510,-0.0827843667567855,0.1122081735177377,-0.2126948357476202,-0.0626850081561813,0.0002541642107900,1.9673480933991980,-1.8695295730908534,-1.9957043503384515,1.8206634516825591,4.0633634062967090,1.1271201010046061,1.0140648025880692,0.6884790903979270,-5.2425765556072825,0.6097620341906227,-0.7057371891897463,-0.2467006722845774,-1.4785998031726104,-0.1232583507546583,-1.7877476326065536,-0.3892391145092926,2.6681104926195598,-0.7140989685844281,-0.1037127927417411,-1.4824286473956094,0.4164706823195764,-2.5845643594457828,-7.8232349378642301,-0.3330531637542061,-1.0554218020587136,-2.8938968075138911,2.7642462280531839,-5.0260932938385396,1.0517421385890997,0.0002398318538587,0.0000000000000000,0.0000000000000000,0.2349957887852451,0.2649334344370677,-0.0566658295379214,0.9334753549683887,0.2349957887852451,0.2649334344370677,-0.0566658295379214,0.9334753549683887,0.2256279042320338,0.4777168951015837,-0.0585054562069876,0.8470275842972145,0.4624668365333672,0.4399866727106657,-0.1950590887615412,0.7446395804920219,0.5161473772169175,0.3755738702948859,-0.0957741181255337,0.7637823454630864,0.5246776984510806,0.5306390792937150,0.0171496197830615,0.6654632753320741,0.4841389491456776,0.7329071190003158,0.2029538731602472,0.4327428314923661,0.5379476051247267,0.7535460022872102,0.1025258121111584,0.3636884029337234,0.5379476051247267,0.7535460022872102,0.1025258121111584,0.3636884029337234,0.2067980793724384,0.0977655020179002,-0.1459887823315485,0.9624779147681313,0.3234451129711789,0.0790947758418569,-0.1568911545817249,0.9297916115687432,0.3216140379820929,0.0862388267734738,-0.1774450903804990,0.9260888268570374,0.3645064660237247,0.6138695219231357,0.0453584143702772,0.6987430575873865,0.3542380352231646,0.7077048875657661,0.0971481545296798,0.6035159008578278,0.4484992004047545,0.7140520488263528,-0.0203382246000986,0.5371819946938833,0.4484992004047545,0.7140520488263528,-0.0203382246000986,0.5371819946938833,0.2460056515300698,0.2547429387533351,-0.0170795146804796,0.9350377237036265,0.2356360754103979,0.0804348521489813,-0.0731074717645845,0.9657438439343773,0.5651884505358858,0.0489985031918214,-0.0970237834399332,0.8177698621940076,0.5633325871541913,0.0706191004358156,-0.1244274374977830,0.8137488259294366,0.5621692881529331,0.0638402149134471,-0.1297737911577357,0.8142781352498526,0.5665804103913382,0.0867979480644241,-0.1608285959063832,0.8034842360067616,0.5665804103913382,0.0867979480644241,-0.1608285959063832,0.8034842360067616,0.2459068109293199,0.2858446150526663,-0.0109184230915981,0.9261228236152899,0.2100792667303425,0.2860530502361321,0.0000914768767192,0.9349012492090421,0.2250008747435247,0.2775977697425274,0.0505401052271051,0.9326091262486426,0.2304549231468656,0.1805860399612296,0.0335670913034915,0.9555901113709352,0.2313481622988315,0.1860839603070537,0.0016640470051268,0.9549073350147442,0.2313481622988315,0.1860839603070537,0.0016640470051268,0.9549073350147442,0.2460379617245153,0.2547117327880000,-0.0169609122326805,0.9350398825862004
2.2851098013826237,-0.8550025096566835,0.4306621219018538,0.2489329307959208,0.3075282537058129,-0.0488819572715523,0.9170983171892252,0.4633900007006135,0.6083789935310897,0.1801672334912248,0.4558773803418009,0.7143505463247819,0.2658001029622960,-0.4233388755884672,0.2367779641335192,-0.0785603024376270,1.2508769285083254,0.3192483262162805,0.3046200858911122,0.0798504266925972,-0.4160572550356098,0.7471207357612571,-0.1352214179039039,-0.2140288741641469,-0.0882379858352446,0.0289286395946214,-0.1648049773586733,0.1742900878470881,-0.3370135004908660,-0.0386191534064994,0.0002529944571148,1.9020872431217419,-1.7885494203508723,-2.0440913603048174,2.4168410827806808,4.1700976512431263,1.3500280001372358,-0.9704668854365537,0.8473719970643631,-2.6498306845487667,1.7701726033805474,-0.7577201223531826,-0.1290270495732959,-1.6346757064450268,-0.8324264405103020,-1.3957705963299121,-0.1375272061215400,0.4324619186536147,-1.2311674923243496,-0.4000258135004516,-2.5238137355153163,1.0522372747703734,-3.1368455172885370,-9.7184263187721918,-0.3450616266081165,-2.3898956291512756,-5.0511408197083858,3.2232913853383152,-6.9148481818795009,1.2653706802441340,0.0000025000588249,0.0000000000000000,0.0000000000000000,0.2489329307959208,0.3075282537058129,-0.0488819572715523,0.9170983171892252,0.2489329307959208,0.3075282537058129,-0.0488819572715523,0.9170983171892252,0.2347600873855768,0.5183493665212955,-0.0468527660051879,0.8209789607020093,0.4692775391486735,0.4806878880266099,-0.1995504992724461,0.7133704113538774,0.5117731946216265,0.4351671537601295,-0.1326345733131777,0.7287837920241599,0.5284824087274358,0.5875109586377916,-0.0144940138278319,0.6126394867369466,0.5000665849583470,0.7649077542331114,0.1715725601000644,0.3679842316497600,0.5444566807501772,0.7809064247030681,0.0686015431510364,0.2984056080593452,0.5444566807501772,0.7809064247030681,0.0686015431510364,0.2984056080593452,0.2170230848481660,0.1295087675926126,-0.1474288446174783,0.9562390891060581,0.3292168474802479,0.1110543893238909,-0.1617859935856610,0.9236387184535765,0.3247744049567165,0.1234438979372649,-0.1966530189673291,0.9168482862928304,0.3784235525240672,0.6369404400095150,0.0307642467650120,0.6709366973839868,0.3687619118838307,0.7352438039880490,0.0903630252245679,0.5614852845028347,0.4502964742881703,0.7404141638090392,-0.0231472171440467,0.4984818528422981,0.4502964742881703,0.7404141638090392,-0.0231472171440467,0.4984818528422981,0.2611283498836281,0.2972426883020792,-0.0118700317326912,0.9183234024485445,0.2494076548668921,0.1073094636951237,-0.0765679624137956,0.9593840981729174,0.5814730623377034,0.0720827895069461,-0.1103723032451203,0.8028144890999900,0.5760764579768600,0.1125713640183348,-0.1594127421835017,0.7937576331585247,0.5569999068859073,0.0386405448986917,-0.2193224757105165,0.8000972838769250,0.5629327443323987,0.0624675784088652,-0.2520925540326122,0.7846361393712636,0.5629327443323987,0.0624675784088652,-0.2520925540326122,0.7846361393712636,0.2609763640643716,0.3129231548487652,-0.0084479308784832,0.9131807428012860,0.1896306683099943,0.3126402831600270,0.0157582271290288,0.9306169680699320,0.2150351688706161,0.3005740335968357,0.0945542916024920,0.9243779597197592,0.2300478227402304,0.1460157326497907,0.0682640365410589,0.9597382072140014,0.2313990844483365,0.1496772119319716,0.0480657976683797,0.9600733696125759,0.2313990844483365,0.1496772119319716,0.0480657976683797,0.9600733696125759,0.2611659474275363,0.2972096545643678,-0.0117538685685687,0.9183248965979738
2.3229234036097224,-0.8924689048243298,0.3910199182182328,0.2612769144884012,0.3613441289029757,-0.0435907889955499,0.8940160163987648,0.3904951743551069,0.6218156865674933,0.1438885778644980,0.5151816145277541,0.6886234263974973,0.2640089879489343,-0.4319163090509527,0.2977310180660269,-0.0252937150594730,1.1880714502698446,0.3088065014323182,0.2846597934367928,0.0875158652712529,-0.4838713459109228,0.7694082236510769,-0.1952024118636616,-0.4187321008458018,-0.0950343470006636,-0.0560818895618311,-0.2811750710538924,0.2373986129373227,-0.4830853357852790,-0.0131039452715785,0.0002625068328737,1.8012289683657414,-1.9248175679633370,-1.4879103499532593,2.2672042863935706,6.2412687993438967,1.2491506356919353,-5.6109974099139794,0.1441245065432958,-1.4760909353614029,3.8949981847943262,-1.9137233060733978,-0.0623034288708725,-0.2045487767141052,3.7625837042152317,4.3293795761772103,-3.2329357697964851,-1.2726243193207911,-0.7932890405485037,0.4236754762718314,-3.8024024928434796,1.0052518258151473,-2.9315371870644289,-10.4172303617741466,-0.3391475979900850,-5.4629348030701044,-6.7925264030686296,3.0551863275652003,-7.7045040103951798,1.2727459647748252,0.0014890569185347,0.0000000000000000,0.0000000000000000,0.2612769144884012,0.3613441289029757,-0.0435907889955499,0.8940160163987648,0.2612769144884012,0.3613441289029757,-0.0435907889955499,0.8940160163987648,0.2457658186318123,0.5398592579689067,-0.0385275259100456,0.8041559386864888,0.4798932301303040,0.5022189958406043,-0.2017633982771476,0.6904854082510476,0.5154403569510808,0.4656636882280861,-0.1505696675178468,0.7034254353629273,0.5367323113817194,0.6273064186244259,-0.0163832923775876,0.5640360545233830,0.5104424456520282,0.7814876870612208,0.1667288098292218,0.3176901141386232,0.5478318933249448,0.7966377608105137,0.0623680936551394,0.2477069147210906,0.5478318933249448,0.7966377608105137,0.0623680936551394,0.2477069147210906,0.2261835248575410,0.1825709604706513,-0.1461457627845668,0.9455951953642530,0.3605342196146353,0.1595204869946891,-0.1710086366708893,0.9029531199900732,0.3577743416718491,0.1656177216527017,-0.1863120055477663,0.8999200671751980,0.4006138564227615,0.6430476502053721,0.0471506204841350,0.6509800892465100,0.3884586167326918,0.7362043057927288,0.1086947379410780,0.5434046164344676,0.4619953114613749,0.7441805534825022,0.0025748285981694,0.4824406764192613,0.4619953114613749,0.7441805534825022,0.0025748285981694,0.4824406764192613,0.2766853115248089,0.3496862077972894,-0.0048204708277187,0.8950651135664769,0.2625629711590041,0.1331968614540643,-0.0830800594581072,0.9520593395347692,0.5998772450538744,0.0924103619932466,-0.1269016358328488,0.7845403690606358,0.5892263144576865,0.1532475436965492,-0.1967870280350157,0.7685066078432456,0.5364719336454415,0.0060578780485786,-0.3185856102404976,0.7814501746573226,0.5444426330102704,0.0297660965099345,-0.3526469237202307,0.7604842838941933,0.5444426330102704,0.0297660965099345,-0.3526469237202307,0.7604842838941933,0.2770018842567917,0.3290376637241679,-0.0097845712579208,0.9027227891963444,0.1541064831999956,0.3274022101321838,0.0341952450542656,0.9316059627610647,0.1905326615190126,0.3142183394620369,0.1423660388762379,0.9190734742200385,0.2222614847411174,0.0902644660666631,0.1080000649501733,0.9647736234667349,0.2232400260408335,0.0916709726008781,0.1003794018309157,0.9652379495459994,0.2232400260408335,0.0916709726008781,0.1003794018309157,0.9652379495459994,0.2767306860019459,0.3496503009610059,-0.0047043232362701,0.8950657315558783
2.3617872730522609,-0.9292480552519675,0.3602225491459684,0.2792758919533795,0.4189394275025838,-0.0358601241800830,0.8632547617889178,0.2441961294791347,0.6186158635053607,0.1159588845650216,0.6143912603399997,0.6285754047228529,0.2631783079712600,-0.4307678948139172,0.3477565005374756,0.0496057915651385,1.1439045733746009,0.2712916817547049,0.2730072214873082,0.0671907302456766,-0.5605840760292572,0.7956918952533685,-0.2509322104677182,-0.6273596283108209,-0.1019649314795310,-0.0723664397105204,-0.4214350509433173,0.3814361555067867,-0.6966112566129888,0.0049238373624831,0.0003361053251372,1.9686024332142900,-1.8447416252954616,-1.0596321632583869,3.4040063321059373,5.5315411759448638,1.5864606754995731,-8.3542458362920389,-0.4879297539312702,-1.3254442450681689,5.8004353507367767,-3.9451182967229896,-0.0288155184930065,0.2991949950336281,1.1981763316885368,2.8284870335458527,-1.2976574518037665,-2.2488231911686758,-0.4256699006224128,-2.5878033514738163,-3.6569040732038181,1.8533929130365312,-2.6028660041712297,-10.3387084801146472,-0.3529350369750026,4.3291808040833688,-6.8622658298919719,11.1753009502057878,-13.7240094255880436,0.5154179453793214,0.0062748205683604,0.0000000000000000,0.0000000000000000,0.2792758919533795,0.4189394275025838,-0.0358601241800830,0.8632547617889178,0.2792758919533795,0.4189394275025838,-0.0358601241800830,0.8632547617889178,0.2673039698198344,0.5332504898963177,-0.0295282946641251,0.8020726790996707,0.4991024480827322,0.4988634192737859,-0.1906916203478832,0.6823992534853698,0.5277927156942429,0.4684045410025457,-0.1499104887130399,0.6925018993490983,0.5485028842146084,0.6528615143841083,0.0135237337426610,0.5222389660586455,0.5167310396384505,0.7834838470177788,0.1844650049203168,0.2917443334430613,0.5505497835114633,0.8009162508041306,0.0800464601083997,0.2214060958904494,0.5505497835114633,0.8009162508041306,0.0800464601083997,0.2214060958904494,0.2421865852305254,0.2462480581038877,-0.1405784671087650,0.9278713522896330,0.3980145443524734,0.2184311703387337,-0.1807988809673248,0.8724586012810625,0.4027179621929200,0.2096330046028959,-0.1615850120944187,0.8762205944708166,0.4259786871305092,0.6513533183663717,0.0826657808100746,0.6224527142255426,0.4105720426769857,0.7307315519153517,0.1404352910717924,0.5270103659597322,0.4786668726533861,0.7430614445954460,0.0393746301413262,0.4660336394308788,0.4786668726533861,0.7430614445954460,0.0393746301413262,0.4660336394308788,0.2942483433225405,0.4085623333036084,-0.0046081750405272,0.8639869773209825,0.2747982749145760,0.1625682308205434,-0.0994564628992816,0.9424255357424353,0.6170490453168724,0.1116249957948843,-0.1544664300045474,0.7634988264489865,0.5999333711366304,0.1921327707382709,-0.2419381627473374,0.7379911070002924,0.4962112074925045,-0.0251973294136302,-0.4234324281625962,0.7575252543180195,0.5063794902790816,-0.0029171607932888,-0.4584276578544949,0.7303529177812920,0.5063794902790816,-0.0029171607932888,-0.4584276578544949,0.7303529177812920,0.2948596580044068,0.3725552336985278,-0.0143011101182801,0.8798044431433300,0.1106409938399658,0.3677360782046274,0.0614174298832179,0.9212798958922991,0.1737144248993214,0.3524360950863493,0.2258680627194505,0.8914009848017594,0.2445734700261629,0.0369746718592722,0.1751074362306770,0.9529711838124910,0.2442236306380271,0.0365522139373659,0.1769600562812271,0.9527349538959946,0.2442236306380271,0.0365522139373659,0.1769600562812271,0.9527349538959946,0.2943144358043125,0.4085147250953601,-0.0044684010321268,0.8639877115154290
2.4039523903285902,-0.9627784116422297,0.3351169405579001,0.3069361360544933,0.4688632317904523,-0.0244262607654503,0.8278652281887245,0.0725497593605820,0.5873446915963932,0.1056652686456872,0.7455779956508766,0.5292572087085700,0.2627394835856509,-0.4300148779098414,0.3176769863014354,0.0688088468546838,1.1458290163695877,0.2259711227967711,0.2670327575633394,-0.0023895702935914,-0.6413053663160876,0.8439820700744270,-0.2998797472770083,-0.8288218951123246,-0.1090835562679175,0.0056266529916442,-0.5568151498033092,0.5947682134845558,-0.9478640236491896,0.0165287238000685,0.0004411652644033,2.1301639263255239,-1.6014271276090022,-0.8660807753024874,4.4059334589908596,5.4052449398644038,0.6040369675667744,-8.2876269294838565,-2.2777650830407321,0.4522882163474910,6.9807506455790334,-5.6446650342013376,-0.0185400215087687,-0.3701852139435748,-4.0412734166539446,-1.1459671214703799,1.0229690832770597,-2.0855322564171623,-0.2113427146145528,-3.8129141621589051,-4.6537205015679834,2.8883857827506434,-2.3040823840477112,-9.8740624464199005,-0.3540443815971848,2.4874720411518849,-6.3623754958055478,9.6294973385032296,-10.5076258051897931,0.7165314553499065,0.0034201002649895,0.0000000000000000,0.0000000000000000,0.3069361360544933,0.4688632317904523,-0.0244262607654503,0.8278652281887245,0.3069361360544933,0.4688632317904523,-0.0244262607654503,0.8278652281887245,0.3022765833945356,0.5075595860762021,-0.0207397257118616,0.8065866335929935,0.5243752658429266,0.4794449585260335,-0.1678672135481460,0.6833620643053809,0.5487580763810187,0.4513329827194928,-0.1318586021576795,0.6912137305878359,0.5596158456203884,0.6687205558124798,0.0731588865890590,0.4840358466864570,0.5197676128904744,0.7736796947494033,0.2199175889884913,0.2879194550149353,0.5530082161104355,0.7958228577742305,0.1166618834842724,0.2173428096356382,0.5530082161104355,0.7958228577742305,0.1166618834842724,0.2173428096356382,0.2690208950048727,0.3047036841585639,-0.1326508387637524,0.9039840584248424,0.4120507702643452,0.2791600155819631,-0.1803060339112559,0.8483947091772976,0.4217125738528073,0.2643381482677115,-0.1500376971610320,0.8542672520092602,0.4358130736789114,0.6846259003383091,0.1020772762444452,0.5752691292525745,0.4212106394834241,0.7461490670638673,0.1514410865680445,0.4928577525055033,0.4831624498253991,0.7596788375924137,0.0506053030366248,0.4322975989957957,0.4831624498253991,0.7596788375924137,0.0506053030366248,0.4322975989957957,0.3081626271219460,0.4680580273709129,-0.0222587215508243,0.8279263418770257,0.2768674496491142,0.1941122954801765,-0.1328896754930413,0.9316679484749739,0.6320396308566816,0.1232344974440110,-0.2003809066476924,0.7383675615283496,0.6089232203047309,0.2215046845276258,-0.3007616286735911,0.6997789859831763,0.4354045809994517,-0.0558831455409997,-0.5327397666516632,0.7235248896320480,0.4479191864987926,-0.0365868056822355,-0.5680428833366917,0.6894614497611655,0.4479191864987926,-0.0365868056822355,-0.5680428833366917,0.6894614497611655,0.3081602727782903,0.4683335588521758,-0.0221754422718434,0.8277736246668614,0.0744027611408633,0.4570684104226253,0.1044822510325597,0.8801341696284266,0.1989416976003411,0.4328855502495700,0.3508012433884515,0.8062076587195997,0.3456302156146140,0.0215431099010817,0.2482031675131359,0.9046937802960913,0.3441962116382731,0.0190201310608509,0.2550481529355151,0.9033922969521447,0.3441962116382731,0.0190201310608509,0.2550481529355151,0.9033922969521447,0.3082642645210565,0.4679910949583784,-0.0220789264467226,0.8279311561149943
2.4469715442339059,-0.9929059573260054,0.3098510875392275,0.3423882740349362,0.5133974221509213,-0.0159126489550468,0.7867274905171425,-0.0760030215709750,0.5397933463153251,0.1393198490560806,0.8824724117919389,0.4111351236733881,0.2624311955382357,-0.4334884076151956,0.2207056924017858,0.0411751807693274,1.1670906763797522,0.1916784093173441,0.2643270523024954,-0.0866146275457657,-0.7558172958094854,0.9147814252292827,-0.3390149380200263,-1.0198588097956596,-0.1158221955930956,0.0165138434319892,-0.6720992751759288,0.7536325329923718,-1.1145101069836312,0.0336934224728064,0.0004774053791179,2.1703612235704095,-1.4849122135078270,-0.9570181213640528,4.9463279655042403,5.1130772948362662,0.0924873030908136,-6.5260900035155212,-2.3797273596735100,2.6705048928593946,6.4751501562231102,-5.8709205788549363,-0.0132422969133935,0.0592474691492436,-5.1642608022570684,-1.2619104284646319,1.0344394131996617,-1.3958201350449924,-0.0898580636653061,-4.5315541953462999,-6.5563250084354419,4.0169331573997802,-1.5851503891982652,-9.1961510217247806,-0.3165276584123501,-1.1964531902917332,-5.4428391956387934,6.1263876204003545,-6.8683858382060814,0.9913290594810098,0.0011604431035069,0.0000000000000000,0.0000000000000000,0.3423882740349362,0.5133974221509213,-0.0159126489550468,0.7867274905171425,0.3423882740349362,0.5133974221509213,-0.0159126489550468,0.7867274905171425,0.3459166430105976,0.4864394819214927,-0.0199046860209491,0.8020736312774762,0.5488708816155615,0.4631667798954989,-0.1499869997662371,0.6795006911084890,0.5786438632105848,0.4253868712747718,-0.1041652668286636,0.6880166324314440,0.5686867893901831,0.6756017023304857,0.1492463025265356,0.4448406642421462,0.5247003469606633,0.7539132591578519,0.2652709353549993,0.2931478712548150,0.5585480286408987,0.7821423656149051,0.1643386484928323,0.2219689803176016,0.5585480286408987,0.7821423656149051,0.1643386484928323,0.2219689803176016,0.3024836226690891,0.3569753062770218,-0.1304818430902430,0.8740976932524104,0.4012164833328351,0.3395567935876375,-0.1707573266254858,0.8334077350458380,0.4085392727647924,0.3307100621062188,-0.1525084742701900,0.8369394737412588,0.4250629427811197,0.7365898945130003,0.0973892539742511,0.5169837088206178,0.4136003832408858,0.7833002859805317,0.1381951341343069,0.4430321544396202,0.4684103636003494,0.7946834700467825,0.0336959277953041,0.3846225398442056,0.4684103636003494,0.7946834700467825,0.0336959277953041,0.3846225398442056,0.3222285189782418,0.5262845473932545,-0.0463989996595666,0.7855192483719026,0.2714692226062408,0.2132701906170468,-0.1778328205083041,0.9215181902283830,0.6476697639715318,0.1138335169564825,-0.2532797202167761,0.7095175759495259,0.6222303589780451,0.2277139076127528,-0.3612694709908533,0.6560946013920353,0.3650247924317273,-0.0953573974472725,-0.6345226739805920,0.6745701178282193,0.3803715966809053,-0.0801598997227693,-0.6688380451775054,0.6336777637237940,0.3803715966809053,-0.0801598997227693,-0.6688380451775054,0.6336777637237940,0.3223394861260639,0.5338633429290695,-0.0438231009750011,0.7804913340848314,0.0515225900699531,0.5191779868847785,0.1318512458672086,0.8428611330521881,0.2327294303489023,0.4844586698424881,0.4287986894536049,0.7261325591011566,0.4370612018952593,0.0256323239267198,0.2685306579296249,0.8580278407603514,0.4342168552228985,0.0188026961703968,0.2822727537999013,0.8552334615292375,0.4342168552228985,0.0188026961703968,0.2822727537999013,0.8552334615292375,0.3223535246996442,0.5262079896595545,-0.0462124043453668,0.7855302479324316
2.4902235266672377,-1.0219361793295794,0.2818257146209330,0.3795732371275011,0.5526978472869003,-0.0087740120426272,0.7418707865751640,-0.1820551470216737,0.4981346046086226,0.2136925849961164,0.9975481391777137,0.3043804701416339,0.2622030706754869,-0.4340274776486477,0.1093286251993613,0.0102151457547306,1.1874704402281564,0.1732789311978648,0.2631433055553601,-0.1751096581525345,-0.9083556226927745,0.9991066925764237,-0.3604163249248554,-1.1930660726499520,-0.1214717666453738,-0.0231999092629178,-0.7711795512444616,0.8681301066200001,-1.2335953231735610,0.0501404414044135,0.0004720230929167,2.1776537695360085,-1.4599374801829805,-1.1614619819000018,4.8356480228025704,5.1196939427791524,-0.1162311844553973,-4.4467151729078580,-1.7812597524642197,4.3568770903120688,5.1345177814783911,-4.7638008358127042,-0.0099873935184309,-0.1048640659665929,-5.5694562561070899,-1.4799888722651520,0.9080728872721283,-0.5509259632372078,-0.0400040316731028,-4.1720443679710613,-8.4801578020962953,4.1371133182046460,-0.6614209538563252,-8.2141615551222937,-0.2533928164901447,-1.6022908657022283,-4.3465379043401482,6.6290312647572947,-5.4838507327683788,0.5386251254703722,-0.0014982566416751,0.0000000000000000,0.0000000000000000,0.3795732371275011,0.5526978472869003,-0.0087740120426272,0.7418707865751640,0.3795732371275011,0.5526978472869003,-0.0087740120426272,0.7418707865751640,0.3897883879955036,0.4801667371894963,-0.0238418248871462,0.7854530440877490,0.5725587522413411,0.4592203815354826,-0.1422855203439968,0.6641144081517003,0.6165371575642180,0.3982321143860578,-0.0735932844685650,0.6751867481633315,0.5778023505099666,0.6706153136891562,0.2273290168926839,0.4058830655119264,0.5351661001380362,0.7258158468927126,0.3148512084132469,0.2960697860693969,0.5692799116503513,0.7607487597353018,0.2172584902853456,0.2235630898683886,0.5692799116503513,0.7607487597353018,0.2172584902853456,0.2235630898683886,0.3380691156273096,0.4066700547461956,-0.1287965401709822,0.8388922403215329,0.3879551179272114,0.3981793457469284,-0.1530434278492126,0.8170200390974478,0.3905697121694420,0.3956150462776254,-0.1476579760963243,0.8180104872125843,0.4064223236618826,0.7851380471194319,0.0957521425256869,0.4573955279585732,0.3965403646076976,0.8219855477392392,0.1307796513444572,0.3872882406410505,0.4439355791794632,0.8320392331965394,0.0217777941874190,0.3319000506788760,0.4439355791794632,0.8320392331965394,0.0217777941874190,0.3319000506788760,0.3322223730134423,0.5823908031625682,-0.0705311238616952,0.7385625280419952,0.2536581867660740,0.2167330286825092,-0.2265668939768309,0.9150692657489631,0.6581830846564575,0.0829659922726535,-0.3023613852568081,0.6844627556733158,0.6362066443704820,0.2066175946631441,-0.4121115148799678,0.6186391311077940,0.2928531961360040,-0.1479659887566655,-0.7164475543635598,0.6156670963521310,0.3117100686031955,-0.1374390031101443,-0.7483930670652560,0.5690827450592231,0.3117100686031955,-0.1374390031101443,-0.7483930670652560,0.5690827450592231,0.3318676227282618,0.5747839381533025,-0.0733788040486197,0.7443808544972577,0.0310751406193430,0.5608184457650157,0.1457521709352468,0.8144159325509684,0.2565078357378762,0.5187046893091279,0.4703888058158099,0.6662458606677936,0.4971472779367436,0.0331532330991080,0.2630900970128095,0.8261531625727483,0.4930381535412113,0.0211256902628030,0.2836926092928489,0.8221834270989711,0.4930381535412113,0.0211256902628030,0.2836926092928489,0.8221834270989711,0.3323606871666456,0.5823118806663137,-0.0703557060333698,0.7385792590436876
2.5335262012657611,-1.0515307892033425,0.2499036197524808,0.4138586349485026,0.5891083466108168,-0.0032934996074103,0.6940183996785448,-0.2530085339419695,0.4696874974607601,0.3072060533157156,1.0864151199339436,0.2267562898980825,0.2620235264671109,-0.4359457508328073,0.0063828298309667,-0.0107776049630474,1.2022136392979554,0.1686336876157700,0.2626037894573773,-0.2551022134190858,-1.0886724068612730,1.0772672408022543,-0.3653924991509264,-1.3450883345531806,-0.1258835042595192,-0.0597290160044309,-0.8435099070468312,0.9879556935175866,-1.3280916032266474,0.0604413018975739,0.0004491265711959,2.1637539922124907,-1.4952435052409456,-1.4073523531704355,4.5708343747547797,5.0836869089901553,-0.1694715772619557,-2.9289114916349330,-1.1603238717095792,4.7461860235020694,3.9143111611462995,-3.1284580209029835,-0.0085373122372639,-0.0895066683047385,-4.7162783283480554,-0.6499653120441531,0.6073961532526450,-0.0736444379279185,-0.0195672285132850,-3.8407063757392406,-9.3149787299513669,3.5890763528673642,-0.0407080823388593,-7.0971001392264110,-0.1967096487875310,-1.9552192539193058,-3.1103686189047273,5.5409520768999414,-4.1967832186047431,0.4809902416393205,-0.0013236235941419,0.0000000000000000,0.0000000000000000,0.4138586349485026,0.5891083466108168,-0.0032934996074103,0.6940183996785448,0.4138586349485026,0.5891083466108168,-0.0032934996074103,0.6940183996785448,0.4291044498655981,0.4887823582257925,-0.0304020467937998,0.7589709434118831,0.5946717875426339,0.4681247539192503,-0.1438460737387734,0.6375993937723199,0.6575219801567480,0.3747534732885867,-0.0476944105391576,0.6518818321384734,0.5886935862026204,0.6563260663595194,0.2967318195775887,0.3669144088627646,0.5502096434678191,0.6945279954332456,0.3631518407236071,0.2881335668983219,0.5831372887368063,0.7360195241038008,0.2693021648622255,0.2137814459283615,0.5831372887368063,0.7360195241038008,0.2693021648622255,0.2137814459283615,0.3704271987532499,0.4534247930294011,-0.1284568576089945,0.8004301863518692,0.3767451075193390,0.4523948295730649,-0.1320383481269371,0.7974759662583629,0.3745970599145219,0.4541750769996046,-0.1358159601713776,0.7968413060945866,0.3858060538319960,0.8249775857439261,0.0996123544569655,0.4008030073318392,0.3760367001597761,0.8558255129566498,0.1317775871186893,0.3298389895670470,0.4159894683303860,0.8657121460898090,0.0185774381149193,0.2777591063203270,0.4159894683303860,0.8657121460898090,0.0185774381149193,0.2777591063203270,0.3380026922861253,0.6356742827701141,-0.0889067939186017,0.6883080474810299,0.2251781771877193,0.2074169881790157,-0.2705123280710706,0.9127409610041244,0.6590963836769398,0.0405009650363019,-0.3384647669327085,0.6703679813358455,0.6446511135119233,0.1669574765965111,-0.4468419688989548,0.5973963489065441,0.2242907800528019,-0.2110257966986859,-0.7716149760512891,0.5565717274928365,0.2472386069263103,-0.2051337151190137,-0.8003997147252553,0.5061161199115672,0.2472386069263103,-0.2051337151190137,-0.8003997147252553,0.5061161199115672,0.3365087936306267,0.6156646799370249,-0.0970796817099374,0.7058996876939377,0.0204840781111856,0.6019614335835672,0.1615855661898015,0.7817371296165185,0.2952384962618035,0.5450127840278058,0.5093977691900122,0.5969164165237619,0.5648865389084119,0.0532068956003617,0.2457303681579343,0.7859318103917251,0.5607068810616382,0.0366887064785281,0.2697799729562936,0.7819721852718066,0.5607068810616382,0.0366887064785281,0.2697799729562936,0.7819721852718066,0.3381462741606160,0.6355979161696973,-0.0887513118742764,0.6883281128013204
2.5725094102031161,-1.0816896042725650,0.2195077462016163,0.4378586378589233,0.6192724958850339,0.0091780498064384,0.6516879256932727,-0.3249758125665596,0.4744508872311293,0.3702446244790454,1.1719715178358208,0.1824703059069858,0.2619256251061619,-0.4471462084607109,-0.0594816811884855,-0.0306362813650196,1.2243592488721984,0.1688587914727964,0.2622331883498762,-0.2124396169867179,-1.1055137921785099,1.2687251599005558,-0.2898073782958865,-1.5757866936746314,-0.1105145606872865,0.0027372906411715,-0.9177125637595082,1.0654018851920362,-1.3809394129305608,0.0618298065090346,-0.0036656715520805,1.9184679123438932,-1.2796359666423518,-0.5192681018158471,2.9523208319777003,5.5491563139150255,1.0623065464751704,-3.5063466792793578,-1.0141129327775211,3.3053661289327061,4.1473050217519809,-1.5264011706785190,-0.0061643388786764,-2.7090316821284079,-4.0200538203578997,0.2865293507037600,1.9618778789936218,0.1202843217713884,-0.0236446015883058,6.0568052536113237,2.1698981214938788,11.2693823783028595,5.4108307568157041,-12.1172998483727667,1.0882790346099926,5.8013684825547500,-4.4598922520776574,1.4888022320848791,-1.4161278306837668,-0.6626961312834054,-0.1547151000319457,0.0000000000000000,0.0000000000000000,0.4378586378589233,0.6192724958850339,0.0091780498064384,0.6516879256932727,0.4378586378589233,0.6192724958850339,0.0091780498064384,0.6516879256932727,0.4591145798477975,0.4938668810457157,-0.0311918286002157,0.7377915533576763,0.6202599630592651,0.4725565466189829,-0.1468595812767743,0.6086050869492233,0.6954822774755576,0.3526138301940971,-0.0343927971593830,0.6251280060730080,0.5999441894091602,0.6381383882144002,0.3534762118915793,0.3284827768819756,0.5646228683698904,0.6658217530446627,0.4075285012030352,0.2679606881493969,0.5947816285889024,0.7133406694702883,0.3170854386438156,0.1919289664768555,0.5947816285889024,0.7133406694702883,0.3170854386438156,0.1919289664768555,0.3940516835968062,0.4911536948745305,-0.1206501491031680,0.7674209146140100,0.3741848531882197,0.4940941148992283,-0.1079787761065490,0.7773012834010964,0.3664294333151800,0.4998727529420436,-0.1200946674296650,0.7755217418753764,0.3691172026308598,0.8540669189699619,0.1115605193009359,0.3491080623194367,0.3584117024082900,0.8804314859518180,0.1422473561143304,0.2759477120759455,0.3914183901340594,0.8914725333717306,0.0258966024920655,0.2267106792544604,0.3914183901340594,0.8914725333717306,0.0258966024920655,0.2267106792544604,0.3657178762564788,0.6644313703414386,-0.0638954200626928,0.6486129542243680,0.2552574684254368,0.2357577490270999,-0.2680750485389797,0.8985531019019060,0.7316393383664481,0.0350183604585810,-0.3552740664702312,0.5807391244605496,0.7214970045032739,0.1494312035461159,-0.4311806917076037,0.5207644371480407,0.2061495006336963,-0.2247255787042348,-0.8346716833856793,0.4586109229168466,0.2266156393350359,-0.2215502091325752,-0.8550834019003047,0.4103574449631542,0.2266156393350359,-0.2215502091325752,-0.8550834019003047,0.4103574449631542,0.3656165457109632,0.6614536123675171,-0.0653321836294912,0.6515637850360849,0.0425316205949154,0.6230089577927849,0.2316225680752699,0.7459235119754146,0.3442832941558752,0.5393779639445577,0.5781797784500351,0.5062100050055038,0.6532748514650517,0.0803561801988768,0.2489454178003481,0.7104935127806389,0.6501172825766245,0.0599131336459452,0.2725074741383901,0.7067514498397753,0.6501172825766245,0.0599131336459452,0.2725074741383901,0.7067514498397753,0.3646023658125176,0.6650441532344046,-0.0649837803934674,0.6485048167734946
2.6086519174778227,-1.1049212953470144,0.2085740423594156,0.4447261409521265,0.6482441253375485,0.0124702974884215,0.6179342240074885,-0.3663449202598979,0.4671761482819582,0.4245813432421031,1.2497755948224600,0.1669177669690346,0.2618261511905243,-0.4701548828116338,-0.1276040192013698,-0.0287011320678069,1.2564339073651303,0.1705748155046042,0.2620079072447436,-0.1132902725178677,-1.0555336701823586,1.5240263802338969,-0.2062300017194462,-1.7649852321917101,-0.0933424298170742,0.1973331699925727,-0.9028358590890700,0.9967335583047752,-1.3505041112161873,0.0641785895290115,-0.0045019775835100,1.6696641802311780,-0.9325162733827267,0.0072977773516167,0.7682052558202255,2.8052594118568588,0.5698790041087605,-0.3774250690789593,-0.4569121842075636,2.3171179309826742,4.1577909710516332,-0.3000472817219710,-0.0052102979995140,0.1514302237280795,-3.5978669367737011,0.3350471653798942,1.9287845289382013,0.0857954584780229,-0.0056434339651209,2.7800621546804036,2.3222717114897273,14.0586285906493043,2.3625555857453824,-6.6715574321979068,0.5024253899433008,9.1279589250553350,3.0223260346174330,-8.2683843569525521,2.4976910178490499,0.5141658216263130,0.0217370408415521,0.0000000000000000,0.0000000000000000,0.4447261409521265,0.6482441253375485,0.0124702974884215,0.6179342240074885,0.4447261409521265,0.6482441253375485,0.0124702974884215,0.6179342240074885,0.4700048075154707,0.5080207933820577,-0.0367521738316414,0.7208742138004796,0.6243716267875237,0.4856469017589052,-0.1535673650287158,0.5922197420491953,0.7118835382777873,0.3448400635866150,-0.0267557269295772,0.6112211461910886,0.5946464795049723,0.6360155877613602,0.3922876564547685,0.2966313050406855,0.5597426210468063,0.6586023697540765,0.4406611387200864,0.2423816774425894,0.5865942121029599,0.7104922799756922,0.3509131526727250,0.1672360897161247,0.5865942121029599,0.7104922799756922,0.3509131526727250,0.1672360897161247,0.3961829593057231,0.5181069667099707,-0.1252665673374304,0.7476045217291365,0.3504834810935595,0.5247053122137671,-0.0938662728596531,0.7700875194642696,0.3427403455843157,0.5297956121878985,-0.1051649520423819,0.7686260454064240,0.3393327613771585,0.8797686176145358,0.1156887578180572,0.3122123761660918,0.3282568972911946,0.9031461155784922,0.1441458324409374,0.2362127902679051,0.3563015974566778,0.9142371271740481,0.0249279439816718,0.1913066767136232,0.3563015974566778,0.9142371271740481,0.0249279439816718,0.1913066767136232,0.4054417619621322,0.6735122598274331,-0.0242509698392452,0.6175840865672000,0.3161799721413573,0.2823119719353243,-0.2451206497954454,0.8719208924911356,0.8248146112744641,0.0402411756049402,-0.3717053002582625,0.4241422810496527,0.8184600235198715,0.1294887380660251,-0.4087522699756267,0.3824623359282493,0.2037386361494232,-0.1699209550396226,-0.9073200956721302,0.3261712451579883,0.2172750254345770,-0.1686050043806669,-0.9189865330879989,0.2825379051085009,0.2172750254345770,-0.1686050043806669,-0.9189865330879989,0.2825379051085009,0.4022002566084900,0.7282054630792930,0.0085613037405622,0.5548679673614253,0.1178151584161305,0.6505395491120429,0.3273450586481575,0.6751022856331602,0.4080852853661114,0.5323339679368132,0.6167530987466161,0.4119497076522266,0.7241133326898058,0.1397608343405082,0.2421899068122262,0.6304528845548997,0.7233046181952123,0.1169993774068675,0.2638318288977525,0.6273231551954315,0.7233046181952123,0.1169993774068675,0.2638318288977525,0.6273231551954315,0.4039100074581979,0.6744319775603262,-0.0256545053067254,0.6175273758115132
2.6380370063893466,-1.1215525726928794,0.2133846696470654,0.4434693772179865,0.6547888844950360,0.0044945516002738,0.6120181592220533,-0.3598600671548621,0.4613898951547167,0.4476417382709098,1.3216355717947130,0.1686181776076815,0.2617432465013106,-0.4437560950783723,-0.1864881832906864,-0.0162043722002127,1.2920016813760122,0.1736223615767515,0.2619343125311485,-0.1004808049134085,-1.0551803441934062,1.7466802793269807,-0.2152422241237807,-1.8439953261240039,-0.0920481090428072,0.2670872936454858,-0.8798888441192538,0.8907442887658948,-1.3394361752959418,0.0775461753126819,-0.0041890488516144,1.3946812526171974,-0.8362646121480765,0.3832783259235195,-0.7297072194753810,0.5360869406179057,-0.3370147309035502,0.2604665335577905,-0.4145256291707337,0.4453759304072995,2.6873140903598105,0.3673080996139504,-0.0033364117093652,1.4370281943651870,-2.4291824051709026,1.0733938279228359,1.4188877532369666,0.2115268846333306,-0.0033517873233579,-0.5489043487611641,-1.9052913500118747,7.7586851377442363,-1.5737335684542666,-2.6178826733154397,-0.2251974819789042,-0.6829692951598171,-0.3370148320671730,-2.9685426489592670,-0.6260254805474352,0.7298648718208514,0.0117703778076840,0.0000000000000000,0.0000000000000000,0.4434693772179865,0.6547888844950360,0.0044945516002738,0.6120181592220533,0.4434693772179865,0.6547888844950360,0.0044945516002738,0.6120181592220533,0.4674396928432870,0.5176706892354446,-0.0439590327400829,0.7152515602930414,0.6188456429319609,0.4938381542980355,-0.1613667140783801,0.5891644347473672,0.7128668497543127,0.3444806336178051,-0.0268444161009044,0.6102731559784028,0.5803944930122901,0.6457981885442299,0.4147794602381406,0.2721119834159384,0.5435744465652357,0.6663390547567738,0.4619811567539678,0.2170080550380882,0.5672457600556537,0.7209298950780429,0.3710719761348826,0.1442148487812537,0.5672457600556537,0.7209298950780429,0.3710719761348826,0.1442148487812537,0.3958870638611623,0.5330274587534329,-0.1255631284512828,0.7371492804417384,0.3274035120705674,0.5422182740816335,-0.0767053731074336,0.7700146552321212,0.3224146326073785,0.5451995241605194,-0.0837673760442052,0.7692784347987807,0.3080552953223659,0.8980377664186712,0.1267679124720923,0.2873325625074242,0.2959365458643762,0.9195242638245843,0.1529370113168952,0.2085832199127605,0.3206422492498186,0.9316221278738075,0.0315406412199703,0.1681485854930997,0.3206422492498186,0.9316221278738075,0.0315406412199703,0.1681485854930997,0.4103979208211260,0.6760082235994317,-0.0259105812580638,0.6114859524065188,0.3207095873195144,0.2914235042650077,-0.2472128794541090,0.8666622721656104,0.8678224458762399,0.0006542189927589,-0.3821536845348980,0.3175568229896695,0.8654185192159257,0.0944380950252597,-0.4077845452428118,0.2753978893659642,0.1957623943168194,-0.1172065172227387,-0.9476367300734820,0.2234375642265653,0.2056710509843904,-0.1170331504640128,-0.9549062717310344,0.1793228169759220,0.2056710509843904,-0.1170331504640128,-0.9549062717310344,0.1793228169759220,0.4044866206611104,0.7550461227408511,0.0239969054687339,0.5154804310234170,0.1466472091361032,0.6730427374771947,0.3430509764849414,0.6386110687378702,0.4139852493398676,0.5604641620898647,0.5894108815177290,0.4087675978969074,0.7107351288889290,0.1694535495356921,0.2229158970228551,0.6453290431768034,0.7107060217223646,0.1426812723318538,0.2497358588404793,0.6420054563806616,0.7107060217223646,0.1426812723318538,0.2497358588404793,0.6420054563806616,0.4089731389050914,0.6768711424211252,-0.0271984925139219,0.6114300207027852
2.6651997966382162,-1.1409667938072376,0.2206734535009126,0.4405917896491556,0.6570424924198670,-0.0031712232585966,0.6116894484879469,-0.3656973251163254,0.4574978808916982,0.4505164315295456,1.3514953777464227,0.1786263079092717,0.2617077159493661,-0.4233557193382817,-0.2183754415161219,0.0118189502000875,1.3081680051411633,0.1774628327221818,0.2618594114026301,-0.1141586810460417,-1.1172919305374296,1.8167233938034741,-0.2504127969471019,-1.8803408287807295,-0.0998224156369781,0.1809668010366975,-0.9015296496070802,0.8692873442824495,-1.3637306307363317,0.0918887622163462,-0.0040653735205942,1.3405421603542516,-1.0621056313219377,0.3147927284813100,-0.6016997378725727,0.4994796954891795,-0.0529251537189589,-0.6219800603137041,-0.0091161387929787,0.0096187198831599,0.7306479168605287,0.5117655637123816,-0.0009576541260235,0.7104534675276708,-1.0864715273430969,1.5301337414206646,0.4739041101599409,0.1387060062395707,-0.0043126554082223,-0.7427363763179272,-3.6295358923807983,0.6065120763303176,-1.8536193202414852,-1.2573014579416459,-0.4637790034292848,-6.6596522025583136,-1.5042779499811971,-0.2488382754588975,-1.6051622194329775,0.6861618849277370,0.0038581917945996,0.0000000000000000,0.0000000000000000,0.4405917896491556,0.6570424924198670,-0.0031712232585966,0.6116894484879469,0.4405917896491556,0.6570424924198670,-0.0031712232585966,0.6116894484879469,0.4635589828837863,0.5184253187432558,-0.0515519228674921,0.7167221620142414,0.6140124351607326,0.4932293742159550,-0.1677712617700650,0.5929302805580149,0.7086637623493284,0.3436308456096018,-0.0311029279075807,0.6154235303870836,0.5726877287309834,0.6528560308039008,0.4185695707435947,0.2657203094448143,0.5333104671785349,0.6738489453043717,0.4677089541470661,0.2067749470333811,0.5557313918318427,0.7291154791504559,0.3757854240658591,0.1354199145454157,0.5557313918318427,0.7291154791504559,0.3757854240658591,0.1354199145454157,0.3941993251128191,0.5417690210294894,-0.1261823731036671,0.7315539820486761,0.3129703184981484,0.5522204994447774,-0.0669939058593021,0.7698142089555404,0.3153856716740200,0.5508446045579453,-0.0636219950069792,0.7701002152210201,0.2890685008547682,0.9055764966073846,0.1412631656148117,0.2764332263790951,0.2754363189561641,0.9264829813083058,0.1662850394527997,0.1952265483998885,0.2985675105677477,0.9402628513847244,0.0438998781958815,0.1575944562274752,0.2985675105677477,0.9402628513847244,0.0438998781958815,0.1575944562274752,0.4028968307420717,0.6808084207246200,-0.0376084728337333,0.6105404497816331,0.3001131256636003,0.2708506951830870,-0.2640551939549748,0.8756979315201473,0.8748831398860552,-0.0413951675816541,-0.3759942614411125,0.3024801596920990,0.8762241239576253,0.0686900039284826,-0.4035206435090347,0.2543306081010561,0.1885516648749888,-0.1189535350478133,-0.9567247742318161,0.1870188026471670,0.1989655705158132,-0.1193089909564712,-0.9627253771121101,0.1390608309000486,0.1989655705158132,-0.1193089909564712,-0.9627253771121101,0.1390608309000486,0.4004915721450073,0.7391519843155983,-0.0021494232592808,0.5415313700080430,0.1255633449868328,0.6667383124577255,0.3190772612378676,0.6617277162532073,0.3857854297913385,0.5693838504791241,0.5709420795867861,0.4483266384360808,0.6800424428809675,0.1449914947829359,0.2203603097271206,0.6840768057886958,0.6784750897009347,0.1146292043628725,0.2536147848810366,0.6798611910178360,0.6784750897009347,0.1146292043628725,0.2536147848810366,0.6798611910178360,0.4015094992378183,0.6816275258330998,-0.0388517870544533,0.6104625923765682
2.6912573952742402,-1.1633832796554633,0.2259649810058914,0.4375138203257359,0.6608168157788155,-0.0091348090536506,0.6097699142065647,-0.3848198583178686,0.4589095067793522,0.4505179534918246,1.3563130117257360,0.1861310748459443,0.2616918827293473,-0.4184430051769255,-0.2359241242918675,0.0434020071091004,1.3149342408075140,0.1787143395042010,0.2617636126677139,-0.1275420467776667,-1.1906628041756295,1.7800849264271503,-0.2884461618683488,-1.8935746314487785,-0.1092556483955863,0.0930945374819862,-0.9136210109120448,0.9346011626884896,-1.3683392994363133,0.0915788094002371,-0.0039958420562279,1.2707605979509282,-1.1580943017041241,0.2175026501502055,-0.4569517257651687,0.6672794672564846,0.0262245855257613,-1.0847944619296614,0.2134395615589438,0.0013368282425813,-0.0535857093959775,0.2326511962915409,-0.0009334158205685,0.0668302722258293,-0.6776557829445070,1.5155075398448601,0.1870186672118456,0.0270441114956394,-0.0048953819133122,-0.7591606525522147,-3.5307987538117693,-3.3403342593553869,-1.9240553765621440,-0.2577156928668509,-0.4589495888857041,-3.4673449705818076,-0.2857443278771479,4.6080542954721828,0.0427085737048641,-0.1302836545167983,0.0036462843734519,0.0000000000000000,0.0000000000000000,0.4375138203257359,0.6608168157788155,-0.0091348090536506,0.6097699142065647,0.4375138203257359,0.6608168157788155,-0.0091348090536506,0.6097699142065647,0.4603761003920461,0.5152230104559835,-0.0593198171419749,0.7204722444194017,0.6120514499944143,0.4882645404063625,-0.1748465893028726,0.5970087364106595,0.7056464928586386,0.3392230327893504,-0.0370829896620925,0.6209795592603842,0.5727506513174162,0.6537546630358506,0.4138463633058179,0.2707262816072852,0.5319210618307267,0.6760358942555851,0.4651581505110360,0.2089577676758563,0.5546375890539081,0.7309479363399036,0.3729768755154029,0.1377697699049872,0.5546375890539081,0.7309479363399036,0.3729768755154029,0.1377697699049872,0.3905993821723195,0.5475523372131539,-0.1295269825096545,0.7285885817530767,0.3026596834944555,0.5589473790448691,-0.0645649180632575,0.7692894869952361,0.3138798895161412,0.5527245892046305,-0.0490243295142480,0.7704359535753683,0.2784373804856258,0.9082783341549112,0.1529594556583194,0.2722250866062754,0.2636814498558838,0.9289423430935171,0.1771893420296084,0.1901108973229603,0.2862380683335998,0.9441222555473820,0.0544344220239641,0.1540708555038609,0.2862380683335998,0.9441222555473820,0.0544344220239641,0.1540708555038609,0.3950337853028000,0.6870556858518927,-0.0475139971650893,0.6079845500350513,0.2773333439230752,0.2455519022804918,-0.2806675095059273,0.8854469090479783,0.8637640316313359,-0.0647881719622025,-0.3672498881955230,0.3388830329983403,0.8674746277955564,0.0611415499436512,-0.4038099787861180,0.2840545405977613,0.1762973625788826,-0.1491890039575027,-0.9528374405347118,0.1968824343641637,0.1893958294604122,-0.1500872192437537,-0.9595038016891805,0.1447601497190819,0.1893958294604122,-0.1500872192437537,-0.9595038016891805,0.1447601497190819,0.3947537544175771,0.7177720702053119,-0.0296528803547741,0.5727944092718388,0.1018212046579947,0.6573368891500966,0.2898003661878765,0.6881543462057348,0.3758221483538519,0.5621484094030497,0.5687406170918810,0.4682744804943618,0.6715039988053658,0.1243299473104765,0.2232058002956488,0.6955599287657088,0.6688666802643719,0.0939303906271156,0.2572254176709657,0.6911074665005108,0.6688666802643719,0.0939303906271156,0.2572254176709657,0.6911074665005108,0.3936578067122953,0.6878449957705141,-0.0487308231774242,0.6078882297596973
2.7157782582168206,-1.1870928785537025,0.2288926819142329,0.4329759654408942,0.6642559871930023,-0.0130811305047881,0.6092000335304434,-0.4089251956055389,0.4744886340407716,0.4456256798007572,1.3537318570963000,0.1880081274174926,0.2616871147221766,-0.4146755229197666,-0.2394747626948759,0.0646551866709313,1.3164087697299707,0.1790075179977811,0.2616703793871366,-0.1353578618168926,-1.2484709354605752,1.7045315948827500,-0.3392789216699046,-1.9019478615736836,-0.1158509079045295,0.0150836827782142,-0.9275639786392239,1.0109031479368273,-1.3796185704250274,0.0938883575659004,-0.0040068106150850,1.1430273751720601,-1.2082615807209476,0.1023246668493221,-0.6167340478271252,-0.1301348403827114,0.5694291759686967,-1.4292331377327558,1.4588604231951530,-0.7391781026661990,-0.0471439209256624,0.0321260530307554,0.0011684705590988,0.3972314801667787,0.3692786508698533,0.4236449562410343,0.0737040490669536,0.0099324765721749,-0.0041638978736550,0.5728018240784460,-2.0198567994234109,-3.2381040808117367,-3.6459816760597592,-0.9604926830335206,-0.1299960109935030,-3.5506498312302126,-1.0112038974064304,3.2228419873536707,-0.8143145300747290,0.2143007981956597,-0.0070043028941883,0.0000000000000000,0.0000000000000000,0.4329759654408942,0.6642559871930023,-0.0130811305047881,0.6092000335304434,0.4329759654408942,0.6642559871930023,-0.0130811305047881,0.6092000335304434,0.4562011610306105,0.5093611570090805,-0.0653501123043956,0.7267469127739710,0.6133516082371973,0.4800014918403386,-0.1825321705313218,0.6000669789490324,0.7045028121585661,0.3320804347696189,-0.0449584298552058,0.6256014003251980,0.5773285202371574,0.6507303228845575,0.4062477722709965,0.2796508074799487,0.5366615525116546,0.6740998940855093,0.4586282272278430,0.2173565274831491,0.5604327225662444,0.7281748562770922,0.3667586354839992,0.1454807391400640,0.5604327225662444,0.7281748562770922,0.3667586354839992,0.1454807391400640,0.3856033404401959,0.5517243551899187,-0.1315748915923613,0.7277350806674707,0.2956295662880221,0.5635147100956015,-0.0645204441486841,0.7686946359440033,0.3134544184752004,0.5537977938707843,-0.0399673766937118,0.7703615643595222,0.2724309839252121,0.9093131070584974,0.1601012887485417,0.2707371597513346,0.2570317835729583,0.9298711012244335,0.1838089385604167,0.1883843715552259,0.2794126896739736,0.9459041316271821,0.0609209697696451,0.1532401972790078,0.2794126896739736,0.9459041316271821,0.0609209697696451,0.1532401972790078,0.3866664593892184,0.6922378582211682,-0.0545973586056088,0.6068895494750813,0.2571087056485962,0.2236360176776318,-0.2914942288450450,0.8938194222699724,0.8433673234562571,-0.0733803850112061,-0.3599962124082484,0.3921091734116311,0.8476115376881171,0.0707735634652382,-0.4109574830957593,0.3281154232583667,0.1550681560548665,-0.1809904993294739,-0.9437510136405041,0.2291949615125368,0.1712184546669308,-0.1828469783046582,-0.9522791156147197,0.1744010013456699,0.1712184546669308,-0.1828469783046582,-0.9522791156147197,0.1744010013456699,0.3867649464541221,0.6991830762914969,-0.0507361504782981,0.5991508533387425,0.0786061953134624,0.6482923808367042,0.2667360494700248,0.7087947057650368,0.3722961644859680,0.5518953674107918,0.5766997659394131,0.4735234411356753,0.6745000595844590,0.1096862666882654,0.2287811446166207,0.6933092963378332,0.6711399768757460,0.0785655088012956,0.2631495108499938,0.6885861799407726,0.6711399768757460,0.0785655088012956,0.2631495108499938,0.6885861799407726,0.3852837053996745,0.6930084195193600,-0.0558088439050227,0.6067793419116718
2.7380892069042186,-1.2104276453052563,0.2312028005033849,0.4243155472535119,0.6649101533294133,-0.0113115560391390,0.6145916148617583,-0.4361485746665524,0.5017102488404869,0.4262511901393787,1.3477629783149319,0.1882248500178441,0.2617093789979350,-0.4100077393377559,-0.2343334764706576,0.0647728612309164,1.3195184773175124,0.1791930479686908,0.2615921556762141,-0.1117424721868648,-1.2691695723375285,1.6449065584621640,-0.4166070353871600,-1.9224856185440586,-0.1168377934672341,-0.0200327899320082,-0.9453325053214926,1.0868686612314535,-1.3889829624703647,0.0975240765927771,-0.0040797139406912,1.0670633803466523,-1.1591691513908227,0.0869420915424582,-0.7390988146872992,-0.5116563523825961,0.7187958583658804,-1.1640636911892932,1.1873322109604545,-1.0274724654027894,-0.4496576965422138,0.0007354276724431,0.0007655110358646,0.0987954397452477,0.1026455024604628,-0.1760309993172069,0.2375404402867781,0.0093512112113832,-0.0036283422947880,1.1246677570799344,-0.3609384374174761,-2.3513982857995135,-3.8928480900033389,-0.9522021511075868,-0.0190549171989610,-0.1276538435878082,0.0998801729682594,3.1947914509800937,-0.2475067274426744,0.3242407135763612,0.0013603685339890,0.0000000000000000,0.0000000000000000,0.4243155472535119,0.6649101533294133,-0.0113115560391390,0.6145916148617583,0.4243155472535119,0.6649101533294133,-0.0113115560391390,0.6145916148617583,0.4490574889531206,0.4979330937774527,-0.0650197013298559,0.7390415713444748,0.6177381807496052,0.4664292559088384,-0.1860340739545754,0.6051732087628803,0.7027525311937923,0.3244928206050523,-0.0531730870196673,0.6308850228792058,0.5821373350590416,0.6473782057861941,0.3972462969152013,0.2901946956623550,0.5422308818488580,0.6717838192851761,0.4501934784644187,0.2280745554947782,0.5673546138991150,0.7247822396493171,0.3586898005159764,0.1553739816768464,0.5673546138991150,0.7247822396493171,0.3586898005159764,0.1553739816768464,0.3781471831908431,0.5524333587547616,-0.1269461629881513,0.7319199161673023,0.2899147964013291,0.5634919489553549,-0.0614391375670019,0.7711364773275193,0.3081065522056089,0.5537545649454285,-0.0363009033127350,0.7727279461160650,0.2657350851723138,0.9111046383399535,0.1601008045008247,0.2713686328632617,0.2503456213608909,0.9317295251936253,0.1832333838545193,0.1887662278828361,0.2728273698796072,0.9476691967569002,0.0601454453341872,0.1545019260988723,0.2728273698796072,0.9476691967569002,0.0601454453341872,0.1545019260988723,0.3857498921265011,0.6880016107292075,-0.0463034301106184,0.6129492611288486,0.2577523922527775,0.2060718462901763,-0.2882307946485737,0.8988999429696176,0.8351024676072417,-0.0718200356354697,-0.3469646657781022,0.4207864919161586,0.8366894869768740,0.1042224533913114,-0.4143418658769006,0.3426502601387016,0.1347080135504304,-0.1764697244400344,-0.9391267580573234,0.2622081610898045,0.1511989539230214,-0.1793311048412239,-0.9497435335340902,0.2072835055646980,0.1511989539230214,-0.1793311048412239,-0.9497435335340902,0.2072835055646980,0.3857012481548731,0.6816792182293470,-0.0497275703478591,0.6197379763684808,0.0611963520001779,0.6295507665934980,0.2661300811633551,0.7273895920917463,0.3670512775063794,0.5319716031608319,0.6035940349523591,0.4668552388924871,0.6880688800179153,0.0949367846757801,0.2491903416313206,0.6748721337438547,0.6839767488076756,0.0617843554138838,0.2837976250763563,0.6691916082241276,0.6839767488076756,0.0617843554138838,0.2837976250763563,0.6691916082241276,0.3843447286583884,0.6887875762483678,-0.0475544954382790,0.6128534688830775
2.7596040007817000,-1.2327842250952992,0.2330094006497489,0.4155605951116507,0.6640211835834803,-0.0114691878175269,0.6214931353391219,-0.4519837428321513,0.5167034046061221,0.4086780039707580,1.3352128534827405,0.1881435276443663,0.2617146852269547,-0.4103879758136030,-0.2380061719558368,0.0615470210239107,1.3226260247749189,0.1793779102619872,0.2615291790833704,-0.1014133142760016,-1.2717331276202022,1.5898174258640376,-0.4799217016087055,-1.9311040689535415,-0.1191897682427360,-0.0450379233127154,-0.9533791072992852,1.1253691537641601,-1.3982230385950709,0.1070936743674819,-0.0039782258491420,1.0621327286131150,-1.1156951817873357,0.0261901966869172,-0.9226723770268965,-0.4051959864143239,0.3896155340400454,-0.6164243728419887,0.5912092027885218,-0.7887922649841040,-0.5891238092073416,-0.0069185517915848,0.0002626203768227,-0.1413815735830750,-0.2477218476580529,-0.1197346449490848,0.1241866684519028,0.0088660801443992,-0.0030498633362863,0.0341206264055474,0.1660086771113742,-2.5292668559824807,-2.7823867596351755,-0.2345059325796265,-0.1462217592772994,-0.7675921186714899,0.2856797291605813,1.4007435106487320,-0.5227858302047699,0.5230440597794894,0.0061238604175833,0.0000000000000000,0.0000000000000000,0.4155605951116507,0.6640211835834803,-0.0114691878175269,0.6214931353391219,0.4155605951116507,0.6640211835834803,-0.0114691878175269,0.6214931353391219,0.4409817077722124,0.4890386330980119,-0.0649346251554821,0.7497731945087457,0.6175420597807285,0.4563295509690746,-0.1874530104287940,0.6125900049750416,0.6975460720347244,0.3209740364496625,-0.0587431981668444,0.6379297625783499,0.5839280195579195,0.6471881900196940,0.3860691051056898,0.3018710995724693,0.5450784920407317,0.6726839963011718,0.4392160327863092,0.2397393484147819,0.5717004367575251,0.7242434721620441,0.3476864612936857,0.1665656875679896,0.5717004367575251,0.7242434721620441,0.3476864612936857,0.1665656875679896,0.3696047860061177,0.5497747192853768,-0.1257145088674852,0.7384686333597826,0.2795104824927005,0.5607967878464275,-0.0596937387523758,0.7770569544580314,0.2966991887326462,0.5518955865809789,-0.0356632627042385,0.7785300152281326,0.2560728533300696,0.9136513486013242,0.1540421068692538,0.2755702021221830,0.2412478079051943,0.9346598290100266,0.1763569450922204,0.1926362560205816,0.2643069115736695,0.9496758976794449,0.0529760079097429,0.1595339727051170,0.2643069115736695,0.9496758976794449,0.0529760079097429,0.1595339727051170,0.3813472578380749,0.6842433846202213,-0.0429759415243381,0.6201115447989518,0.2557793593507015,0.1970445184585792,-0.2837779669505596,0.9028955878444526,0.8247565802379050,-0.0654187170123003,-0.3392298162686040,0.4476830425346834,0.8220135938686024,0.1364218938170489,-0.4225431649202021,0.3565669532665838,0.1132700816884151,-0.1715606522110323,-0.9331471531609932,0.2949122272045697,0.1302015778504192,-0.1755213813667721,-0.9459710684242756,0.2395381629565453,0.1302015778504192,-0.1755213813667721,-0.9459710684242756,0.2395381629565453,0.3812586380754216,0.6701001305538744,-0.0503967071946968,0.6348762381980350,0.0472375162373313,0.6184455033597598,0.2628672144609916,0.7390497980483732,0.3597370445426201,0.5231656927108322,0.6167152830931302,0.4653484461707134,0.6916290658063657,0.0863152851893927,0.2610557345860487,0.6678688571225844,0.6866565935306556,0.0496854750166206,0.2984414138559793,0.6610346425331231,0.6866565935306556,0.0496854750166206,0.2984414138559793,0.6610346425331231,0.3799812721073051,0.6850029002163929,-0.0442131245254603,0.6200245633541802
2.7800383994926023,-1.2543512972833191,0.2338796750773531,0.4058735125482673,0.6614462273772145,-0.0120167583740629,0.6305641740682411,-0.4638146817385443,0.5304740831580348,0.3887914111676851,1.3265746801269227,0.1879938921219186,0.2617384218320807,-0.4113178894277708,-0.2395105116563055,0.0548458226273687,1.3240605137713759,0.1795459287736849,0.2614838709018932,-0.0974958754702520,-1.2512329534410356,1.5591383781547643,-0.5443028451745250,-1.9390050599908686,-0.1202740169526794,-0.0686418717766578,-0.9611857923281755,1.1423456552752160,-1.4083348933391626,0.1199842239555436,-0.0039341015298821,0.9823435545178762,-1.0767313305837107,-0.0174539341378311,-1.1215353784697664,-0.8759498961005272,0.5498700801098088,-0.4731344101863801,0.6612750537865659,-1.0447811014900741,-0.3941465976768859,-0.0073745084330905,0.0012528269729503,-0.0680857323917483,-0.0128300045414272,-0.4153784581044105,0.0448213936132643,0.0081043889936907,-0.0021245130573018,0.2351641980913336,1.4641975546008181,-1.1033774380221475,-3.3256523081410547,-0.3498793018243997,-0.0225313968852322,-1.5878511420647945,-0.4382174273965378,0.4672694886133421,-0.9344304655777504,0.5092655343120362,0.0015964456017624,0.0000000000000000,0.0000000000000000,0.4058735125482673,0.6614462273772145,-0.0120167583740629,0.6305641740682411,0.4058735125482673,0.6614462273772145,-0.0120167583740629,0.6305641740682411,0.4316574720738131,0.4800092891220311,-0.0641866587018920,0.7610144427040109,0.6156424533347452,0.4465218580546115,-0.1874755319453935,0.6216554711841819,0.6906359335497172,0.3184641382612446,-0.0631817584171228,0.6462280288990533,0.5829557301301449,0.6489537206935689,0.3756761158434201,0.3128724038505252,0.5451187024327205,0.6754565502548794,0.4287371310778158,0.2505763783979056,0.5731562904726197,0.7256286587130909,0.3369274825556669,0.1772985838764912,0.5731562904726197,0.7256286587130909,0.3369274825556669,0.1772985838764912,0.3600077822355761,0.5446209136800124,-0.1251146607902397,0.7470801689025853,0.2681863557387761,0.5556668788502416,-0.0591602713916965,0.7847359177667655,0.2835492618975297,0.5479866948503226,-0.0372944647898687,0.7860785719254942,0.2465804225435095,0.9154273288294716,0.1448763481209440,0.2831991253615436,0.2326003029184048,0.9371288753852923,0.1663975964635997,0.1999960246917478,0.2566889567694033,0.9508242026536526,0.0428021592657603,0.1679645506732636,0.2566889567694033,0.9508242026536526,0.0428021592657603,0.1679645506732636,0.3729999615536538,0.6805258618015857,-0.0428769843614510,0.6292194722926584,0.2518509217555623,0.1963077961722943,-0.2763409852918889,0.9064601603053278,0.8168531059812327,-0.0550120280804607,-0.3344768568325611,0.4667439472116377,0.8076760741402819,0.1712768265941285,-0.4325604596477523,0.3622361890845694,0.0915614848792287,-0.1583076529990807,-0.9277351093525579,0.3253655611204583,0.1083161005612712,-0.1634212792815605,-0.9427286378965759,0.2698588948447786,0.1083161005612712,-0.1634212792815605,-0.9427286378965759,0.2698588948447786,0.3727981362799530,0.6588428332993145,-0.0537441602640876,0.6511983076097750,0.0298442642109527,0.6091684889905397,0.2566633315714243,0.7497646338294094,0.3448474391130590,0.5219695730193353,0.6212427137168459,0.4718956444309574,0.6843531541818950,0.0784723942350099,0.2713699594304200,0.6722062100449910,0.6781078307319006,0.0376886704781609,0.3133606657346362,0.6637427417215287,0.6781078307319006,0.0376886704781609,0.3133606657346362,0.6637427417215287,0.3716595242856360,0.6812588479481149,-0.0441156116338905,0.6291338433992812
2.7994109050657761,-1.2751077227247603,0.2339767451681526,0.3949211806889704,0.6571699252057440,-0.0128320542373589,0.6418724864272931,-0.4702386976943115,0.5399003856171692,0.3679712211549413,1.3193789224615000,0.1878443294340608,0.2617642087572911,-0.4144118555527074,-0.2406252256343528,0.0463884609619716,1.3246469865723955,0.1796969314060150,0.2614457262014954,-0.0960826611620971,-1.2170730364072695,1.5422917720199882,-0.6087754186935816,-1.9423103549430207,-0.1207309417316790,-0.0954039310715139,-0.9674864554603499,1.1503344585012703,-1.4272774834595141,0.1296104392086259,-0.0038811443557654,0.9439564754060070,-1.0339860414220994,-0.0708266717275719,-1.2583629109538517,-1.0440141548118962,0.4764722651842305,-0.1982043487964739,0.2915472091927515,-0.9898492334888996,-0.3449195609646316,-0.0074536885766646,0.0012230687708978,-0.2527528127039451,-0.1030183746852678,-0.3884119545101538,0.0082628303607998,0.0071731750820841,-0.0018237078395782,-0.1169568559646664,1.6680919796585216,-0.9156523395403285,-2.9579050041027406,0.0277946966919354,-0.0499065334414926,-1.1289556285041944,-0.2062540579728924,0.5943056922643248,-0.9939102933872838,0.4088250717367376,0.0038279179850276,0.0000000000000000,0.0000000000000000,0.3949211806889704,0.6571699252057440,-0.0128320542373589,0.6418724864272931,0.3949211806889704,0.6571699252057440,-0.0128320542373589,0.6418724864272931,0.4207794294802585,0.4710120895703122,-0.0626025108449155,0.7727698291475854,0.6114410194297014,0.4373131416969728,-0.1858189414042685,0.6327467241110678,0.6814419908679901,0.3173952066808497,-0.0662727086036832,0.6561288165842299,0.5789542287167881,0.6530345120305177,0.3654685484070381,0.3237138663592663,0.5421242499520871,0.6805174700675123,0.4181585302701425,0.2610377637605600,0.5715550294909371,0.7292700610353052,0.3257694914849075,0.1880538879120580,0.5715550294909371,0.7292700610353052,0.3257694914849075,0.1880538879120580,0.3489977588993322,0.5367523011662908,-0.1250771969476061,0.7579269267414006,0.2555884063699690,0.5478781345076335,-0.0598070876402979,0.7943092776278523,0.2684365546469046,0.5416989014864293,-0.0410602823618576,0.7954986923119732,0.2369309606434785,0.9163551562442604,0.1326945761773800,0.2941922789031365,0.2240699930372212,0.9390545553675452,0.1534169771525815,0.2107899698399471,0.2496351957733520,0.9510405642248033,0.0296996975429308,0.1797833201273866,0.2496351957733520,0.9510405642248033,0.0296996975429308,0.1797833201273866,0.3629853480537168,0.6753344998221368,-0.0435668841901966,0.6405207858065686,0.2482621447325097,0.2002014563258485,-0.2663441048901417,0.9095856761009887,0.8124128630780875,-0.0423661667708567,-0.3304919261311317,0.4785034321512679,0.7944987701485122,0.2091835614088609,-0.4422238663293223,0.3597943772733982,0.0723417917850192,-0.1362077698960519,-0.9223454624692747,0.3542498503085306,0.0882421853673111,-0.1423293431289870,-0.9394481866053183,0.2989862530118247,0.0882421853673111,-0.1423293431289870,-0.9394481866053183,0.2989862530118247,0.3625416527501811,0.6437797479714044,-0.0585130723781027,0.6713325602739054,0.0088668461427441,0.5971778329072237,0.2474970291164764,0.7629188918241772,0.3229087257053038,0.5225111222439940,0.6218678372368333,0.4857905670194536,0.6707067791832559,0.0639857241196686,0.2806894175559492,0.6835727425363058,0.6627633437981909,0.0206275904918900,0.3265402164653751,0.6735656906781148,0.6627633437981909,0.0206275904918900,0.3265402164653751,0.6735656906781148,0.3616715422473009,0.6760390115075848,-0.0448122297263072,0.6404348636007121
2.8181524389177950,-1.2951750517434497,0.2326886361192893,0.3837990906850459,0.6521948413650633,-0.0142670001269619,0.6535568832117890,-0.4735612044971042,0.5438336282691706,0.3492899690545023,1.3131561471905164,0.1876949641701335,0.2617950272856406,-0.4212098432680941,-0.2417313587193093,0.0382588106209441,1.3233695142474113,0.1798127434332301,0.2614147245386622,-0.0960763185518261,-1.1873796407697879,1.5142590196852201,-0.6610850155221480,-1.9380271415028223,-0.1221412029731563,-0.1230910052311766,-0.9798354997909225,1.1795660919569415,-1.4551693613112497,0.1335624512693450,-0.0038404169937854,0.9154706502824054,-1.0079265991463722,-0.1584872064409903,-1.2647991476265323,-1.0868630107398933,0.4972853343972728,-0.1574386152844173,0.1566081129883694,-0.9326908221175491,-0.2564447208779841,-0.0075767864319732,0.0019042728078970,-0.3544526288212790,-0.0149639931015202,-0.4919729703012104,-0.1089067206267388,0.0048342551291740,-0.0012956576171967,0.1737865742911974,1.6960617994712670,-1.2669241696896365,-2.6488661305509131,0.2880122064264317,-0.0386620405033224,-1.6559895581376312,-1.1245861406141853,1.5684707541508476,-1.2725297246300342,0.2668712688221561,0.0006702302784383,0.0000000000000000,0.0000000000000000,0.3837990906850459,0.6521948413650633,-0.0142670001269619,0.6535568832117890,0.3837990906850459,0.6521948413650633,-0.0142670001269619,0.6535568832117890,0.4094444420215953,0.4627482100204071,-0.0611213988810941,0.7838899907635961,0.6048353881066226,0.4293586433074677,-0.1830925631898885,0.6452150199860800,0.6705355887300944,0.3171067888508597,-0.0675734621600273,0.6672774055239608,0.5722778719439710,0.6585743984435077,0.3559244102687914,0.3348068296389189,0.5364029041778230,0.6870531127231990,0.4079902853396196,0.2716134601882895,0.5672657597372455,0.7344274106048236,0.3148244450268036,0.1992774578209588,0.5672657597372455,0.7344274106048236,0.3148244450268036,0.1992774578209588,0.3372417296431005,0.5268114668704995,-0.1266272275658907,0.7698722227747001,0.2419687334749504,0.5382349019723102,-0.0621929793958204,0.8049138808799710,0.2524823891441414,0.5333838400745566,-0.0463885013323079,0.8059791742120433,0.2276884017004508,0.9160825120333893,0.1185632388849314,0.3080480177874918,0.2161242347586697,0.9400396844859912,0.1385264055469953,0.2245576578691671,0.2435487710541808,0.9500760245209097,0.0148229913592479,0.1944731926917041,0.2435487710541808,0.9500760245209097,0.0148229913592479,0.1944731926917041,0.3519217247722405,0.6699335435304009,-0.0457474661323383,0.6521098958217099,0.2421698572344365,0.2020523889977278,-0.2578179400914933,0.9132680341029908,0.8039083534697196,-0.0306385393235989,-0.3261235012090148,0.4964233083658475,0.7775220531449948,0.2394215417481680,-0.4520463726767063,0.3657743281997157,0.0547908148135343,-0.1242223721475130,-0.9139960206134972,0.3823323726455874,0.0705347529717663,-0.1312638691846179,-0.9331898305006213,0.3270342268327829,0.0705347529717663,-0.1312638691846179,-0.9331898305006213,0.3270342268327829,0.3510758179502444,0.6284556633074305,-0.0642369072007481,0.6911315859231624,-0.0145633368771183,0.5850267490052149,0.2383833130449556,0.7750516164934451,0.3035558021507109,0.5217714644759628,0.6270208114220313,0.4923954872690284,0.6634059824824767,0.0499368226906697,0.2890576288152032,0.6883636418127788,0.6541575912915243,0.0055545126885578,0.3364557302726703,0.6773806424095297,0.6541575912915243,0.0055545126885578,0.3364557302726703,0.6773806424095297,0.3506342152154195,0.6706083061177628,-0.0470000049897789,0.6520208174721812
2.8362027251284800,-1.3137749115724575,0.2319596385662986,0.3711170914739303,0.6500774833973598,-0.0185483187102059,0.6628177199416961,-0.4790410573018627,0.5387360902058090,0.3413491972310198,1.3109001491844290,0.1875642910230494,0.2618077131334293,-0.4169030516724664,-0.2294287043198953,0.0441702200863554,1.3057626586209190,0.1767377507787439,0.2614295334972801,-0.0818521539520407,-1.1585364071759665,1.4854720353934956,-0.7051439582059540,-1.9304445451864756,-0.1233849167626539,-0.1545627543293546,-1.0039939334897912,1.2177429341952413,-1.4805202002833038,0.1388186293327988,-0.0038064436753996,0.8497670026305505,-0.9145369954057190,-0.0456893950966599,-1.4846093869013490,-0.2127937971086705,0.4962460846739367,-0.5016960107182142,-0.4171580856319005,-0.1426852651422360,-0.0321639599533384,-0.0053270761194874,0.0006323450516851,1.3607727446174103,1.4784667699632976,0.6973359755373221,-1.4741789541064554,-0.3225962259827541,0.0019729696407396,1.0398210530386682,1.6151129662377532,-1.0137501116212213,-2.1872776955745832,0.3947181356140441,-0.0341949871564952,-1.7620013004364423,-1.5497596960660762,1.6395086662810041,-1.7080153250910104,0.1284855415617051,0.0012310473278870,0.0000000000000000,0.0000000000000000,0.3711170914739303,0.6500774833973598,-0.0185483187102059,0.6628177199416961,0.3711170914739303,0.6500774833973598,-0.0185483187102059,0.6628177199416961,0.3961584909165997,0.4572811975794682,-0.0622746399180032,0.7937721496991761,0.5933883705540519,0.4241427865433243,-0.1818986560145337,0.6594740459294633,0.6568513928105485,0.3171011028810389,-0.0671487945507390,0.6807967227483195,0.5616516032556217,0.6663571227481837,0.3471457754419094,0.3464180597428279,0.5266730288682874,0.6958706665795260,0.3982188261615452,0.2824912433109911,0.5590405204795479,0.7418964567623221,0.3039800413823658,0.2113278929688213,0.5590405204795479,0.7418964567623221,0.3039800413823658,0.2113278929688213,0.3242039762632240,0.5224813628547784,-0.1285324571678127,0.7780645311919384,0.2318157110689092,0.5338593450009329,-0.0670937167800169,0.8104036704170533,0.2431798851297532,0.5287796021136681,-0.0497469625964332,0.8116531990753305,0.2232271254493784,0.9135661782087552,0.1085397037166510,0.3221577582703173,0.2127357984386733,0.9385105970748788,0.1278854834684182,0.2399721699673979,0.2421991861903975,0.9471730954448524,0.0044682176774725,0.2101968517959075,0.2421991861903975,0.9471730954448524,0.0044682176774725,0.2101968517959075,0.3435172670213008,0.6650748208002845,-0.0463395650583206,0.6614559809283530,0.2388770849072064,0.2055587107839635,-0.2496682500570524,0.9156140669739176,0.7957165599265927,-0.0177606110125892,-0.3229135787825831,0.5121001245780670,0.7604151025513358,0.2669559762786373,-0.4615759014211736,0.3707439355784403,0.0391394084094780,-0.1121139629143976,-0.9052741082543416,0.4078938035240179,0.0546511938692727,-0.1199752978517347,-0.9264187542049837,0.3526577190014919,0.0546511938692727,-0.1199752978517347,-0.9264187542049837,0.3526577190014919,0.3421995873799872,0.6117450214901829,-0.0689403102666682,0.7098694983581670,-0.0403731366144278,0.5698043483190991,0.2330402161308980,0.7870103380148331,0.2829816997671297,0.5191292366858116,0.6381124276721470,0.4931923791638205,0.6590284390427131,0.0393650928297880,0.3035168213780481,0.6870294354247082,0.6485874509140194,-0.0067650439438338,0.3525548477193968,0.6745321579041621,0.6485874509140194,-0.0067650439438338,0.3525548477193968,0.6745321579041621,0.3422500411675118,0.6657278267619213,-0.0475991920126313,0.6613665299328571
2.8527789579383804,-1.3307269435255955,0.2323465904878459,0.3582344798825763,0.6518992027467362,-0.0254350109365503,0.6678686600672962,-0.4891066885477486,0.5277094773191242,0.3461873345590626,1.3098301356750708,0.1874579485835898,0.2618098487133385,-0.4034469862456546,-0.2102824854694384,0.0536066388859527,1.2938063432897429,0.1728698784618694,0.2613624565354225,-0.0576066739835966,-1.1257231279835624,1.4701111286426678,-0.7455316253155941,-1.9222778806900278,-0.1239972692320903,-0.1829844028465086,-1.0331270011399001,1.2481752649568758,-1.5189154178719286,0.1397633095609951,-0.0037648345775235,0.7907975084888060,-0.8398432620316353,-0.0239715334079462,-1.5554448505374781,0.1774967655361663,0.4091039913542873,-0.3566417470436126,-0.5236906392589962,0.5264788145125023,-0.0645570565444771,-0.0053259105012497,-0.0002825050120092,0.1310702192162946,0.3955881962717820,0.0700252236790688,0.0050963051269336,-0.0665146766109374,-0.0053182092396168,1.1077851895542170,1.6914676176057075,-0.3520757884659260,-1.8909381652946402,0.3643205992091251,-0.0301420201222567,-1.0707655093509512,-0.9825694758801988,0.9280957460207004,-1.8645796479073855,0.0350044248882509,0.0032056237045697,0.0000000000000000,0.0000000000000000,0.3582344798825763,0.6518992027467362,-0.0254350109365503,0.6678686600672962,0.3582344798825763,0.6518992027467362,-0.0254350109365503,0.6678686600672962,0.3824598127930417,0.4541684120901371,-0.0665491246391375,0.8018894930522521,0.5787125061900755,0.4209984722457660,-0.1829153325925497,0.6740876075470370,0.6424074804657633,0.3153735998711639,-0.0644496156596022,0.6954842691156005,0.5487269323283105,0.6737597273176723,0.3402056402451351,0.3594533431862525,0.5144758452605525,0.7044458178858636,0.3900714403291794,0.2948134422750676,0.5485565502927550,0.7493353511901474,0.2947815637961475,0.2251356751684340,0.5485565502927550,0.7493353511901474,0.2947815637961475,0.2251356751684340,0.3122085529918277,0.5279158020293852,-0.1289480740155952,0.7792323912762398,0.2283863320183238,0.5385620833988821,-0.0726194336917871,0.8077852335383172,0.2427005503402190,0.5322648562438472,-0.0510012975857095,0.8094377266453816,0.2244038550780900,0.9125841146738073,0.1055821922341215,0.3250931315087295,0.2144431995838705,0.9372580094024077,0.1245744903385266,0.2450361898172698,0.2445464276269372,0.9454995997843415,0.0013735500418134,0.2150015462801046,0.2445464276269372,0.9454995997843415,0.0013735500418134,0.2150015462801046,0.3385781107896371,0.6623212030523344,-0.0453973561967075,0.6668092432860977,0.2395478255895770,0.2148576265935805,-0.2415494973045989,0.9154817747512919,0.7918255568178901,-0.0027237727735173,-0.3232685267937619,0.5181721028929557,0.7463331821063496,0.2956714483090258,-0.4706973370327848,0.3660726606182151,0.0258387189183071,-0.0909068648516055,-0.8983893968666754,0.4289111727677939,0.0404266712530066,-0.0994780110939420,-0.9212465433845821,0.3738644351394694,0.0404266712530066,-0.0994780110939420,-0.9212465433845821,0.3738644351394694,0.3368590208389761,0.5976028555994922,-0.0719438450754710,0.7240310146772000,-0.0639069822487582,0.5553895551777214,0.2320507096830424,0.7959967385328576,0.2630894027730051,0.5173897600008115,0.6497222504143265,0.4908694324475602,0.6581278064271976,0.0266651997227919,0.3137355946361319,0.6839055009205451,0.6467296324806427,-0.0199163000226927,0.3627357864575068,0.6706466079001020,0.6467296324806427,-0.0199163000226927,0.3627357864575068,0.6706466079001020,0.3373286215742886,0.6629584558517689,-0.0466546255321912,0.6667224555974398
2.8683698842339833,-1.3466494168940315,0.2318014092116885,0.3447869537355813,0.6535482313050526,-0.0333016936225522,0.6729692883732848,-0.4946335708018451,0.5200043283330570,0.3585601088324205,1.3081471296114209,0.1873545162004190,0.2618024578689760,-0.4049318879900630,-0.2077875305632748,0.0470525181392708,1.2976852531972896,0.1724787112755827,0.2612817498221264,-0.0348377016931404,-1.0911915859925581,1.4654573248706884,-0.7836475890722454,-1.9146974921344166,-0.1244370572666394,-0.2072227444164761,-1.0517079637773727,1.2666405359458701,-1.5549498747681147,0.1392802870611377,-0.0037228369653293,0.7467951151171820,-0.8120290886270013,-0.1136012589682708,-1.5834505371315184,0.0302100391060086,0.4515577028812136,-0.2643775912469525,-0.2896875183636221,0.6353845342830519,-0.1056966095079775,-0.0051909014638159,-0.0004006316599742,-0.2022644717719628,-0.0131017034874897,-0.5925451183384252,0.2561190619518996,0.0001977472465871,-0.0029590329558071,1.1982997866535934,1.6831758936573002,-0.2960397756360625,-1.8822102676915426,0.4087564551345820,-0.0194148156112978,-0.8090459061651354,-0.8319821788709855,1.5377667379280839,-1.7549527767880739,-0.0867179069114500,0.0013466862507678,0.0000000000000000,0.0000000000000000,0.3447869537355813,0.6535482313050526,-0.0333016936225522,0.6729692883732848,0.3447869537355813,0.6535482313050526,-0.0333016936225522,0.6729692883732848,0.3678172901074903,0.4529172102807044,-0.0711396420894619,0.8090213798490803,0.5636391631095579,0.4193519701203490,-0.1853072400130509,0.6871070118723027,0.6291862478261026,0.3125217537727114,-0.0602620041997975,0.7091003524291628,0.5359591712873889,0.6794942402439015,0.3350441915876196,0.3725328628076955,0.5022671259077871,0.7113634275373403,0.3837115815765759,0.3073356965252515,0.5380859821275912,0.7553625831074644,0.2875758541930962,0.2391463400600476,0.5380859821275912,0.7553625831074644,0.2875758541930962,0.2391463400600476,0.2973160727829158,0.5275673737279304,-0.1345160765954463,0.7843349056239473,0.2143825473115706,0.5386718929763444,-0.0790853994242900,0.8109366280563385,0.2273110577011030,0.5333450739636788,-0.0595054723761131,0.8126080321303620,0.2170978252735723,0.9159076347907606,0.0898874432687014,0.3254258538224891,0.2085488139844185,0.9405335322292928,0.1082525306013256,0.2453272438119978,0.2387310055060384,0.9466208470376524,-0.0151956435539470,0.2160684414271897,0.2387310055060384,0.9466208470376524,-0.0151956435539470,0.2160684414271897,0.3325607011507624,0.6598535550850186,-0.0458239695180397,0.6722327199038928,0.2386297643227366,0.2252273897823132,-0.2338073742199238,0.9152390781820375,0.7897438838201565,0.0109333065222693,-0.3244591317196353,0.5204914337632137,0.7340568535481125,0.3221546732367537,-0.4787145876262450,0.3580631869720758,0.0142298800919051,-0.0681554988707535,-0.8923060191275860,0.4460294908578680,0.0277210323213519,-0.0773580731126191,-0.9166390083004924,0.3911779663442602,0.0277210323213519,-0.0773580731126191,-0.9166390083004924,0.3911779663442602,0.3303635881263282,0.5853776413022359,-0.0753108758109483,0.7365603768112405,-0.0833197818947050,0.5442830571211105,0.2282425566866951,0.8029440223284794,0.2451095891533443,0.5181094106687326,0.6543667677217296,0.4932423959707775,0.6541285680371502,0.0131615280664061,0.3185448151735506,0.6859094629633513,0.6417946466840231,-0.0330990339719448,0.3673674909572086,0.6723430761342453,0.6417946466840231,-0.0330990339719448,0.3673674909572086,0.6723430761342453,0.3313309726675666,0.6604718924067766,-0.0470761009877712,0.6721461943711093
2.8829703343631317,-1.3617962222880005,0.2301608680734170,0.3316332068794509,0.6546321527982700,-0.0407918921211222,0.6780945230236958,-0.5007585852213097,0.5121480015466162,0.3724528557142081,1.3065806578805716,0.1872456607909578,0.2617915087370815,-0.3955342087963445,-0.1966131382508507,0.0431199624990444,1.2950388383636227,0.1722966686792538,0.2612740898392684,-0.0140200327442733,-1.0569904968352135,1.4666917349323119,-0.8188369420267453,-1.9071488640426058,-0.1247859933972681,-0.2275017191888611,-1.0643274978271073,1.2772434178393306,-1.5882422820765143,0.1389674389734058,-0.0036732489650017,0.6954065216834159,-0.7536508850211443,-0.1202361399932518,-1.5809486861484294,0.1034703825679665,0.3407396918899184,-0.2509538013830309,-0.4515861264840997,0.8401275857587082,-0.0675136475851712,-0.0054593705949663,-0.0009447013447929,0.2764775044055864,0.3354318625708191,-0.2919528327152586,0.1257983883438069,-0.0012608142011196,-0.0026927634284339,1.0272918677057810,1.7081017405388443,0.2048745033222236,-1.6887832655975674,0.4039824289236121,-0.0170969997670319,-1.3391058979676849,-0.5652016947787589,-0.1371849644531998,-1.5830665102479613,0.0103972405650825,0.0023668591832180,0.0000000000000000,0.0000000000000000,0.3316332068794509,0.6546321527982700,-0.0407918921211222,0.6780945230236958,0.3316332068794509,0.6546321527982700,-0.0407918921211222,0.6780945230236958,0.3534989259771639,0.4508860213682609,-0.0753718436176322,0.8161246168676520,0.5489997584937588,0.4170083874159511,-0.1873048955590021,0.6997286231805691,0.6164582960317364,0.3086679433551620,-0.0551171104376489,0.7222640612238348,0.5230002525215226,0.6841295390475839,0.3309523568004488,0.3858860546757207,0.4897682990493050,0.7172101886285872,0.3783989162982613,0.3202355675405206,0.5273766332044283,0.7604644825367965,0.2815492236330879,0.2535698961265133,0.5273766332044283,0.7604644825367965,0.2815492236330879,0.2535698961265133,0.2840626560583478,0.5298539804162908,-0.1375511996969939,0.7871739543023564,0.2051592245461416,0.5408245980338284,-0.0847014005941897,0.8113224509913166,0.2169273669639688,0.5362127103276328,-0.0669536248407322,0.8129794947388657,0.2134143089732722,0.9180302139921955,0.0774248225228484,0.3250849977778286,0.2059609750263014,0.9425969354195759,0.0955005088125143,0.2448892543995977,0.2361072768684055,0.9470055435257210,-0.0281039210321099,0.2159722759151316,0.2361072768684055,0.9470055435257210,-0.0281039210321099,0.2159722759151316,0.3263610717136832,0.6572764184514323,-0.0462405706043684,0.6777447677759948,0.2373439088842820,0.2353332278503626,-0.2261309241095718,0.9149595324091723,0.7886618444113060,0.0235421151660734,-0.3255191112402265,0.5210523699213339,0.7227997856755273,0.3466956497522322,-0.4853972266915807,0.3489299766291408,0.0043947157606863,-0.0454161993008390,-0.8863180166578982,0.4608236416049638,0.0167365809981201,-0.0551490314687740,-0.9119680830834190,0.4061929179856599,0.0167365809981201,-0.0551490314687740,-0.9119680830834190,0.4061929179856599,0.3237539892378302,0.5749531353548101,-0.0777123440527751,0.7473774402402634,-0.0997793000706360,0.5350016807772447,0.2244627315124419,0.8083525066484990,0.2298289214846016,0.5191511118472759,0.6574598644667600,0.4953860277927837,0.6508781399879706,0.0008270509143686,0.3213755104683145,0.6878042920364892,0.6377276195597333,-0.0450498361751058,0.3699472513257425,0.6741016442257066,0.6377276195597333,-0.0450498361751058,0.3699472513257425,0.6741016442257066,0.3251517948940248,0.6578754818806064,-0.0474868584714478,0.6776585857864322
2.8966797476436548,-1.3758237607448658,0.2281013349684469,0.3188535263165310,0.6561003323257760,-0.0491758382770890,0.6822364103500089,-0.5072588416713794,0.5030200686429244,0.3911000795175713,1.3048012571130623,0.1871359639016537,0.2617720571700546,-0.3898282329626223,-0.1889271293238646,0.0372406551324859,1.2964012820771806,0.1723103030968371,0.2612383824746261,0.0098190766237205,-1.0273072590597747,1.4645934936885578,-0.8499225734206661,-1.8980420908358313,-0.1253154196106560,-0.2449690392871571,-1.0770755065820099,1.2949497876308544,-1.6194974076347060,0.1375450917826359,-0.0036422285690851,0.6562215409549221,-0.7097707471950198,-0.1650303185391198,-1.5290113216889685,0.2012663250713768,0.3318598955685631,-0.3454272367381163,-0.4430652483315957,1.0061620708962786,-0.0985232260879736,-0.0056515914248497,-0.0010695723005760,0.3846270728410017,0.4588571541960345,-0.2958277690414617,-0.0220914942005047,0.0005596868499857,-0.0008089890330545,1.3044666602154791,1.4514542788520088,-0.1344433243854297,-1.5540199108661061,0.4654014697729967,-0.0217006732235307,-0.9691907200468682,-0.7265924612485486,0.9955184288040619,-1.5102843639796850,-0.0696219817522972,0.0012021729050430,0.0000000000000000,0.0000000000000000,0.3188535263165310,0.6561003323257760,-0.0491758382770890,0.6822364103500089,0.3188535263165310,0.6561003323257760,-0.0491758382770890,0.6822364103500089,0.3393296584651773,0.4493550589790339,-0.0805369697992983,0.8224653247106546,0.5336533360497783,0.4150902038729796,-0.1900165655494077,0.7119044489174364,0.6038313106786846,0.3040945719220114,-0.0488074007505165,0.7352088663798946,0.5094201440684684,0.6880238212746227,0.3278498603648026,0.3995357396212599,0.4765581706224121,0.7223453176313307,0.3740143368067321,0.3335008665238117,0.5160083663213695,0.7649807373657505,0.2765392440508950,0.2684508965257235,0.5160083663213695,0.7649807373657505,0.2765392440508950,0.2684508965257235,0.2706206689143439,0.5317592295225525,-0.1422754054189039,0.7897811623398102,0.1945469907820425,0.5428502360553705,-0.0912348090597040,0.8118751746470146,0.2047802123380145,0.5390732557292351,-0.0758618456272051,0.8134556349121415,0.2090453606486981,0.9208672166379285,0.0631663848769579,0.3229761823019570,0.2028346647383114,0.9452431797591538,0.0809200455243634,0.2425394321169989,0.2326972740615898,0.9477307107938634,-0.0428861570558547,0.2140543295414620,0.2326972740615898,0.9477307107938634,-0.0428861570558547,0.2140543295414620,0.3212167379074902,0.6549465814939041,-0.0467160129043678,0.6824092590343709,0.2363087746849278,0.2443879607707478,-0.2196902979883579,0.9144226925262795,0.7871631526321252,0.0348125320519820,-0.3267680982164993,0.5219050380465360,0.7118088168495886,0.3679881286299491,-0.4916123050204434,0.3409256326460420,-0.0041501135260704,-0.0250194623968651,-0.8804014332304485,0.4735505457972415,0.0071636205093189,-0.0352249098763326,-0.9072465321075629,0.4190603992793928,0.0071636205093189,-0.0352249098763326,-0.9072465321075629,0.4190603992793928,0.3181815191537515,0.5651161623100256,-0.0800374617241857,0.7569664779141475,-0.1144971948107682,0.5263396165166632,0.2207461897029113,0.8130978540109448,0.2166885559645437,0.5197185327720240,0.6606983124337058,0.4964035216983752,0.6490885867162023,-0.0103574871125646,0.3235825622025300,0.6883829272243195,0.6353078917022554,-0.0557019009658569,0.3715814185993866,0.6746913593053443,0.6353078917022554,-0.0557019009658569,0.3715814185993866,0.6746913593053443,0.3200226852797555,0.6555308522326123,-0.0479595002714241,0.6823229946376096
2.9095182738729326,-1.3887183338772622,0.2256246017964793,0.3065501008434453,0.6575984033118233,-0.0583234087457422,0.6857038395888504,-0.5128940502511868,0.4931327561782197,0.4141470860525308,1.3034412266196167,0.1870218639066852,0.2617403091279336,-0.3833162807882732,-0.1820742326784238,0.0314212029152821,1.2985983495982336,0.1723548523477720,0.2612022688916303,0.0333132958628165,-0.9970277061704743,1.4701865462319987,-0.8796814701064721,-1.8901947379245314,-0.1256685946874957,-0.2574180663129547,-1.0827547230077157,1.3007544602649939,-1.6464720096272438,0.1374284979882784,-0.0035929326728777,0.6124651375433824,-0.6490968842594462,-0.1752781262416565,-1.6038761506784420,0.2109919594383662,0.1980037284511086,-0.1877200169789346,-0.4518831612013584,1.2386643927580872,-0.0466377297332775,-0.0054932638389081,-0.0020161726470092,-0.0022932981516900,-0.0564134176627702,-0.5781254414705104,0.3753413672360885,0.0083990063006161,-0.0031481501468286,1.0937201013685354,1.5307799788173009,0.4940768118545835,-1.4691372706262480,0.3685349926756105,-0.0161653028911806,-0.3646493309603124,0.0426225056749223,0.0113923667960220,-1.1917248899586241,0.0126930710473570,0.0028151680941730,0.0000000000000000,0.0000000000000000,0.3065501008434453,0.6575984033118233,-0.0583234087457422,0.6857038395888504,0.3065501008434453,0.6575984033118233,-0.0583234087457422,0.6857038395888504,0.3253997776342016,0.4481354094082824,-0.0864876433879699,0.8281361766589352,0.5180132701639172,0.4133851968137882,-0.1934376816433633,0.7234340289962531,0.5915678881314982,0.2987850443752651,-0.0414956534068273,0.7476984965463359,0.4954751303952375,0.6910861868689508,0.3258509639081074,0.4131893352918414,0.4628821426036228,0.7266501973032690,0.3706947228902777,0.3468501625184865,0.5041873506580437,0.7688114695767254,0.2726976550446578,0.2834784447128988,0.5041873506580437,0.7688114695767254,0.2726976550446578,0.2834784447128988,0.2577857676084171,0.5345056805603942,-0.1474648385426174,0.7912675254683522,0.1848287934171444,0.5456929770571509,-0.0982922985194365,0.8114161176401617,0.1936925251485865,0.5426100937018200,-0.0850629081315997,0.8129094621018148,0.2057275510394662,0.9235812821902248,0.0492815115590483,0.3197579124112803,0.2007229628723546,0.9476737043404632,0.0668040778245171,0.2390858788456235,0.2301504246607582,0.9483028403737073,-0.0571835435376202,0.2109088602124468,0.2301504246607582,0.9483028403737073,-0.0571835435376202,0.2109088602124468,0.3167467210217184,0.6527481436874222,-0.0476452171959415,0.6865284472714633,0.2355138868576312,0.2538457639340446,-0.2140493856752373,0.9133884155834286,0.7870096440480656,0.0449036920791280,-0.3289961547083310,0.5199625071100150,0.7023410061487083,0.3879178037710388,-0.4971783549518799,0.3302280605381936,-0.0116556833149594,-0.0032752394920151,-0.8752995343741847,0.4834295636150803,-0.0015113860503622,-0.0139051257693250,-0.9031544616076799,0.4290878484269722,-0.0015113860503622,-0.0139051257693250,-0.9031544616076799,0.4290878484269722,0.3133013069893010,0.5571368086379241,-0.0821970419625173,0.7646466594396117,-0.1255710101963100,0.5198143753217246,0.2166813154278051,0.8167460707904507,0.2059397789136989,0.5206324807994097,0.6612201091643483,0.4993181296871935,0.6465509625477855,-0.0214312914305106,0.3235542471961993,0.6905253085133476,0.6320350711660372,-0.0664778446531290,0.3714261322908432,0.6768714746817762,0.6320350711660372,-0.0664778446531290,0.3714261322908432,0.6768714746817762,0.3155717312733894,0.6533170032889865,-0.0488803973433219,0.6864416088715586
2.9214439298193002,-1.4005199766770366,0.2229042188132602,0.2945407273118938,0.6586982042855064,-0.0684727813485623,0.6889658292252401,-0.5184368851232874,0.4831465057925237,0.4395337322692516,1.3025603406866728,0.1869187731991127,0.2616999759571202,-0.3765058343961024,-0.1762648667433206,0.0251437854459431,1.2999700897153916,0.1724121322131428,0.2611796181516173,0.0565452628189206,-0.9682402470630613,1.4776128243055404,-0.9083921334452305,-1.8814267168044174,-0.1260017051353426,-0.2660577679061334,-1.0829528644898196,1.3061768795217088,-1.6688590555699054,0.1369929990950357,-0.0035543055387655,0.5703496820296321,-0.5989818316780323,-0.1865081649559770,-1.5570634781447512,0.2765836217086958,0.1264016855904903,-0.3160243552832235,-0.4742902651968009,1.3115413744483584,-0.0557207408929764,-0.0051045108267427,-0.0021538469220849,0.2228064919573270,0.1912172940495952,-0.4130955981238945,0.1104367024343453,0.0042620196212601,-0.0015798965412118,1.3235118448267955,1.3313392112280078,0.1204515931968012,-1.4224849986388177,0.5176588135868522,-0.0174197117030725,-0.4493543908558972,-0.1481044770243580,0.8365292710750762,-1.0788432972311384,-0.0645321184277436,0.0011360962140424,0.0000000000000000,0.0000000000000000,0.2945407273118938,0.6586982042855064,-0.0684727813485623,0.6889658292252401,0.2945407273118938,0.6586982042855064,-0.0684727813485623,0.6889658292252401,0.3114382536702571,0.4468492139892868,-0.0933766762594631,0.8334343348091158,0.5021262847342808,0.4114416691815259,-0.1977604019343303,0.7344901432060479,0.5793608675280858,0.2928413190399128,-0.0338801922758830,0.7598928079745312,0.4812908412794547,0.6935737886428166,0.3242930902009195,0.4267886098012731,0.4489244076652267,0.7303781268045757,0.3677958108162357,0.3601956546571501,0.4920845686876503,0.7721238199831398,0.2693525072895683,0.2985411373512147,0.4920845686876503,0.7721238199831398,0.2693525072895683,0.2985411373512147,0.2449905375851437,0.5366289926489505,-0.1539753569295162,0.7926541176331223,0.1741164495203134,0.5481192041352405,-0.1060397300597739,0.8111746887776032,0.1812188923035505,0.5458121590874313,-0.0954979926448062,0.8124831896509637,0.2020637285240582,0.9261763060457577,0.0336214684668741,0.3166027425536966,0.1984188074294025,0.9499952840447793,0.0508933235818510,0.2356879436156345,0.2274206886853888,0.9485334825112340,-0.0732489088494724,0.2078428739825743,0.2274206886853888,0.9485334825112340,-0.0732489088494724,0.2078428739825743,0.3121829660162292,0.6505223747909675,-0.0498831433115036,0.6905607197336051,0.2338253494403881,0.2629252934283872,-0.2097319052067645,0.9122546376823845,0.7871162114428926,0.0531788100109850,-0.3320981724609130,0.5170405087589616,0.6937104334763105,0.4056785798072976,-0.5027487311872311,0.3184877354958489,-0.0184023166239268,0.0182633323456974,-0.8708949038110447,0.4907849548941525,-0.0094570223064882,0.0072371358132828,-0.8995959329568125,0.4365608159258888,-0.0094570223064882,0.0072371358132828,-0.8995959329568125,0.4365608159258888,0.3082617964836033,0.5511161714564208,-0.0848999367917836,0.7707383674896887,-0.1329540401912658,0.5160671305944868,0.2112149389318963,0.8193815896691774,0.1989120167890153,0.5218979680404007,0.6591541382497524,0.5035596713006856,0.6439226933569568,-0.0316422705485574,0.3207296739335047,0.6938982691670034,0.6287262586938412,-0.0763415748739969,0.3685758170896406,0.6804609633412541,0.6287262586938412,-0.0763415748739969,0.3685758170896406,0.6804609633412541,0.3110256563202903,0.6510764974140156,-0.0511110802302033,0.6904709212583340
2.9325598902319938,-1.4112875029932903,0.2197476097430495,0.2830544947583552,0.6598489074539705,-0.0792202845036596,0.6915227536763008,-0.5241570946095018,0.4733185664340497,0.4671386325471967,1.3015602636161627,0.1868141908778784,0.2616486895512641,-0.3708142417296691,-0.1722448358168558,0.0177502184548719,1.3014178510199548,0.1724769536885302,0.2611524192576526,0.0817412688947371,-0.9416805202187508,1.4833233744153329,-0.9358651757562056,-1.8717003901806928,-0.1263377060498619,-0.2732624805370578,-1.0812528151579504,1.3130161704768293,-1.6882204175215278,0.1366960620492066,-0.0035109798624551,0.5296097454697810,-0.5400254917462602,-0.1948992642650815,-1.6125174951575789,0.3155355231311604,-0.0041470872733713,-0.2188998609063977,-0.4916507801087223,1.4453212833517008,-0.0311808247107702,-0.0051986528453366,-0.0030119461992311,0.0868794939301077,-0.0395445073823924,-0.4776183805653613,0.2520508322870538,0.0063582784431144,-0.0024842046258026,1.1378873385747337,1.3569671944060497,0.5617074941038510,-1.3410059413988198,0.4256821171087281,-0.0160145784548237,0.0410930367583655,0.4524323065038135,0.0248276225489081,-0.8742560532746033,0.0282594570474599,0.0030773311156499,0.0000000000000000,0.0000000000000000,0.2830544947583552,0.6598489074539705,-0.0792202845036596,0.6915227536763008,0.2830544947583552,0.6598489074539705,-0.0792202845036596,0.6915227536763008,0.2978071274077163,0.4454699233588603,-0.1009655793133385,0.8382561744727790,0.4864069753535523,0.4092815088492793,-0.2027958267260059,0.7448293452221003,0.5675147220570146,0.2864090421182323,-0.0260125187114784,0.7715051845008897,0.4672696982032281,0.6952674877903390,0.3231232582502065,0.4402879847787650,0.4350927084287012,0.7333048141917317,0.3652998028378098,0.3735163163799743,0.4801014113822217,0.7746932052060852,0.2665151670686589,0.3135645680217817,0.4801014113822217,0.7746932052060852,0.2665151670686589,0.3135645680217817,0.2325882855176511,0.5388476433311904,-0.1612962991754139,0.7934288944755530,0.1635107315231771,0.5507200819081663,-0.1143707577762993,0.8104881009771174,0.1686542399687241,0.5491667463355315,-0.1067855916804965,0.8115223160636220,0.1988802827526654,0.9284482439145935,0.0171478389950906,0.3132673668321149,0.1966644435335542,0.9519786642315183,0.0342127446957882,0.2321404910781256,0.2252167151295764,0.9483289637591081,-0.0900336911784756,0.2045569411547774,0.2252167151295764,0.9483289637591081,-0.0900336911784756,0.2045569411547774,0.3090418083942214,0.6480845533844605,-0.0516888906638376,0.6941237864465072,0.2332503793652519,0.2708964232233892,-0.2061453066736177,0.9108861075607538,0.7870139974422466,0.0606787894176906,-0.3349609590587970,0.5145174518431715,0.6851084825169270,0.4220638045088071,-0.5079177016041225,0.3074217306959465,-0.0241411859616377,0.0388678986192339,-0.8663772664423011,0.4972895753876782,-0.0163572725999780,0.0275045499413335,-0.8958615921982878,0.4431793620979704,-0.0163572725999780,0.0275045499413335,-0.8958615921982878,0.4431793620979704,0.3046757893920473,0.5450113724822987,-0.0872916125444333,0.7762186815599630,-0.1386460650194227,0.5121189191793953,0.2058918025910075,0.8222651925619766,0.1942291975903719,0.5216372290080591,0.6586492757469472,0.5063109239135739,0.6435086676854032,-0.0408980981704052,0.3180741177038118,0.6950199967099824,0.6277507989842358,-0.0853477950272800,0.3656981680803657,0.6818427517553446,0.6277507989842358,-0.0853477950272800,0.3656981680803657,0.6818427517553446,0.3079016308379793,0.6486270217917374,-0.0529094734760874,0.6940318147933693
2.9427996759925485,-1.4208892647481837,0.2165175981358203,0.2719858373822028,0.6605233649864427,-0.0913311015010280,0.6938236220172229,-0.5292327150623851,0.4633266729137516,0.4961124787648280,1.3009996256638745,0.1867165673755870,0.2615864374000514,-0.3654121736876746,-0.1699712402031861,0.0104004236483057,1.3027428142640178,0.1725485624530904,0.2611271128259486,0.1055334898882712,-0.9158886774664823,1.4923667240968783,-0.9624292006796938,-1.8619447710255204,-0.1266704046261160,-0.2796391964573725,-1.0740510159002630,1.3115160047620147,-1.7038200549799793,0.1369339000518763,-0.0034672162196464,0.4903416363011630,-0.4865560051479746,-0.2039090633385408,-1.6259812707212595,0.3385144585994774,-0.1179479350514001,-0.2720703353944032,-0.4790167211981946,1.4566348725307243,-0.0289431007123184,-0.0047510688735323,-0.0032596957798335,0.1896129563961941,0.0365346942216810,-0.4241334384507052,0.0979770731395177,0.0044651872622899,-0.0016243294891123,1.2931781003776306,1.2154490120052144,0.2793804392807987,-1.3209609490128511,0.5556582031660139,-0.0172772937566693,-0.5381168653672325,0.2166425950070369,0.1188400873535123,-0.7328323438683434,-0.0162969831866480,0.0014108667169310,0.0000000000000000,0.0000000000000000,0.2719858373822028,0.6605233649864427,-0.0913311015010280,0.6938236220172229,0.2719858373822028,0.6605233649864427,-0.0913311015010280,0.6938236220172229,0.2841553436557464,0.4440840931013161,-0.1098820456509773,0.8425977658229482,0.4703836063437360,0.4068920854786439,-0.2091018327918284,0.7546221022346220,0.5554791558247337,0.2797584918931683,-0.0185669240958820,0.7828367409540253,0.4532744074597028,0.6967132601207795,0.3216273227948714,0.4535292823465038,0.4213158256183377,0.7359603424091887,0.3624842042209281,0.3866012819104581,0.4681391153023336,0.7769505996249605,0.2634011952348434,0.3283494248742023,0.4681391153023336,0.7769505996249605,0.2634011952348434,0.3283494248742023,0.2203112576172856,0.5404186812503980,-0.1702510273353787,0.7939931904077765,0.1520897385725544,0.5529242532763532,-0.1237438220355198,0.8098339015302840,0.1551971535406081,0.5520601072104139,-0.1191871033766336,0.8105170670309219,0.1956814176861479,0.9303954789232487,-0.0007105285066337,0.3099556915443889,0.1950149127206401,0.9536420646702811,0.0161525816815940,0.2286374650248403,0.2231223852896997,0.9476280881598541,-0.1081438853291161,0.2013015344677202,0.2231223852896997,0.9476280881598541,-0.1081438853291161,0.2013015344677202,0.3056100816732721,0.6456546208377723,-0.0555123280664061,0.6976037342239052,0.2314346922148470,0.2787213078566151,-0.2043535720604634,0.9093910233624735,0.7871284548962043,0.0660320580349705,-0.3392428586998395,0.5108648017093581,0.6776281445701912,0.4360737874040044,-0.5134934586288488,0.2949308691386349,-0.0296251519198094,0.0592179621278062,-0.8630091274358752,0.5008301401648344,-0.0230299589616492,0.0475053930049211,-0.8930890693047258,0.4467714996663193,-0.0230299589616492,0.0475053930049211,-0.8930890693047258,0.4467714996663193,0.3005872917308021,0.5400796726285858,-0.0912381054120571,0.7807924406551080,-0.1413435062541505,0.5106878436606824,0.1980110375786775,0.8246281395720143,0.1911173759203157,0.5223712283637647,0.6532999645745019,0.5136162036832753,0.6399274958918783,-0.0515743540935178,0.3124660478921966,0.7001413106766513,0.6233731696932392,-0.0957620083036639,0.3603847315291228,0.6872833290229993,0.6233731696932392,-0.0957620083036639,0.3603847315291228,0.6872833290229993,0.3044893992283599,0.6461838880590137,-0.0567225996220305,0.6975063693347954
2.9522483204907672,-1.4294534783346566,0.2129736239965084,0.2614143124400934,0.6610910944372228,-0.1042177349739711,0.6955284220103193,-0.5348760922042590,0.4540698436729226,0.5252976242032004,1.3003780064245121,0.1866218189015981,0.2615160809235309,-0.3618425065897493,-0.1695278848801653,0.0019102355233924,1.3040569714973922,0.1726299646903112,0.2610988037581655,0.1320171867134814,-0.8923549829257541,1.4974491161306531,-0.9882681198162306,-1.8505912032166714,-0.1270166364525772,-0.2849217777044226,-1.0679998462387776,1.3177119490438698,-1.7176664660814760,0.1367836139393500,-0.0034318070789031,0.4518506353921168,-0.4332917117466485,-0.2168798366048507,-1.6499212170712314,0.3874764986076933,-0.2190975312366923,-0.2458918095952725,-0.4337011673429718,1.4692951164017156,-0.0264735921520616,-0.0047762335769598,-0.0038243029693680,-0.0440821614577585,-0.2024611344716806,-0.5523650326956385,0.2428450883152010,0.0073085501156650,-0.0024152769171674,1.3061973456644431,1.1701353555083964,0.3155607256345319,-1.2736123205196639,0.5525965813928782,-0.0171241585489871,0.0573305133450425,0.4824364726861034,0.3374513465364948,-0.6504604426368594,0.0021399356028154,0.0022765569628970,0.0000000000000000,0.0000000000000000,0.2614143124400934,0.6610910944372228,-0.1042177349739711,0.6955284220103193,0.2614143124400934,0.6610910944372228,-0.1042177349739711,0.6955284220103193,0.2707351905816556,0.4423902203757142,-0.1196590333669071,0.8465666336623129,0.4546721543481584,0.4040098554283908,-0.2163409995056561,0.7637053363110869,0.5435759613724490,0.2729027398925901,-0.0117998471330784,0.7936687170254177,0.4398042528301791,0.6976715083275509,0.3196658902148211,0.4665194575723670,0.4081042059901183,0.7381065441039987,0.3592562027683324,0.3994804968662515,0.4567082346349125,0.7786484634924221,0.2599478024095595,0.3428575487574888,0.4567082346349125,0.7786484634924221,0.2599478024095595,0.3428575487574888,0.2082603729617624,0.5416205997254351,-0.1803251620627088,0.7942024798084850,0.1404372901636203,0.5549156817640443,-0.1339351494277287,0.8089544668345794,0.1412736561172351,0.5547033445215777,-0.1327155127653322,0.8091554525153258,0.1928189765560168,0.9318295332602883,-0.0198114997207710,0.3067932002222655,0.1938090289799389,0.9548068276632259,-0.0031166531967883,0.2253270259121010,0.2214931160245611,0.9462758906352666,-0.1273881096566515,0.1981792316926013,0.2214931160245611,0.9462758906352666,-0.1273881096566515,0.1981792316926013,0.3036116499335786,0.6428054479524438,-0.0590287001767070,0.7008114829700767,0.2307918178002698,0.2852426961400551,-0.2033312686818809,0.9077599552257289,0.7868247285206935,0.0706563872393120,-0.3430957234757079,0.5081336891638925,0.6700094027117435,0.4488957581539164,-0.5188287993690817,0.2835430752716633,-0.0341577422309173,0.0784728212492234,-0.8595170069595590,0.5038906426181738,-0.0286980198543381,0.0664684272775300,-0.8901509238591048,0.4498774328464090,-0.0286980198543381,0.0664684272775300,-0.8901509238591048,0.4498774328464090,0.2978987029037591,0.5342363430768151,-0.0952187654287039,0.7853542380699325,-0.1437045472797140,0.5082317235981384,0.1901988398553486,0.8275710963641003,0.1894323812407245,0.5215252293741852,0.6503357656829571,0.5188354266405061,0.6386693347773506,-0.0611640069793022,0.3078718417268351,0.7025491969513742,0.6214879375121110,-0.1051076994781459,0.3557511920632264,0.6900334806246343,0.6214879375121110,-0.1051076994781459,0.3557511920632264,0.6900334806246343,0.3025067467980888,0.6433261583632122,-0.0602327327950732,0.7007090266346702
2.9609131152617927,-1.4369257750185045,0.2092404430434675,0.2512297988455311,0.6612762720496842,-0.1183022554295926,0.6968513877121714,-0.5400155113870865,0.4453664985045578,0.5541848522428564,1.2998445896417863,0.1865290863638055,0.2614355022218842,-0.3588960632410743,-0.1703963024932025,-0.0064891280587525,1.3048830012983217,0.1727083829435537,0.2610763904030682,0.1583294188435407,-0.8693724714409341,1.5038292167622631,-1.0132952391882526,-1.8393251655374989,-0.1273627786437633,-0.2853495648028430,-1.0575075834953003,1.3208023627335479,-1.7294667575187497,0.1369201430329618,-0.0033878728026345,0.4149454249190892,-0.3790735524156554,-0.2226065543938930,-1.6962568557281887,0.4133860989559748,-0.3451439481606809,-0.2296680545814478,-0.4127074611690420,1.4236580852742609,-0.0198237775508411,-0.0045699238108850,-0.0042511565472562,-0.0321841928126983,-0.2185849751372607,-0.5013262713513787,0.1818013651679555,0.0064412255131220,-0.0019147088363457,1.2847954185590063,1.1477504379448074,0.3868044848528088,-1.2412440606687645,0.5489333284863823,-0.0172228034291567,0.2373839010335620,0.6836713382978994,0.2165463333967521,-0.5550001039195229,0.0124757941004046,0.0024225417088097,0.0000000000000000,0.0000000000000000,0.2512297988455311,0.6612762720496842,-0.1183022554295926,0.6968513877121714,0.2512297988455311,0.6612762720496842,-0.1183022554295926,0.6968513877121714,0.2573022531177941,0.4406333990371384,-0.1306302474032897,0.8500432322281269,0.4389975559096339,0.4008113146473099,-0.2248829560779603,0.7720486331972245,0.5315195305420437,0.2661870633526401,-0.0062478204967462,0.8041096944416879,0.4269335129195199,0.6985157352963660,0.3166698946139216,0.4790863397497203,0.3955851675472242,0.7400988993944533,0.3550555193560982,0.4119485071055923,0.4459075459850581,0.7800658981369510,0.2555542941801248,0.3568692445749213,0.4459075459850581,0.7800658981369510,0.2555542941801248,0.3568692445749213,0.1962621429557519,0.5421460570128164,-0.1918946170069900,0.7941884411596623,0.1281453244598471,0.5564771750257713,-0.1451862419313223,0.8079807452212453,0.1266182950073498,0.5568266138350556,-0.1474021761508545,0.8075794251715505,0.1900960890092229,0.9327056358271566,-0.0402873566764240,0.3038101425754009,0.1928622586426431,0.9554314353659165,-0.0237432802248138,0.2222412611331442,0.2201504079127543,0.9442117139484376,-0.1479094665116578,0.1952455552749923,0.2201504079127543,0.9442117139484376,-0.1479094665116578,0.1952455552749923,0.3019163887098675,0.6397258897623935,-0.0637277869350783,0.7039432145908253,0.2298841097610440,0.2913315923909023,-0.2036381428153708,0.9059860408113699,0.7865313057066265,0.0738253074132700,-0.3476958641106454,0.5050009061468288,0.6630967999914290,0.4600086023902968,-0.5243304242261417,0.2716106142971735,-0.0383717342139675,0.0971783304258032,-0.8567403128594904,0.5050544707558676,-0.0340434198258742,0.0848841627762710,-0.8878028502446501,0.4510452566803106,-0.0340434198258742,0.0848841627762710,-0.8878028502446501,0.4510452566803106,0.2955009858919114,0.5304419923136471,-0.0996986572095943,0.7882706628296161,-0.1430701086805129,0.5081724742541410,0.1818495693409576,0.8295917155704244,0.1910176602814410,0.5209064905261609,0.6458836545144843,0.5244072715164599,0.6380743329146021,-0.0703097905525094,0.3004790620275387,0.7054289562465519,0.6202578393018423,-0.1141086489541138,0.3484707062973858,0.6934173316777417,0.6202578393018423,-0.1141086489541138,0.3484707062973858,0.6934173316777417,0.3008307500938762,0.6402371276346365,-0.0649218350372251,0.7038340965962837
2.9688158637563840,-1.4433183456222831,0.2053324496545009,0.2414636654688022,0.6610320407888775,-0.1336228369050582,0.6977656316889705,-0.5449984541056093,0.4372986129594530,0.5815993407246760,1.2994252627017402,0.1864405038667555,0.2613482164368916,-0.3562061563882291,-0.1726405232608178,-0.0144237693382527,1.3051354030139122,0.1727758408221009,0.2610694854245822,0.1851828802522048,-0.8471838572613536,1.5097005485186126,-1.0378055109231799,-1.8275513578634865,-0.1277152789894292,-0.2871167143699025,-1.0454739179268819,1.3219224306247603,-1.7391686447748553,0.1370996476100636,-0.0033472401333860,0.3773337802752713,-0.3280767309501805,-0.2347696095420679,-1.7176372297878979,0.4010754619366710,-0.4667434314467344,-0.2654955521224263,-0.3871539227035204,1.2902549972488879,-0.0133931574385950,-0.0042494068347499,-0.0043127769200435,0.3433497341358019,-0.1007412538978724,-0.2603010612428773,-0.1465448433211301,-0.0001055160518126,0.0040391277823673,1.3092543041360203,1.0884541798837297,0.2876422437088930,-1.2145446424471540,0.5976867827126918,-0.0177036605306960,-0.1749049538622942,0.6295899513680668,-0.0224409260702123,-0.4372953350720111,0.0123121434772396,0.0019692401484687,0.0000000000000000,0.0000000000000000,0.2414636654688022,0.6610320407888775,-0.1336228369050582,0.6977656316889705,0.2414636654688022,0.6610320407888775,-0.1336228369050582,0.6977656316889705,0.2438691231134659,0.4386592234644021,-0.1428561727283725,0.8530521967469985,0.4234014583785636,0.3971373523532424,-0.2347588630549385,0.7796803220717553,0.5191568036613222,0.2597365680904352,-0.0024043798809447,0.8142526311693145,0.4148329577784086,0.6994121420921910,0.3121589098059987,0.4912159277380588,0.3839729208375730,0.7421021728865690,0.3494200393422155,0.4239749959214363,0.4359458886974221,0.7813066116157470,0.2497398196972259,0.3703257798627229,0.4359458886974221,0.7813066116157470,0.2497398196972259,0.3703257798627229,0.1843511767977206,0.5419944625915698,-0.2049563558297185,0.7938825721341757,0.1153029847098858,0.5576305222383615,-0.1575223982267123,0.8068085996331912,0.1114238147639751,0.5584185805632539,-0.1631271444092124,0.8056940840927541,0.1875937856052810,0.9329633023605537,-0.0619217517673762,0.3009214926003650,0.1922368716820250,0.9554478566744956,-0.0455051305411748,0.2193026708374842,0.2191460166522098,0.9413968567538317,-0.1694794436604700,0.1924154350773727,0.2191460166522098,0.9413968567538317,-0.1694794436604700,0.1924154350773727,0.3007150606759735,0.6362692142275810,-0.0694613662773167,0.7070410581456726,0.2289776816159156,0.2967827510973970,-0.2052424731742967,0.9040822679259675,0.7860958473539156,0.0756424108035819,-0.3528210592233173,0.5018454389842453,0.6566961860660412,0.4695770290620015,-0.5300173116528262,0.2594786741370709,-0.0421877613070069,0.1152448500646832,-0.8545516453315745,0.5046586002344281,-0.0389770115594547,0.1026705753316127,-0.8859374967657843,0.4506154650645575,-0.0389770115594547,0.1026705753316127,-0.8859374967657843,0.4506154650645575,0.2934320718634957,0.5262102103657266,-0.1052899352689890,0.7911475609769698,-0.1412609657640230,0.5083962885580873,0.1718032879267802,0.8319027488771313,0.1933530852864248,0.5199376382253935,0.6398664618688633,0.5318367679488162,0.6363838152694544,-0.0803982688366739,0.2922204936220933,0.7093369729109141,0.6178500690575517,-0.1239797783167247,0.3403988454973821,0.6978674177221371,0.6178500690575517,-0.1239797783167247,0.3403988454973821,0.6978674177221371,0.2996485131395851,0.6367721957375131,-0.0706459786496515,0.7069236769337246
2.9757541494238842,-1.4485243155058516,0.2015776742790157,0.2327840739915579,0.6606603185764288,-0.1499666397752999,0.6977460320982779,-0.5524107053648830,0.4286082909939633,0.6072618810956565,1.2990886098677017,0.1863571723121807,0.2612602852286146,-0.3450742531007396,-0.1726181438220692,-0.0092273889497009,1.3007572575153779,0.1726817914051282,0.2611770763433383,0.2117200291891579,-0.8260708325460350,1.5160223618458388,-1.0611558166848372,-1.8157323753848544,-0.1280721629440589,-0.2895663962628096,-1.0321218052020764,1.3223481454810877,-1.7485304883797412,0.1374209699098646,-0.0033049945207789,0.3278929920285859,-0.2543800114491874,-0.2021416203674201,-1.6828786734787848,0.5765235062291245,-0.6574681458716486,-0.4056509722016108,-0.4214955326587524,1.3087623754154496,-0.0287144380323420,-0.0042931184885433,-0.0045412763986358,0.3078485330774168,-0.1899877786960376,0.3360018659597026,0.0472167647473633,-0.0004466040195260,0.0012787729548469,1.4234277285766903,1.0024640201766717,0.2044524645684392,-1.1368938706360543,0.6237971850126354,-0.0182304288152100,0.0050925257580239,0.6170710993631366,0.3587658279194251,-0.4869679231940771,0.0015179277977881,0.0017691109112994,0.0000000000000000,0.0000000000000000,0.2327840739915579,0.6606603185764288,-0.1499666397752999,0.6977460320982779,0.2327840739915579,0.6606603185764288,-0.1499666397752999,0.6977460320982779,0.2311035633091929,0.4357522827434999,-0.1563524022934416,0.8557248491230659,0.4081335634595454,0.3924297115325838,-0.2456115777514455,0.7868296313425883,0.5064649388924631,0.2531152895191977,-0.0002035407630366,0.8242729368694726,0.4034424785284600,0.7001249184851445,0.3061714262876301,0.5033073839712492,0.3732035249916745,0.7439192964820975,0.3423826874857681,0.4359785597542539,0.4268156825601156,0.7821806189202034,0.2425598972501507,0.3836489915956350,0.4268156825601156,0.7821806189202034,0.2425598972501507,0.3836489915956350,0.1749941377784347,0.5452647616571220,-0.2174622611329254,0.7904261865735097,0.1063589476810323,0.5619485442924640,-0.1697566755377336,0.8025486146808440,0.1035761815175307,0.5624681029236089,-0.1737269517869078,0.8016985431186680,0.1876175600669811,0.9330474540035358,-0.0755561401173709,0.2975119651755167,0.1934341823132614,0.9552274384123338,-0.0590956535434123,0.2159431910232162,0.2199065553067468,0.9393990193594282,-0.1829787905470378,0.1889162554403671,0.2199065553067468,0.9393990193594282,-0.1829787905470378,0.1889162554403671,0.3003874912856797,0.6327936762679532,-0.0764117193348871,0.7095778798008517,0.2283402098964729,0.3020067463917843,-0.2084903006612812,0.9017674135875906,0.7856656495496218,0.0760595240865898,-0.3590142464188635,0.4980494019490324,0.6511491000478314,0.4774614839829786,-0.5359850299348020,0.2464861629087150,-0.0455890478903054,0.1330198218671814,-0.8532436807062727,0.5021977569022904,-0.0435095140325662,0.1201696204209949,-0.8848189646126523,0.4480642636702005,-0.0435095140325662,0.1201696204209949,-0.8848189646126523,0.4480642636702005,0.2919741088582498,0.5212730645220753,-0.1124389303887908,0.7939666232866599,-0.1383538524453238,0.5087729156302926,0.1597442993795465,0.8345598184973486,0.1962630692760123,0.5185834880474798,0.6319941979324402,0.5414197145861992,0.6334539293294168,-0.0921909854210807,0.2826594228642852,0.7143812653550223,0.6140541663288535,-0.1354945573005969,0.3311301474667831,0.7035137036296591,0.6140541663288535,-0.1354945573005969,0.3311301474667831,0.7035137036296591,0.2993402714448128,0.6332897311159886,-0.0775854450698511,0.7094505036066284
2.9817127391591165,-1.4527202217904644,0.1980795780273799,0.2257338171094823,0.6604487150938406,-0.1660872461339843,0.6966109137931360,-0.5531524738886145,0.4230574903391155,0.6430580993334892,1.2943504083052706,0.1856193220068521,0.2611928300711527,-0.3399340195038508,-0.1776854352506366,-0.0044875446343389,1.3020755089766085,0.1726978204720579,0.2612252280270548,0.2353306114069529,-0.8074921356986401,1.5209068757703557,-1.0825382671892070,-1.8040729670888456,-0.1284363235516467,-0.2910477590961809,-1.0178605088779318,1.3249346231015873,-1.7566667823714071,0.1376489469941806,-0.0032699682143890,0.2572413123125200,-0.2199141369821279,-0.1474296194509008,-0.9209908706288984,0.4095411583322720,-0.6034998575588509,0.7472121083180427,-0.0907195568867611,2.9819635811874265,-0.6954173775729502,-0.1213197855364954,-0.0006614779305535,0.0609581430775573,-0.3194847383651735,-0.2249782287761812,0.1604455814194194,0.0025393922743571,0.0029719603447718,0.4992546524174954,0.7563121462307157,0.3677048076513448,-0.9021875733946415,0.4616839132514919,-0.0180487109980130,0.0522451146260461,0.8529185439167035,-0.0676137848274910,-0.3852988656852768,0.0231701355928015,0.0015164535232049,0.0000000000000000,0.0000000000000000,0.2257338171094823,0.6604487150938406,-0.1660872461339843,0.6966109137931360,0.2257338171094823,0.6604487150938406,-0.1660872461339843,0.6966109137931360,0.2199859985120212,0.4349974062335790,-0.1700755238127622,0.8564214693879078,0.3949643329049695,0.3895702406254072,-0.2576498687156450,0.7911098207599286,0.4971026145532997,0.2462738054529525,0.0030774897015367,0.8320028439910121,0.3945178078076028,0.6984767969221408,0.3024502928768179,0.5147909127236006,0.3647489089064642,0.7432340807876634,0.3377554052715270,0.4477528568497675,0.4199519564556289,0.7808895225279885,0.2380906681086569,0.3964400858070157,0.4199519564556289,0.7808895225279885,0.2380906681086569,0.3964400858070157,0.1664085656576969,0.5469539859281283,-0.2310950532175596,0.7872385933955824,0.0961590493182769,0.5652428933609122,-0.1818352491935440,0.7988678557120148,0.0950177451322993,0.5654358667176886,-0.1834476272652532,0.7984991401309958,0.1867396994444765,0.9336322689591663,-0.0883724419186459,0.2926591575858895,0.1936651558818795,0.9553926586532270,-0.0719389410300511,0.2110532254011822,0.2195029276350593,0.9378860445888733,-0.1957552318852420,0.1840329354073146,0.2195029276350593,0.9378860445888733,-0.1957552318852420,0.1840329354073146,0.3013914055076448,0.6295327490623888,-0.0835160015216939,0.7112501782311953,0.2287077836405360,0.3068081976159810,-0.2127344990530348,0.8990581252013254,0.7851984188860802,0.0757969302727627,-0.3655708721615256,0.4940406924202583,0.6462177011176865,0.4841077516327832,-0.5417732851221290,0.2335039081026294,-0.0483173234206918,0.1500807565370064,-0.8523838450869150,0.4985809697627727,-0.0473461093333828,0.1369849684575283,-0.8840654506417706,0.4443216665088991,-0.0473461093333828,0.1369849684575283,-0.8840654506417706,0.4443216665088991,0.2918464582018487,0.5171564916018360,-0.1197884394482655,0.7956290202121002,-0.1335191355318585,0.5098555391394685,0.1478087826895700,0.8368826282194267,0.2020220271756856,0.5162795942308223,0.6251459839849549,0.5493951035677030,0.6328840718491009,-0.1031920039453420,0.2717907630553885,0.7175924630590937,0.6127193044458308,-0.1463150190861159,0.3204016459267939,0.7074671401815414,0.6127193044458308,-0.1463150190861159,0.3204016459267939,0.7074671401815414,0.3003607716874553,0.6300251330599744,-0.0846798504841389,0.7111125518974212
2.9853858658784045,-1.4570977398242664,0.1967404995885902,0.2279409127109305,0.6610659135522701,-0.1699362226974017,0.6943748832346616,-0.5428048708972967,0.4206669235270878,0.7010571421065113,1.2846329499813296,0.1833529491259248,0.2611367396011910,-0.3412672744781648,-0.1834958700260882,-0.0169410362872675,1.3043563553456552,0.1727414041824884,0.2613128272551228,0.2310708311592723,-0.7970537211362461,1.5314885185277878,-1.0961517995806125,-1.7978471970141496,-0.1287968773065786,-0.2895155829962003,-0.9993015116299525,1.3164775367952390,-1.7651261531529061,0.1384022186432647,-0.0032391969484549,0.1412904300424757,-0.1966683060542591,-0.0138406860013008,0.4151228099417881,0.1400896816178361,-0.3547077424365366,0.1881800455126348,-0.1937713833159235,2.4607064705471973,-0.2154445930459350,-0.0617224265812334,-0.0050559302909583,-0.1485743364279160,-0.2978619798730100,-0.8041678950046934,0.0988818498563079,0.0025658922902287,0.0044012726998006,-0.5802495434261885,0.3936123176231647,0.5872174202308171,-0.5644211861037594,0.2564565539092991,-0.0181959669436755,0.0585243379668205,0.9355892011974392,-0.6314232803740017,-0.4688709867786567,0.0438578812934954,0.0016405958559350,0.0000000000000000,0.0000000000000000,0.2279409127109305,0.6610659135522701,-0.1699362226974017,0.6943748832346616,0.2279409127109305,0.6610659135522701,-0.1699362226974017,0.6943748832346616,0.2214504288909931,0.4410798052421416,-0.1745603423887119,0.8520193658695121,0.3946121875133272,0.3948623091617995,-0.2628810843912535,0.7869298022941036,0.5056291640115043,0.2365886096828609,0.0212907055187900,0.8294044153052662,0.3920392618439417,0.6864077140189658,0.3200302529657435,0.5222358705554390,0.3610729021686195,0.7313631768358018,0.3545990763665227,0.4571583510428124,0.4175224866924258,0.7713071312373279,0.2563550481145060,0.4062540728593695,0.4175224866924258,0.7713071312373279,0.2563550481145060,0.4062540728593695,0.1677590364894183,0.5476976406957665,-0.2353183226230753,0.7851811810596937,0.0953531983352353,0.5668989017516581,-0.1843178064610433,0.7972203892158020,0.0910043932908370,0.5676132465347875,-0.1904241009006372,0.7957839308230529,0.1878894857932916,0.9340663013537911,-0.0961284501611352,0.2880572978995664,0.1954812617102858,0.9554327065568001,-0.0795626427552788,0.2064102842386935,0.2207064671384445,0.9369242354901387,-0.2033589138244887,0.1791836613160091,0.2207064671384445,0.9369242354901387,-0.2033589138244887,0.1791836613160091,0.3029937258423535,0.6302063184770192,-0.0883451557377246,0.7093870112353960,0.2295848913262727,0.3131138194237664,-0.2161676564883840,0.8958359548761620,0.7860945415699820,0.0761121418105173,-0.3727943957395747,0.4871207777215638,0.6438299544439554,0.4893164093688250,-0.5456776368546657,0.2197461215125369,-0.0502214318886996,0.1656139298170014,-0.8523131484871537,0.4935707962851262,-0.0502868380059290,0.1523100138001814,-0.8839867797787061,0.4391358181656647,-0.0502868380059290,0.1523100138001814,-0.8839867797787061,0.4391358181656647,0.2928086657514017,0.5186939428688309,-0.1246313168082023,0.7935280169992259,-0.1239644304113707,0.5148664285318446,0.1396027659791288,0.8366937602818754,0.2112081792216269,0.5150052955508303,0.6168494205203539,0.5564687259749566,0.6333369025308414,-0.1130165658770687,0.2573443931511812,0.7210308502717789,0.6124081506903889,-0.1561389422476980,0.3063252588349957,0.7118579377104827,0.6124081506903889,-0.1561389422476980,0.3063252588349957,0.7118579377104827,0.3019716129874973,0.6306967153061118,-0.0894951250684413,0.7092428503980811
2.9874763004626801,-1.4611637607622463,0.1966046973809866,0.2337967075294402,0.6617799186767505,-0.1691013143477106,0.6919473854784511,-0.5440571335789783,0.4150736723742763,0.7381849934815428,1.2840122669660523,0.1828280195489395,0.2610036064611828,-0.3446957993558133,-0.1897729295306856,-0.0316678949058019,1.3058825387228870,0.1728053468328438,0.2613845593951571,0.2177085851669904,-0.7903299512922337,1.5420154137107827,-1.1065354391724007,-1.7917697367059433,-0.1291692792387886,-0.2890917141458335,-0.9810556727972675,1.3008357523700349,-1.7755820928943744,0.1392850109926366,-0.0032047256641632,0.0907458104241503,-0.1674364047872418,0.0138658846168481,0.5278987295809733,0.0572153596761180,-0.3687784090090996,-0.1998119462561956,-0.3220852611063343,1.3912267833418217,0.0829341580899568,-0.0103934832949316,-0.0074572095846800,-0.2070826644555218,-0.3381559653619644,-0.6485110425787651,0.0881787671304748,0.0039905111509272,0.0027361609666581,-0.6630682496916955,0.3105562102767109,0.4453658661833474,-0.5045034837900887,0.3674530497015910,-0.0189833112137601,0.0051187169107936,0.9057336427997550,-0.8818612539056252,-0.5478937065327835,0.0427320330784165,0.0017401652270393,0.0000000000000000,0.0000000000000000,0.2337967075294402,0.6617799186767505,-0.1691013143477106,0.6919473854784511,0.2337967075294402,0.6617799186767505,-0.1691013143477106,0.6919473854784511,0.2273443803484460,0.4417805785401270,-0.1754418702999689,0.8499203511473186,0.3978449313970420,0.3960661236247204,-0.2628337024555414,0.7847098069554651,0.5136258477758644,0.2265776957645083,0.0368157792486402,0.8267379480082470,0.3893434730461573,0.6764749799305309,0.3370142031154121,0.5265118122348528,0.3569490396591946,0.7217188164580580,0.3711526588770971,0.4625527395500117,0.4141096470866971,0.7638826063986870,0.2740724536736728,0.4121660514508363,0.4141096470866971,0.7638826063986870,0.2740724536736728,0.4121660514508363,0.1730234768011113,0.5478777168763819,-0.2359614686304274,0.7837187436496276,0.0982617603909884,0.5677072297156696,-0.1831838111200467,0.7965530861888361,0.0896298804368491,0.5691338654125689,-0.1952582320217645,0.7936796271803624,0.1898084818431823,0.9342185582008203,-0.1006579994822837,0.2847391663852931,0.1977863904976277,0.9553043745295144,-0.0839037327733934,0.2030622056547799,0.2225623488694514,0.9362236434228614,-0.2076814239756618,0.1755554513456554,0.2225623488694514,0.9362236434228614,-0.2076814239756618,0.1755554513456554,0.3047276194583014,0.6322615274984630,-0.0924593656090937,0.7062844359716214,0.2303629579171881,0.3192737229152393,-0.2195715076658266,0.8926284504186739,0.7870402047375493,0.0761449083073640,-0.3799332968583621,0.4800212068272354,0.6424594358192681,0.4930459917114054,-0.5489338931945048,0.2069374405138626,-0.0512461252295340,0.1793105144280114,-0.8526960422673097,0.4879867145386105,-0.0522464929358896,0.1658467495311084,-0.8842975984309165,0.4333392632282234,-0.0522464929358896,0.1658467495311084,-0.8842975984309165,0.4333392632282234,0.2939759427262872,0.5213730722406303,-0.1289156279459452,0.7906510137297366,-0.1139145070594443,0.5205063962501824,0.1323714888069898,0.8358076127285951,0.2192844991527287,0.5146930588642811,0.6066223788396328,0.5648138216078036,0.6317583764055689,-0.1239548460184880,0.2420151876729292,0.7259099110258583,0.6099416654847046,-0.1669675048338558,0.2915026534879515,0.7177180644548281,0.6099416654847046,-0.1669675048338558,0.2915026534879515,0.7177180644548281,0.3037130152276027,0.6327495283259965,-0.0935921991481951,0.7061352130032831
2.9887905260409133,-1.4646645200856157,0.1966192916554455,0.2391656522120371,0.6618066025823705,-0.1694076731937223,0.6900093128671967,-0.5488868334053340,0.4085889622939783,0.7574690384479840,1.2867543154469396,0.1827409066516369,0.2608521510517529,-0.3473272753010668,-0.1961668547763953,-0.0403551291167199,1.3066749325568121,0.1728656936013609,0.2614397553616792,0.2067667210115687,-0.7842283953449153,1.5482391503696213,-1.1166494984651325,-1.7823273345374924,-0.1295582753576529,-0.2892179141380826,-0.9630825525835723,1.2814510655482818,-1.7870397620538430,0.1400668592464485,-0.0031699557878738,0.0617983669311367,-0.1428201676964533,0.0055709331817279,0.2751827981011280,0.0361293870015252,-0.4420072002459637,-0.2306848918191167,-0.3103767188126675,0.6692144680973908,0.1529866198281564,-0.0016563926014970,-0.0074626183144448,-0.1154599609072707,-0.3238310206002016,-0.2821952358325407,0.0357673243599273,0.0032009023725388,0.0023331136292152,-0.4467868221778512,0.3075732822019236,0.2000984783749704,-0.5099567061382250,0.5593077895686754,-0.0198269573267307,-0.0218765825923230,0.9011065732222560,-1.0148824455717851,-0.5777019757932272,0.0357002846230030,0.0017311435815532,0.0000000000000000,0.0000000000000000,0.2391656522120371,0.6618066025823705,-0.1694076731937223,0.6900093128671967,0.2391656522120371,0.6618066025823705,-0.1694076731937223,0.6900093128671967,0.2323024153728875,0.4398382287643298,-0.1772755280457053,0.8492062808796792,0.3999988660174085,0.3946449046779470,-0.2629442517686225,0.7842937121119622,0.5174237001383144,0.2191264660844380,0.0451256568934251,0.8259660897921046,0.3869595252087996,0.6707342187321077,0.3464475952075116,0.5294827640697501,0.3537336948687612,0.7162488980587185,0.3803105093070418,0.4660728544495861,0.4113482436373799,0.7596295028461023,0.2839217953336686,0.4161058218731549,0.4113482436373799,0.7596295028461023,0.2839217953336686,0.4161058218731549,0.1777389751755971,0.5474643006348564,-0.2375925645421647,0.7824586056196162,0.1005192750174327,0.5680403164972386,-0.1830234575923316,0.7960706552528083,0.0891987552771359,0.5699276338916397,-0.1988243109490590,0.7922720287624191,0.1916787742202948,0.9341209627328728,-0.1036666391891033,0.2827198302483455,0.1999120114552139,0.9550391170180969,-0.0867335704516360,0.2010292525925926,0.2244097645089163,0.9355859763757436,-0.2104787592300984,0.1732565447971842,0.2244097645089163,0.9355859763757436,-0.2104787592300984,0.1732565447971842,0.3064697002438567,0.6334544271311626,-0.0969802170112634,0.7038512975684709,0.2309478261350418,0.3240212700815743,-0.2234809196582691,0.8897918839183221,0.7870829467106010,0.0755318700206734,-0.3863009727243285,0.4749388698356617,0.6407114645568712,0.4956778794643240,-0.5524824232940363,0.1963553690284286,-0.0512939542441133,0.1913119329191608,-0.8531308485961153,0.4826348824467727,-0.0531265514540932,0.1777510542787591,-0.8846502310326280,0.4277570583488996,-0.0531265514540932,0.1777510542787591,-0.8846502310326280,0.4277570583488996,0.2950570783516097,0.5228584911367734,-0.1336706302044639,0.7884747817029603,-0.1044277113672983,0.5251974533282673,0.1241630949621683,0.8353717818824783,0.2254387071374359,0.5144964825007108,0.5945953651506570,0.5752626448501196,0.6275471021116255,-0.1368328973159518,0.2268598654988699,0.7321174729981923,0.6047018226824205,-0.1795161939192171,0.2768750493030362,0.7248791960311448,0.6047018226824205,-0.1795161939192171,0.2768750493030362,0.7248791960311448,0.3054642070102618,0.6339399077635203,-0.0980969016766824,0.7036965322223829
2.9895487597004378,-1.4676389050335290,0.1964556839840135,0.2431227851855223,0.6612504421001286,-0.1716803316382605,0.6885964187204258,-0.5535223973898920,0.4034878198104767,0.7647351672926325,1.2895929011979301,0.1827278506579400,0.2607119206198508,-0.3482692901976257,-0.2016247435856184,-0.0427562456826292,1.3064930100697865,0.1729081113195722,0.2614865889998386,0.2015197035779687,-0.7787513215352130,1.5484763192149928,-1.1264137494139057,-1.7693148970131327,-0.1299671993113088,-0.2916227745901351,-0.9487258761464415,1.2693415095999809,-1.8002249880933667,0.1403987813370947,-0.0031410980279461,0.0354768186867893,-0.1234363531711785,-0.0102953815199490,0.0471459928847215,0.0442036464593491,-0.4721503906128540,-0.2077330216197153,-0.2243006027968990,0.1488375403008113,0.1178285048896728,-0.0002645244383648,-0.0066553253422304,-0.0140608747901156,-0.2570439161016473,-0.0117742139131229,-0.0141742642878011,0.0018059950635154,0.0018837844398899,-0.1905387154147418,0.2845083708489273,-0.0208049442757557,-0.4783812923994653,0.6819999271276121,-0.0207084519537627,-0.1634623810477976,0.7163108813613146,-0.6180088934860840,-0.6769121784363969,0.0168630808240555,0.0017720627095439,0.0000000000000000,0.0000000000000000,0.2431227851855223,0.6612504421001286,-0.1716803316382605,0.6885964187204258,0.2431227851855223,0.6612504421001286,-0.1716803316382605,0.6885964187204258,0.2353355102502740,0.4373342185159242,-0.1806155967530820,0.8489605321449505,0.4008517185566734,0.3922136996555318,-0.2646726776188399,0.7844964545839299,0.5182138826481228,0.2144016284874622,0.0470277768453694,0.8266043199364884,0.3859437493488009,0.6681106254646485,0.3490052468127811,0.5318561386098466,0.3524918148070844,0.7138490959212421,0.3827620154329167,0.4686813718168937,0.4104264796445805,0.7575486054296319,0.2867183332426841,0.4188828148787128,0.4104264796445805,0.7575486054296319,0.2867183332426841,0.4188828148787128,0.1810684050879146,0.5469240324370146,-0.2406438439504363,0.7811394726875045,0.1017383192217790,0.5683185468702657,-0.1845247576117527,0.7953703272775023,0.0895731289620520,0.5703624381765954,-0.2014755062128049,0.7912464622868726,0.1935831548674245,0.9338313279541099,-0.1055522959832382,0.2816794736854385,0.2019740566060468,0.9546652785329985,-0.0884432331716554,0.1999962022833294,0.2263236680506089,0.9349874173617997,-0.2121474225755643,0.1719581278968074,0.2263236680506089,0.9349874173617997,-0.2121474225755643,0.1719581278968074,0.3085251745329941,0.6333822325684284,-0.1014102107032591,0.7023924354028449,0.2318426736231304,0.3269677224091728,-0.2275316447732099,0.8874516515374992,0.7862476401862369,0.0746750437022768,-0.3912827350123016,0.4723728478976431,0.6383600470188909,0.4976190929538080,-0.5561162725787545,0.1886965290379804,-0.0501468859960117,0.2014279548756211,-0.8533572619854884,0.4782190421095320,-0.0526880649711957,0.1878535745591995,-0.8848265017653438,0.4231040818860372,-0.0526880649711957,0.1878535745591995,-0.8848265017653438,0.4231040818860372,0.2963415979614791,0.5221248946397105,-0.1386245391526895,0.7876233166049701,-0.0967422467392187,0.5277110443548759,0.1155518157525466,0.8359484249868672,0.2303576498508221,0.5131973516344868,0.5844842744891862,0.5847580391113959,0.6240099263283199,-0.1502827481189010,0.2134149583074946,0.7365329341123630,0.6001816284248588,-0.1925811031291152,0.2636774556717886,0.7301840391225420,0.6001816284248588,-0.1925811031291152,0.2636774556717886,0.7301840391225420,0.3075289133425677,0.6338665500815772,-0.1025144713256931,0.7022321178320120
2.9898382441784288,-1.4701000702301712,0.1961617727742682,0.2458708864553304,0.6602454967174795,-0.1756974709759270,0.6875709344864877,-0.5559602354179261,0.4002182095051857,0.7657486579911836,1.2910206237506190,0.1827129998458842,0.2605956302345710,-0.3483697514239953,-0.2066221169776596,-0.0411552644124984,1.3059635773766958,0.1729501203054380,0.2615172084550189,0.1992350203888318,-0.7728814028645921,1.5470558862118586,-1.1356920532652823,-1.7548645216491949,-0.1304070866875310,-0.2962387452581688,-0.9347216003874760,1.2578689469017292,-1.8137983016603965,0.1406720051229270,-0.0031071323958630,0.0144917465943271,-0.1055381121832291,-0.0148288046047007,-0.0942289550677647,0.0437895695440625,-0.4975318583589029,0.0234705556548188,-0.0868970759637645,0.1257997281848415,0.0003474109600354,-0.0031845538016361,-0.0049392253067730,-0.0095418484450414,-0.2370314037661434,0.0721318300128841,-0.0613700822701037,0.0024430513375445,0.0017004096069912,-0.1067629979537124,0.2675520322717420,-0.1382864135165332,-0.4259442847806185,0.7498702063834241,-0.0236611214141532,-0.2821617370192132,0.6400332721253809,-0.4490482980589867,-0.6979021639208418,0.0099694782624578,0.0014903705712967,0.0000000000000000,0.0000000000000000,0.2458708864553304,0.6602454967174795,-0.1756974709759270,0.6875709344864877,0.2458708864553304,0.6602454967174795,-0.1756974709759270,0.6875709344864877,0.2367527361356553,0.4351665690701521,-0.1852906354886777,0.8486728341924201,0.4007925068633288,0.3896280975330569,-0.2681277830603462,0.7846418316697897,0.5173068202861222,0.2117506591028291,0.0443148857876667,0.8280045307560852,0.3865610092252911,0.6672773481514579,0.3466132449339417,0.5340138436661033,0.3533264536135773,0.7132140352535332,0.3804347152847185,0.4709093166422377,0.4115184538150382,0.7565993675370408,0.2845386260579444,0.4210079921964510,0.4115184538150382,0.7565993675370408,0.2845386260579444,0.4210079921964510,0.1831270912026052,0.5461904627752621,-0.2450348596797579,0.7798066198633729,0.1019195991834260,0.5685036284605929,-0.1875359392545168,0.7945100951009723,0.0901592385574480,0.5704868902729591,-0.2039012368438801,0.7904684088203435,0.1954995902586962,0.9333961293155751,-0.1071648864712915,0.2811890166684664,0.2040244038964829,0.9541934209279848,-0.0898801718868388,0.1995257195802752,0.2282978329572192,0.9343289461286197,-0.2135250577024648,0.1712208212408160,0.2282978329572192,0.9343289461286197,-0.2135250577024648,0.1712208212408160,0.3103827382255757,0.6324864935740802,-0.1063706268344812,0.7016471200003590,0.2324471120402005,0.3290327647163898,-0.2319587827065239,0.8853817837365792,0.7849535512186226,0.0732906748033277,-0.3958483473736835,0.4709357549577958,0.6359922562713051,0.4987481363402632,-0.5599285641350045,0.1823297823334424,-0.0484313530358716,0.2103491950322802,-0.8537882376469432,0.4737649896817119,-0.0516112403071091,0.1967940869584878,-0.8851906124799096,0.4183849265802710,-0.0516112403071091,0.1967940869584878,-0.8851906124799096,0.4183849265802710,0.2972095656988710,0.5195683963867274,-0.1443497096697178,0.7879583217731007,-0.0901991673130769,0.5288167798057363,0.1055507963091645,0.8373027845471556,0.2338544189494274,0.5114291697839771,0.5738951437055616,0.5953122534125017,0.6190868955469114,-0.1650537113287394,0.2007467501728778,0.7410731613233102,0.5941938947678769,-0.2068530144702108,0.2512086976189440,0.7355539654340543,0.5941938947678769,-0.2068530144702108,0.2512086976189440,0.7355539654340543,0.3093988110618208,0.6329683913558187,-0.1074615987447101,0.7014808593633824
2.9895834779116712,-1.4724058397490067,0.1962873462099129,0.2490201420363120,0.6592436562792197,-0.1786715604740877,0.6866318110847871,-0.5545155843233294,0.3994891868577070,0.7673760241382592,1.2906918017716722,0.1826193401223821,0.2604976607213276,-0.3497401297700408,-0.2109931766622399,-0.0406656636654124,1.3039593762502470,0.1730036677420821,0.2615539887689941,0.1951106774674186,-0.7683367063409932,1.5443224439984924,-1.1428702102236159,-1.7400207327547237,-0.1309359906597153,-0.3024426006142419,-0.9210602781919101,1.2463548585400881,-1.8271522489028309,0.1409457540413031,-0.0030765676075162,-0.0124842837469455,-0.0986719148886455,0.0177399669970125,0.0537142432830847,0.0044607764102456,-0.4339200710784253,0.0230252117312443,-0.0289460027522620,-0.1028479746011482,-0.0062065510196931,-0.0035523748445228,-0.0050032363824248,-0.0949925511176608,-0.2095206716674440,0.0334494770355039,-0.1325643284577380,0.0025870273748811,0.0015329206174921,-0.1901619579881766,0.2065863318211828,-0.2062312997382257,-0.3227023871086888,0.7742033785885958,-0.0306994490770125,-0.3459383620677460,0.6603109508175099,-0.5394371677199310,-0.6496273987197803,0.0124634544853804,0.0015021352091397,0.0000000000000000,0.0000000000000000,0.2490201420363120,0.6592436562792197,-0.1786715604740877,0.6866318110847871,0.2490201420363120,0.6592436562792197,-0.1786715604740877,0.6866318110847871,0.2389722227292368,0.4348648597152523,-0.1890437906966300,0.8473767023866835,0.4023791199095501,0.3887008240297549,-0.2715817932312599,0.7831002763661227,0.5186512367036880,0.2097574346866627,0.0413979615683271,0.8278217936472752,0.3894442288390764,0.6654907661965885,0.3450305626755617,0.5351720691056279,0.3563596557396786,0.7115186306842862,0.3791051204051132,0.4722587655437214,0.4146806393268386,0.7547317085322417,0.2834775163292858,0.4219721711668510,0.4146806393268386,0.7547317085322417,0.2834775163292858,0.4219721711668510,0.1855471611363639,0.5450799373487522,-0.2486774159765573,0.7788579175159858,0.1026674382475258,0.5681956907064736,-0.1900164529178742,0.7940445842689139,0.0910749131981419,0.5701686645192517,-0.2061476636856529,0.7900102498975756,0.1974908080873168,0.9326029959347386,-0.1085766078772070,0.2818867732201119,0.2061325311352096,0.9534688460171070,-0.0911091579639170,0.2002639773341755,0.2304874075014716,0.9334463321314137,-0.2146664017038951,0.1716736322012262,0.2304874075014716,0.9334463321314137,-0.2146664017038951,0.1716736322012262,0.3121670382402479,0.6317950377460165,-0.1108103600000078,0.7007908636907940,0.2330437107826686,0.3307810630005285,-0.2360505066938979,0.8834900539985935,0.7834484581007159,0.0722016287871665,-0.3999035860687995,0.4701835387903371,0.6337388411036459,0.4993769115880795,-0.5635061064980310,0.1773658630875413,-0.0462217393608927,0.2179398316894608,-0.8542514932470631,0.4697022108302084,-0.0499574711475102,0.2044311238037874,-0.8856082433690605,0.4140171566174912,-0.0499574711475102,0.2044311238037874,-0.8856082433690605,0.4140171566174912,0.2979611339852862,0.5165480957190364,-0.1497649468035978,0.7886492808290351,-0.0841292064592360,0.5292284612963973,0.0957533823731303,0.8388508819441577,0.2366888464444611,0.5093844283243235,0.5636082739968798,0.6056827615441518,0.6138222516496239,-0.1798478927504534,0.1888795648018972,0.7451184394800953,0.5878672597134241,-0.2211310983117911,0.2394972038827335,0.7403743726310373,0.5878672597134241,-0.2211310983117911,0.2394972038827335,0.7403743726310373,0.3111938394445364,0.6322749589980193,-0.1118892961293023,0.7006194087573578
2.9890784721485182,-1.4744443503196427,0.1966795040924061,0.2517269036302671,0.6581473747657991,-0.1820200925996499,0.6858165096930950,-0.5547493318279323,0.3988980171669596,0.7607793347261219,1.2906569966260910,0.1825682835123819,0.2603994872111275,-0.3516192885626750,-0.2151766924275685,-0.0387963247091815,1.3006805757126074,0.1730479196259470,0.2615778543757801,0.1928051937312987,-0.7639446341658443,1.5385775041582774,-1.1490460059016749,-1.7234757917281540,-0.1316600262871297,-0.3101627457659663,-0.9075246742982118,1.2355778850126096,-1.8388327055153266,0.1412043698525679,-0.0030446640301200,-0.0171145505550697,-0.0850531544788956,0.0198136088785554,-0.1128199692972831,0.0245869572568179,-0.4653121988407045,-0.0147353533954056,-0.0259494991711152,-0.4776760792169760,-0.0011122416217280,-0.0022791204874016,-0.0047771652666397,-0.0964896518890231,-0.2100494686425006,0.1524692905615075,-0.1803143191817658,0.0018989137215446,0.0009940626282412,-0.0596194293591576,0.2400372092220929,-0.3297733219076458,-0.3015348375395482,0.8626908405222384,-0.0401965178256220,-0.4091716383110316,0.7259229259567025,-0.6109834301506830,-0.5153736079773186,0.0161720513440153,0.0017666318566571,0.0000000000000000,0.0000000000000000,0.2517269036302671,0.6581473747657991,-0.1820200925996499,0.6858165096930950,0.2517269036302671,0.6581473747657991,-0.1820200925996499,0.6858165096930950,0.2406066568699824,0.4337646383113469,-0.1930389416355098,0.8465770149447234,0.4035888455344654,0.3869118330736541,-0.2751636383403814,0.7821126832643908,0.5184938174938925,0.2091623389448204,0.0352853442121853,0.8283539229529664,0.3930027342226954,0.6653233588561257,0.3400437401115445,0.5359700867257797,0.3603681022030282,0.7114120098909662,0.3744539026504464,0.4730877908880471,0.4187419846994596,0.7540081103935239,0.2789167303838937,0.4222941832688467,0.4187419846994596,0.7540081103935239,0.2789167303838937,0.4222941832688467,0.1873386777405431,0.5435997411450187,-0.2527516669874479,0.7781517436108197,0.1028635662941128,0.5675567908357503,-0.1930372319374932,0.7937474428251032,0.0917485213965570,0.5694592460537141,-0.2085176163815592,0.7898219923274060,0.1992890234578372,0.9314746077694922,-0.1103688028798137,0.2836506082503055,0.2080809694461039,0.9525016677020114,-0.0927345549095433,0.2020969705487557,0.2326603966201881,0.9322727599673842,-0.2161634235299302,0.1732339897224324,0.2326603966201881,0.9322727599673842,-0.2161634235299302,0.1732339897224324,0.3139446010892123,0.6308432359701817,-0.1151210715861736,0.7001590804627584,0.2336645307813842,0.3320491769613517,-0.2400735422292923,0.8817646655743719,0.7813982260384940,0.0714119151303557,-0.4034752780241260,0.4706642654213971,0.6311248252145553,0.4996174668928373,-0.5672593874622175,0.1740133015302880,-0.0436704075408995,0.2243545379879368,-0.8546632977965679,0.4661636881921688,-0.0478905554262460,0.2109000224611752,-0.8860313780654421,0.4100927606167835,-0.0478905554262460,0.2109000224611752,-0.8860313780654421,0.4100927606167835,0.2985989783039462,0.5126243820194929,-0.1552435904077157,0.7899077925633429,-0.0784846169083978,0.5287380652285003,0.0855592647348476,0.8408066576242101,0.2388572527120384,0.5068367132083297,0.5533381013050487,0.6163446313671905,0.6078752409701914,-0.1946113116383850,0.1780682614791205,0.7489364612913583,0.5808606354298007,-0.2353411637166076,0.2288149149779751,0.7448887121927829,0.5808606354298007,-0.2353411637166076,0.2288149149779751,0.7448887121927829,0.3129827695118553,0.6313209856412851,-0.1161880489742046,0.6999828114698048
2.9884514197874155,-1.4762195194950236,0.1972678125805271,0.2540174299425950,0.6569086091629550,-0.1858362961077160,0.6851358226964309,-0.5539375759109963,0.3986644373291837,0.7509128507011633,1.2898755184212680,0.1824909828093552,0.2603181040822125,-0.3538584118898338,-0.2193801436073190,-0.0367563782303569,1.2966373076503275,0.1730776545706623,0.2616000146505283,0.1917551729790894,-0.7597179090393448,1.5297674419909340,-1.1541720530122148,-1.7053582545116752,-0.1325760849595396,-0.3192548257678889,-0.8945979795843649,1.2264256980486430,-1.8488366638113176,0.1414242945119379,-0.0030142534827674,-0.0255827572249266,-0.0751992399703645,0.0375210344264960,-0.0876956628535859,0.0093314593446430,-0.4504345208613334,0.0448094572585016,-0.0116350734863754,-0.5680384521099333,-0.0342363958594572,-0.0040376806887216,-0.0040492709535585,-0.1420158717839022,-0.2111281421480206,0.1038984992618811,-0.1999371111124693,0.0012615130392652,0.0010233266777913,-0.0764696934399610,0.2205930483027150,-0.4322992952898467,-0.2315095178393527,0.9083679554281615,-0.0483064806911951,-0.4588128428632366,0.7321339989111941,-0.6374394617914906,-0.4269351034167959,0.0171305485985810,0.0017580981975144,0.0000000000000000,0.0000000000000000,0.2540174299425950,0.6569086091629550,-0.1858362961077160,0.6851358226964309,0.2540174299425950,0.6569086091629550,-0.1858362961077160,0.6851358226964309,0.2417397488435343,0.4328955313515422,-0.1973583000624108,0.8457026984475130,0.4044238191429081,0.3852406628762284,-0.2791746251619993,0.7810842047066401,0.5176377322871464,0.2098098470903408,0.0271648973041042,0.8290314074454626,0.3973220201896275,0.6660563673692810,0.3328993328400571,0.5363601047373994,0.3653342519281829,0.7121600548837633,0.3677195098182811,0.4734356373310230,0.4236937819327092,0.7538641779009880,0.2721734427726357,0.4220118451874483,0.4236937819327092,0.7538641779009880,0.2721734427726357,0.4220118451874483,0.1885881785478673,0.5418446534999020,-0.2572770282867916,0.7775907671143514,0.1024992702034629,0.5667109038373368,-0.1965346007256230,0.7935406743181128,0.0920083601749353,0.5685084085378975,-0.2111664881058548,0.7897729834456640,0.2008746863267692,0.9301174701032187,-0.1127217123457715,0.2860501140844841,0.2098654975309765,0.9513601301922558,-0.0949383852143929,0.2045900257576901,0.2347567557161384,0.9308511470898521,-0.2182098445718000,0.1754704286741499,0.2347567557161384,0.9308511470898521,-0.2182098445718000,0.1754704286741499,0.3157852986875229,0.6295501732506164,-0.1193407128664692,0.6997885528825638,0.2343965716616009,0.3328733384341757,-0.2440489488620689,0.8801668582219471,0.7787869806747868,0.0709875360731719,-0.4066021625658847,0.4723624560128105,0.6280529195486866,0.4995841335879139,-0.5712450250199346,0.1721753324479371,-0.0408539442900358,0.2297656787570132,-0.8549852729901319,0.4631834097539159,-0.0454985948876378,0.2163689896344193,-0.8864272230531671,0.4066461808723658,-0.0454985948876378,0.2163689896344193,-0.8864272230531671,0.4066461808723658,0.2991811114763510,0.5077537514212223,-0.1608201315371592,0.7917156533414131,-0.0733122881324704,0.5273053106356945,0.0750073074129929,0.8431775148916313,0.2404975240289340,0.5036810438978834,0.5433900257328866,0.6270515344753591,0.6015835126273601,-0.2091000528932619,0.1684425858179773,0.7523307387698007,0.5735336946148513,-0.2492616966282850,0.2192771893065357,0.7488960021159492,0.5735336946148513,-0.2492616966282850,0.2192771893065357,0.7488960021159492,0.3148350208563918,0.6300259400607284,-0.1203964769506877,0.6996076849426487
2.9876989535401224,-1.4777839242269128,0.1981222675083261,0.2561427064495703,0.6556218540093507,-0.1896909418995560,0.6845204489562665,-0.5533083207352029,0.3984929345224386,0.7371877924759873,1.2892025450160043,0.1824112955825832,0.2602434090041348,-0.3567079925257290,-0.2234954145688045,-0.0349729445734843,1.2924085018632674,0.1730958640159003,0.2616209910570885,0.1913664477810458,-0.7557040630652588,1.5187236338227763,-1.1581419435117761,-1.6862140846571188,-0.1336379700436454,-0.3296508208528020,-0.8820562780398711,1.2184454100339983,-1.8569909438236916,0.1415991386658952,-0.0029849847914400,-0.0306599876782269,-0.0665282404354436,0.0477172024006860,-0.0852612340264825,0.0011316086876935,-0.4344096945690178,0.0516852679015971,-0.0061858798776902,-0.7184543515700462,-0.0458008351536985,-0.0045644759009458,-0.0034422528667842,-0.1636859887491618,-0.2038093332061810,0.0678189189312226,-0.2085544576655367,0.0006760933021447,0.0011147111545776,-0.0205959524926210,0.1899623043488662,-0.5979739162210298,-0.1666192309505542,0.9734340255769859,-0.0558412076883957,-0.5391186838956510,0.6116916261393414,-0.3815777519105574,-0.3775751408220342,0.0085196934501752,0.0014378941223092,0.0000000000000000,0.0000000000000000,0.2561427064495703,0.6556218540093507,-0.1896909418995560,0.6845204489562665,0.2561427064495703,0.6556218540093507,-0.1896909418995560,0.6845204489562665,0.2427002122020920,0.4319404704523697,-0.2016661370502824,0.8448992875779102,0.4051350178968484,0.3834772777792695,-0.2831730535810192,0.7801434588755590,0.5162445251889898,0.2113783231830386,0.0175313519574766,0.8297610779008997,0.4021055137834347,0.6675742294003874,0.3242328081394947,0.5362172042665314,0.3709016989047042,0.7136399770630814,0.3595103445502877,0.4731830777282097,0.4291653705688723,0.7542560507791880,0.2638702608560597,0.4210550795361805,0.4291653705688723,0.7542560507791880,0.2638702608560597,0.4210550795361805,0.1895332342814920,0.5397952051395275,-0.2619440036489862,0.7772281702071219,0.1018399718878729,0.5655983121617398,-0.2002300522376093,0.7934954918502001,0.0918961135778066,0.5672988056603208,-0.2141277378251463,0.7898585197993069,0.2023309126753550,0.9285990039619914,-0.1155758866406725,0.2888049619448667,0.2115639060472130,0.9500874569281406,-0.0976539679422488,0.2074565988128531,0.2368163846378587,0.9292328664687977,-0.2207459017540953,0.1780885361274128,0.2368163846378587,0.9292328664687977,-0.2207459017540953,0.1780885361274128,0.3176203439853771,0.6281452209549794,-0.1234116318948022,0.6995144513096860,0.2351733695497835,0.3334702596102681,-0.2479122778311049,0.8786527042641210,0.7757657233077689,0.0709356307792069,-0.4094277076968565,0.4748943366653534,0.6246995416686830,0.4992839703790177,-0.5753666500499852,0.1715203124173860,-0.0378776271186453,0.2342923914342432,-0.8552707885836427,0.4606346045135953,-0.0428945353628888,0.2209548174455211,-0.8868320690175771,0.4035689641754183,-0.0428945353628888,0.2209548174455211,-0.8868320690175771,0.4035689641754183,0.2996503873667360,0.5022470795406743,-0.1664101489369035,0.7938924226711228,-0.0684279832618053,0.5251849130271204,0.0642282936487863,0.8457973424706310,0.2416862274070321,0.5000932286724918,0.5334989629975637,0.6378662764233596,0.5948159001206836,-0.2231829035257761,0.1598141773305549,0.7555414384807635,0.5657610499226697,-0.2627513087707636,0.2107165227830523,0.7526451562030191,0.5657610499226697,-0.2627513087707636,0.2107165227830523,0.7526451562030191,0.3166815847255557,0.6286190224752030,-0.1244565196163523,0.6993293024055361
2.9868700770587222,-1.4791482934079305,0.1991801643988013,0.2580544325868532,0.6543077152849479,-0.1936345670600388,0.6839553918058829,-0.5525500379381127,0.3983003349724394,0.7205011434036532,1.2885627811325715,0.1823299064480126,0.2601758062763556,-0.3600901221726522,-0.2275001371834567,-0.0333859253628271,1.2883423128594516,0.1731053428799925,0.2616404030091222,0.1916428132099058,-0.7516946896226886,1.5060481101094523,-1.1610564964849406,-1.6663894090702533,-0.1348024573745634,-0.3407122324288755,-0.8694002488069488,1.2102650589800239,-1.8632527881100946,0.1417935632724541,-0.0029546556928401,-0.0327752322314420,-0.0572579332885714,0.0546090292189106,-0.1349613477464141,0.0062877873563896,-0.4341300248229613,0.0647005687170290,-0.0099659283744958,-0.8592609768343620,-0.0423931205219711,-0.0044500845352395,-0.0031342361179010,-0.1798850822822304,-0.2003580219220308,0.0620696681897146,-0.1966126962479601,0.0003216572235927,0.0009438951756685,0.0029971183673714,0.2082521356451375,-0.6381824893430816,-0.1226633692494171,0.9914699814387637,-0.0595408051457920,-0.5503122942742976,0.6771442406979610,-0.5010155073278535,-0.2563511225455223,0.0133469040467774,0.0016529212715749,0.0000000000000000,0.0000000000000000,0.2580544325868532,0.6543077152849479,-0.1936345670600388,0.6839553918058829,0.2580544325868532,0.6543077152849479,-0.1936345670600388,0.6839553918058829,0.2434376819611785,0.4310118760489492,-0.2059980783408140,0.8441158981005060,0.4056307391819093,0.3817361784277618,-0.2872001665297410,0.7792671286891252,0.5143419408044435,0.2138017175314840,0.0066477043890426,0.8304799826223751,0.4072265353071624,0.6697701754917328,0.3142584493467920,0.5355521337625744,0.3769242206150590,0.7157469424538423,0.3500285073502671,0.4723499659403492,0.4350145653872448,0.7551061858594238,0.2542209465538061,0.4194623777063507,0.4350145653872448,0.7551061858594238,0.2542209465538061,0.4194623777063507,0.1901354725047046,0.5375124323826617,-0.2667713715587518,0.7770211853264675,0.1008699773214645,0.5642776950858608,-0.2041500979129115,0.7935607525740566,0.0914017703024854,0.5658884924451248,-0.2174169569245656,0.7900289851299229,0.2036747266810689,0.9269813265305046,-0.1189160312327930,0.2916868243355845,0.2131919237102337,0.9487260123697699,-0.1008643665399064,0.2104626728904374,0.2388243820761423,0.9274620895814110,-0.2237604508706224,0.1808542162666000,0.2388243820761423,0.9274620895814110,-0.2237604508706224,0.1808542162666000,0.3194695516567784,0.6266178117667485,-0.1273110695048359,0.6993434171581244,0.2360319264590796,0.3338668346119597,-0.2516367636866569,0.8772119502147189,0.7723998088321710,0.0712530604389443,-0.4119601017945648,0.4781322110290424,0.6211037986014313,0.4987704021766027,-0.5795697213043345,0.1719217712294689,-0.0347720753460453,0.2380293809077159,-0.8555080110690261,0.4585182216635851,-0.0401133958274707,0.2247548067395610,-0.8872274358492735,0.4008786217784297,-0.0401133958274707,0.2247548067395610,-0.8872274358492735,0.4008786217784297,0.3000519372271069,0.4962661312130466,-0.1719401764654482,0.7963198714675686,-0.0637895106675639,0.5224861566765818,0.0534014358745960,0.8485796374275412,0.2425026919369008,0.4961333287331610,0.5237520869617280,0.6486354260497518,0.5877375432153890,-0.2367642065130507,0.1520988166497430,0.7585336121643727,0.5577114325097252,-0.2757302069407194,0.2030552491984993,0.7561080457192030,0.5577114325097252,-0.2757302069407194,0.2030552491984993,0.7561080457192030,0.3185424469010972,0.6270896155904617,-0.1283452453526704,0.6991543617372564
2.9860004160547073,-1.4803352718172209,0.2003744227511323,0.2597845655398787,0.6529606521413976,-0.1976089855567541,0.6834508432137354,-0.5514743531196060,0.3981193811248148,0.7017563473583890,1.2878816854613095,0.1822444854675678,0.2601171054840748,-0.3636734121742147,-0.2313547737315423,-0.0325686154005566,1.2844379593890647,0.1731081102091555,0.2616593282936351,0.1925742842009040,-0.7477563351132284,1.4918332684689679,-1.1629342161399190,-1.6461109370503584,-0.1360399001055217,-0.3523524733804804,-0.8573997685293293,1.2034457199552751,-1.8680659252506371,0.1419464326930235,-0.0029255732857760,-0.0344815413149736,-0.0496845533178140,0.0587822303590765,-0.1550570764167949,0.0107085347481932,-0.4219477062769220,0.0440778214175767,-0.0088255949031359,-0.9915002630215280,-0.0278343507640850,-0.0041535155690571,-0.0027811863233505,-0.1844326170608348,-0.1856647439902778,0.0229631718706353,-0.1909785617747131,0.0000134008165669,0.0009637407698095,0.0774233781272418,0.1859879042272973,-0.7628006896137358,-0.0693541197908339,1.0275258600022001,-0.0634753783772785,-0.6028482544849441,0.5393366308792389,-0.2261149967196326,-0.2332349835949062,0.0034427243706925,0.0012947460258194,0.0000000000000000,0.0000000000000000,0.2597845655398787,0.6529606521413976,-0.1976089855567541,0.6834508432137354,0.2597845655398787,0.6529606521413976,-0.1976089855567541,0.6834508432137354,0.2440109348234495,0.4302169543175398,-0.2103035919075707,0.8432938011957032,0.4059587001088219,0.3801318237726776,-0.2912284757827506,0.7783850623274239,0.5120993701277122,0.2169260352138185,-0.0051117389545402,0.8310663033032156,0.4126047415768327,0.6724305442258259,0.3033631849593059,0.5343830727407248,0.3832866379625807,0.7182695729689751,0.3396516567303641,0.4709744428168336,0.4411323872969517,0.7562541333036031,0.2436269961107163,0.4172862201235232,0.4411323872969517,0.7562541333036031,0.2436269961107163,0.4172862201235232,0.1904971671740302,0.5351022619053935,-0.2716458983422315,0.7769072689299809,0.0997010962499559,0.5628406949414648,-0.2081736700455539,0.7936836691176965,0.0905098510545077,0.5643916400317468,-0.2210882320964042,0.7901835464959079,0.2049269615433300,0.9253026233423168,-0.1227883542606596,0.2945216727617885,0.2147743884098443,0.9472990107675427,-0.1046135822567988,0.2134304211901627,0.2407821909855148,0.9255560630328596,-0.2273002234422092,0.1835879056758588,0.2407821909855148,0.9255560630328596,-0.2273002234422092,0.1835879056758588,0.3213074596111877,0.6249857199455583,-0.1310419063081251,0.6992727544052235,0.2369610367836960,0.3341288314928246,-0.2551989359576595,0.8758315443609647,0.7687866420704906,0.0719007815754367,-0.4142449161516931,0.4818698226962300,0.6173499939856402,0.4980856964474030,-0.5837836204930898,0.1731655518987954,-0.0315877355630224,0.2410982929139374,-0.8557019211060204,0.4567800896837017,-0.0372120216323800,0.2278912803791932,-0.8876084862232989,0.3985373319496504,-0.0372120216323800,0.2278912803791932,-0.8876084862232989,0.3985373319496504,0.3003783147278498,0.4899506194788481,-0.1773707354320681,0.7989123110365964,-0.0593618693177203,0.5193215930427476,0.0426271077480344,0.8514482844868997,0.2430418895194102,0.4918630994555712,0.5142052349047309,0.6592376716551950,0.5804860238996202,-0.2497458480956718,0.1452022301206097,0.7613010572593362,0.5495307417680796,-0.2881074421181026,0.1961992406619946,0.7592864568867559,0.5495307417680796,-0.2881074421181026,0.1961992406619946,0.7592864568867559,0.3203920856104572,0.6254554702101854,-0.1320655577214824,0.6990801490001337
2.9851128628401207,-1.4813606132965915,0.2016678515207562,0.2613573006120327,0.6516358127558580,-0.2015757334113740,0.6829570650124861,-0.5504442360949090,0.3977886555556455,0.6812878215595374,1.2872301556650905,0.1821587612745231,0.2600661887995352,-0.3676163128492521,-0.2350813405046057,-0.0322647558367313,1.2808988001737460,0.1731065633157827,0.2616802278151681,0.1937940817138164,-0.7437058344131799,1.4771325164104703,-1.1638945532614757,-1.6259624943595159,-0.1373083581755999,-0.3643107433079717,-0.8454546836491460,1.1966957902771482,-1.8714439432797954,0.1421038951431771,-0.0028956273917859,-0.0355541313619136,-0.0426837427987225,0.0630983733596662,-0.1616584139940351,0.0185053379190461,-0.4088608629721481,0.0443946020896178,-0.0189536767649444,-1.0580225820156197,-0.0272968666098988,-0.0041938199246482,-0.0024272055817375,-0.2079524174800337,-0.1815027335699495,0.0083577830327195,-0.1673974846415373,-0.0001359044391758,0.0010731744044868,0.0710799105424061,0.2008189531908007,-0.7441928044863484,-0.0291634592650224,1.0009932853648322,-0.0638168075159834,-0.6010514133577962,0.5867189535621332,-0.3266704845603199,-0.1470522372400533,0.0076599685619071,0.0014956682336531,0.0000000000000000,0.0000000000000000,0.2613573006120327,0.6516358127558580,-0.2015757334113740,0.6829570650124861,0.2613573006120327,0.6516358127558580,-0.2015757334113740,0.6829570650124861,0.2444370389254634,0.4294127293283372,-0.2145596450529504,0.8425078044783265,0.4061002487626492,0.3785476469657087,-0.2951826762721435,0.7775933735317277,0.5094698110877427,0.2205816054402094,-0.0175522748482924,0.8315504702537834,0.4180660108092001,0.6754708391532507,0.2916991281581280,0.5327959972554897,0.3898007486611542,0.7211327397983385,0.3285162813398049,0.4691481651129101,0.4473439176940019,0.7576429213608151,0.2322338890563599,0.4146420670744693,0.4473439176940019,0.7576429213608151,0.2322338890563599,0.4146420670744693,0.1906252812224711,0.5325943149835222,-0.2765495968361034,0.7768691127183999,0.0983504628515486,0.5613119445440179,-0.2122858562768418,0.7938455785566273,0.0892780574753824,0.5628262085975766,-0.2250708994859891,0.7903158720243861,0.2060992911662683,0.9235970519243006,-0.1270848674027387,0.2972221464405527,0.2163136779793454,0.9458331342878513,-0.1087928033514072,0.2162688159240901,0.2426805364201343,0.9235551188185835,-0.2312620472144758,0.1861987251970211,0.2426805364201343,0.9235551188185835,-0.2312620472144758,0.1861987251970211,0.3231298310935742,0.6233169204398629,-0.1346068636518839,0.6992453941275593,0.2379571537373608,0.3343524560760064,-0.2585940148348398,0.8744792528086378,0.7650398290284108,0.0728290782728102,-0.4163632485587458,0.4858514491155905,0.6135441024333050,0.4972695583319942,-0.5879363964395141,0.1749783257073008,-0.0283873151176839,0.2436458580380563,-0.8558677750934955,0.4553253866827728,-0.0342617141862606,0.2305097916918946,-0.8879792384958549,0.3964646804893194,-0.0342617141862606,0.2305097916918946,-0.8879792384958549,0.3964646804893194,0.3006292843442115,0.4834031658624203,-0.1826955920370084,0.8016019793383261,-0.0551919455721606,0.5157828883445128,0.0320048778556552,0.8543404175317908,0.2433692118412424,0.4873529285201815,0.5049975062830165,0.6695043453469950,0.5732575721610003,-0.2620798531596443,0.1390398142093193,0.7637786568061007,0.5414224769947827,-0.2998449125899113,0.1900570414108166,0.7621240389916514,0.5414224769947827,-0.2998449125899113,0.1900570414108166,0.7621240389916514,0.3222261129935564,0.6237845807282030,-0.1356201448239589,0.6990495728263705
2.9842316500623598,-1.4822331700194986,0.2030118828422251,0.2627484271929347,0.6503595897950185,-0.2055796581314284,0.6824460946711162,-0.5493216840216099,0.3973791156933124,0.6598648570684608,1.2865778291260053,0.1820727387481916,0.2600224545757130,-0.3718622378068592,-0.2386507634244990,-0.0322106816568839,1.2777258618131389,0.1731022123813448,0.2617029839630032,0.1954618573362361,-0.7397765694114284,1.4622375221049013,-1.1643184989280913,-1.6061923055057965,-0.1385869474367320,-0.3763407779676769,-0.8338477033801264,1.1903354864841720,-1.8738118264590269,0.1422297578136723,-0.0028658200481086,-0.0351008230688833,-0.0357553489461697,0.0663503022640885,-0.1674361137503168,0.0239967913726532,-0.4002773540682514,0.0775217291912821,-0.0138871346879802,-1.0513859231095783,-0.0413739274400747,-0.0046840174880506,-0.0019801919982924,-0.2251332291106273,-0.1708255832811408,-0.0051048970625728,-0.1484301654731867,-0.0003102920616097,0.0012912351018107,0.0911865838985302,0.1739765118236014,-0.7515371950500870,-0.0160925510798846,0.9754497504199643,-0.0640870965652430,-0.6073995307536516,0.5437169513047043,-0.2649287082291155,-0.1147870358130835,-0.0054013644548172,0.0013860230298476,0.0000000000000000,0.0000000000000000,0.2627484271929347,0.6503595897950185,-0.2055796581314284,0.6824460946711162,0.2627484271929347,0.6503595897950185,-0.2055796581314284,0.6824460946711162,0.2446878744775449,0.4286837510620506,-0.2188042683830420,0.8417141900885309,0.4060263140647352,0.3770570622315897,-0.2991204408069623,0.7768510577966251,0.5065220508632539,0.2246437354590491,-0.0304290206953595,0.8318922278803957,0.4235228031636257,0.6787596561523503,0.2794976717463316,0.5308434947032380,0.3963582104634166,0.7242104748070515,0.3168448868286078,0.4669354075978266,0.4535499053206485,0.7591763344903800,0.2202788852328765,0.4116078100011482,0.4535499053206485,0.7591763344903800,0.2202788852328765,0.4116078100011482,0.1904861774247723,0.5300201858758529,-0.2815188959999571,0.7768788386673875,0.0967857701630691,0.5597270125625942,-0.2165177998425573,0.7940139976430088,0.0877618785156535,0.5612126749973744,-0.2292729982406763,0.7904252516079080,0.2071841244822447,0.9218887643453599,-0.1316928001273844,0.2997546515584348,0.2177925581548647,0.9443497268010248,-0.1132901436808399,0.2189414041426682,0.2444975637077862,0.9214950115378784,-0.2355376973547991,0.1886527979558223,0.2444975637077862,0.9214950115378784,-0.2355376973547991,0.1886527979558223,0.3248970560973981,0.6216479992487307,-0.1380724523399472,0.6992364878023215,0.2389470133513995,0.3345475081038363,-0.2618798814490659,0.8731558952009554,0.7612559110889003,0.0738741240221405,-0.4183846570874996,0.4898839968257220,0.6097764064369789,0.4963456269475174,-0.5919989029942048,0.1770622817444109,-0.0252529284674060,0.2458307030456879,-0.8560361765487583,0.4540172017486397,-0.0313548752416612,0.2327650502452108,-0.8883578231946595,0.3945347654539071,-0.0313548752416612,0.2327650502452108,-0.8883578231946595,0.3945347654539071,0.3007824083748212,0.4768153035911111,-0.1879264544243164,0.8042765424908668,-0.0511405558022295,0.5120599372675708,0.0215361708924665,0.8571554453779430,0.2435327934619896,0.4827505790244913,0.4958304523401977,0.6795556044152913,0.5658744486302664,-0.2738473531125230,0.1333378396397303,0.7661688822321522,0.5331960319640580,-0.3110133672346176,0.1843770490653046,0.7648384016752408,0.5331960319640580,-0.3110133672346176,0.1843770490653046,0.7648384016752408,0.3240050949452165,0.6221133582236014,-0.1390752221048573,0.6990377318612907
2.9833750264897554,-1.4829880020858712,0.2043291907295415,0.2639920503716318,0.6491957319353880,-0.2094423863254647,0.6818995422991212,-0.5483124510838860,0.3970031176572472,0.6378335721019018,1.2860004147529154,0.1819872838447333,0.2599855313136955,-0.3762162589916465,-0.2419276325224546,-0.0324555432307118,1.2748586051857507,0.1730935346252047,0.2617284770725439,0.1979704157345549,-0.7366482260092025,1.4468084194054414,-1.1645865596574303,-1.5869479550284553,-0.1398705491231659,-0.3882576660075457,-0.8242253629912518,1.1866753110519614,-1.8762446832576323,0.1420620975010094,-0.0028384780938382,-0.0328239456390783,-0.0307830650879273,0.0609588304352077,-0.1712725292592843,0.0330500599113949,-0.3771480953769624,0.0515838055822999,-0.0245977960475335,-1.1069484037605657,-0.0280251003602672,-0.0042860863362512,-0.0017113184705476,-0.2164468207762126,-0.1646566703584866,-0.0187407846770388,-0.1356893938935901,-0.0004756670295152,0.0012765423060627,0.1206101423514774,0.1574929815478655,-0.7456414134677217,-0.0116410641670043,0.9346510947795224,-0.0633943846100174,-0.5661078046975376,0.5000694460998047,-0.2506054443125896,-0.0991331799730480,-0.0024389139080721,0.0015306057776008,0.0000000000000000,0.0000000000000000,0.2639920503716318,0.6491957319353880,-0.2094423863254647,0.6818995422991212,0.2639920503716318,0.6491957319353880,-0.2094423863254647,0.6818995422991212,0.2448463734537267,0.4280840696920344,-0.2228764235573879,0.8409045026070022,0.4058842764963423,0.3757190548734355,-0.3029274875392445,0.7760979855605943,0.5034738160364493,0.2289562636567136,-0.0433952794097416,0.8319915838654872,0.4289426045523000,0.6821101024663787,0.2671652591734993,0.5285421216932014,0.4028899272020623,0.7273177900843082,0.3050389159901909,0.4643703247598006,0.4596862934471700,0.7607229138149970,0.2081839485609135,0.4082261671857991,0.4596862934471700,0.7607229138149970,0.2081839485609135,0.4082261671857991,0.1901726169632608,0.5275018747057187,-0.2863525627190622,0.7769030555761262,0.0951656079839512,0.5581648658373082,-0.2206988911133039,0.7941583526370678,0.0861061913465972,0.5596340180956824,-0.2335418728994885,0.7904768707586974,0.2082040154219821,0.9202164442675465,-0.1364081029403336,0.3020688880271759,0.2192157461308925,0.9428827930838592,-0.1179005480644333,0.2213954740295320,0.2462312213871045,0.9194360041516779,-0.2399290207480311,0.1908970531116177,0.2462312213871045,0.9194360041516779,-0.2399290207480311,0.1908970531116177,0.3267809146729583,0.6199686563271141,-0.1411136979331956,0.6992424638371693,0.2400951378156068,0.3343746506484277,-0.2649304095884327,0.8719861213782882,0.7575361814568875,0.0749515543792670,-0.4199723722068924,0.4941097093386888,0.6060696867908548,0.4954357065367169,-0.5957918731191111,0.1795968801703392,-0.0220974666167102,0.2475893949174719,-0.8561044615856337,0.4530963963073359,-0.0283962730001352,0.2346025890308392,-0.8886562711413014,0.3929953036118438,-0.0283962730001352,0.2346025890308392,-0.8886562711413014,0.3929953036118438,0.3010758920022237,0.4702056310276016,-0.1927671590534992,0.8069081696174865,-0.0477650761355818,0.5080446354712531,0.0119650085041180,0.8599220804480712,0.2435939046741435,0.4780037610031158,0.4882795744867378,0.6883004222078682,0.5597138820567192,-0.2846649798079214,0.1286179740826555,0.7675569270398287,0.5263437970821813,-0.3212550533910913,0.1795113607506306,0.7665070575704143,0.5263437970821813,-0.3212550533910913,0.1795113607506306,0.7665070575704143,0.3258997524990644,0.6204323108475178,-0.1421070176463886,0.6990412681044698
2.9825794627635478,-1.4836215505100450,0.2055866548779030,0.2651135397176262,0.6481185522040027,-0.2132005869622168,0.6813241982098863,-0.5469550042362601,0.3966955877239041,0.6163047691163390,1.2853566473851668,0.1818980100846093,0.2599554340177804,-0.3805912407714655,-0.2450731892393470,-0.0329349851575413,1.2723270730291643,0.1730827310008999,0.2617558879134042,0.2006710495989114,-0.7338456188093623,1.4320276780518679,-1.1647698684448713,-1.5688127645138050,-0.1411223579385328,-0.3992265703891429,-0.8151214870682374,1.1826334327047772,-1.8784156704475294,0.1419252896687591,-0.0028099038526691,-0.0305211117276194,-0.0257835160772397,0.0574048228360194,-0.1695824468011582,0.0437612404906671,-0.3587456120442272,0.0574334920214519,-0.0104011419837454,-1.0797284017634363,-0.0263792561567966,-0.0043024644720352,-0.0013924563631325,-0.2163809107873941,-0.1478538143446486,-0.0294016083777609,-0.1215143133686274,-0.0006204053494410,0.0014101911460331,0.1639528177278300,0.1182909650914445,-0.7539162656460657,-0.0072251076105585,0.8909774894330235,-0.0621917632583964,-0.5437262759454392,0.3771646266102539,-0.0851061858248006,-0.1354888989768950,-0.0127512723110640,0.0012535477356927,0.0000000000000000,0.0000000000000000,0.2651135397176262,0.6481185522040027,-0.2132005869622168,0.6813241982098863,0.2651135397176262,0.6481185522040027,-0.2132005869622168,0.6813241982098863,0.2449404711451812,0.4277077387006662,-0.2268150184436475,0.8400150018060079,0.4056708836518100,0.3746248386339030,-0.3066515817903955,0.7752755457391458,0.5004374669610481,0.2333987515517770,-0.0561688586929448,0.8318247554315836,0.4342544953401738,0.6853951890521091,0.2549816313033334,0.5259665728912493,0.4093000864349603,0.7303346450905022,0.2933701386808005,0.4615394968529480,0.4656691936492501,0.7621986908570962,0.1962342675089919,0.4045954399112718,0.4656691936492501,0.7621986908570962,0.1962342675089919,0.4045954399112718,0.1897365307331488,0.5250687380340173,-0.2910606315213949,0.7769083459605002,0.0934696389816822,0.5566748200682143,-0.2247812616395992,0.7942606346196225,0.0843067517744311,0.5581360052125193,-0.2378064337467178,0.7904585196955773,0.2091159970016946,0.9186132908868218,-0.1411737515406985,0.3041218398602709,0.2205356089482195,0.9414619203116417,-0.1225706878169721,0.2235842666133487,0.2478280318755887,0.9174145581783850,-0.2443862707910739,0.1928915387150591,0.2478280318755887,0.9174145581783850,-0.2443862707910739,0.1928915387150591,0.3285990633382547,0.6183570992766588,-0.1439965834147812,0.6992296742217454,0.2412068771831970,0.3341475409091065,-0.2678478296500732,0.8708743901709780,0.7539758322960306,0.0759619320781107,-0.4214579739651607,0.4981198704826487,0.6025490184168368,0.4945228757663323,-0.5993704066089559,0.1820354949731459,-0.0191380164502141,0.2491748238557442,-0.8561731306939044,0.4522313719332270,-0.0256217654503539,0.2362606173521108,-0.8889491993920269,0.3915274788873458,-0.0256217654503539,0.2362606173521108,-0.8889491993920269,0.3915274788873458,0.3013677204290976,0.4640598953752355,-0.1973248740181971,0.8092520031988785,-0.0444065264015127,0.5042617209623134,0.0029680252859234,0.8624032513917025,0.2436154808812600,0.4735173285238745,0.4807722342854339,0.6966282335670853,0.5535478673748171,-0.2948470809874589,0.1240429838795278,0.7689364703980623,0.5195169768003753,-0.3308802868212053,0.1748197953271760,0.7681525797464197,0.5195169768003753,-0.3308802868212053,0.1748197953271760,0.7681525797464197,0.3277292015987806,0.6188185655521721,-0.1449797013158573,0.6990264941715322
2.9818606789593249,-1.4841491942099518,0.2067418193585425,0.2661170668741068,0.6471361656640674,-0.2168548855986725,0.6807131909989093,-0.5454944890923283,0.3963367738254249,0.5953070171649605,1.2847689525936996,0.1818093201062785,0.2599305474343485,-0.3848359474951999,-0.2481654771572687,-0.0336898664109100,1.2700468889347758,0.1730709780671246,0.2617831594034513,0.2034313170374239,-0.7311016506220389,1.4182959975726985,-1.1648903292375230,-1.5520038466400774,-0.1423189385033483,-0.4091264589298268,-0.8063035369453133,1.1779102480343664,-1.8803911240247770,0.1418285061063849,-0.0027804080631085,-0.0263360324785668,-0.0207560567689814,0.0516415450566095,-0.1747490761057297,0.0533274888954432,-0.3463550777740412,0.0815832696776749,-0.0188589388642061,-1.0244322577432532,-0.0298414272046115,-0.0044701127191266,-0.0011419899956930,-0.2104580107794949,-0.1549117639773544,-0.0429482233714067,-0.1069622143453013,-0.0006063148379711,0.0013611411542963,0.1284941845152422,0.1437469650582274,-0.6450934194818609,-0.0048226282440691,0.8029873555201146,-0.0580317356067854,-0.4649965611727984,0.4612150658205540,-0.2976317023441190,-0.0839077535980663,-0.0013697532961143,0.0015568183785080,0.0000000000000000,0.0000000000000000,0.2661170668741068,0.6471361656640674,-0.2168548855986725,0.6807131909989093,0.2661170668741068,0.6471361656640674,-0.2168548855986725,0.6807131909989093,0.2449637171788313,0.4274683192669287,-0.2306243574333384,0.8390923781369346,0.4053794784472805,0.3736924923227667,-0.3102751672306890,0.7744357431287490,0.4973934573505249,0.2378620376383795,-0.0686550628665590,0.8314492660278188,0.4393721909229760,0.6885909973445951,0.2430346619638103,0.5231908536123853,0.4154942021884689,0.7332448755490424,0.2819190256440443,0.4585173752528358,0.4714142643822956,0.7635978122512482,0.1845122371663339,0.4008019545834092,0.4714142643822956,0.7635978122512482,0.1845122371663339,0.4008019545834092,0.1892078604862607,0.5227729904082354,-0.2956199382972911,0.7768639765820966,0.0917279621127322,0.5553055571013314,-0.2287323450490621,0.7942941731797999,0.0823852180691444,0.5567683150329897,-0.2420451503189452,0.7903390819300944,0.2099207847951677,0.9170896829311219,-0.1459672670847891,0.3058975882743657,0.2217509578753489,0.9400961711280096,-0.1272780092183505,0.2254905986537690,0.2492844328389163,0.9154427625011802,-0.2488876276240713,0.1946195492340112,0.2492844328389163,0.9154427625011802,-0.2488876276240713,0.1946195492340112,0.3303728025189198,0.6168122255175102,-0.1467040378265826,0.6991955485365360,0.2423197336367997,0.3339064731084196,-0.2706104973626895,0.8698031803940502,0.7506293187104269,0.0769163722868739,-0.4228562944320599,0.5018287076540506,0.5992500520846792,0.4936492926615725,-0.6026988593400603,0.1842927993206159,-0.0163846054834955,0.2506480135794082,-0.8562357707286690,0.4514060510411101,-0.0230445426420839,0.2378006431231909,-0.8892261736135820,0.3901238461631920,-0.0230445426420839,0.2378006431231909,-0.8892261736135820,0.3901238461631920,0.3016897053372357,0.4583689736314397,-0.2015898311707038,0.8113216043432835,-0.0411930034231192,0.5007112308861720,-0.0053702219532346,0.8646170021747261,0.2436574755261079,0.4692879121208113,0.4736520306327943,0.7043107581422878,0.5477091189957966,-0.3043538441878992,0.1196657565820973,0.7701062038436844,0.5130675199624336,-0.3398584932796184,0.1703216305885715,0.7695768101099172,0.5130675199624336,-0.3398584932796184,0.1703216305885715,0.7695768101099172,0.3295140277231016,0.6172714279194916,-0.1476770084206197,0.6989906944959046
2.9812262879359177,-1.4845879535765867,0.2077917364264051,0.2670630254519593,0.6462452016121790,-0.2203499564520791,0.6800664500776721,-0.5438095053697266,0.3959933254013286,0.5754211985233387,1.2841528611785349,0.1817179144493466,0.2599109486909528,-0.3888965031706307,-0.2511812265012833,-0.0349539224621408,1.2679993643014098,0.1730575891735268,0.2618092513438072,0.2061011298605828,-0.7284372695751880,1.4057234700696197,-1.1649517152795847,-1.5366300949518645,-0.1434435959626981,-0.4181310267874422,-0.7980689406409887,1.1732627818833916,-1.8824063971694098,0.1417297540224933,-0.0027515545894966,-0.0229161632410200,-0.0170769880238080,0.0476378153867284,-0.1520615369299683,0.0534676307475367,-0.3274426865852940,0.0837807339316096,-0.0134892702808873,-0.9699688928267224,-0.0297568281660545,-0.0045918645321479,-0.0008700252091562,-0.1971093185805747,-0.1450405996309052,-0.0803266367935658,-0.0983006855454029,-0.0007255583126488,0.0010294779761990,0.1380185259259799,0.1239429302723630,-0.6129838441854022,-0.0017272481209187,0.7393561935965147,-0.0546087634242612,-0.4396753441256757,0.3702524439833807,-0.1739983906725826,-0.1156755293289695,-0.0086731100883841,0.0013320673504261,0.0000000000000000,0.0000000000000000,0.2670630254519593,0.6462452016121790,-0.2203499564520791,0.6800664500776721,0.2670630254519593,0.6462452016121790,-0.2203499564520791,0.6800664500776721,0.2450001382516776,0.4274463440525000,-0.2342649632722592,0.8380838157343555,0.4050796305233387,0.3730097130292767,-0.3137741290269449,0.7735115014492505,0.4945088259826321,0.2422535326974344,-0.0805810977759581,0.8308314712395729,0.4442792445434428,0.6915766347099495,0.2316209082993316,0.5202782582712460,0.4214295303949147,0.7359330111927294,0.2709786766603994,0.4553793042544889,0.4768888413027269,0.7648436528260415,0.1733234747503549,0.3969259286984453,0.4768888413027269,0.7648436528260415,0.1733234747503549,0.3969259286984453,0.1886684136060624,0.5206320951222592,-0.2999771253878306,0.7767626249247785,0.0899997931322645,0.5540731601578273,-0.2324800796198634,0.7942644288955725,0.0803476524598632,0.5555549336612183,-0.2462617323733887,0.7901000756849257,0.2106266155226811,0.9156542709218884,-0.1507879800276341,0.3073705744783496,0.2228699245979438,0.9387919446180472,-0.1320211452649171,0.2270883058039564,0.2506049784147725,0.9135272430466864,-0.2534321887375698,0.1960541933163782,0.2506049784147725,0.9135272430466864,-0.2534321887375698,0.1960541933163782,0.3320394480342242,0.6153903843248182,-0.1493202273817616,0.6991051062067413,0.2433716566884745,0.3338001906541802,-0.2732445886769829,0.8687261157572542,0.7475490887411377,0.0778016138734958,-0.4243018753207438,0.5050595879698488,0.5962263089771157,0.4928297138336654,-0.6057911984717572,0.1861453343500818,-0.0139163218009798,0.2521211119620243,-0.8563281621579715,0.4504923524164576,-0.0207516216843501,0.2393296238306652,-0.8895109597090753,0.3886656068035615,-0.0207516216843501,0.2393296238306652,-0.8895109597090753,0.3886656068035615,0.3019772392407823,0.4532184349055334,-0.2056254902614204,0.8130934478871690,-0.0379782295008700,0.4975083912655501,-0.0131982045686163,0.8665268963514683,0.2437625021936908,0.4653962496706500,0.4665415945634042,0.7115652562196955,0.5419178103763709,-0.3132706131047386,0.1152661009413930,0.7712978255742909,0.5066977918516836,-0.3482604286921675,0.1658244301679178,0.7710215819931767,0.5066977918516836,-0.3482604286921675,0.1658244301679178,0.7710215819931767,0.3311916735977152,0.6158470552904058,-0.1502828296766422,0.6988988130867452
2.9806760370425724,-1.4849625917595841,0.2087086962841573,0.2679325227129394,0.6454604086764243,-0.2236680218424082,0.6793862230786308,-0.5421456259957766,0.3956332448101226,0.5565447621508951,1.2836018059285783,0.1816272461135171,0.2598951825815459,-0.3926888152697037,-0.2540493085155339,-0.0367661897500567,1.2661925692730824,0.1730427285160942,0.2618232821879314,0.2087038234359553,-0.7257438108817352,1.3944674190562092,-1.1649674732016575,-1.5227691330870832,-0.1444803608540750,-0.4262397854866931,-0.7903515530185291,1.1687398252942283,-1.8845204945643981,0.1416259409886177,-0.0027230487561007,-0.0191694946190177,-0.0146260719690405,0.0406936994670460,-0.1432917779482009,0.0596284577393846,-0.3073248457665506,0.0809261211664869,-0.0233322976952625,-0.9215043092862495,-0.0235873321103772,-0.0044652536533960,-0.0007501260053849,-0.1846575704869353,-0.1431056077577449,-0.1023910875116588,-0.0826983279839696,-0.0007568006858373,0.0005270548911557,0.1147750661836417,0.1449799175204546,-0.5141246757213191,0.0000399420886944,0.6516010287910443,-0.0493717847939081,-0.3749264102630390,0.4117837532676658,-0.2925306311126500,-0.0911280449640992,-0.0003564476141901,0.0015507532730765,0.0000000000000000,0.0000000000000000,0.2679325227129394,0.6454604086764243,-0.2236680218424082,0.6793862230786308,0.2679325227129394,0.6454604086764243,-0.2236680218424082,0.6793862230786308,0.2450214830444379,0.4275345096959594,-0.2377173431928296,0.8370598429091447,0.4047676397568537,0.3724709851934008,-0.3171130041872760,0.7725722397096879,0.4917400531165504,0.2465019212221455,-0.0919276175891117,0.8300468879039984,0.4489193566726761,0.6943633291991874,0.2207495819232019,0.5173012665253611,0.4270487949147911,0.7384175255020810,0.2605538206906636,0.4521953021833658,0.4820449586144300,0.7659549487754321,0.1626706854093388,0.3930444280603573,0.4820449586144300,0.7659549487754321,0.1626706854093388,0.3930444280603573,0.1881255988954947,0.5186945085983782,-0.3040919235518210,0.7765905406458744,0.0883424806566244,0.5530051059337904,-0.2360111099730621,0.7941534580242499,0.0782189602586999,0.5545275785147721,-0.2504885510323115,0.7897065560854385,0.2112729589887960,0.9143103581946210,-0.1556485038229971,0.3085025914896082,0.2239328917642579,0.9375492011543939,-0.1368092830487615,0.2283391676268839,0.2518236084565868,0.9116681963823180,-0.2580239993073697,0.1971537108713522,0.2518236084565868,0.9116681963823180,-0.2580239993073697,0.1971537108713522,0.3336374179270334,0.6140790252524821,-0.1517649011200642,0.6989709857297085,0.2444174399004364,0.3337862931546717,-0.2756987121326712,0.8676618268098272,0.7447620034753806,0.0786428447564896,-0.4257210029328558,0.5078449456377282,0.5934816197811449,0.4921041567640599,-0.6086032288452026,0.1876570694556320,-0.0116928161188917,0.2535798060328606,-0.8564208563528279,0.4495596476858605,-0.0187000845888237,0.2408371725220531,-0.8897763392596760,0.3872283941830754,-0.0187000845888237,0.2408371725220531,-0.8897763392596760,0.3872283941830754,0.3022759737212621,0.4485191506838007,-0.2093829425508491,0.8146278847114752,-0.0349859194675535,0.4945659631136031,-0.0203753108168755,0.8681966023186450,0.2439526022838589,0.4617767009594467,0.4600243315936560,0.7180717378032315,0.5366710203429440,-0.3215161405844629,0.1110691491802464,0.7721885983152765,0.5009313883622174,-0.3560267547630747,0.1615084932827206,0.7721578210728169,0.5009313883622174,-0.3560267547630747,0.1615084932827206,0.7721578210728169,0.3328000723934980,0.6145332275076256,-0.1527175098056141,0.6987634694964494
2.9802117405135227,-1.4852818667853251,0.2095056008136824,0.2687592360450108,0.6447736606434010,-0.2267916752887121,0.6786758693225726,-0.5404680368037613,0.3952327214198671,0.5389610262898373,1.2831048629103059,0.1815363170087931,0.2598828221488005,-0.3962077173418115,-0.2567770555730723,-0.0392722028350380,1.2646580085637154,0.1730268958084122,0.2618320779331705,0.2110049308113094,-0.7229463713240741,1.3847491409073358,-1.1649467581491613,-1.5105145146328860,-0.1454153794097776,-0.4334566368554215,-0.7828726759281122,1.1639611847907461,-1.8866534381944375,0.1415453452243231,-0.0026945231337861,-0.0156319776490184,-0.0128434665115478,0.0334001220295938,-0.1388837039874325,0.0691420855322009,-0.2877940605341890,0.0627993795060115,-0.0234232827789137,-0.8766039138377314,-0.0139052635749267,-0.0040332840126765,-0.0006306587976883,-0.1675000039767369,-0.1295982984015277,-0.1306445558873821,-0.0693687868233513,-0.0008322056694833,0.0003580914922803,0.1230285809328190,0.1450381764812953,-0.4571332055715809,0.0013354993042846,0.5802237502012646,-0.0444526017708329,-0.3428471177514170,0.3614165301300849,-0.2263889759720730,-0.1086820316348533,-0.0030437822163530,0.0014456282156435,0.0000000000000000,0.0000000000000000,0.2687592360450108,0.6447736606434010,-0.2267916752887121,0.6786758693225726,0.2687592360450108,0.6447736606434010,-0.2267916752887121,0.6786758693225726,0.2450669215447662,0.4277458155153501,-0.2409726515027115,0.8360071186906437,0.4044508309457271,0.3721024486908520,-0.3202718675460132,0.7716120941795634,0.4891388735840570,0.2505670954521706,-0.1025594158784195,0.8291205336018761,0.4532549806238469,0.6969322375818284,0.2105592410132570,0.5143055364107827,0.4323022571409212,0.7406835470915897,0.2507788466104499,0.4490129303610508,0.4868392938116937,0.7669342330447005,0.1526893219042630,0.3892111960895837,0.4868392938116937,0.7669342330447005,0.1526893219042630,0.3892111960895837,0.1876171515402070,0.5169511752398106,-0.3079549114387824,0.7763536947724595,0.0867745688098609,0.5520947500418626,-0.2393034308932969,0.7939744511927149,0.0759898845985350,0.5536821978848746,-0.2547437617023833,0.7891559903199082,0.2118685684876238,0.9130619361775012,-0.1605632472721711,0.3092718125148382,0.2249498662244936,0.9363701234624205,-0.1416559365969593,0.2292207346628832,0.2529478623645080,0.9098653379081771,-0.2626794231747686,0.1978938261771585,0.2529478623645080,0.9098653379081771,-0.2626794231747686,0.1978938261771585,0.3350885547482720,0.6129276147276315,-0.1541474114880792,0.6987660374635669,0.2453729856800522,0.3340033293165559,-0.2780173112483819,0.8665680865056902,0.7422930249959219,0.0794208501150243,-0.4272518904760167,0.5100482483982079,0.5910496286026655,0.4914690309741550,-0.6111752432470299,0.1886354955036555,-0.0097930056893926,0.2551142653023546,-0.8565561930086674,0.4484777551867041,-0.0169757067452997,0.2424074456665073,-0.8900533435367470,0.3856883474062883,-0.0169757067452997,0.2424074456665073,-0.8900533435367470,0.3856883474062883,0.3025069998874061,0.4443870762528475,-0.2129342611298319,0.8158851891753270,-0.0319619620744734,0.4920223034941998,-0.0271095180282318,0.8695732055881715,0.2442535119828741,0.4585258668077865,0.4534607256957696,0.7242013681315896,0.5314591425954350,-0.3292214848236042,0.1067644405455409,0.7731531206153566,0.4952253112814592,-0.3632660896120158,0.1571145915370404,0.7733722546938996,0.4952253112814592,-0.3632660896120158,0.1571145915370404,0.7733722546938996,0.3342615903499715,0.6133789934744239,-0.1550897017868837,0.6985575022721220
2.9798289946402812,-1.4855603866108489,0.2101738036963408,0.2695140201130073,0.6441900929355902,-0.2297397285142785,0.6779387688193869,-0.5387003856032158,0.3948470638738951,0.5228940134770994,1.2825971991225442,0.1814434611100163,0.2598735893381511,-0.3994359220588061,-0.2593050979722766,-0.0424788495495433,1.2634170734341297,0.1730107916214967,0.2618387024529449,0.2130110563633584,-0.7200197737601343,1.3765957915788467,-1.1648997867837467,-1.4998548072982461,-0.1462407907876540,-0.4398196552077197,-0.7755800112977045,1.1589631902837048,-1.8888243629560981,0.1414830190615698,-0.0026660996771608,-0.0116805990812719,-0.0104375751434950,0.0280825596622443,-0.1330063297765385,0.0748985579010743,-0.2735761419198068,0.0767324471720874,-0.0193249744613331,-0.7838115540481125,-0.0209641214705119,-0.0044479260586446,-0.0004120765504294,-0.1524054364228529,-0.1183528062346071,-0.1766272948258793,-0.0570981438417949,-0.0008297614882354,0.0002965356711096,0.1101317436642021,0.1400827477894639,-0.3950336181741828,0.0027581729822672,0.5067697780446958,-0.0391672841839160,-0.3111419913237641,0.3174184512216375,-0.1763689799913987,-0.1294913872690291,-0.0062613986280960,0.0013225757877731,0.0000000000000000,0.0000000000000000,0.2695140201130073,0.6441900929355902,-0.2297397285142785,0.6779387688193869,0.2695140201130073,0.6441900929355902,-0.2297397285142785,0.6779387688193869,0.2451023809376873,0.4280782874300126,-0.2440414054958476,0.8349356832075600,0.4041234667758482,0.3718895496332572,-0.3232729352095136,0.7706341517449561,0.4867151984688278,0.2544129106488240,-0.1124456275941272,0.8280932117277652,0.4572792784304708,0.6992723796078534,0.2010755208962432,0.5113535328243876,0.4371807843125057,0.7427259464985428,0.2416788476749465,0.4458951275942086,0.4912708337551622,0.7677795728692259,0.1434051062563511,0.3854899102257552,0.4912708337551622,0.7677795728692259,0.1434051062563511,0.3854899102257552,0.1871195257047141,0.5154157548474254,-0.3115733703323070,0.7760508473385412,0.0853076320267205,0.5513443243107122,-0.2423856462242318,0.7937198765766286,0.0736767145195121,0.5530187137604410,-0.2590486069671789,0.7884388772737688,0.2124425503398842,0.9119071370749305,-0.1655373125283583,0.3096626136907350,0.2259503119363888,0.9352515608242356,-0.1465636229419640,0.2297173892891107,0.2540052502226685,0.9081147855032846,-0.2674021577032737,0.1982547736254435,0.2540052502226685,0.9081147855032846,-0.2674021577032737,0.1982547736254435,0.3363996355917795,0.6119264400624937,-0.1564470732153077,0.6985024197585321,0.2462511947276597,0.3344349669845282,-0.2801849847893165,0.8654536245529667,0.7401454718497450,0.0801441031855455,-0.4288674568767333,0.5116974766959337,0.5889249017572701,0.4909377487104735,-0.6135006899318887,0.1891150190608291,-0.0081954926827426,0.2567180915384087,-0.8567243008215284,0.4472718723085846,-0.0155558468461172,0.2440357314434407,-0.8903323716448676,0.3840740103274233,-0.0155558468461172,0.2440357314434407,-0.8903323716448676,0.3840740103274233,0.3026781814000469,0.4407695601005264,-0.2162717297103836,0.8169055345149931,-0.0289804257804203,0.4898334624476139,-0.0333833079504516,0.8706944749672252,0.2446725452432784,0.4556072347285943,0.4470443282515404,0.7298690032089783,0.5264452610616739,-0.3363792078861563,0.1024313853465365,0.7740879968734667,0.4897503813076399,-0.3699774750802645,0.1527064281181963,0.7745592157825214,0.4897503813076399,-0.3699774750802645,0.1527064281181963,0.7745592157825214,0.3355827985847545,0.6123747775405702,-0.1573789960181286,0.6982930393026170
2.9795192348296977,-1.4858097599225344,0.2107260537864399,0.2702244625108455,0.6437124883335663,-0.2324695478641014,0.6771786186376471,-0.5369502722438774,0.3944472600810058,0.5083225425247305,1.2821615920805671,0.1813500697609401,0.2598666877495703,-0.4023910965583035,-0.2616082574212888,-0.0464108831811552,1.2624746636576181,0.1729949591887305,0.2618439940629473,0.2147344069776895,-0.7170214442823505,1.3698874507975236,-1.1648354592832231,-1.4907097724386098,-0.1469548420297566,-0.4454282439582283,-0.7686098758285993,1.1540231405939372,-1.8911126551448745,0.1414328097685398,-0.0026381052404977,-0.0088850777939971,-0.0094690669407163,0.0227448521688754,-0.1165649041824778,0.0778581447326096,-0.2526133253019514,0.0806189447862087,-0.0173138060711671,-0.7006650221664644,-0.0208089274420918,-0.0046003253453278,-0.0002754471431815,-0.1385790784782872,-0.1057571640749123,-0.2146814887679324,-0.0433973749548842,-0.0008018556989851,0.0002490749444702,0.0993302166569911,0.1394341179356612,-0.3305213715505537,0.0034931343738728,0.4350527004196758,-0.0336822299886199,-0.2773789373413823,0.2874542284331459,-0.1504054360430977,-0.1443540333514307,-0.0073860529991413,0.0012555504969419,0.0000000000000000,0.0000000000000000,0.2702244625108455,0.6437124883335663,-0.2324695478641014,0.6771786186376471,0.2702244625108455,0.6437124883335663,-0.2324695478641014,0.6771786186376471,0.2451636541286066,0.4285215265235849,-0.2468895776039286,0.8338522773673751,0.4038156334951213,0.3718313195279260,-0.3260776472585497,0.7696413268018959,0.4845146921730738,0.2580137769681618,-0.1215090580760099,0.8269884840604099,0.4609801701526732,0.7013860639173658,0.1923960000938172,0.5084669617747215,0.4416636962608629,0.7445487977060607,0.2333497750829855,0.4428635791170581,0.4953217814152133,0.7685073599289652,0.1349128141869123,0.3819048352126982,0.4953217814152133,0.7685073599289652,0.1349128141869123,0.3819048352126982,0.1866657475553619,0.5140848067998494,-0.3149147317466984,0.7756941548291202,0.0839801238869119,0.5507420017133345,-0.2452299418960149,0.7934058620519538,0.0712970681641205,0.5525270506775867,-0.2634045304600462,0.7875586579257760,0.2130120079511966,0.9108404796277311,-0.1705611417183761,0.3096843587846287,0.2269504871319712,0.9341889448661033,-0.1515212690886582,0.2298386318578285,0.2550132278351315,0.9064133321681875,-0.2721810995716710,0.1982437235647697,0.2550132278351315,0.9064133321681875,-0.2721810995716710,0.1982437235647697,0.3375886246925218,0.6110817852416146,-0.1586330991908781,0.6981751299389206,0.2470679565181776,0.3350568077439698,-0.2821908072446495,0.8643278942351474,0.7383117346978777,0.0808217954503576,-0.4305375169356871,0.5128362958083632,0.5870933388658588,0.4905175542187233,-0.6155791565658928,0.1891460876260530,-0.0068790110047154,0.2583760886460434,-0.8569143292640968,0.4459734390358137,-0.0144174319810994,0.2457083050158100,-0.8906041721709049,0.3824183246303761,-0.0144174319810994,0.2457083050158100,-0.8906041721709049,0.3824183246303761,0.3028096240886828,0.4376317449477520,-0.2193810887650242,0.8177143298643652,-0.0261013380753200,0.4879710644601466,-0.0391643529676305,0.8715899918292632,0.2452034783953413,0.4530030182105509,0.4409281564773504,0.7350142042848157,0.5217522038433345,-0.3429902889226508,0.0981379571059202,0.7749201512829921,0.4846327222213351,-0.3761688964663902,0.1483432493175392,0.7756431952035097,0.4846327222213351,-0.3761688964663902,0.1483432493175392,0.7756431952035097,0.3367815144083730,0.6115269735086671,-0.1595547669860573,0.6979650768886339
2.9792767924115480,-1.4860339620422305,0.2111704687625445,0.2708789277594486,0.6433366024540920,-0.2349995848474543,0.6764006339147237,-0.5351044121060884,0.3940570567734376,0.4954266561824082,1.2817693496023834,0.1812545802927168,0.2598617424139233,-0.4051021746208583,-0.2636786724692224,-0.0510027203145692,1.2618382698262689,0.1729799825923039,0.2618483868411172,0.2161631877851810,-0.7139352383704179,1.3645874202749539,-1.1647625480203787,-1.4830099908493912,-0.1475569446937945,-0.4502629373868957,-0.7617859105602187,1.1488130028954746,-1.8934351333725459,0.1414060349425113,-0.0026100723530257,-0.0060043324013175,-0.0075515759312933,0.0196592353584499,-0.1056601174307008,0.0801761661171429,-0.2364607654364387,0.0983455599299246,-0.0184872917126543,-0.6016873233126712,-0.0184686983624143,-0.0049379999578847,-0.0002039119658719,-0.1320105316493723,-0.0983976936783178,-0.2440802901288717,-0.0247898252842886,-0.0007082849577406,0.0002052406800141,0.0628663293507910,0.1556156751772650,-0.2328031136835180,0.0037542743849031,0.3528193888713675,-0.0275782784034877,-0.2250343221166790,0.3412552102231221,-0.2726115771702105,-0.1152391291252275,-0.0009687456336388,0.0013873450994064,0.0000000000000000,0.0000000000000000,0.2708789277594486,0.6433366024540920,-0.2349995848474543,0.6764006339147237,0.2708789277594486,0.6433366024540920,-0.2349995848474543,0.6764006339147237,0.2452381518531881,0.4290993154701641,-0.2495308667495441,0.8327462836169787,0.4035229016821371,0.3719440596532808,-0.3287088262982588,0.7686204471781147,0.4825590799550770,0.2613615313052870,-0.1297220214149226,0.8258323567569209,0.4643615032056551,0.7032772806600132,0.1845520599387838,0.5056777610498526,0.4457521541821184,0.7461588111118990,0.2258231288620919,0.4399499518274915,0.4989972989219336,0.7691282630725991,0.1272429639387351,0.3784873032740010,0.4989972989219336,0.7691282630725991,0.1272429639387351,0.3784873032740010,0.1862393630701384,0.5129464789285757,-0.3179984881910763,0.7752920552322166,0.0827830297734814,0.5502739899149681,-0.2478621890488652,0.7930383605125846,0.0688596797703771,0.5521891329040591,-0.2678109961274711,0.7865257633147151,0.2135858354538844,0.9098539540962979,-0.1756288018473436,0.3093564240006402,0.2279587800590668,0.9331760363639962,-0.1565221381749216,0.2296042247240101,0.2559827336717755,0.9047556178497138,-0.2770089647506918,0.1978791183502104,0.2559827336717755,0.9047556178497138,-0.2770089647506918,0.1978791183502104,0.3386574898599654,0.6103838809495467,-0.1607079913578059,0.6977933533306657,0.2478226608456340,0.3358526744556286,-0.2840396172487913,0.8631966205132817,0.7367718913185275,0.0814559219420744,-0.4322504550447634,0.5135091596622992,0.5855347302483088,0.4902034828779099,-0.6174267703275205,0.1887691932766922,-0.0058284494278459,0.2600766346137588,-0.8571230036195103,0.4445968173204978,-0.0135440857133103,0.2474142846694406,-0.8908664633749896,0.3807357008706126,-0.0135440857133103,0.2474142846694406,-0.8908664633749896,0.3807357008706126,0.3029061854187980,0.4349576163867098,-0.2222658684133144,0.8183260954660424,-0.0233122274585840,0.4864279790917114,-0.0444754479582446,0.8722765018826226,0.2458341863446734,0.4507097812809378,0.4350768986714274,0.7396852966798737,0.5173431940201244,-0.3490922258965143,0.0938772806460001,0.7756788598371002,0.4798324285137658,-0.3818749902621223,0.1440196215356035,0.7766535141049875,0.4798324285137658,-0.3818749902621223,0.1440196215356035,0.7766535141049875,0.3378597812270012,0.6108257900502612,-0.1616194676049535,0.6975828052136945
2.9790941297888347,-1.4862329667367848,0.2115177126144573,0.2714748881927473,0.6430585155974081,-0.2373422908334245,0.6756077024282170,-0.5333563186899541,0.3936465517013294,0.4840050941466806,1.2815024496606442,0.1811612034494680,0.2598580421332883,-0.4075731911545988,-0.2654975579523207,-0.0562005421327177,1.2614369666740377,0.1729667474191141,0.2618521344119202,0.2174793161040814,-0.7108721513101860,1.3603759057730349,-1.1646900643754354,-1.4765679739154536,-0.1480563763515235,-0.4545378661147644,-0.7555652724294801,1.1441602644783500,-1.8960092107010493,0.1413605551035997,-0.0025831260197069,-0.0041490932787260,-0.0073376886155410,0.0141628390370365,-0.0916499343702108,0.0835598657911262,-0.2141511884277967,0.0940078251517434,-0.0209075439099632,-0.5300601231837522,-0.0121349885838197,-0.0046829787497309,-0.0001774248415521,-0.1188097831053092,-0.0869522536647259,-0.2693130109115643,-0.0147058847415186,-0.0005885891736432,0.0001687998074178,0.0546198041601849,0.1605120728206124,-0.1729946291041119,0.0034451460884427,0.2897995959140574,-0.0229710578133584,-0.1917104871716108,0.3328447988025934,-0.2817896404097062,-0.1146530979125920,0.0011455309195223,0.0014244462699940,0.0000000000000000,0.0000000000000000,0.2714748881927473,0.6430585155974081,-0.2373422908334245,0.6756077024282170,0.2714748881927473,0.6430585155974081,-0.2373422908334245,0.6756077024282170,0.2453115872856787,0.4297544471531217,-0.2519777076127722,0.8316493102033492,0.4032244685838167,0.3721746630070216,-0.3311610940271863,0.7676121272841020,0.4808054051731032,0.2644430263883309,-0.1371177827566098,0.8246785809045961,0.4674027228028789,0.7049871010069420,0.1775100524145491,0.5030090092851875,0.4494285352841446,0.7475995483824057,0.2190641816092014,0.4371724960089106,0.5022821236686241,0.7696809018555387,0.1203557631546192,0.3752578684548128,0.5022821236686241,0.7696809018555387,0.1203557631546192,0.3752578684548128,0.1858303861172234,0.5119849179700482,-0.3208426500312499,0.7748538606005977,0.0817052730579043,0.5499251038400409,-0.2503017028995056,0.7926258171714193,0.0663706653877986,0.5519857844681576,-0.2722614602686556,0.7853536310309083,0.2141633066112974,0.9089332684397898,-0.1807358461206722,0.3087214692108735,0.2289741654767538,0.9322023997775173,-0.1615617514013265,0.2290574554067105,0.2569184249243061,0.9031318525830236,-0.2818800640641010,0.1972039788330516,0.2569184249243061,0.9031318525830236,-0.2818800640641010,0.1972039788330516,0.3396263995658683,0.6098170037966569,-0.1626579018408233,0.6973661431178985,0.2485305039145136,0.3367819305305364,-0.2857341927122897,0.8620710475402696,0.7355002972137266,0.0820481374393617,-0.4339748849409958,0.5137832375444917,0.5842236882938634,0.4899877795858889,-0.6190557891404167,0.1880547468811668,-0.0050150906583402,0.2617940403579405,-0.8573419548499563,0.4431743469028954,-0.0129048121408567,0.2491295822238754,-0.8911139321593738,0.3790565617371953,-0.0129048121408567,0.2491295822238754,-0.8911139321593738,0.3790565617371953,0.3029811235325138,0.4326723650746307,-0.2249336431067207,0.8187807517781780,-0.0206899247687575,0.4851479427517776,-0.0493152404866280,0.8727951693911498,0.2465315520146350,0.4486935920823806,0.4296304546129470,0.7438507422558217,0.5133124824046101,-0.3547070848624657,0.0897391143851866,0.7762989570425491,0.4754475957588590,-0.3871217043391974,0.1398141649485590,0.7775206550287725,0.4754475957588590,-0.3871217043391974,0.1398141649485590,0.7775206550287725,0.3388376301526487,0.6102556265976935,-0.1635594512978897,0.6971552456157276
2.9789645643253260,-1.4864004946235481,0.2117822025490982,0.2720032838054299,0.6428599183819850,-0.2395301548816785,0.6748115617261815,-0.5315960728521623,0.3932112524668671,0.4741472583219548,1.2813288219276806,0.1810684407348304,0.2598552979422618,-0.4098276283283222,-0.2670976637464266,-0.0619402511031388,1.2611925906353734,0.1729559216240248,0.2618554561050344,0.2185884140370218,-0.7077947939755596,1.3572820214115526,-1.1646237826237673,-1.4713355743230636,-0.1484917802170505,-0.4582853219688402,-0.7496614345623374,1.1395934726382180,-1.8986551200184567,0.1413308535092171,-0.0025564577279256,-0.0023417256820543,-0.0060104802410941,0.0108072615324088,-0.0799882720320940,0.0842699236945048,-0.1967442773861799,0.0825027444932822,-0.0208928199434375,-0.4626034524277930,-0.0073680919099880,-0.0047262442049214,-0.0000843100189648,-0.1060289453898468,-0.0729729518311568,-0.3059139207073315,-0.0109048653228251,-0.0005470345233310,0.0001736288619743,0.0580651199496648,0.1430943494515774,-0.1475107116932872,0.0033735655211872,0.2417544098449712,-0.0212460684238213,-0.1918201888087157,0.2444308827821706,-0.1473364970702791,-0.1562775983016206,-0.0047917538747249,0.0012394118956380,0.0000000000000000,0.0000000000000000,0.2720032838054299,0.6428599183819850,-0.2395301548816785,0.6748115617261815,0.2720032838054299,0.6428599183819850,-0.2395301548816785,0.6748115617261815,0.2453703604159100,0.4305016535414762,-0.2542574923534569,0.8305509256569109,0.4029004353186191,0.3725341615348984,-0.3334619087831527,0.7666111746513040,0.4792478114353047,0.2672676514749085,-0.1437081995689106,0.8235517537387786,0.4701095802922413,0.7065319751331428,0.1712527194129193,0.5004818245706744,0.4527002150709483,0.7488893402240667,0.2130563931535134,0.4345506238747026,0.5051859812128048,0.7701812620251360,0.1142326318973309,0.3722349443849030,0.5051859812128048,0.7701812620251360,0.1142326318973309,0.3722349443849030,0.1854239074049290,0.5111759495766452,-0.3234797259817538,0.7743887847947382,0.0807190521425617,0.5496778441413264,-0.2525752406847495,0.7921770320290720,0.0638283089460516,0.5518942332510254,-0.2767441799959563,0.7840608146819443,0.2147303198064228,0.9080581324324020,-0.1858824465633542,0.3078457957140713,0.2299826943340740,0.9312536521159858,-0.1666413948915057,0.2282657250576396,0.2578152851653978,0.9015275914070678,-0.2867938650015359,0.1962869319754492,0.2578152851653978,0.9015275914070678,-0.2867938650015359,0.1962869319754492,0.3404660156725291,0.6093747231672009,-0.1645351742584182,0.6969028019521237,0.2491544843151326,0.3378598036468554,-0.2873049102781695,0.8609463888973693,0.7344710496661655,0.0825831984772955,-0.4357446198399910,0.5136719953550524,0.5831464633246346,0.4898461314969142,-0.6205033328705567,0.1869935391023121,-0.0044487112492268,0.2635292969434287,-0.8575867949357847,0.4416756816630161,-0.0125114724602970,0.2508506031229185,-0.8913677789908366,0.3773339642103329,-0.0125114724602970,0.2508506031229185,-0.8913677789908366,0.3773339642103329,0.3029970722335146,0.4307671527051817,-0.2274285403666698,0.8190901619448702,-0.0181347555384916,0.4841369905752655,-0.0538094339290855,0.8731477823475899,0.2472724516900292,0.4469590340055782,0.4242894620041434,0.7477047605761485,0.5093966784506508,-0.3599041214318773,0.0856252457495241,0.7769506835379738,0.4711969098785397,-0.3919670530762993,0.1356532045439729,0.7784173106506217,0.4711969098785397,-0.3919670530762993,0.1356532045439729,0.7784173106506217,0.3396860615808066,0.6098098397293619,-0.1654267043663553,0.6966917140453556
2.9788758848160732,-1.4865391930854743,0.2119762613474668,0.2724767911696478,0.6427368283789983,-0.2415465094652133,0.6740185839310135,-0.5298178249494693,0.3927509577404902,0.4658202111097980,1.2812223694515164,0.1809768310810470,0.2598530492474291,-0.4118933458907216,-0.2684883992651057,-0.0681350453396037,1.2610546023995959,0.1729473462172830,0.2618584521230913,0.2194944798668815,-0.7047233883479896,1.3552142632254882,-1.1645684559522560,-1.4672154186023700,-0.1489102190683044,-0.4615545346841764,-0.7440009597815155,1.1349781902052154,-1.9013101502842913,0.1413312183450481,-0.0025298054677402,-0.0007712664319658,-0.0043885641339903,0.0077552149445800,-0.0763083534171074,0.0875723605649273,-0.1816778817391761,0.0809964608207078,-0.0230430099835141,-0.3896813667041518,-0.0046400053067908,-0.0045078875040264,-0.0000774155586300,-0.0983382932683299,-0.0632130806119605,-0.3234292226975542,-0.0062745339714215,-0.0004322496479981,0.0001559189060929,0.0509718450664289,0.1431586211279588,-0.0998451179886372,0.0026067772758342,0.1896383758519732,-0.0207615155956069,-0.1682768040879375,0.2341849358388135,-0.1549743644822659,-0.1551200659775054,-0.0035015928903963,0.0012279892589610,0.0000000000000000,0.0000000000000000,0.2724767911696478,0.6427368283789983,-0.2415465094652133,0.6740185839310135,0.2724767911696478,0.6427368283789983,-0.2415465094652133,0.6740185839310135,0.2454283083248247,0.4313222660758138,-0.2563572670144308,0.8294618736921731,0.4025699577536145,0.3730052704890170,-0.3355965043788426,0.7656235912969040,0.4778986400446134,0.2698303032311989,-0.1495009172667736,0.8224682200778706,0.4724997388856599,0.7079109027049505,0.1657758461690991,0.4981209887280033,0.4555853410416779,0.7500292779777157,0.2077970920105372,0.4321093007054209,0.5077300673808717,0.7706300602530316,0.1088708386401887,0.3694409687698501,0.5077300673808717,0.7706300602530316,0.1088708386401887,0.3694409687698501,0.1850329403620080,0.5105083951363268,-0.3258997939008109,0.7739078199706534,0.0798373363292202,0.5495180048600915,-0.2546752039438536,0.7917048077147155,0.0612524186289484,0.5518987037035552,-0.2812405143119384,0.7826619545959765,0.2152869835150995,0.9072143417576237,-0.1910486859606964,0.3067801369563234,0.2309827337593363,0.9303199722840725,-0.1717412658140236,0.2272810231652036,0.2586785047275252,0.8999356529506781,-0.2917295558600073,0.1951797068803260,0.2586785047275252,0.8999356529506781,-0.2917295558600073,0.1951797068803260,0.3412035547393726,0.6090438132959054,-0.1663055410485603,0.6964109668405163,0.2497164435385787,0.3390297709715162,-0.2887446785236863,0.8598412777051919,0.7336599202743724,0.0830630997905204,-0.4375102243764547,0.5132528094440931,0.5822793786661956,0.4897704024946326,-0.6217716579615469,0.1856762865206613,-0.0040894473144796,0.2652454416875358,-0.8578442943853160,0.4401491777513667,-0.0123234957336587,0.2525390823433389,-0.8916282438827483,0.3755944861851034,-0.0123234957336587,0.2525390823433389,-0.8916282438827483,0.3755944861851034,0.3029745496028677,0.4291589821441155,-0.2297431761992390,0.8192966882197502,-0.0157506173860579,0.4833259831322413,-0.0579254088836683,0.8733799626089833,0.2480211059348799,0.4454621993926872,0.4192709055280234,0.7511729945230854,0.5057523853382424,-0.3646906279910218,0.0816619384596683,0.7775259470829257,0.4672415066661933,-0.3964276878674132,0.1316500775845270,0.7792295681071076,0.4672415066661933,-0.3964276878674132,0.1316500775845270,0.7792295681071076,0.3404321523722018,0.6094753333089302,-0.1671871548329065,0.6961998441382149
2.9788215634254289,-1.4866431369280482,0.2121201698683865,0.2729087610529006,0.6426683960692652,-0.2434044502354219,0.6732402353097445,-0.5280298663849805,0.3922115972852169,0.4589397902134774,1.2811319005162087,0.1808859737482069,0.2598511444350587,-0.4137837573808885,-0.2697408720670415,-0.0747477259955628,1.2609668260111042,0.1729410340124129,0.2618613051867428,0.2202205183245043,-0.7017254820293850,1.3538555135800552,-1.1645238638446904,-1.4639656265722576,-0.1493209679971056,-0.4643180713776000,-0.7385834203009953,1.1301257989414215,-1.9039608090574054,0.1413645659037166,-0.0025034376351712,0.0011153935540825,-0.0017604280760704,0.0068834734549170,-0.0743845907433096,0.0843455434772743,-0.1716081363255882,0.0948655550686599,-0.0301604053182248,-0.3083008970700414,-0.0047329350320164,-0.0046107720806175,-0.0000970673392193,-0.0915736683160465,-0.0620359816103062,-0.3377205586626801,-0.0032790106530236,-0.0002419303736506,0.0001378585660036,0.0278713119732576,0.1510664802056487,-0.0508602396600651,0.0019834977422291,0.1449447280172682,-0.0203731459139302,-0.1200684607068637,0.2851656552803079,-0.2854030141631986,-0.1209980047615084,0.0037070618927632,0.0013310728753477,0.0000000000000000,0.0000000000000000,0.2729087610529006,0.6426683960692652,-0.2434044502354219,0.6732402353097445,0.2729087610529006,0.6426683960692652,-0.2434044502354219,0.6732402353097445,0.2454917762619296,0.4321841670815599,-0.2582924958105932,0.8283933969556464,0.4022229449989245,0.3735616095003723,-0.3375646479943336,0.7646689053756173,0.4767342671535411,0.2721323429835061,-0.1545302363930027,0.8214553137354496,0.4745794683052316,0.7091287208965154,0.1610263447427930,0.4959650207036485,0.4580949829813835,0.7510277953986846,0.2032342048115598,0.4298861420195934,0.5099301788580078,0.7710288904790646,0.1042177600671692,0.3669118711939479,0.5099301788580078,0.7710288904790646,0.1042177600671692,0.3669118711939479,0.1846653094898918,0.5099524744406243,-0.3281231350715785,0.7734225271568478,0.0790415225428785,0.5494256245273834,-0.2566082638381148,0.7912244433514337,0.0586433650051757,0.5519755745629252,-0.2857294946778373,0.7811802459726855,0.2158170117327535,0.9063885260252018,-0.1962228473820698,0.3055805155795750,0.2319570632370410,0.9293928784881665,-0.1768510933028967,0.2261603170927580,0.2594984609744135,0.8983489504030955,-0.2966759091948761,0.1939410141382173,0.2594984609744135,0.8983489504030955,-0.2966759091948761,0.1939410141382173,0.3418605303556038,0.6087965480771523,-0.1679688348970934,0.6959056051919981,0.2502290487971403,0.3402409687035319,-0.2900686702803711,0.8587675313351903,0.7330128143936950,0.0834964311482557,-0.4392403627264291,0.5126289727201274,0.5815711378356803,0.4897420464271146,-0.6228932624806960,0.1842056545116029,-0.0039013586525639,0.2669073387474488,-0.8581049882232724,0.4386354763465390,-0.0123024532124118,0.2541617607333485,-0.8918905673342824,0.3738738623199157,-0.0123024532124118,0.2541617607333485,-0.8918905673342824,0.3738738623199157,0.3029389525657213,0.4278279365826072,-0.2318785641737368,0.8194044051471641,-0.0135014079546557,0.4827004957903110,-0.0616817899188494,0.8735063251857059,0.2487514072785162,0.4441945578242767,0.4144842563337215,0.7543319782613850,0.5022895656493607,-0.3691187504215362,0.0778287210467962,0.7780740520716778,0.4634856587580253,-0.4005499807683819,0.1277885081535665,0.7800069577997198,0.4634856587580253,-0.4005499807683819,0.1277885081535665,0.7800069577997198,0.3410974097239622,0.6092244383191425,-0.1688407072444821,0.6956945855844440
2.9787895731982426,-1.4867159758618786,0.2122303384850986,0.2733184399767624,0.6426411444354965,-0.2450853448448822,0.6724898241531749,-0.5264483640891171,0.3915990733885560,0.4532282920869155,1.2810635741369036,0.1807978815810330,0.2598495114569647,-0.4154910201699228,-0.2708338131587150,-0.0817785093014391,1.2608930984329279,0.1729356741612662,0.2618641801845858,0.2209035834278729,-0.6989893593557495,1.3528181286098049,-1.1644881790565871,-1.4613538722775696,-0.1497251314645053,-0.4668992760889773,-0.7340286202782662,1.1262028300849527,-1.9068533712634403,0.1413750083487595,-0.0024783177533768,0.0012206504021685,-0.0009425793178862,0.0053720769518919,-0.0585753112027224,0.0797754792816282,-0.1532240489135714,0.0796173769047753,-0.0319040940173048,-0.2558875227433583,-0.0039223802123077,-0.0044770004288000,-0.0000799928924612,-0.0818835771928601,-0.0516640448283782,-0.3598131371758935,-0.0031419282927450,-0.0002298331998898,0.0001442596956928,0.0286519431340524,0.1325711100609074,-0.0410286548258151,0.0016488598016546,0.1158426147314068,-0.0200490719471050,-0.1218431526990031,0.2224155588198609,-0.1993894702757626,-0.1415741585529028,0.0013913288838438,0.0012593997661906,0.0000000000000000,0.0000000000000000,0.2733184399767624,0.6426411444354965,-0.2450853448448822,0.6724898241531749,0.2733184399767624,0.6426411444354965,-0.2450853448448822,0.6724898241531749,0.2455737705539907,0.4330149180304409,-0.2600506052620049,0.8273846062635261,0.4018742051178166,0.3741371622210404,-0.3393370306630731,0.7637858906309263,0.4757305021799209,0.2741568569077387,-0.1588440862519193,0.8205407140227117,0.4763583700452720,0.7101879931219693,0.1569511316600760,0.4940466172172636,0.4602435103665457,0.7518905548386565,0.1993159943583208,0.4279131209753320,0.5118046679837495,0.7713766495680688,0.1002214376456941,0.3646775421758431,0.5118046679837495,0.7713766495680688,0.1002214376456941,0.3646775421758431,0.1843452542249618,0.5094932250265933,-0.3301361475359518,0.7729447619247148,0.0783482709737000,0.5493850419756303,-0.2583588549117553,0.7907517475020536,0.0560237574176210,0.5521084264127336,-0.2901866425859176,0.7796341042781401,0.2163212550335808,0.9055730684081824,-0.2013754293630979,0.3042868200289197,0.2329039254013715,0.9284681346067186,-0.1819415028604192,0.2249443799907948,0.2602787456428083,0.8967671026069383,-0.3016033009188474,0.1926114927085531,0.2602787456428083,0.8967671026069383,-0.3016033009188474,0.1926114927085531,0.3424721397960795,0.6086077912877802,-0.1694850456599697,0.6954021923642036,0.2507201512820440,0.3414151563151071,-0.2912700974426268,0.8577510286296376,0.7324883770546908,0.0838920720927675,-0.4408681195844039,0.5119162029608727,0.5809803665783493,0.4897493017728825,-0.6238770681397866,0.1827151852276198,-0.0038269572567235,0.2684640067642388,-0.8583501751415126,0.4372040808418636,-0.0123862741322961,0.2556724073296880,-0.8921403479006880,0.3722415882071740,-0.0123862741322961,0.2556724073296880,-0.8921403479006880,0.3722415882071740,0.3029174766625197,0.4266727248307104,-0.2338252944059540,0.8194614816536018,-0.0114977735074911,0.4821755935365212,-0.0650429044262149,0.8735810888440037,0.2494235093556452,0.4430958735295312,0.4101751733292525,0.7571065229055504,0.4991841295756891,-0.3731894115980971,0.0742798723085727,0.7784775966080517,0.4601128833002600,-0.4043443453524090,0.1242062695402208,0.7806244856584719,0.4601128833002600,-0.4043443453524090,0.1242062695402208,0.7806244856584719,0.3417169482919621,0.6090321316668965,-0.1703475046396559,0.6951914250840161
