base_x,base_y,base_z,base_qx,base_qy,base_qz,base_qw,J00_HIP_PITCH_L,J01_HIP_ROLL_L,J02_HIP_YAW_L,J03_KNEE_PITCH_L,J04_ANKLE_PITCH_L,J05_ANKLE_ROLL_L,J06_HIP_PITCH_R,J07_HIP_ROLL_R,J08_HIP_YAW_R,J09_KNEE_PITCH_R,J10_ANKLE_PITCH_R,J11_ANKLE_ROLL_R,J12_WAIST_YAW,J13_SHOULDER_PITCH_L,J14_SHOULDER_ROLL_L,J15_SHOULDER_YAW_L,J16_ELBOW_PITCH_L,J17_ELBOW_YAW_L,J18_SHOULDER_PITCH_R,J19_SHOULDER_ROLL_R,J20_SHOULDER_YAW_R,J21_ELBOW_PITCH_R,J22_ELBOW_YAW_R,J23_HEAD_YAW,base_vx,base_vy,base_vz,base_wx,base_wy,base_wz,dJ00_HIP_PITCH_L,dJ01_HIP_ROLL_L,dJ02_HIP_YAW_L,dJ03_KNEE_PITCH_L,dJ04_ANKLE_PITCH_L,dJ05_ANKLE_ROLL_L,dJ06_HIP_PITCH_R,dJ07_HIP_ROLL_R,dJ08_HIP_YAW_R,dJ09_KNEE_PITCH_R,dJ10_ANKLE_PITCH_R,dJ11_ANKLE_ROLL_R,dJ12_WAIST_YAW,dJ13_SHOULDER_PITCH_L,dJ14_SHOULDER_ROLL_L,dJ15_SHOULDER_YAW_L,dJ16_ELBOW_PITCH_L,dJ17_ELBOW_YAW_L,dJ18_SHOULDER_PITCH_R,dJ19_SHOULDER_ROLL_R,dJ20_SHOULDER_YAW_R,dJ21_ELBOW_PITCH_R,dJ22_ELBOW_YAW_R,dJ23_HEAD_YAW,left_foot_contact,right_foot_contact,base_quat_x,base_quat_y,base_quat_z,base_quat_w,LINK_BASE_qx,LINK_BASE_qy,LINK_BASE_qz,LINK_BASE_qw,LINK_HIP_PITCH_L_qx,LINK_HIP_PITCH_L_qy,LINK_HIP_PITCH_L_qz,LINK_HIP_PITCH_L_qw,LINK_HIP_ROLL_L_qx,LINK_HIP_ROLL_L_qy,LINK_HIP_ROLL_L_qz,LINK_HIP_ROLL_L_qw,LINK_HIP_YAW_L_qx,LINK_HIP_YAW_L_qy,LINK_HIP_YAW_L_qz,LINK_HIP_YAW_L_qw,LINK_KNEE_PITCH_L_qx,LINK_KNEE_PITCH_L_qy,LINK_KNEE_PITCH_L_qz,LINK_KNEE_PITCH_L_qw,LINK_ANKLE_PITCH_L_qx,LINK_ANKLE_PITCH_L_qy,LINK_ANKLE_PITCH_L_qz,LINK_ANKLE_PITCH_L_qw,LINK_ANKLE_ROLL_L_qx,LINK_ANKLE_ROLL_L_qy,LINK_ANKLE_ROLL_L_qz,LINK_ANKLE_ROLL_L_qw,LINK_FOOT_L_qx,LINK_FOOT_L_qy,LINK_FOOT_L_qz,LINK_FOOT_L_qw,LINK_HIP_PITCH_R_qx,LINK_HIP_PITCH_R_qy,LINK_HIP_PITCH_R_qz,LINK_HIP_PITCH_R_qw,LINK_HIP_ROLL_R_qx,LINK_HIP_ROLL_R_qy,LINK_HIP_ROLL_R_qz,LINK_HIP_ROLL_R_qw,LINK_HIP_YAW_R_qx,LINK_HIP_YAW_R_qy,LINK_HIP_YAW_R_qz,LINK_HIP_YAW_R_qw,LINK_KNEE_PITCH_R_qx,LINK_KNEE_PITCH_R_qy,LINK_KNEE_PITCH_R_qz,LINK_KNEE_PITCH_R_qw,LINK_ANKLE_PITCH_R_qx,LINK_ANKLE_PITCH_R_qy,LINK_ANKLE_PITCH_R_qz,LINK_ANKLE_PITCH_R_qw,LINK_ANKLE_ROLL_R_qx,LINK_ANKLE_ROLL_R_qy,LINK_ANKLE_ROLL_R_qz,LINK_ANKLE_ROLL_R_qw,LINK_FOOT_R_qx,LINK_FOOT_R_qy,LINK_FOOT_R_qz,LINK_FOOT_R_qw,LINK_TORSO_YAW_qx,LINK_TORSO_YAW_qy,LINK_TORSO_YAW_qz,LINK_TORSO_YAW_qw,LINK_SHOULDER_PITCH_L_qx,LINK_SHOULDER_PITCH_L_qy,LINK_SHOULDER_PITCH_L_qz,LINK_SHOULDER_PITCH_L_qw,LINK_SHOULDER_ROLL_L_qx,LINK_SHOULDER_ROLL_L_qy,LINK_SHOULDER_ROLL_L_qz,LINK_SHOULDER_ROLL_L_qw,LINK_SHOULDER_YAW_L_qx,LINK_SHOULDER_YAW_L_qy,LINK_SHOULDER_YAW_L_qz,LINK_SHOULDER_YAW_L_qw,LINK_ELBOW_PITCH_L_qx,LINK_ELBOW_PITCH_L_qy,LINK_ELBOW_PITCH_L_qz,LINK_ELBOW_PITCH_L_qw,LINK_ELBOW_YAW_L_qx,LINK_ELBOW_YAW_L_qy,LINK_ELBOW_YAW_L_qz,LINK_ELBOW_YAW_L_qw,LINK_ELBOW_END_L_qx,LINK_ELBOW_END_L_qy,LINK_ELBOW_END_L_qz,LINK_ELBOW_END_L_qw,LINK_SHOULDER_PITCH_R_qx,LINK_SHOULDER_PITCH_R_qy,LINK_SHOULDER_PITCH_R_qz,LINK_SHOULDER_PITCH_R_qw,LINK_SHOULDER_ROLL_R_qx,LINK_SHOULDER_ROLL_R_qy,LINK_SHOULDER_ROLL_R_qz,LINK_SHOULDER_ROLL_R_qw,LINK_SHOULDER_YAW_R_qx,LINK_SHOULDER_YAW_R_qy,LINK_SHOULDER_YAW_R_qz,LINK_SHOULDER_YAW_R_qw,LINK_ELBOW_PITCH_R_qx,LINK_ELBOW_PITCH_R_qy,LINK_ELBOW_PITCH_R_qz,LINK_ELBOW_PITCH_R_qw,LINK_ELBOW_YAW_R_qx,LINK_ELBOW_YAW_R_qy,LINK_ELBOW_YAW_R_qz,LINK_ELBOW_YAW_R_qw,LINK_ELBOW_END_R_qx,LINK_ELBOW_END_R_qy,LINK_ELBOW_END_R_qz,LINK_ELBOW_END_R_qw,LINK_HEAD_YAW_qx,LINK_HEAD_YAW_qy,LINK_HEAD_YAW_qz,LINK_HEAD_YAW_qw
2.5302060000000002,-0.1429210000000000,0.6130500000000000,-0.0461770007061849,0.2340260035789597,0.1378470021080942,0.9613000147011612,0.4253660000000000,0.3216360000000000,0.1164320000000000,0.5851310000000000,0.9159890000000001,0.2734550000000000,-0.6550950000000000,0.3314850000000000,0.0039060000000000,1.4929060000000001,-0.2811680000000000,0.1421170000000000,0.1467930000000000,0.0433030000000000,0.4300660000000000,0.0246900000000000,0.0514610000000000,-0.0305300000000000,0.0634540000000000,-0.1981440000000000,0.0502550000000000,-0.1520180000000000,-0.0841270000000000,0.0000530000000000,3.0294465537095103,-0.1733561148472325,-1.6510146003109296,-1.5614758594736620,1.8956440640588887,1.7021074947197918,5.8509500000000001,2.6214659999999999,-1.7234540000000000,0.5619200000000000,-4.1203830000000004,-0.4253680000000000,-3.0687470000000001,0.1548920000000000,-2.8546140000000002,4.7144630000000003,5.8798859999999999,3.4262500000000000,-1.7802270000000000,-1.8443050000000001,0.3018650000000000,-0.1339350000000000,-1.5305350000000000,-0.0447200000000000,-0.2716750000000000,-0.3372400000000000,0.2681060000000000,-0.4562950000000000,-0.2035010000000000,-0.0001980000000000,0.0000000000000000,0.0000000000000000,-0.0461770007061849,0.2340260035789597,0.1378470021080942,0.9613000147011612,-0.0461770007061849,0.2340260035789597,0.1378470021080942,0.9613000147011612,-0.0860276569106015,0.4222303495462234,0.0728079203238242,0.8994552689859932,0.0591082988956281,0.4284405750437865,0.0042585203951448,0.9016245048033347,0.0839361754840070,0.4242756601400832,0.0567106349277196,0.8998493132430058,0.0640135903011733,0.6657721931181444,0.0785088397923485,0.7392469203195025,0.0227037179925944,0.9240165589963154,0.0987214204623285,0.3686895998422268,0.0727449218841199,0.9288489503437178,-0.0281451168564747,0.3621541884095528,0.0727449218841199,0.9288489503437178,-0.0281451168564747,0.3621541884095528,-0.0203715131485934,-0.0809943264622292,0.0648229343762876,0.9943957500471399,0.1439677412699166,-0.0691895979613040,0.0772974338136510,0.9841296640856912,0.1438323395095588,-0.0694706348295130,0.0792192904115520,0.9839768254559055,0.0517946111754032,0.6171602795620761,0.1558228356669574,0.7695126714153296,0.0731177331452271,0.5032464073810913,0.1470280074060931,0.8483982647294381,0.1331684009307089,0.5124152179284370,0.1109271199442855,0.8410659875953708,0.1331684009307089,0.5124152179284370,0.1109271199442855,0.8410659875953708,-0.0288914059256540,0.2367821201210035,0.2079686001413538,0.9486034870323256,-0.0330563462754287,0.2572624554068915,0.2085851359315231,0.9429822628646649,0.1689182053222574,0.2958453618034361,0.1488867079122538,0.9283183236461255,0.1726656716367157,0.2930219866178618,0.1601815806687090,0.9266426184949822,0.1690339773920429,0.3164504270511034,0.1660387668517325,0.9185411093732041,0.1671607017879635,0.3203410389266539,0.1514754743990296,0.9200511394551588,0.1671607017879635,0.3203410389266539,0.1514754743990296,0.9200511394551588,-0.0359325904062524,0.2666373257584558,0.2050598068142102,0.9410440271785345,-0.1288350647870938,0.2450473707034183,0.2304273724400891,0.9328754140950458,-0.1230132878665664,0.2496723023350312,0.2535434896377283,0.9264163056192962,-0.1024443453103814,0.1792763873212731,0.2666029121300179,0.9414287122808366,-0.1005045897145408,0.1748760541521358,0.2264281572902293,0.9529152547402326,-0.1005045897145408,0.1748760541521358,0.2264281572902293,0.9529152547402326,-0.0288851311893270,0.2367828856601203,0.2079937380607343,0.9485979755313440
2.5854746209783306,-0.1438319155681364,0.5830482040213828,-0.0592310759579676,0.2568541926059305,0.1532233657721066,0.9523865830444509,0.5003408393365638,0.3671085624342135,0.0602880504465365,0.6081051131086328,0.8332280298005850,0.2675829905053232,-0.7017370543723749,0.3310540196248550,-0.0591678802054157,1.5577388865385309,-0.1854196055910800,0.1934599310823619,0.1038633621281979,-0.0036923604075354,0.4338228879311415,0.0529313087097326,-0.0340745702187145,-0.0052512830616091,0.0440514420728640,-0.2046766866875417,0.0522201438397349,-0.2202683768303318,-0.1044022155514130,0.0000544379706384,2.8838150043153674,-0.1785710308173273,-1.5622255349683030,-1.3017731128146777,2.9487272783065452,2.0381257840488156,2.4411982355216146,1.8917803484469631,-3.2423117742744205,1.4088722201677231,-3.8851946025132782,-0.2072919499257025,-1.5109866768164013,-0.0536832337204896,-3.5730407614182509,2.7968826068672072,4.1688143285586650,2.0086995999785757,-2.2237429122554779,-2.8614383880234824,0.0940247839293561,2.2426391633396374,-5.9113270920970882,1.9572630300437033,-1.6683219290465610,-0.3149090494043159,0.0295800755799503,-5.2030331232790328,-1.4371708171713617,0.0002814607826645,0.0000000000000000,0.0000000000000000,-0.0592310759579676,0.2568541926059305,0.1532233657721066,0.9523865830444509,-0.0592310759579676,0.2568541926059305,0.1532233657721066,0.9523865830444509,-0.1100143028885703,0.4708247858618684,0.0740754354088008,0.8722004953260832,0.0493720889135191,0.4764600571428191,-0.0122050424144756,0.8777239017615043,0.0652488762661168,0.4745464923084269,0.0171003014563372,0.8776421767861207,0.0571867825532349,0.7145559195917754,0.0357702119800492,0.6963188936202035,0.0376029904558282,0.9365562427090037,0.0559986720616437,0.3439659402890141,0.0832191118191219,0.9356418852190818,-0.0696254957149782,0.3358587983039349,0.0832191118191219,0.9356418852190818,-0.0696254957149782,0.3358587983039349,-0.0277480101928788,-0.0787974375962056,0.0791771375698295,0.9933539110734184,0.1363611718556386,-0.0646693296069378,0.0910820130084357,0.9843411885747126,0.1379969634826645,-0.0611009774980558,0.0654504906287791,0.9863770789585488,0.0526374254372225,0.6473333796862223,0.1433744401813817,0.7467479942323448,0.0662588056397257,0.5720671894317192,0.1376106802874719,0.8058611556103883,0.1421798833510330,0.5825179555842174,0.0828878759256807,0.7959819798317046,0.1421798833510330,0.5825179555842174,0.0828878759256807,0.7959819798317046,-0.0452409909961298,0.2596837487253892,0.2045504251920153,0.9426965190003531,-0.0454316748032063,0.2606416905487184,0.2045645749426536,0.9424198675489676,0.1583678751185675,0.2985457704569078,0.1437051812422008,0.9301284104664622,0.1657567063038646,0.2932151491307228,0.1659059662560250,0.9268359083441887,0.1673556505692716,0.2830164615500597,0.1634164600306897,0.9301552716107444,0.1669589089546374,0.2841858689050931,0.1590287166121951,0.9306304217722591,0.1669589089546374,0.2841858689050931,0.1590287166121951,0.9306304217722591,-0.0504512153504007,0.2818336862415250,0.2020209011524813,0.9365959660743371,-0.1455779303912402,0.2597930564236400,0.2296742019405105,0.9265874999049235,-0.1391431038352740,0.2650107503344739,0.2534731590472893,0.9198694779721921,-0.1104014370863702,0.1682404260880435,0.2727490555075354,0.9408053116552465,-0.1074695688383520,0.1625806634794025,0.2243803684304775,0.9548147830334947,-0.1074695688383520,0.1625806634794025,0.2243803684304775,0.9548147830334947,-0.0452339957423635,0.2596849673114769,0.2045758190284093,0.9426910085762317
2.6449242698262094,-0.1441183062273425,0.5497702363814904,-0.0701304886323286,0.2889722288726232,0.1694247878646687,0.9396126897618996,0.5169060126683215,0.3947119054986620,-0.0037942724567640,0.6615955120900112,0.7517943739517352,0.2647778238355964,-0.7163767601303042,0.3237739249772599,-0.1266860983780388,1.5936645752081515,-0.1245717414413889,0.2178546516046376,0.0626480244349695,-0.0782469406235130,0.4330735135465709,0.1052214144357418,-0.1737264513875602,0.0405136267116699,-0.0105886489553463,-0.2123974464255746,0.0523609752385339,-0.3492976056350618,-0.1370850902162247,0.0000585094642666,2.7762497534233188,-0.0724237044733276,-1.5607797895058684,-1.0662940836211572,3.5277305008656015,1.6033643241653539,-0.5457255699926991,0.9616186821644743,-3.0124337027686656,4.2519283839613511,-4.5980474550954344,-0.0970949727702541,-0.1782940213865046,-0.8209010889920767,-3.0912578586980057,1.1529613943757109,1.7467175866986215,0.5328383996614148,-1.8752808671421812,-4.5013459899387049,-0.1788076073176614,2.7744218014618163,-7.6340601835270281,2.4518633058733825,-3.6371060589599828,-0.4903796420816295,-0.0036181044922677,-7.2444761206344639,-1.7317969277096619,-0.0000055403408644,0.0000000000000000,0.0000000000000000,-0.0701304886323286,0.2889722288726232,0.1694247878646687,0.9396126897618996,-0.0701304886323286,0.2889722288726232,0.1694247878646687,0.9396126897618996,-0.1288597957659949,0.5071323873802431,0.0841406804268434,0.8480166511351470,0.0390944321686945,0.5138022775052191,-0.0164356947868649,0.8568597977153152,0.0396674501177762,0.5137583560364702,-0.0154800311946061,0.8568775954814503,0.0425368441264754,0.7614727697074133,-0.0019377451824669,0.6467967865021356,0.0402142847490156,0.9472204729762483,0.0139981879812113,0.3177424076355262,0.0818352501928443,0.9407687053059381,-0.1112511429563478,0.3096456331579220,0.0818352501928443,0.9407687053059381,-0.1112511429563478,0.3096456331579220,-0.0345462932289937,-0.0537419775789140,0.0972033768335507,0.9932118892775093,0.1268012693992983,-0.0372861049967613,0.1046252502797878,0.9856899824269238,0.1288163726628584,-0.0295830640922558,0.0450817381299604,0.9902014044324919,0.0579420025285237,0.6866374232883520,0.1235667646328060,0.7140749456192245,0.0657301509222528,0.6395374109754791,0.1196058871401094,0.7565486626674764,0.1471895980622312,0.6487232550030769,0.0497172675637380,0.7449976872088182,0.1471895980622312,0.6487232550030769,0.0497172675637380,0.7449976872088182,-0.0604999320430652,0.2911408468734770,0.2005201740273481,0.9334711700489854,-0.0541691237490405,0.2585863355958147,0.2004611758546365,0.9434056020876529,0.1499520212268182,0.2956415278942671,0.1401701215175262,0.9329859673907737,0.1649028801466736,0.2849003548524172,0.1859125193269683,0.9257836480959246,0.1774550161614869,0.2116587765439397,0.1677633718870787,0.9463433471019529,0.1776659404607677,0.2068609361560125,0.1847729127461249,0.9441940147068093,0.1776659404607677,0.2068609361560125,0.1847729127461249,0.9441940147068093,-0.0601379035943131,0.2896028302835434,0.2007170975228372,0.9339305541661280,-0.1583427111999233,0.2668083095768644,0.2301531631044142,0.9223721771950992,-0.1516952354874520,0.2723705777304817,0.2539150440668978,0.9156036120034019,-0.1049160417757724,0.1177753279241161,0.2852944669756374,0.9453722353779800,-0.0976104625867497,0.1108691756984587,0.2218857245011455,0.9638189398098312,-0.0976104625867497,0.1108691756984587,0.2218857245011455,0.9638189398098312,-0.0604914131566596,0.2911426169933409,0.2005474875622876,0.9334653023744556
2.7018972932164860,-0.1420993430044438,0.5145897247803325,-0.0751035497259715,0.3223135929062705,0.1822191020545762,0.9258885480946584,0.4752310125690759,0.4054905573723209,-0.0534531729952718,0.8034522922885798,0.6285356611188891,0.2634764280131850,-0.7031314954074661,0.2872729756271910,-0.1856661427419160,1.6215158432462045,-0.1189722376219857,0.2199703468988368,0.0303145253658987,-0.1887342664618108,0.4248310039313987,0.1607081256430378,-0.3361821408301977,0.0911152506497521,-0.1057752347995752,-0.2259900277406318,0.0521492323978700,-0.5068897366852172,-0.1727645108391667,0.0000476651552012,2.6739616810774240,0.1052663716671047,-1.7126640970021079,-0.4622575896125877,3.4440572706617614,1.1568409659500298,-3.1435344428457936,0.2570956031867718,-1.9554050290960865,9.5142749456181210,-7.7225748611500027,-0.0450388695341203,1.4947537303435638,-2.7377515069376228,-2.9473645224420282,1.9319575647393419,-0.7528563131034506,-0.1655948177444367,-1.4021730472057841,-6.3686815180832737,-0.6153136408167242,2.7258500788464550,-8.4520998458716932,2.5711164803207720,-5.6822589856916093,-0.8329311501675181,-0.0158236852402827,-8.3096038920734632,-1.8147876442289375,-0.0010158225027801,0.0000000000000000,0.0000000000000000,-0.0751035497259715,0.3223135929062705,0.1822191020545762,0.9258885480946584,-0.0751035497259715,0.3223135929062705,0.1822191020545762,0.9258885480946584,-0.1347960474561857,0.5216285552821381,0.1025267854402863,0.8361949139834215,0.0361228411512417,0.5315901612643948,-0.0044712263802917,0.8462192676420894,0.0229449893153709,0.5323217886497420,-0.0254295620207637,0.8458489097761432,0.0309227059910875,0.8152119857944379,-0.0147282522194289,0.5781490145782832,0.0339943419172484,0.9562744608237339,-0.0041856751980491,0.2904582937652629,0.0718664236884149,0.9474327386729255,-0.1298058935153048,0.2834728432242704,0.0718664236884149,0.9474327386729255,-0.1298058935153048,0.2834728432242704,-0.0384563793853574,-0.0135251074963767,0.1132036669471641,0.9927351651581088,0.1067473768548813,0.0031305183044440,0.1139657781889745,0.9877282008688069,0.1060354274958930,0.0127000285832638,0.0248425547837057,0.9939708470883676,0.0552283553009173,0.7278826680078568,0.0938642273881474,0.6769979004408706,0.0606429081974965,0.6868881395547000,0.0904605002073735,0.7185569005490560,0.1392650195190676,0.6926694344568668,0.0144039205735629,0.7075357489057846,0.1392650195190676,0.6926694344568668,0.0144039205735629,0.7075357489057846,-0.0697561654039168,0.3235130178860380,0.1975256102237797,0.9227442971658693,-0.0539462478515648,0.2409410007209007,0.1977876913115890,0.9486396922330317,0.1478376377602249,0.2773113384115536,0.1423761154518213,0.9386008183454349,0.1695489564256353,0.2604626532292873,0.2138723772330074,0.9261052661033957,0.1983220548977336,0.1118266596446953,0.1751216495987595,0.9578598898459316,0.1944475708153285,0.0992512602471015,0.2155851193332741,0.9517680315420555,0.1944475708153285,0.0992512602471015,0.2155851193332741,0.9517680315420555,-0.0594174910277521,0.2799029417925454,0.2033247750798061,0.9363668836383490,-0.1638489271623135,0.2553866068520675,0.2333758814144305,0.9238327273280511,-0.1575261993904180,0.2610789477277171,0.2570809724890364,0.9170238018410922,-0.0871777394985583,0.0333940579642911,0.3016960677544703,0.9488226184751765,-0.0708238272810030,0.0266093407335369,0.2223519326422057,0.9720265153406437,-0.0708238272810030,0.0266093407335369,0.2223519326422057,0.9720265153406437,-0.0697481266014753,0.3235147511152700,0.1975485388822860,0.9227393886856052
2.7564596392705454,-0.1374491386648469,0.4747841387385465,-0.0731971606848491,0.3511311042829460,0.1933578149775212,0.9132151327369878,0.4009537564480230,0.4074352809061358,-0.0766054083574132,1.0413311678342718,0.4335520232707690,0.2628506841371431,-0.6482196986075840,0.2123898857966964,-0.2454052020218200,1.6795116055469024,-0.1520210760787128,0.2122626435817737,0.0078981460850651,-0.3358658812834367,0.4079466868954227,0.2120897364422938,-0.5106004018250736,0.1425729155937220,-0.2430181104864286,-0.2448128542560722,0.0511992397665345,-0.6799961206145463,-0.2092077586738223,0.0000200806081074,2.5891016000807690,0.2506455026906875,-2.0065264000653507,0.1833329765963598,2.9893571853397529,0.8387845782579638,-3.8578881866547050,0.0318601391345371,-0.4866785165249052,13.3568984772851405,-11.2150986272969835,-0.0234115974212818,3.7854153898392577,-4.4113899232897813,-2.9437818271801266,3.6406953790268228,-2.2006454158891908,-0.5205399326953886,-0.8794009820154908,-8.1211235950680631,-0.9959871053787601,2.4024175431740478,-8.8807507959189298,2.5490150387599666,-7.8582289210431204,-0.9702365331388755,-0.0890801342884677,-8.8658246927752842,-1.8100725037613119,-0.0015143627450688,0.0000000000000000,0.0000000000000000,-0.0731971606848491,0.3511311042829460,0.1933578149775212,0.9132151327369878,-0.0731971606848491,0.3511311042829460,0.1933578149775212,0.9132151327369878,-0.1280136914641233,0.5189736881414136,0.1270278211940645,0.8355493632678539,0.0436478115716818,0.5339405169225677,0.0194237156299638,0.8441712576276159,0.0234299098247349,0.5352089745063516,-0.0125057650217576,0.8443020779168348,0.0265546680880043,0.8779866301965588,0.0004521458952007,0.4779478238918099,0.0257653028184605,0.9632927352889583,0.0064423601147138,0.2671362036608709,0.0605567118492528,0.9558268560404509,-0.1198725120123789,0.2614545596957066,0.0605567118492528,0.9558268560404509,-0.1198725120123789,0.2614545596957066,-0.0384159224567904,0.0422417357395197,0.1297069736267967,0.9899070429369035,0.0710857023312202,0.0563007902248112,0.1242516972349745,0.9880984564699854,0.0638501388617677,0.0643903395176172,0.0053108946880279,0.9958658736706223,0.0388610613519482,0.7821408855605927,0.0509398051199105,0.6197988297015717,0.0425117023920634,0.7343055812500616,0.0479353835364125,0.6757886263543914,0.1142077111401787,0.7352360264739640,-0.0305036559210580,0.6674234870502747,0.1142077111401787,0.7352360264739640,-0.0305036559210580,0.6674234870502747,-0.0715008865929602,0.3514804403429946,0.1977649794077960,0.9122708677758760,-0.0426930587036877,0.2014017624595935,0.1974851107086711,0.9584436675491562,0.1532795011916479,0.2373814183099620,0.1523584625631192,0.9470704069080575,0.1779572123038061,0.2141276038869185,0.2483326257262978,0.9277992815488639,0.2291412878700323,-0.0156528990326984,0.1834358348183334,0.9558245400959513,0.2142316999403704,-0.0377270411745647,0.2457852126864575,0.9446010154184385,0.2142316999403704,-0.0377270411745647,0.2457852126864575,0.9446010154184385,-0.0461532228665767,0.2464689478748066,0.2110779525171982,0.9447587182522645,-0.1602594662480938,0.2190843227157122,0.2393802494893102,0.9322103084457444,-0.1549764038768719,0.2246238230156783,0.2629401844923159,0.9254128331476505,-0.0574749476598754,-0.0849179399338777,0.3180316042119971,0.9425186855395626,-0.0258848029718835,-0.0891961539921754,0.2243222340890455,0.9700791505755656,-0.0258848029718835,-0.0891961539921754,0.2243222340890455,0.9700791505755656,-0.0714968253488127,0.3514812664884518,0.1977755203805013,0.9122685826065358
2.8089908187446082,-0.1317615442513618,0.4318298271130782,-0.0720799807855067,0.3782421574511372,0.1968935004758818,0.9016486545029746,0.3242095824179415,0.4091169444533103,-0.0565557641770926,1.3142526487260195,0.1946623309988764,0.2624310953419755,-0.5687408989495798,0.1581768049861249,-0.2731277016893747,1.7436698369027790,-0.1988466226128531,0.2006122359625070,0.0177088647491639,-0.5192968880541888,0.3865957977715161,0.2553445598540402,-0.6905565775711655,0.1913481257280537,-0.4270734055623331,-0.2566237879918333,0.0478075024121985,-0.8542080511972512,-0.2439286865867842,-0.0000207950916974,2.5916563388514380,0.2168285597319183,-1.7318970050500837,-3.0099406884689275,3.1344722860386165,-0.9966589250907982,-4.4375581801860040,0.1474242268112287,3.3255353047931351,13.2181477976905430,-11.9364004865888109,-0.0208747945852071,2.4863522373831497,2.2242027150641999,2.0021927130839385,1.1313203865672783,-2.2502999800359977,-0.6008358149337628,3.3658033146767465,-10.3591016974581560,-1.2405367620557148,2.0080106440038650,-9.1619680499269140,2.3138582007440447,-10.3933900606907237,0.1361774288375466,-0.2632607889483569,-8.1089993219454790,-1.6499865771721207,-0.0030856284387443,0.0000000000000000,0.0000000000000000,-0.0720799807855067,0.3782421574511372,0.1968935004758818,0.9016486545029746,-0.0720799807855067,0.3782421574511372,0.1968935004758818,0.9016486545029746,-0.1188388382036181,0.5142925662427338,0.1439419121530073,0.8370550834727747,0.0535495363702697,0.5328041994995611,0.0365486355755274,0.8437513433398068,0.0366871659251773,0.5342302122739011,0.0098693978411915,0.8444848886370990,0.0234159175859271,0.9342195549316687,0.0299173521719132,0.3546695222681330,0.0200137754374799,0.9673248957457852,0.0322924441643450,0.2506774679005612,0.0526453356724820,0.9632325173275130,-0.0945694107129979,0.2459028522653416,0.0526453356724820,0.9632325173275130,-0.0945694107129979,0.2459028522653416,-0.0430227032708644,0.1110892499541073,0.1425196597820038,0.9825967494977395,0.0325564905544150,0.1217051239105059,0.1335684756732390,0.9829991861863552,0.0154341567803461,0.1250353912609187,-0.0034866087882920,0.9920260991001529,0.0126105485761812,0.8392430251701404,0.0095573898618124,0.5435262413783796,0.0134783167199716,0.7825508257281956,0.0082888246910544,0.6223856003441569,0.0761062656584278,0.7794051367676141,-0.0705842209200929,0.6178619076014391,0.0761062656584278,0.7794051367676141,-0.0705842209200929,0.6178619076014391,-0.0700028746080961,0.3786320784745173,0.2018393249299076,0.9005544034696126,-0.0240059124057188,0.1441012042613486,0.1988858769892796,0.9690732516348821,0.1637820447232932,0.1798303876586163,0.1672775562050019,0.9554342953290361,0.1863015866500782,0.1504049455755157,0.2841811492622289,0.9283916983483257,0.2654711476317008,-0.1600071599968449,0.1878585873572927,0.9320042541109854,0.2321982143860026,-0.1925741869246114,0.2669912899352645,0.9152676236298213,0.2321982143860026,-0.1925741869246114,0.2669912899352645,0.9152676236298213,-0.0231263929432343,0.1904057276840179,0.2231922988856898,0.9557175453724162,-0.1453586610500189,0.1602472910510525,0.2457436654881642,0.9448818530594113,-0.1418244063711471,0.1651397949890240,0.2682390438507695,0.9384361998678868,-0.0174625374544527,-0.2268604227247762,0.3267781160099106,0.9173033692752914,0.0352796170263077,-0.2256551031186042,0.2230812270538798,0.9476654943571307,0.0352796170263077,-0.2256551031186042,0.2230812270538798,0.9476654943571307,-0.0700056431327113,0.3786315666091581,0.2018327401450907,0.9005558792780128
2.8629949824600684,-0.1250321712835723,0.4061145568852700,-0.1005740924885049,0.4169465224827938,0.1650597578830957,0.8881417260984835,0.2372823187270754,0.4046251187041915,0.0266901032480919,1.5498207318231849,-0.0244212621680788,0.2621422907839090,-0.5210736723748496,0.2362312062502594,-0.2013927934171320,1.7551541735936267,-0.2440018199225577,0.1875814586099900,0.1042398929446375,-0.7262756034440844,0.3577179884033035,0.2881127467417659,-0.8646071261589913,0.2333120466816708,-0.6527732085975129,-0.2483192086874060,0.0445355243404016,-1.0081440891114615,-0.2737550439108283,-0.0000380801334691,2.8058787295035494,0.4085368369868979,-1.2339183374646607,-4.8365391616550513,3.1736415689821107,-1.9702454100614841,-4.0018513822243209,-0.5386907555922738,4.3214274411416866,10.5139688857181444,-9.9059582194237183,-0.0099329378106566,3.0035463666779170,3.6574693153086306,3.9614756204232715,0.7693027845360498,-2.2368172824605002,-0.6667945120910521,4.2901928743784179,-9.9779972013294120,-1.3698457863882791,1.3280984070225998,-8.1701367269651417,1.9102583028631130,-11.8618012774731127,0.5626365394280874,-0.0632289688325612,-7.5145430246590550,-1.3532983346394312,0.0005683126497153,0.0000000000000000,0.0000000000000000,-0.1005740924885049,0.4169465224827938,0.1650597578830957,0.8881417260984835,-0.1005740924885049,0.4169465224827938,0.1650597578830957,0.8881417260984835,-0.1325250268515509,0.5155795922475367,0.1238143133067520,0.8374274996298116,0.0389028493101867,0.5299522147664216,0.0174054642547465,0.8469558832629898,0.0436832901968892,0.5295795990952266,0.0250472635055551,0.8467643432328723,0.0141953622583857,0.9682975081118520,0.0483123891139276,0.2446719038484731,0.0143066687125961,0.9677310483502968,0.0482795451707074,0.2469028610755535,0.0464556252013903,0.9657394751863615,-0.0786229132621380,0.2429147555503658,0.0464556252013903,0.9657394751863615,-0.0786229132621380,0.2429147555503658,-0.0836801960141870,0.1722922072403274,0.1247870532215131,0.9735200108203096,0.0280514866608414,0.1854165953542792,0.1042933338937832,0.9767070700924946,0.0085280985802836,0.1873325152536549,0.0016890998736067,0.9822580858435130,0.0041562294676005,0.8748822274369107,0.0076359204023289,0.4842576861457676,0.0050387822146247,0.8107571776210148,0.0070846451973007,0.5853180480834582,0.0602218356257025,0.8078111909064286,-0.0694152224508642,0.5822335761979953,0.0602218356257025,0.8078111909064286,-0.0694152224508642,0.5822335761979953,-0.0805242268516139,0.4212782923203272,0.2073343965927388,0.8792342675869411,-0.0131355084711924,0.0900344568640844,0.2032397473606092,0.9748922299860582,0.1618312767721510,0.1250078238485660,0.1838087111827424,0.9614562078057854,0.1795742661100557,0.0921735856156584,0.3169855514787608,0.9267023649584017,0.2904334113221538,-0.2923202245331854,0.1912973347849629,0.8908437851951462,0.2353499810361734,-0.3338294630966309,0.2802069744405778,0.8687072737520657,0.2353499810361734,-0.3338294630966309,0.2802069744405778,0.8687072737520657,-0.0043751986485757,0.1307088212938614,0.2391048277547797,0.9621460091987666,-0.1240313460943481,0.0999490748209544,0.2535075877801465,0.9541280367782679,-0.1221284831863450,0.1040259509828962,0.2745332951479045,0.9481005774557578,0.0250320470476571,-0.3560242354644341,0.3279403636051506,0.8746858054759388,0.0998142174424716,-0.3472626614273583,0.2198676114699567,0.9061478904688970,0.0998142174424716,-0.3472626614273583,0.2198676114699567,0.9061478904688970,-0.0805324874207152,0.4212767132897492,0.2073171561937946,0.8792383329094210
2.9205140571281789,-0.1132935750785683,0.3827638742579470,-0.1239675167415607,0.4532051307018162,0.1342732248729074,0.8724722719838790,0.1668685808085282,0.3847383998271042,0.1111263211107270,1.7303042949531044,-0.1899818610847557,0.2620087176981565,-0.4343541204949747,0.2684103038024407,-0.1304069151562845,1.7818834300048991,-0.2854128976177522,0.1750249604826383,0.1785642634829220,-0.9108604022086657,0.3381436561915085,0.3092387986005951,-1.0134138278259668,0.2669537779151300,-0.8987862929564967,-0.2348717564497725,0.0443576541742489,-1.1560808874683042,-0.2975583780983471,-0.0000270480128896,2.9406138773958577,0.6879631076431693,-1.3326707421586204,-3.3503189097498041,3.2057272460234874,-1.8113822401982875,-3.0447146633097160,-1.4258688423818937,4.2031177234606103,7.8657193552534022,-6.8887388427224199,-0.0048444548069944,5.3527386001071031,-0.9695598155841519,2.6019446546431912,1.9899566732176424,-1.8299498752637200,-0.6181706512099174,3.2218480326231154,-8.5833208058615806,-0.5759845408884604,0.8969141317951349,-6.8459867163897066,1.5031486746956177,-12.6424348052920443,0.7210889886194078,0.0493627525834536,-7.3111951899393439,-1.0635241216231166,0.0002121004029197,0.0000000000000000,0.0000000000000000,-0.1239675167415607,0.4532051307018162,0.1342732248729074,0.8724722719838790,-0.1239675167415607,0.4532051307018162,0.1342732248729074,0.8724722719838790,-0.1448376122517079,0.5215290936782436,0.1039253610283176,0.8344033735906806,0.0185666744679412,0.5317806875606353,0.0015416080092867,0.8466771535724148,0.0458424646021091,0.5301262958036179,0.0450058345697443,0.8454815514199122,-0.0040240270785417,0.9862058448074416,0.0641160191542331,0.1525482709227711,0.0016330370985702,0.9689583998010300,0.0642214130640981,0.2387311516097424,0.0328056305313480,0.9690445196033759,-0.0629085802381875,0.2364720282919733,0.0328056305313480,0.9690445196033759,-0.0629085802381875,0.2364720282919733,-0.1181741270918303,0.2489573973291056,0.1075531739525871,0.9552420660617538,0.0116355790259337,0.2611805932913201,0.0730216995156347,0.9624537092185657,-0.0060870466556634,0.2613687756299258,0.0076443360870488,0.9651895539812453,-0.0097713673144864,0.9141057732537143,0.0000916078892197,0.4053580482647786,-0.0096617026192495,0.8481332849957511,0.0014627076595021,0.5296927815924223,0.0369975572991781,0.8449704283408278,-0.0731927855795847,0.5284874379987801,0.0369975572991781,0.8449704283408278,-0.0731927855795847,0.5284874379987801,-0.0845538903371681,0.4621833784661339,0.2087688536683538,0.8577020053821045,0.0012435417253976,0.0446068714559038,0.2014639962834124,0.9784788903315249,0.1664273964225654,0.0779807278932476,0.1910406261945495,0.9642221771668817,0.1782186274579312,0.0423563246710697,0.3345355720066816,0.9244079259988710,0.3139583159818694,-0.4000937802340593,0.1805820311629154,0.8418701045083656,0.2375882425741177,-0.4488470069531721,0.2731243728003565,0.8170013882008615,0.2375882425741177,-0.4488470069531721,0.2731243728003565,0.8170013882008615,0.0237932842693949,0.0589545961517153,0.2476482629515755,0.9667619009214899,-0.0903366574571983,0.0293502115914156,0.2528712550486584,0.9628260392039248,-0.0900177115369313,0.0326757824651926,0.2739468698856264,0.9569651076866964,0.0716554928884608,-0.4858270446502461,0.3115742258448744,0.8134857557538967,0.1691246669831445,-0.4678195891748053,0.2061879130766283,0.8426317247192057,0.1691246669831445,-0.4678195891748053,0.2061879130766283,0.8426317247192057,-0.0845602389294610,0.4621822169812593,0.2087570721622694,0.8577048729724690
2.9790780663287766,-0.0974087832003744,0.3536217590816267,-0.1348513358337517,0.4869669619633265,0.1104413298273150,0.8558510430244487,0.1178805858855217,0.3581450263482954,0.2013787700909258,1.8637204986670504,-0.2935354763653406,0.2619197509714703,-0.3202343156730417,0.1965366069779516,-0.1020954589938427,1.8314744169324666,-0.3100375363756500,0.1636300058766691,0.2409546897574199,-1.0745043669792456,0.3383015272432108,0.3258847438611251,-1.1386776323034185,0.2931787749833630,-1.1569320728747685,-0.2189568757237590,0.0465311610086882,-1.2997662506573648,-0.3162491298826747,-0.0000477383872369,2.9541206329102287,0.8080168733543235,-1.6470963830961052,-2.4360178089652682,3.3309363991090399,-1.7367165146193289,-2.0637240014722549,-1.0013393296120290,4.7514491000475649,5.7897726259368518,-3.8157631780364016,-0.0047283668504663,5.6990777041245648,-4.8032148502243270,0.9587789981170313,2.6075210055767610,-0.6999493170045736,-0.4878383181534134,3.2381218622589643,-7.9856626391945955,0.5129585566351723,0.8137614590746616,-5.8420959411990587,1.1678505822084129,-13.0400861029316903,0.8782308883983945,0.1478085873275915,-7.0501384788645591,-0.8396767908033623,-0.0019105448241021,0.0000000000000000,0.0000000000000000,-0.1348513358337517,0.4869669619633265,0.1104413298273150,0.8558510430244487,-0.1348513358337517,0.4869669619633265,0.1104413298273150,0.8558510430244487,-0.1487882002446753,0.5343333287278982,0.0887900059942173,0.8273247851443005,0.0017933510937071,0.5415958973186021,-0.0083459787650930,0.8405956296210250,0.0536650267472079,0.5389335738332772,0.0722137563125814,0.8375296062222169,-0.0254663233282213,0.9932956733720288,0.0862915295535658,0.0725874890312236,-0.0129129864557778,0.9728225938940928,0.0890394096866344,0.2133575382137206,0.0150600728982504,0.9761194227014938,-0.0387645236405378,0.2132167407501712,0.0150600728982504,0.9761194227014938,-0.0387645236405378,0.2132167407501712,-0.1361969152104250,0.3380757550045745,0.0938643474819268,0.9264689247012255,-0.0401505280718146,0.3459391497835568,0.0585818785730778,0.9355651785126653,-0.0580792216208363,0.3433842807603946,0.0098691254215551,0.9373455286637898,-0.0433128232899280,0.9517358004452668,-0.0399323798354678,0.3012115046443952,-0.0489360019765323,0.8941274808133434,-0.0328003556569351,0.4439205474335667,-0.0122756664699235,0.8884043725980536,-0.1061955084996344,0.4464409174077617,-0.0122756664699235,0.8884043725980536,-0.1061955084996344,0.4464409174077617,-0.0769646983247529,0.4993977773596104,0.2097927968108843,0.8370575115165800,0.0234487798780362,0.0068323124320100,0.1933339650130403,0.9808289617468487,0.1877381166939528,0.0391844932937659,0.1894446568424216,0.9629795932517873,0.1935092578464217,-0.0013363705960454,0.3401936654101252,0.9202285864154530,0.3436505601360054,-0.4856971988548432,0.1535675623988828,0.7889356927669301,0.2482444742708712,-0.5409675706595372,0.2451771907010898,0.7652561098407636,0.2482444742708712,-0.5409675706595372,0.2451771907010898,0.7652561098407636,0.0639947173786558,-0.0233289866227197,0.2464552653842684,0.9667575894168892,-0.0428662970906032,-0.0503298837619106,0.2423867617114965,0.9679246050810304,-0.0443677716057796,-0.0479226079822711,0.2645898929414156,0.9621471368975574,0.1194117660796802,-0.6127529943366926,0.2744597803449754,0.7314003192685513,0.2387577354757559,-0.5848169044217914,0.1788637897448253,0.7543153695710575,0.2387577354757559,-0.5848169044217914,0.1788637897448253,0.7543153695710575,-0.0769756644065982,0.4993960871984301,0.2097744161083906,0.8370621180811173
3.0377391619590708,-0.0815244732726809,0.3191870094803092,-0.1445145616111168,0.5209658192594314,0.0886556384944891,0.8365705794544954,0.0824296997573753,0.3487432687073023,0.2971931594618730,1.9615375863642350,-0.3405587018745182,0.2617990307272572,-0.2145973021725821,0.0964327655116370,-0.0801978952891510,1.8807615559905260,-0.3150954725016062,0.1565918366872410,0.3135045895596152,-1.2297362673592460,0.3611795371337130,0.3436772397281984,-1.2464040334105790,0.3136992367915397,-1.4170896508236557,-0.1991015912575741,0.0508545331217031,-1.4354479080214704,-0.3311643000103341,-0.0000937410784445,2.9712943607515845,0.7627538459790597,-1.8821515715684702,-2.6778794019089229,3.5432356812372658,-1.5497526801800747,-1.5850468242645195,-0.0869435563563286,4.6927507763989862,4.2079110829956257,-1.2645878546023681,-0.0071389812219917,4.8531331534488729,-4.8970325156397125,1.3462798590551237,2.3016947071923002,-0.0513334451582563,-0.2417376883213201,3.9857930787604410,-7.5166611019588592,1.6373538513283581,0.9963756850785458,-5.0221910673665997,0.9224955658751385,-12.8834341647741475,1.0866414226583951,0.2832106851095375,-6.5226884144254580,-0.6767215707057984,-0.0024053684128644,0.0000000000000000,0.0000000000000000,-0.1445145616111168,0.5209658192594314,0.0886556384944891,0.8365705794544954,-0.1445145616111168,0.5209658192594314,0.0886556384944891,0.8365705794544954,-0.1538154571316151,0.5534629177001953,0.0733376024736978,0.8152552974017332,-0.0099727349497956,0.5577912875778063,-0.0238429173570741,0.8295787722403565,0.0701218981393556,0.5534559560989651,0.0953714934783600,0.8244232543370066,-0.0397630790107935,0.9929643680663348,0.1114975332217732,0.0029935570254334,-0.0204413563367555,0.9783120422861360,0.1165973984189733,0.1699786620460634,0.0019213813926457,0.9851613773694889,-0.0121023113327337,0.1711925900656920,0.0019213813926457,0.9851613773694889,-0.0121023113327337,0.1711925900656920,-0.1491130863265489,0.4230707699660486,0.0794889077131650,0.8902010585463677,-0.1016434180405957,0.4266941041512507,0.0569166437139340,0.8968618916644451,-0.1192355056131022,0.4221162602288634,0.0197077629809980,0.8984499769769436,-0.0864013145085480,0.9741447988592564,-0.0845003820803333,0.1908832342950292,-0.0985854849857902,0.9321485757711926,-0.0699028173298035,0.3413114867202821,-0.0715033400017815,0.9237908695036181,-0.1428208689395774,0.3479941108491383,-0.0715033400017815,0.9237908695036181,-0.1428208689395774,0.3479941108491383,-0.0635545983095082,0.5368897991096692,0.2149265935009522,0.8133367789862771,0.0509876579171370,-0.0246546914228618,0.1835429278157947,0.9813788252146947,0.2248576889490391,0.0084094503903244,0.1850003819036146,0.9566311512595367,0.2249863751045019,-0.0400802812665616,0.3422243680229492,0.9114039631262432,0.3813138567777555,-0.5521761915979140,0.1155206045416246,0.7323634248022182,0.2697890743913515,-0.6140909948874703,0.2028892555842515,0.7134017488804203,0.2697890743913515,-0.6140909948874703,0.2028892555842515,0.7134017488804203,0.1102924055486286,-0.1055431920040744,0.2383658917700401,0.9591026647552184,0.0133755721627412,-0.1289572385294725,0.2265561616213254,0.9653307362409960,0.0097779230197559,-0.1277281749054485,0.2507275448614669,0.9595444772414061,0.1638035671203774,-0.7227096478493577,0.2226765845773751,0.6334621496072611,0.3018173445194535,-0.6852821874153219,0.1421161914039563,0.6473774805315139,0.3018173445194535,-0.6852821874153219,0.1421161914039563,0.6473774805315139,-0.0635784711432950,0.5368869726128443,0.2148904281296898,0.8133463349299205
3.0967557022224006,-0.0669096605042749,0.2812410109869907,-0.1585566151196524,0.5551760130451094,0.0667576543641536,0.8137461581629316,0.0538723131687227,0.3541364608266505,0.3833589943153903,2.0313933707844920,-0.3490862034385671,0.2616394724356668,-0.1296190380568882,0.0081539763429528,-0.0452345097806839,1.9220209762653639,-0.3134835293673462,0.1539808910582532,0.4015981641172764,-1.3702051820833727,0.4041962825425824,0.3677294050443142,-1.3381625963222115,0.3301233678511818,-1.6654894673882010,-0.1753741154528137,0.0580493341438083,-1.5578631560143390,-0.3433370820300917,-0.0001384346287782,3.0107618550055943,0.7068013228138179,-2.0588070799489953,-3.1675918792586275,3.6491466794592542,-1.2358510300934233,-1.3133055655074435,0.5159722646329913,3.9083891449066908,2.9516947993253830,0.0275210168736364,-0.0084232484130433,3.7574253530832822,-3.9583762648045524,2.0565212718369956,1.8732263521275216,0.1661875990663385,-0.0590695959734766,4.7103194806495425,-6.5350515560865849,2.5261998443985028,1.3890204120055527,-4.2363221868472172,0.7466196631551719,-11.8978001237178006,1.2544347690458737,0.4080332969513159,-5.7691465846949432,-0.5584435186258455,-0.0020117414518547,0.0000000000000000,0.0000000000000000,-0.1585566151196524,0.5551760130451094,0.0667576543641536,0.8137461581629316,-0.1585566151196524,0.5551760130451094,0.0667576543641536,0.8137461581629316,-0.1643733464558732,0.5759970169051717,0.0564561671526169,0.7987625058061230,-0.0215263453959987,0.5769589585082500,-0.0455875255996252,0.8152157715357765,0.0865527534522989,0.5708359170714978,0.1073898178467928,0.8093963205215357,-0.0452649178769555,0.9888788021027564,0.1302882930924120,-0.0556305909053293,-0.0219477841429231,0.9835112531026721,0.1361699191398652,0.1169686407250680,-0.0065010471386027,0.9928704421479037,0.0067020121733780,0.1188322537359115,-0.0065010471386027,0.9928704421479037,0.0067020121733780,0.1188322537359115,-0.1636107766300573,0.4972071933028420,0.0626640860128197,0.8497586322142290,-0.1567774479089718,0.4976946651301251,0.0586668649999676,0.8510458572128986,-0.1690084884496653,0.4936752765774250,0.0376526234353034,0.8522342002504951,-0.1278752259814490,0.9812025641346541,-0.1167455172578148,0.0852052751652043,-0.1445475283159391,0.9558340765058818,-0.0953289110257439,0.2374860605815553,-0.1258385918327142,0.9456604832251145,-0.1686197899229178,0.2479077766395256,-0.1258385918327142,0.9456604832251145,-0.1686197899229178,0.2479077766395256,-0.0473505880460888,0.5754289942908287,0.2240241836723875,0.7851449289596508,0.0807975075434413,-0.0457566194483900,0.1731145314472342,0.9805148920609147,0.2735806688643156,-0.0105285016321618,0.1787497129366137,0.9450350831594632,0.2691688706385964,-0.0706710028527797,0.3438161438435443,0.8968523778568468,0.4247635047618725,-0.5979749433495779,0.0699879017828564,0.6760943911559342,0.3006572892235863,-0.6669508030155463,0.1515281188199647,0.6646962088055910,0.3006572892235863,-0.6669508030155463,0.1515281188199647,0.6646962088055910,0.1577643802353053,-0.1789862726751686,0.2233482955914061,0.9450872199851365,0.0731940991931120,-0.1981175463745428,0.2065671434867288,0.9553648920143405,0.0671355121803895,-0.1984101583164700,0.2338957257562635,0.9494308935115079,0.2005722925669766,-0.8071659967473356,0.1618632978715062,0.5310876405561206,0.3527367410174965,-0.7617685111555154,0.0987626247747149,0.5343514488572794,0.3527367410174965,-0.7617685111555154,0.0987626247747149,0.5343514488572794,-0.0473892599743741,0.5754258107679444,0.2239714170517251,0.7851599828601664
3.1565576541564293,-0.0535306180080514,0.2406716009785615,-0.1779171064814019,0.5878419670787397,0.0454506715466476,0.7878588461255240,0.0300403496615893,0.3682059508307235,0.4487841543645726,2.0790000631942349,-0.3418319824821927,0.2614703963465510,-0.0653647027708261,-0.0593911338645414,0.0010482519810655,1.9557455845895380,-0.3091252646883567,0.1533518081920722,0.5007558974346572,-1.4853454293658983,0.4614602925158201,0.4001593360533094,-1.4145442485383204,0.3435315607176406,-1.8838195450398032,-0.1497964438860401,0.0661533292925155,-1.6641421901966396,-0.3534820754094110,-0.0001706540029248,3.0633995501771927,0.6692439157028197,-2.2023141962966504,-3.5333351201579690,3.5979712305487288,-0.7989272652175999,-1.0953000726192699,0.8140318635890434,2.7121352405934576,1.9487788245187039,0.5676650181161936,-0.0083114525288483,2.7991522133540392,-2.9190286820128195,2.4639757124867776,1.5566690087688217,0.2417727680903310,-0.0204173916056534,5.1033279231175914,-5.0647531948751014,3.0857897762541913,1.7994511746158917,-3.4846159535145511,0.6123743951134700,-9.9876985250494261,1.2652763100735256,0.3708076757931703,-4.9406026188539851,-0.4683146339246879,-0.0012581275696888,0.0000000000000000,0.0000000000000000,-0.1779171064814019,0.5878419670787397,0.0454506715466476,0.7878588461255240,-0.1779171064814019,0.5878419670787397,0.0454506715466476,0.7878588461255240,-0.1810532513972171,0.5992871352002882,0.0393893594809968,0.7787959476663989,-0.0360737482396210,0.5964280868993699,-0.0704991433596845,0.7987503318503553,0.0959449030135129,0.5897646596229936,0.1068462581399714,0.7947050389716858,-0.0432402162834283,0.9841652027129695,0.1369373250379462,-0.1039100884233767,-0.0192384059666944,0.9874618085973935,0.1423075227408813,0.0655563060946755,-0.0105275470638024,0.9975868773214024,0.0123562398493702,0.0675049352694864,-0.0105275470638024,0.9975868773214024,0.0123562398493702,0.0675049352694864,-0.1816449318174872,0.5588422287981846,0.0442848347389790,0.8079228524240660,-0.2032106096705619,0.5574562477016066,0.0592310321911259,0.8027699949807150,-0.2042916079970943,0.5570610010458441,0.0576736685725771,0.8028833837919078,-0.1621984369971066,0.9771382280466991,-0.1369415210239523,-0.0118139809166455,-0.1813734019574255,0.9672748840882521,-0.1102950688247125,0.1389891559345556,-0.1701907055145821,0.9559804302289434,-0.1840845474619581,0.1524776054424350,-0.1701907055145821,0.9559804302289434,-0.1840845474619581,0.1524776054424350,-0.0298507735016184,0.6134505736887623,0.2354004039556896,0.7532423081451157,0.1100022278383707,-0.0528289878895193,0.1624426591714912,0.9791429877144905,0.3281404535169011,-0.0148054459089944,0.1701743760134647,0.9290561464656407,0.3209057026752091,-0.0905194723107499,0.3454281558127283,0.8772144232141483,0.4698776371780709,-0.6231103872969497,0.0202927182682223,0.6249293215299511,0.3369226375757671,-0.6993431496656143,0.0959897599326874,0.6230475594148744,0.3369226375757671,-0.6993431496656143,0.0959897599326874,0.6230475594148744,0.2017209628718480,-0.2361848657114955,0.2022515825560922,0.9287732014331882,0.1304659213341341,-0.2508894563526976,0.1836939686779312,0.9414295777873323,0.1218310752514700,-0.2530801041196845,0.2145876366129173,0.9354463085686548,0.2265297369152696,-0.8645129551194528,0.0985067902203557,0.4377191348390114,0.3883418986800766,-0.8134389562998735,0.0522668140413442,0.4298555737143502,0.3883418986800766,-0.8134389562998735,0.0522668140413442,0.4298555737143502,-0.0299023454949903,0.6134480620000480,0.2353370788912950,0.7532620953301684
3.2172673897312918,-0.0411287618240679,0.1978272675389473,-0.2014109061572162,0.6175207338384130,0.0263082657561257,0.7598747694939620,0.0191060950624693,0.3844271822160804,0.4917590464648442,2.1103131973009450,-0.3298751773068951,0.2613056377317591,-0.0171568970022024,-0.1085621302636763,0.0499722007068950,1.9863617375866234,-0.3043999055854379,0.1530083913015802,0.5965821033029722,-1.5697427662187118,0.5296600691454720,0.4394853299649664,-1.4770725807396889,0.3544650713428969,-2.0548328207141879,-0.1196124284927572,0.0686488050462386,-1.7467600175139721,-0.3620156228664546,0.0001495476271491,3.0717029792741752,0.6268449451249279,-2.3159174744628319,-3.4390285383266757,3.6767888442575711,-0.2137994999452170,2.2014660541168332,0.3207946250278432,2.5481406223554033,1.6097828133513621,0.2403177646304905,-0.0108114033560409,2.4558012318153302,-2.4535820929699534,2.2327933455504154,2.1277102007556534,0.2154305692872840,-0.0154316397443331,1.8438152942890182,-3.8343247369374787,5.1530701330527018,2.2198335336106414,-3.0796575183954995,0.4832076430967807,-6.4370746857304084,4.6847500830666728,-1.1321234813044201,-0.5586814062419414,-0.4074059562505420,0.1682867191899135,0.0000000000000000,0.0000000000000000,-0.2014109061572162,0.6175207338384130,0.0263082657561257,0.7598747694939620,-0.2014109061572162,0.6175207338384130,0.0263082657561257,0.7598747694939620,-0.2027672427853420,0.6225167047596131,0.0234315097544838,0.7555192663983418,-0.0549548641945871,0.6155592076514781,-0.0957232742316419,0.7803229328599877,0.0949751790381381,0.6106659402568926,0.0951054880896612,0.7803984693168395,-0.0356996284865551,0.9802777539405271,0.1295796088280136,-0.1448799041662308,-0.0139072326549399,0.9907575958861322,0.1336859281225233,0.0182769717358322,-0.0114073366412574,0.9997302539102751,0.0034584101182226,0.0199331755298563,-0.0114073366412574,0.9997302539102751,0.0034584101182226,0.0199331755298563,-0.2028817751168515,0.6088091650338721,0.0262832500289934,0.7664852096838582,-0.2423165744048845,0.6066301055989609,0.0577868812302636,0.7549458716407124,-0.2284522018143199,0.6119861099212249,0.0749479564260891,0.7534357282324941,-0.1878499055378137,0.9655784241087211,-0.1500667107512261,-0.0992507038235056,-0.2084562290884475,0.9694535416150383,-0.1198065325451094,0.0484997522035082,-0.2041386824223442,0.9574581207081022,-0.1935658071058323,0.0642932636319413,-0.2041386824223442,0.9574581207081022,-0.1935658071058323,0.0642932636319413,-0.0122326473059936,0.6494217213639303,0.2471385667478840,0.7190440313265931,0.1362506557862873,-0.0445517610602957,0.1523229299784428,0.9778796574154794,0.3827711325541900,-0.0039463640583929,0.1586554777545039,0.9101094031337065,0.3750515029668232,-0.0986319175974593,0.3457532080580906,0.8544371445992464,0.5122200554436012,-0.6300968534183089,-0.0309326473566987,0.5827964837241266,0.3739062206771924,-0.7132421268496340,0.0400562977056140,0.5915025778811352,0.3739062206771924,-0.7132421268496340,0.0400562977056140,0.5915025778811352,0.2386754707008915,-0.2718636663005020,0.1780420678202820,0.9151093862034393,0.1792039206434420,-0.2827726573673265,0.1601513509574402,0.9285887808163237,0.1687305556894600,-0.2868680877134993,0.1933022570676070,0.9229685461817727,0.2405158296263031,-0.8986112127672602,0.0390145054129814,0.3648669515803064,0.4084392021752237,-0.8444400175615344,0.0064951063406823,0.3464913973834931,0.4084392021752237,-0.8444400175615344,0.0064951063406823,0.3464913973834931,-0.0122933765645544,0.6494205746140518,0.2470713257707754,0.7190671388281266
3.2674924235807392,-0.0317112328709750,0.1668630662622269,-0.2114141148036191,0.6327528558054617,0.0124448207376277,0.7448308680288724,0.1063182775192745,0.3615768510778257,0.5231746887922920,2.1620482386328224,-0.3273822840629490,0.2610812336286825,0.0312134846361677,-0.1622128820788488,0.0883020649130340,2.0600230049595911,-0.2962699790250474,0.1527437390676767,0.4561947202717934,-1.6570738019640108,0.7038098788675856,0.4877397634375487,-1.5442252299355299,0.3625727227229850,-2.1060062207813948,0.1661034395279824,-0.0306768711471630,-1.6158997044896295,-0.3693351388266355,0.0064380542295475,2.3461870869912573,0.4122748366614928,-1.2036900033018370,-1.0478351573480085,1.4167037525103461,-0.7870752053692962,3.3741631628968269,-1.4471657472967014,-0.2300531834168504,2.8282558027495823,0.4234088228285297,-0.0073112021502798,1.8792241273299291,-2.1813839435281124,1.7029892548190069,3.9130037905207273,0.6119707854161037,-0.0121518784383281,-10.5168658940733390,-4.5181813746274155,8.8616682008934955,2.1805983723797873,-3.1782637186884277,0.3643459436754847,-1.0868557150125713,17.2394641179727763,-6.4927621462395617,7.5357851965350919,-0.3154942020065160,0.1775216084831642,0.0000000000000000,0.0000000000000000,-0.2114141148036191,0.6327528558054617,0.0124448207376277,0.7448308680288724,-0.2114141148036191,0.6327528558054617,0.0124448207376277,0.7448308680288724,-0.2199002160842884,0.6650489323738895,-0.0073264088985776,0.7136526719960379,-0.0869246156762491,0.6527086307088319,-0.1277309755587935,0.7416875032454958,0.0849824530664388,0.6529643390592418,0.0685977011020047,0.7494730882368348,-0.0202520511257666,0.9691643494489517,0.1073196922790444,-0.2208909274540744,-0.0024461653302205,0.9922309855528462,0.1091864378063809,-0.0595819551807295,-0.0101815758727612,0.9980014186177164,-0.0209087381026319,-0.0587565198146422,-0.0101815758727612,0.9980014186177164,-0.0209087381026319,-0.0587565198146422,-0.2093111418131879,0.6433203275944982,0.0122866925517855,0.7363265846095096,-0.2667138656363192,0.6403489719033529,0.0629698411342559,0.7175316767691704,-0.2393002155706687,0.6510902385754075,0.0933617887484172,0.7142131925842217,-0.2038465561502968,0.9482237510861490,-0.1562933086096027,-0.1867905273445115,-0.2247581107143856,0.9654352190690093,-0.1243575829556550,-0.0442020475849431,-0.2274757996429729,0.9531304652198129,-0.1976671113950465,-0.0269219226540683,-0.2274757996429729,0.9531304652198129,-0.1976671113950465,-0.0269219226540683,-0.0558688496960024,0.6647937846443894,0.1881377153852100,0.7207857487363835,0.0692135393016028,-0.0789226416634262,0.1355033907554944,0.9852002505602485,0.3965574785405340,-0.0287470572773671,0.1541543349090825,0.9045176692249880,0.3804818777800831,-0.1362336423615574,0.3597757832312620,0.8409728421121444,0.5274728895454279,-0.6656005191074174,-0.0424832475790492,0.5262541908941637,0.3813160654815242,-0.7514682386012210,0.0189050363884304,0.5380856290391155,0.3813160654815242,-0.7514682386012210,0.0189050363884304,0.5380856290391155,0.1715944324010441,-0.2919544820917443,0.1810198982222760,0.9233361942451419,0.2319459381304888,-0.2794177161630618,0.1998283339771424,0.9100524482791672,0.2345145807752796,-0.2778646027789418,0.1916576518870020,0.9116257556692094,0.2855146421530305,-0.8639861115590169,0.0021051583160401,0.4147348025640263,0.4513993197078732,-0.8029565385227306,-0.0412542018207475,0.3870368745261844,0.4513993197078732,-0.8029565385227306,-0.0412542018207475,0.3870368745261844,-0.0538466204425799,0.6649606348762895,0.1903291156214626,0.7202101938174627
3.3129031230397246,-0.0236816164200490,0.1487410911491502,-0.2123609431140131,0.6446390425756854,0.0061597342104053,0.7343741500769815,0.1457067343347295,0.3412654466025171,0.4927590529376879,2.2074081935183600,-0.3113836029483404,0.2610467216486809,0.0553978324167754,-0.1895715567975370,0.1176620799459687,2.1269677144059780,-0.2813454010208862,0.1525018975416817,0.2412020565062414,-1.7304766146930555,0.8383465590573401,0.5191945837552302,-1.5925933716914316,0.3692031338964372,-2.1139735434128979,0.4822044110592325,-0.1468957727235304,-1.5111690419012997,-0.3745674475872151,0.0075009094049369,2.2715662425870020,0.3930524123888227,-0.7871986133238541,-0.3207699391083432,1.6038623290867253,-0.4798832230741454,1.4052748170407043,-0.7411553974733468,-2.4084369390452975,1.8591017021882688,0.9581221164396948,0.0021503419118740,1.1070805148934548,-0.8911591034308777,0.8907622268766167,2.9643491650692231,0.7908358527434236,-0.0108478160537982,-9.4188075943120086,-0.7027151230917603,6.0923189769506010,0.2117939913938094,-0.0808309541030283,0.3312093112936694,-0.0722580503795329,13.6586462806112152,-4.4271954856157034,3.7474309935011894,-0.2100971369402991,-0.0719904011900676,0.0000000000000000,0.0000000000000000,-0.2123609431140131,0.6446390425756854,0.0061597342104053,0.7343741500769815,-0.2123609431140131,0.6446390425756854,0.0061597342104053,0.7343741500769815,-0.2241544874941338,0.6897093567370566,-0.0220678842943006,0.6881633363151312,-0.1035141346136792,0.6758427062818259,-0.1393650768791406,0.7163091760178082,0.0660852607278184,0.6805227975708804,0.0413021479884524,0.7285709250803110,-0.0069759758839720,0.9574794050159281,0.0776174263576808,-0.2777769966293502,0.0052185388232365,0.9890915185227159,0.0777553597282794,-0.1249993554883611,-0.0110946323604937,0.9907984292873120,-0.0516372007552841,-0.1246153327353451,-0.0110946323604937,0.9907984292873120,-0.0516372007552841,-0.1246153327353451,-0.2080078764808752,0.6647332529837083,0.0057572643545851,0.7175160483269812,-0.2743635777364259,0.6612654124404364,0.0680551102058544,0.6948533539506865,-0.2356107087497093,0.6760435728566702,0.1081783832034604,0.6897464163945576,-0.2094741717087571,0.9320715677908999,-0.1527597461931160,-0.2530368033424394,-0.2289196032352834,0.9584370449929056,-0.1216995641925455,-0.1190943412392617,-0.2373277908043258,0.9463792930565930,-0.1943671443765428,-0.1013072878550773,-0.2373277908043258,0.9463792930565930,-0.1943671443765428,-0.1013072878550773,-0.1269885641671870,0.6667312576622800,0.1013221491829207,0.7273769014147932,-0.0373319036169389,-0.1256540545336001,0.1274314936282470,0.9831472941443098,0.3604759552647884,-0.0639298750040308,0.1671547129788087,0.9154394347453472,0.3347449774459985,-0.1688119836615882,0.3900909474299856,0.8409978400567359,0.5183181779118760,-0.7036885139538256,-0.0040159266638188,0.4859553622593351,0.3646988240841585,-0.7896985456110739,0.0492654140084688,0.4908603607483111,0.3646988240841585,-0.7896985456110739,0.0492654140084688,0.4908603607483111,0.0620963575878448,-0.2974978911202834,0.1999485584872508,0.9314824856711899,0.2705349362734248,-0.2447502047599264,0.2618811916349084,0.8934911454476703,0.2878709646355170,-0.2294157841850032,0.1985872974490832,0.9083291204065120,0.3336156925061261,-0.8033018318855472,-0.0149204927799115,0.4931370149341742,0.4929439373113672,-0.7350831523973290,-0.0758066528935067,0.4592519843252250,0.4929439373113672,-0.7350831523973290,-0.0758066528935067,0.4592519843252250,-0.1244390990227178,0.6672117924674170,0.1041017604751316,0.7269842901279298
3.3570243001467990,-0.0200775736578800,0.1404564719180565,-0.2033201571527599,0.6504810637108700,0.0075057720067780,0.7317642809235322,0.1572691503013837,0.3415136260668519,0.4206006856209938,2.2379358390307891,-0.2894493818108614,0.2611482773366210,0.0794457652708740,-0.1946220858317346,0.1185380089973689,2.1790433193332439,-0.2652654553574756,0.1523118568611610,0.1710100350053390,-1.6026430818599569,0.9627807958571238,0.4742000677818907,-1.5068563047434163,0.3752180558510439,-2.1131052002701884,0.6502059662171416,-0.1695363795542404,-1.4661186405843889,-0.3773566478426399,0.0025839255852854,2.2189554074402209,0.0712700303995762,-0.2640510306561441,1.1071345099049923,0.7236784139207658,-0.4110074098778421,-0.0634538136974006,0.6384963558937329,-4.1450448518610115,1.0830072186069379,1.0465207572509552,0.0060173394074647,0.5734339040909416,0.3095175161353839,-0.3864420479862724,2.0454944024078268,0.7659554597075324,-0.0099072320043185,-0.0930470189144061,8.5856305737762337,4.2489675999998315,-3.1539741438743034,4.7508520533031886,0.2325912142478827,0.0597456256871682,3.1956105958109635,1.6326009603710938,0.3379686262566094,-0.1104733338082298,-0.2513153851480415,0.0000000000000000,0.0000000000000000,-0.2033201571527599,0.6504810637108700,0.0075057720067780,0.7317642809235322,-0.2033201571527599,0.6504810637108700,0.0075057720067780,0.7317642809235322,-0.2164965147303853,0.6998994326739132,-0.0228467797394066,0.6802558841405705,-0.0982047188458333,0.6859282684051446,-0.1410092259550640,0.7070888501416805,0.0500140465931418,0.6911152952613974,0.0126930844499953,0.7209002215329633,0.0104720810488563,0.9506387102849430,0.0505257832000837,-0.3059796124879964,0.0177001641770596,0.9850016279224574,0.0484687882825722,-0.1646489409034656,-0.0038873702096588,0.9829278911540495,-0.0801884732297912,-0.1655519794668153,-0.0038873702096588,0.9829278911540495,-0.0801884732297912,-0.1655519794668153,-0.1968587328772120,0.6797072155383744,0.0072261336469514,0.7065355783168775,-0.2647843707062739,0.6757667594007875,0.0734397899736384,0.6839847375250917,-0.2240240956244851,0.6903511285288022,0.1140883685552193,0.6783895400719627,-0.2051291622621857,0.9215057438355024,-0.1453443430257052,-0.2960138726786588,-0.2226379997710384,0.9526895511706356,-0.1167701687842879,-0.1708205720349072,-0.2349906398695696,0.9410421983617474,-0.1889238844881928,-0.1533843080177112,-0.2349906398695696,0.9410421983617474,-0.1889238844881928,-0.1533843080177112,-0.1469637952991926,0.6654820383919502,0.0700394341840879,0.7284433932078214,-0.0809795886118015,-0.0743041082734202,0.1213957206269868,0.9865010312895826,0.3811073797751077,-0.0102551970150458,0.1419607425559481,0.9135092465805140,0.3698470891225444,-0.1141172356384602,0.3491279023959394,0.8534050005515720,0.5114570622478919,-0.6531830724425998,-0.0373727265849736,0.5571057589531875,0.3611858473008474,-0.7395450067938644,0.0323998952376494,0.5670698488056141,0.3611858473008474,-0.7395450067938644,0.0323998952376494,0.5670698488056141,0.0249651600109293,-0.2976648659083018,0.2019803041624587,0.9327252141546629,0.3187751613771274,-0.2184730936225491,0.2857795007147285,0.8769161766230679,0.3379501020729535,-0.1949557552190444,0.2074635222736547,0.8970735025301221,0.3798354054867147,-0.7587279026445478,-0.0343001722768506,0.5280914056005143,0.5325931581505294,-0.6833885763730746,-0.1040387891259137,0.4883651420108123,0.5325931581505294,-0.6833885763730746,-0.1040387891259137,0.4883651420108123,-0.1459365967869544,0.6657080518284948,0.0711635411236250,0.7283344354509802
3.3979559709028315,-0.0173679107828612,0.1383805215953362,-0.1941129483402944,0.6486852567711633,0.0145018864003321,0.7357426834330058,0.1694600806191450,0.3529449262190792,0.3411131521887547,2.2545268461638037,-0.2713446471528813,0.2612231431307102,0.0939068192757734,-0.1917510722993236,0.1112711296064025,2.2175202214859215,-0.2521835894832299,0.1520835115125144,0.1603286859601633,-1.4324928158585819,1.0190285765091953,0.4046864782493588,-1.4402807552641175,0.3780703838979622,-2.0683643241358678,0.6596022214168541,-0.1716742396782647,-1.4318187462034444,-0.3797905201696515,0.0004985549225239,1.8491258659809404,0.1536046180145094,0.1898357124826655,1.3477707594027537,-1.3176092346304598,0.2053039596211171,0.9061759250164216,0.4512067531353499,-4.0420823777892148,0.8066280008022746,0.6883959702091476,0.0044976549099537,0.3857305999994016,0.1075519183482472,-0.4356002275610648,1.8350651578403998,0.5830037568990077,-0.0113267525391503,-1.2805539892142086,7.5854615799634582,1.3870368533097555,-3.3316536945239483,2.1881338907205956,0.0851566014445126,3.5790819338171893,-0.9998333041265591,-1.2925430090289336,2.2514424489151033,-0.1133832280433610,-0.0325092122781152,0.0000000000000000,0.0000000000000000,-0.1941129483402944,0.6486852567711633,0.0145018864003321,0.7357426834330058,-0.1941129483402944,0.6486852567711633,0.0145018864003321,0.7357426834330058,-0.2086610796697947,0.7017028354302052,-0.0171909021733539,0.6810125971395187,-0.0861822548734718,0.6878499124794638,-0.1398030552967904,0.7070291525648718,0.0346164424025205,0.6923630442683051,-0.0148574437665475,0.7205653150212283,0.0282949890340185,0.9482149702191247,0.0248683597257220,-0.3153875846200377,0.0314129025457229,0.9822862736815284,0.0207911344937224,-0.1835609839180818,0.0072390981185352,0.9766279103970912,-0.1073150472677985,-0.1860886904724508,0.0072390981185352,0.9766279103970912,-0.1073150472677985,-0.1860886904724508,-0.1867390698599633,0.6834031775346777,0.0146223470016591,0.7056024402533659,-0.2535014982893081,0.6788562372117081,0.0800495177692674,0.6844583802312197,-0.2150587837020300,0.6919960404429828,0.1182819857131687,0.6788965837442306,-0.2020030237582726,0.9167641089404166,-0.1394119327179761,-0.3151232456786350,-0.2179972548300599,0.9492300111026983,-0.1127745781557381,-0.1967777361144406,-0.2323182334168252,0.9379175384948463,-0.1845708818855292,-0.1796455370051036,-0.2323182334168252,0.9379175384948463,-0.1845708818855292,-0.1796455370051036,-0.1406957872258651,0.6623270298897108,0.0743100775064259,0.7321240423011371,-0.0838462183171927,0.0065132654073975,0.1182274456457458,0.9894188497010359,0.4081409339491703,0.0632129744987766,0.1001212833777214,0.9052076151386014,0.4137072293951056,-0.0329188021939971,0.2772799137426508,0.8665324750078363,0.4931539788820363,-0.5797802787705474,-0.1009792049647760,0.6406693231505973,0.3512124737833259,-0.6631228545712574,-0.0110173757798529,0.6609058143451225,0.3512124737833259,-0.6631228545712574,-0.0110173757798529,0.6609058143451225,0.0281986071739349,-0.2851412279747949,0.1982914904989449,0.9373258790080339,0.3311138051898277,-0.2052763781191316,0.2801546781361297,0.8773474869841744,0.3487167396072070,-0.1812897720227319,0.2034579226331520,0.8967360413162102,0.3871028592860435,-0.7401731740144339,-0.0390703984218309,0.5484236982198416,0.5380143681569125,-0.6636945638097373,-0.1137382214200007,0.5070637855480669,0.5380143681569125,-0.6636945638097373,-0.1137382214200007,0.5070637855480669,-0.1405091467119017,0.6623666497914316,0.0745163773519458,0.7321030736451737
3.4353012744957225,-0.0133135357063414,0.1407513989475070,-0.1861591682007275,0.6434815933866381,0.0246881848618698,0.7420691993309203,0.1658210111569323,0.3667726504419445,0.2596953471715725,2.2583253232729552,-0.2603219273329324,0.2613290643558064,0.0825224429667791,-0.1876550109108906,0.1027815797706825,2.2366009139315568,-0.2446952163149166,0.1518672351430778,0.1567430080507000,-1.3175940323300863,1.0031899978980556,0.3561808258154908,-1.4203631279812372,0.3792590911282245,-2.0047903958174533,0.6071556220969846,-0.1703882504043052,-1.4323845566217461,-0.3813934746871426,0.0001840897070514,1.8104095758842353,0.2096758874787277,0.1684847799482527,1.4121633069038402,-0.3931236831035270,0.3916872377785027,0.1826008235420370,0.4532641605329262,-3.8845879442674498,-0.0923649798813168,0.2672049347476279,0.0062022468915132,-0.9150862668713744,0.1347810211853299,-0.7443091301041009,0.5288925670957473,0.1692372444626165,-0.0095126820362876,-0.4899102722217672,3.9814269999663865,-2.0656518514669857,-1.5961848830867131,0.3173345424160936,0.0401797983916079,3.2480227137636430,-1.7960840494922030,-0.5311163741885342,-0.8206470593307695,-0.0636194152298694,-0.0038698386207968,0.0000000000000000,0.0000000000000000,-0.1861591682007275,0.6434815933866381,0.0246881848618698,0.7420691993309203,-0.1861591682007275,0.6434815933866381,0.0246881848618698,0.7420691993309203,-0.2012552906896569,0.6965298822493555,-0.0061258179997784,0.6886979784034178,-0.0726130870647693,0.6837934583049790,-0.1327324711281473,0.7138178598735515,0.0192081801517223,0.6873697693738194,-0.0363711340204820,0.7251420457926198,0.0410912251906197,0.9493327334132863,0.0018233998493646,-0.3115694909572852,0.0409793575399796,0.9817917023696072,-0.0035363583369613,-0.1854541441529739,0.0164678197392346,0.9729624994526063,-0.1314208025049153,-0.1892124685134084,0.0164678197392346,0.9729624994526063,-0.1314208025049153,-0.1892124685134084,-0.1799769165343673,0.6751632018822109,0.0251825521012606,0.7149327236940619,-0.2462609082780294,0.6698221862289853,0.0884180351602232,0.6948928370244641,-0.2110208786343593,0.6817451025793148,0.1245097964918740,0.6893410726679901,-0.2043112923755483,0.9181964802543587,-0.1352382950569034,-0.3112598962385656,-0.2193073639883394,0.9493531078531554,-0.1092555753385194,-0.1967134361641087,-0.2335999341722839,0.9383275560407662,-0.1809682339736968,-0.1795075670318928,-0.2335999341722839,0.9383275560407662,-0.1809682339736968,-0.1795075670318928,-0.1348873090421063,0.6561472477973009,0.0830714428143380,0.7378179575316333,-0.0806667028002916,0.0589294999318448,0.1198115261084576,0.9877577614520043,0.4060766647547862,0.1094369504513709,0.0764921017266430,0.9040322198854278,0.4199173871000292,0.0250967180837417,0.2319534861396634,0.8770616415168131,0.4667100187758083,-0.5350865047595844,-0.1333849628648880,0.6914279734578207,0.3305147430614240,-0.6138964743181342,-0.0310941914268425,0.7161873181635631,0.3305147430614240,-0.6138964743181342,-0.0310941914268425,0.7161873181635631,0.0325713793218538,-0.2633134475730581,0.1973013901154295,0.9437570105884150,0.3148048014728050,-0.1918125255575896,0.2673382973939752,0.8903011438582890,0.3312847561322901,-0.1692847725730086,0.1895722316162387,0.9086558452622828,0.3655689069536350,-0.7365741891596062,-0.0366413564143516,0.5678690422383583,0.5176629097548034,-0.6638679283271862,-0.1151660097492144,0.5272961936153197,0.5176629097548034,-0.6638679283271862,-0.1151660097492144,0.5272961936153197,-0.1348243742604710,0.6561601824538470,0.0831422100143731,0.7378099863659563
3.4707431893061966,-0.0088214473112482,0.1435007348864137,-0.1778302873441983,0.6392248606904839,0.0356651426314984,0.7473258753578563,0.1578199748428264,0.3782169372981096,0.1888452595877537,2.2498648349617087,-0.2574016602492226,0.2614420383219418,0.0598556882065411,-0.1863098154806770,0.0900435709599235,2.2381940152484674,-0.2435055905394495,0.1516761158531321,0.1493050209450210,-1.2666063332811970,0.9419285661117406,0.3435438619698455,-1.4215261618145660,0.3799553941537907,-1.9322489901313358,0.6027546688390074,-0.1865038433329864,-1.4620383361013183,-0.3824940425544955,0.0001590542138069,1.7528495146279672,0.2270384720088559,0.1267382261615136,1.2019597989808561,-0.3645223687684322,0.3601973343168725,-0.8606612554298376,0.7251187529268134,-3.2102279662095565,-0.7034617287822301,0.0553965280519245,0.0053650120023674,-1.3522902997109632,0.0969332408831031,-0.6015065446683366,-0.3258368375335791,0.0109756249688178,-0.0094664900356784,0.2598833948205956,1.3857503197231469,-3.9336195761885588,-0.1999764093070597,-0.3974535459886758,0.0373223804513743,3.2568046750393003,-1.6149185693425165,0.2923433175628128,-2.3563971342865129,-0.0529365563406521,-0.0029871857431586,0.0000000000000000,0.0000000000000000,-0.1778302873441983,0.6392248606904839,0.0356651426314984,0.7473258753578563,-0.1778302873441983,0.6392248606904839,0.0356651426314984,0.7473258753578563,-0.1931935085717437,0.6910468113226922,0.0064509331788372,0.6964832792448080,-0.0593443972709480,0.6800290713456559,-0.1230762857048550,0.7203408446939612,0.0072259720000862,0.6825753296826229,-0.0522729019901984,0.7289075718874346,0.0502899909915952,0.9517881748270435,-0.0159871123061107,-0.3021830559538081,0.0478209512206355,0.9827101524355112,-0.0223120500666461,-0.1774713648630431,0.0242807055741061,0.9714182853104150,-0.1502118046046158,-0.1821904938761113,0.0242807055741061,0.9714182853104150,-0.1502118046046158,-0.1821904938761113,-0.1736464655049359,0.6629278614153554,0.0363248389107095,0.7273610256640216,-0.2406214992842777,0.6566651195405147,0.0978967013819529,0.7080313910551994,-0.2104222854110576,0.6669559557732125,0.1300863516186614,0.7028298200728068,-0.2088446467801799,0.9233680315231234,-0.1326043384898418,-0.2935838573321867,-0.2234048848793322,0.9521909730143628,-0.1062556092030861,-0.1792549966804118,-0.2363456013218963,0.9414018814439499,-0.1781022211847720,-0.1618111651235272,-0.2363456013218963,0.9414018814439499,-0.1781022211847720,-0.1618111651235272,-0.1298286680114932,0.6506739203195792,0.0911107672860371,0.7426081028798843,-0.0748547206870288,0.0796820694830992,0.1225469738384933,0.9864227175997039,0.3844682167391222,0.1268987205099217,0.0725514143695806,0.9114917428717375,0.4012494780644077,0.0495684960385881,0.2230208624144613,0.8870194560895622,0.4457374837764837,-0.5236752847182127,-0.1283038068438714,0.7145770951277954,0.3108752458160832,-0.5994339957356893,-0.0209449551795869,0.7372901566870811,0.3108752458160832,-0.5994339957356893,-0.0209449551795869,0.7372901566870811,0.0352050204025953,-0.2362193920312510,0.1968357444795532,0.9509030944644249,0.3173294358284341,-0.1667277577133279,0.2583520200894889,0.8970831163723759,0.3330002802557527,-0.1416777577871347,0.1717320023550050,0.9162676168375375,0.3549798434894352,-0.7288465373507400,-0.0551216768165448,0.5828667398754063,0.5066526413737383,-0.6589222139196923,-0.1365046208350812,0.5389722678235455,0.5066526413737383,-0.6589222139196923,-0.1365046208350812,0.5389722678235455,-0.1297749776712991,0.6506846308251812,0.0911720427581215,0.7426005824113138
3.5047534573772556,-0.0041645842418225,0.1449174390969899,-0.1709909211003380,0.6350802413636750,0.0453910526512653,0.7519141202756631,0.1497971805487072,0.3883847657516050,0.1329340156697965,2.2356290311972371,-0.2590256930304177,0.2615469542107319,0.0342518863771214,-0.1859123700476163,0.0742220582077537,2.2303891338979618,-0.2436349975622170,0.1515039002900120,0.1431634690222936,-1.2556235167913525,0.8659833928973554,0.3484335276878701,-1.4319496948277379,0.3807544071514724,-1.8610216786918885,0.6088427221059549,-0.1948491819350162,-1.5059330060119096,-0.3834778647857180,0.0001668572309407,1.6308989694728251,0.2212476610082411,0.1136073749558389,1.2820033275194940,-0.3834613689006084,0.3442446496573033,-0.4490350803416017,0.4921543051179677,-2.5335207869943996,-0.7170383538752981,-0.0745769410680177,0.0053167640805663,-1.2826439120940996,0.0157847351574157,-0.9010578021961240,-0.5127162776574773,-0.0148804350317778,-0.0081790913723878,-0.3598538021638390,-0.0097840188967487,-3.8154654459585773,0.4770015537442041,-0.6776644842566084,0.0442008100137853,3.4526683774471785,0.3298520065976910,-0.1533707766458905,-2.3203235617031259,-0.0473876318848300,0.0001379265176706,0.0000000000000000,0.0000000000000000,-0.1709909211003380,0.6350802413636750,0.0453910526512653,0.7519141202756631,-0.1709909211003380,0.6350802413636750,0.0453910526512653,0.7519141202756631,-0.1861794506659062,0.6846196359323973,0.0181797776131731,0.7044875172289916,-0.0470899801313722,0.6753158017615484,-0.1139434864721533,0.7271505920735776,-0.0004177444786644,0.6769554814219074,-0.0635383762313918,0.7332761938098511,0.0569676526622893,0.9553844492489010,-0.0281422514152673,-0.2884497432288733,0.0528585719022052,0.9846245003212051,-0.0352600502131060,-0.1627184488699610,0.0311894670251922,0.9716200355307629,-0.1633498831619187,-0.1682216970930656,0.0311894670251922,0.9716200355307629,-0.1633498831619187,-0.1682216970930656,-0.1687433538303768,0.6491565544881169,0.0459253735971146,0.7402785343120238,-0.2367406328666411,0.6420893653316315,0.1059934861344825,0.7214156226302452,-0.2121683385155745,0.6506223762318782,0.1333328293027002,0.7168664284984072,-0.2130194251196822,0.9298811740251689,-0.1319688287437699,-0.2693101464023426,-0.2274756453335235,0.9557135276673449,-0.1051088864864403,-0.1543327761537288,-0.2385042376810500,0.9450166863689438,-0.1771431270725500,-0.1366729805901706,-0.2385042376810500,0.9450166863689438,-0.1771431270725500,-0.1366729805901706,-0.1248993418091315,0.6457282419756251,0.0993208873542782,0.7467064706200643,-0.0666761427403273,0.0802691910121099,0.1260599847186921,0.9865191479217500,0.3569297980845966,0.1260619729551711,0.0802660684702146,0.9220991576106515,0.3741766302177048,0.0525737628613619,0.2342685250333080,0.8957377445637971,0.4320386585487986,-0.5316191694779242,-0.1048669174252112,0.7209206515232381,0.2956836336765989,-0.6058701316648422,0.0033001604786864,0.7385673166834856,0.2956836336765989,-0.6058701316648422,0.0033001604786864,0.7385673166834856,0.0380212223227454,-0.2088658892455990,0.1969759686535119,0.9571467467090614,0.3228718756407697,-0.1403031682669486,0.2504785677290582,0.9018476922423582,0.3364721296608225,-0.1138447411793307,0.1599128951658642,0.9210069200755189,0.3483199730295077,-0.7249443516719377,-0.0728866280678375,0.5897596313894141,0.4998354739048977,-0.6569219444738055,-0.1555118257818291,0.5426178488927753,0.4998354739048977,-0.6569219444738055,-0.1555118257818291,0.5426178488927753,-0.1248455582258088,0.6457386426880242,0.0993830807060784,0.7466981955248608
3.5364418579249515,0.0005499504429904,0.1457173207821355,-0.1637162352961341,0.6313796525559069,0.0560298987664161,0.7559215429415074,0.1451876547992649,0.3964572165674197,0.0886664516975485,2.2231355543317814,-0.2614922595601367,0.2616507514507308,0.0102909088199019,-0.1857678751799470,0.0531316148781693,2.2199253455930426,-0.2442633489631368,0.1513529237590265,0.1318822338262277,-1.2657186038340551,0.7926748073094910,0.3604330093788735,-1.4478805774410668,0.3816685644128612,-1.7913658709728408,0.6084842073817976,-0.1934899479599463,-1.5490806931974062,-0.3844238507610158,0.0001727582337584,1.5109740258884621,0.2363305011514151,0.0792573479767009,1.3453210520522654,-0.2989148277916776,0.4286252647760601,-0.2664956248739517,0.3902596925082074,-1.9465057032719466,-0.5566771954515353,-0.0841284091671995,0.0050788442100284,-1.1050738235508255,-0.0061219269891395,-1.0829133883778765,-0.5235778994367482,-0.0457348946303267,-0.0073867729680763,-0.6580279369276734,-0.7540626003191976,-3.4888748292761620,0.6944116176390733,-0.8550601431259675,0.0465922015544330,3.6462445040791471,-0.2470335402165733,0.1652772660331279,-1.9639291489107624,-0.0450389800300857,0.0005409415179524,0.0000000000000000,0.0000000000000000,-0.1637162352961341,0.6313796525559069,0.0560298987664161,0.7559215429415074,-0.1637162352961341,0.6313796525559069,0.0560298987664161,0.7559215429415074,-0.1791174332511794,0.6797728836325114,0.0301271860900951,0.7105759104006715,-0.0359596096927836,0.6724345657213739,-0.1040700508641862,0.7319208193561489,-0.0048121237039376,0.6733781865873056,-0.0700976127438334,0.7359517551996640,0.0607218119426909,0.9580280974781082,-0.0353510028333413,-0.2779304456074411,0.0555983097460782,0.9860734353046854,-0.0429611429120034,-0.1507393390574972,0.0354596684931368,0.9720434837777794,-0.1712248383239038,-0.1567039638824392,0.0354596684931368,0.9720434837777794,-0.1712248383239038,-0.1567039638824392,-0.1630299070419536,0.6361960519149714,0.0562632543109035,0.7520041749565241,-0.2320713728236163,0.6282359200397434,0.1150243410312250,0.7336429020019976,-0.2146149682152417,0.6344114664241115,0.1352620820417864,0.7301826318458288,-0.2165208346058912,0.9360034479303371,-0.1321898014291437,-0.2440125612385835,-0.2310076741423187,0.9587531065520148,-0.1048373497741354,-0.1282071185876726,-0.2400403261332714,0.9480816051473632,-0.1770301082076235,-0.1103732422239647,-0.2400403261332714,0.9480816051473632,-0.1770301082076235,-0.1103732422239647,-0.1213350249804010,0.6408752476685009,0.1062122063277854,0.7505169524173508,-0.0590364705376607,0.0699835184218889,0.1293952605403415,0.9873570118480181,0.3299567566351924,0.1148320052885571,0.0919480117371687,0.9324632499191461,0.3461490275653422,0.0437293384683381,0.2529415602789036,0.9023797220440875,0.4231281037010793,-0.5492088873002854,-0.0763679824048462,0.7165892388475600,0.2838540682092461,-0.6227557382520438,0.0301294031792101,0.7284877332524400,0.2838540682092461,-0.6227557382520438,0.0301294031792101,0.7284877332524400,0.0390087976820506,-0.1817516720630530,0.1977803344225988,0.9624591330136419,0.3257652817919674,-0.1140954366658162,0.2431727005937700,0.9064911749140037,0.3367320923246602,-0.0876091154529862,0.1525147333529507,0.9250272412196742,0.3417824337911011,-0.7221624167701620,-0.0849763404726140,0.5953530325079346,0.4933420397832594,-0.6557704716590721,-0.1686560764326362,0.5460163442287062,0.4933420397832594,-0.6557704716590721,-0.1686560764326362,0.5460163442287062,-0.1212800129715646,0.6408856604845938,0.1062766289421834,0.7505078325903932
3.5658985233103397,0.0053859779293806,0.1458057681386550,-0.1565406347338785,0.6274244863415203,0.0664851792313291,0.7598771378050356,0.1410956541437108,0.4027369351136697,0.0562715191146516,2.2129873390964634,-0.2637288849165335,0.2617504750987142,-0.0107097882989671,-0.1861947183799309,0.0305230368985049,2.2098499107974772,-0.2457277970565429,0.1512155676936217,0.1179995972221079,-1.2852713360890098,0.7300972167316827,0.3758155972481180,-1.4657958095812933,0.3826107047204171,-1.7222111956815687,0.6106467238602018,-0.1893140998512742,-1.5875764339731637,-0.3851494646972685,0.0001760028500316,1.4058861947377335,0.2324476699009498,0.0357542480664263,1.3383045189288716,-0.2454144964070768,0.3721164972392134,-0.2590822042446154,0.2876238647067615,-1.4020322379034309,-0.4572224282766282,-0.0955444154421822,0.0050416430273089,-1.0164672756829121,-0.0196635099763341,-1.1761636346402509,-0.5047900720401519,-0.0951839548863079,-0.0065163245617525,-0.6362787392062179,-1.1508459328189813,-2.8940349458696493,0.7760075080123960,-0.9255531670224706,0.0470551265540229,3.1281466518371484,-0.1513831934058422,0.4663026541916443,-1.9365967352482485,-0.0310595087107635,-0.0008217047264982,0.0000000000000000,0.0000000000000000,-0.1565406347338785,0.6274244863415203,0.0664851792313291,0.7598771378050356,-0.1565406347338785,0.6274244863415203,0.0664851792313291,0.7598771378050356,-0.1721804672640854,0.6749137068206555,0.0417070474159970,0.7163141051481287,-0.0256428990723332,0.6696451426659416,-0.0939328077003387,0.7362706379237252,-0.0058547507425211,0.6701103620021601,-0.0721471868574437,0.7387236344260519,0.0619046615033578,0.9604701655295795,-0.0375140981746148,-0.2688076755784393,0.0564391130486799,0.9874619602141627,-0.0453224138366248,-0.1402832222765959,0.0376499537371584,0.9731034512014961,-0.1737956194088682,-0.1464487518472463,0.0376499537371584,0.9731034512014961,-0.1737956194088682,-0.1464487518472463,-0.1569650618292830,0.6240584777655851,0.0662873120745895,0.7625739163856560,-0.2271618030955831,0.6151962114146550,0.1240024712424252,0.7446841772195725,-0.2170191701652496,0.6188469464297031,0.1362260495705459,0.7425453522134681,-0.2191268252616621,0.9412887755774745,-0.1328092287890995,-0.2198194353806094,-0.2337414323850665,0.9611232632206878,-0.1049752332094945,-0.1028941985498098,-0.2408464007172567,0.9504468831868619,-0.1772807065976185,-0.0849428311876458,-0.2408464007172567,0.9504468831868619,-0.1772807065976185,-0.0849428311876458,-0.1188673914617952,0.6356390482269592,0.1116562239871437,0.7545637357182811,-0.0524388063130932,0.0541837561320087,0.1320967667476837,0.9883646778283279,0.3065823104055411,0.0980719514772665,0.1037657339742058,0.9410748385397609,0.3206517882498520,0.0284399177309340,0.2731054884883128,0.9065246791616826,0.4178407934831543,-0.5705497603962240,-0.0487267717282657,0.7053422884884490,0.2751351678036020,-0.6438784414955335,0.0546365338803330,0.7118539465230992,0.2751351678036020,-0.6438784414955335,0.0546365338803330,0.7118539465230992,0.0379436569225990,-0.1544386728251222,0.1987585639866263,0.9670594648093419,0.3270262702458792,-0.0875129854123399,0.2360037029502514,0.9108773507707061,0.3352509175597370,-0.0615500547190927,0.1466420537498209,0.9286089172043673,0.3351249869014051,-0.7180486579772817,-0.0937156166784117,0.6027559631575160,0.4865221352168242,-0.6532664935566886,-0.1788637706620313,0.5518576373348234,0.4865221352168242,-0.6532664935566886,-0.1788637706620313,0.5518576373348234,-0.1188109315433145,0.6356496038932268,0.1117232462591935,0.7545538150864408
3.5930211672188346,0.0102915584131828,0.1452706622381711,-0.1489815491792428,0.6235955283432491,0.0773253656015600,0.7635141798742467,0.1399409566864139,0.4073217409173506,0.0342902831505725,2.2060323863080997,-0.2658547125841168,0.2618370473943422,-0.0275629246521687,-0.1865707694034633,0.0065701326118746,2.2018612252139826,-0.2479027229352098,0.1510925457331896,0.0998687856059288,-1.3101091359704184,0.6803160288033017,0.3911143378380211,-1.4833218782016917,0.3834606246506160,-1.6506388102879770,0.6091638950888760,-0.1817960790914333,-1.6176383715971974,-0.3857737269247974,0.0001824210330621,1.2903081273092212,0.2406787945678012,0.0135731911298980,1.3367379572923732,-0.3294243859349563,0.3709547267743353,-0.1580912312668392,0.2054256653814894,-0.8598914300823768,-0.3003466239265525,-0.0654934394333367,0.0030955562406485,-0.7516632069453806,-0.0262568596937413,-1.1295760617217476,-0.3493643596408366,-0.1137589135251740,-0.0061233499246610,-0.9606432328028509,-1.2087691970624490,-2.1363160023267533,0.7985974529677728,-0.8379444000356573,0.0405879806331517,3.8192836254210807,0.4792918330124223,0.2364831505571272,-1.3045771181109493,-0.0263626374279655,0.0007281605153072,0.0000000000000000,0.0000000000000000,-0.1489815491792428,0.6235955283432491,0.0773253656015600,0.7635141798742467,-0.1489815491792428,0.6235955283432491,0.0773253656015600,0.7635141798742467,-0.1651583627930427,0.6710381441014924,0.0532048221929098,0.7208326929709619,-0.0161042092160812,0.6679477551501702,-0.0834789813881481,0.7393359929705654,-0.0040758273476621,0.6681294311703827,-0.0701544008653636,0.7407191173951140,0.0607905901838552,0.9623294607015396,-0.0352527513031910,-0.2626475903878385,0.0555848543253980,0.9886415692861625,-0.0429950729615656,-0.1328517788742315,0.0377664947650628,0.9745689192199712,-0.1716861977853595,-0.1389710871137731,0.0377664947650628,0.9745689192199712,-0.1716861977853595,-0.1389710871137731,-0.1500986555781229,0.6134310083993253,0.0766190324855182,0.7715583681023825,-0.2212970087194174,0.6036302841927463,0.1334112371961756,0.7542277876921598,-0.2186300491155538,0.6046013460839366,0.1367395722991410,0.7536314771190703,-0.2208628677758699,0.9456338390445982,-0.1331029776024566,-0.1981914060824908,-0.2356125376021379,0.9628729623789680,-0.1048023908768431,-0.0798676987945076,-0.2409688568110961,0.9522156097229629,-0.1771815888118123,-0.0618556968532610,-0.2409688568110961,0.9522156097229629,-0.1771815888118123,-0.0618556968532610,-0.1170644201746507,0.6303671997294243,0.1160675468163706,0.7585917476551457,-0.0465369566378064,0.0353853322132193,0.1342196392938064,0.9892255952809215,0.2881955721004457,0.0783832398765693,0.1145561042216939,0.9474577979592015,0.2992789422402809,0.0097214862883485,0.2918868114225742,0.9083720035059691,0.4153631964364428,-0.5925215879745612,-0.0246792941957831,0.6897699002335527,0.2692084887000231,-0.6659278040148819,0.0747142422203067,0.6917259077562541,0.2692084887000231,-0.6659278040148819,0.0747142422203067,0.6917259077562541,0.0355204179978588,-0.1270037561511582,0.1996738820586144,0.9709473140456165,0.3246282729192875,-0.0613865469894689,0.2285416922611059,0.9157602694857319,0.3301627732910054,-0.0368792949972867,0.1425607477244571,0.9323673599722048,0.3275384000063728,-0.7131247480473434,-0.0973134789169290,0.6121288892584328,0.4787352630022916,-0.6499832333380184,-0.1843941369324577,0.5606542130426880,0.4787352630022916,-0.6499832333380184,-0.1843941369324577,0.5606542130426880,-0.1170073825861354,0.6303777894135270,0.1161361855097331,0.7585812424847502
3.6180406614095775,0.0152514388558820,0.1439787590151520,-0.1411377042297793,0.6201019806669947,0.0878006852436290,0.7667103244957424,0.1375321525171403,0.4103922442724108,0.0217012928900785,2.2008237467430734,-0.2677013795053815,0.2618795161246553,-0.0417880199735492,-0.1871012852931509,-0.0166119876672094,2.1954968433889182,-0.2502898901665945,0.1509799581465285,0.0818759294724455,-1.3358069134349939,0.6435471377032487,0.4059531451517522,-1.4995716171792830,0.3842218897293252,-1.5837374833984830,0.6118693502196046,-0.1727570750439560,-1.6434528623950453,-0.3862296822612248,0.0001783847565604,1.1998791411367900,0.2383402418266779,-0.0439292339546661,1.2882317885196590,-0.2595661089427543,0.2929811139731617,-0.2172513876175382,0.1361939394324786,-0.3682650622470988,-0.2589397618184634,-0.0529296531688377,0.0014041724929845,-0.5934150828471216,-0.0247512505786920,-1.0579918844815754,-0.2882575394264405,-0.1182226404831390,-0.0056975394172808,-0.8963176646348299,-1.1627625775584509,-1.4549844015950639,0.7833207089880849,-0.7592162148583151,0.0355314171927819,3.4661295421446634,0.7291380272973984,0.3258655752397333,-1.1192072820634085,-0.0213196725531315,0.0006586933168581,0.0000000000000000,0.0000000000000000,-0.1411377042297793,0.6201019806669947,0.0878006852436290,0.7667103244957424,-0.1411377042297793,0.6201019806669947,0.0878006852436290,0.7667103244957424,-0.1577104278163224,0.6671567551925437,0.0645167792508385,0.7251667878178423,-0.0067435113151973,0.6663162923849442,-0.0726852757188595,0.7420875785587553,0.0007320997712972,0.6663500134857067,-0.0643554613073217,0.7428563105725394,0.0577052697058232,0.9641202447099471,-0.0285002318996094,-0.2575460975636762,0.0533876245706779,0.9898597170496273,-0.0359433291843377,-0.1266316674149027,0.0363970135540377,0.9766934106729379,-0.1648762077999301,-0.1325182064998066,0.0363970135540377,0.9766934106729379,-0.1648762077999301,-0.1325182064998066,-0.1426449718208236,0.6041994068691050,0.0865217981481917,0.7791722962211001,-0.2147881545806846,0.5934786019753212,0.1425696104125737,0.7624454759758558,-0.2190840092166757,0.5919062419474096,0.1370397076754435,0.7634587848531651,-0.2217673214830677,0.9492404066238462,-0.1326534571598086,-0.1793459390629515,-0.2365783316862919,0.9641956165504865,-0.1039633471505911,-0.0595745621100497,-0.2403978019051602,0.9536078285425144,-0.1763906853219801,-0.0415611875821744,-0.2403978019051602,0.9536078285425144,-0.1763906853219801,-0.0415611875821744,-0.1150802638874719,0.6254621098403743,0.1197892874802758,0.7623675023389869,-0.0407876611309985,0.0165062749443837,0.1355598777113971,0.9897916089469511,0.2757116189356785,0.0587093215437621,0.1232970118110722,0.9514904968659427,0.2834166080850126,-0.0097454768706879,0.3080075992828661,0.9081362071441456,0.4156084905004763,-0.6127391149610129,-0.0058879945112013,0.6721500510610305,0.2663261741725008,-0.6865052531782833,0.0892480882921354,0.6706829989238275,0.2663261741725008,-0.6865052531782833,0.0892480882921354,0.6706829989238275,0.0328560159843225,-0.1003187912562105,0.2000580306395588,0.9740808009149715,0.3240383620135959,-0.0355672979507631,0.2209571062875495,0.9191909836595767,0.3270964582907898,-0.0124267237403156,0.1389241385242682,0.9346408760834259,0.3220037386301476,-0.7061683338319956,-0.1011945293689961,0.6224142863294020,0.4725531750989451,-0.6443820296630819,-0.1904495206602877,0.5702580789707937,0.4725531750989451,-0.6443820296630819,-0.1904495206602877,0.5702580789707937,-0.1150248889711433,0.6254722958689367,0.1198567822149990,0.7623568939641614
3.6392200647649653,0.0204965510521653,0.1433195931926656,-0.1337743891511793,0.6178662692168397,0.0945534536779054,0.7690288229766638,0.1330772001814326,0.4087713095720533,0.0229072980111048,2.2011387602448758,-0.2693830730737766,0.2618920150362466,-0.0178222829022442,-0.1835399909877899,-0.0241129657129768,2.1970871446856850,-0.2613005244863728,0.1510487561830320,0.0667234315764423,-1.3632844579126511,0.6209561592549732,0.4214185724646197,-1.5127180359727141,0.3848353963928434,-1.5167198008825862,0.6114909682195220,-0.1642436305614642,-1.6556428225515054,-0.3866657523338121,0.0001939168111595,0.9564894380567968,0.2705752706644417,0.0485953157938154,0.6361992739218691,-0.0688229894059463,-0.1027820796298871,-0.4381271206848329,-0.1152895747694892,0.4995869505708582,0.0892878135986089,-0.0623193190265080,-0.0000005902190722,1.4341775252623927,0.2468317781636323,0.2535455408802588,0.3480023027155761,-0.5614761908674549,-0.0001603595948808,-0.4265020856336747,-1.3995989043744199,-0.8626018765774267,0.7692183595770353,-0.6435239631120980,0.0281188458223639,3.3987648340127508,-0.1838096778736874,0.3525584620218590,-0.3832294858678852,-0.0210589986980017,0.0008137094050368,0.0000000000000000,0.0000000000000000,-0.1337743891511793,0.6178662692168397,0.0945534536779054,0.7690288229766638,-0.1337743891511793,0.6178662692168397,0.0945534536779054,0.7690288229766638,-0.1502895853614270,0.6638785111268024,0.0723724177511791,0.7289997230073544,0.0008862719458231,0.6647421961819073,-0.0639551170927382,0.7443297455664035,0.0081677004200305,0.6646926067984779,-0.0557980089304918,0.7449856437118004,0.0534410836833298,0.9653164034093883,-0.0180049911277387,-0.2549198151929440,0.0505408222435867,0.9907974913257652,-0.0250150838035930,-0.1230455283698344,0.0340418186457856,0.9790488185216296,-0.1541714441345471,-0.1285913346542332,0.0340418186457856,0.9790488185216296,-0.1541714441345471,-0.1285913346542332,-0.1344767400296259,0.6097903999397738,0.0938260645511941,0.7754149496515594,-0.2051584043409639,0.5985892455056336,0.1494609561486561,0.7597778404773303,-0.2125113245216272,0.5960184499298640,0.1400969812982123,0.7615600962001584,-0.2214764901645191,0.9493932211960892,-0.1254447747943839,-0.1840225103842084,-0.2358780675337962,0.9652430103714671,-0.0956544012334503,-0.0593102327614731,-0.2396807889945099,0.9552740781913187,-0.1682119766307633,-0.0413435102605894,-0.2396807889945099,0.9552740781913187,-0.1682119766307633,-0.0413435102605894,-0.1128254069987019,0.6220327494306748,0.1204786552412245,0.7653957014528882,-0.0366501281371131,-0.0013450577907951,0.1342588803790340,0.9902673941751495,0.2684655721604643,0.0398478202095527,0.1282162523459468,0.9538862513022517,0.2725370417086605,-0.0293498461095173,0.3202860374515127,0.9067960088375157,0.4171379959849019,-0.6308796505621560,0.0074478328065414,0.6541645730233009,0.2650894474387756,-0.7050314814236606,0.0983767257263624,0.6503692911673513,0.2650894474387756,-0.7050314814236606,0.0983767257263624,0.6503692911673513,0.0283041873996014,-0.0722229355111219,0.1980696815454122,0.9771136688299389,0.3212765094990110,-0.0092149249817169,0.2106248710834644,0.9232191794383321,0.3220316118450091,0.0124556277137448,0.1323414992384143,0.9373506419105343,0.3138723903046369,-0.6954355099292414,-0.1036919337428832,0.6380451057805955,0.4633401096562592,-0.6355767365302124,-0.1962709265625861,0.5855218852883253,0.4633401096562592,-0.6355767365302124,-0.1962709265625861,0.5855218852883253,-0.1127656013276214,0.6220435941201609,0.1205522434214403,0.7653841145316189
3.6571560999389994,0.0262972718838003,0.1445648648890973,-0.1306632315595013,0.6181257583859920,0.0944423865750015,0.7693687687683901,0.1216215219240346,0.4074639361947539,0.0386445459948221,2.2016572233508755,-0.2705480465009769,0.2618883293053392,-0.0041988673482787,-0.1809174212853401,-0.0149722748184107,2.2040418489366176,-0.2666880873760835,0.1509249809006350,0.0636105474858566,-1.3903072272924666,0.6091888109100614,0.4359773496183593,-1.5264715691009414,0.3853741552744873,-1.4508847554120514,0.6115036809424184,-0.1586470399808948,-1.6657572432266459,-0.3870750446401866,0.0001965191987023,0.8568239965794846,0.2821861901845813,0.0812982517216102,0.1420717498606699,0.1918832634491595,-0.2198175126422391,-0.4828494833000749,-0.0237159060273822,0.9346560419790320,-0.0345773311423718,-0.0755967026937162,-0.0002418475896087,0.1849572849907151,0.0422922535594045,0.4019630808273527,0.2582802595753559,-0.0896170852828358,-0.0087267683575949,-0.1358109148816191,-1.2947991211640291,-0.3740070532872802,0.6781931588501128,-0.6973093133924836,0.0247846934187736,3.3438247495705009,0.2687258130440012,0.1870396104589158,-0.5465413475876709,-0.0202632270241039,0.0000134414311461,0.0000000000000000,0.0000000000000000,-0.1306632315595013,0.6181257583859920,0.0944423865750015,0.7693687687683901,-0.1306632315595013,0.6181257583859920,0.0944423865750015,0.7693687687683901,-0.1458056088280842,0.6604154897846405,0.0743363663765330,0.7328480128380775,0.0055014677825924,0.6617956936707367,-0.0608356339033395,0.7471915546489296,0.0176686977794746,0.6615826656039834,-0.0470870518882234,0.7481838031096244,0.0499836056128336,0.9666618836510497,-0.0055688873832534,-0.2510685750137950,0.0487768722573650,0.9916814748409892,-0.0122552058136674,-0.1184840880475237,0.0328887653902764,0.9815915451283042,-0.1416346572875553,-0.1238385703194607,0.0328887653902764,0.9815915451283042,-0.1416346572875553,-0.1238385703194607,-0.1308199613857400,0.6163492408836645,0.0942755711191975,0.7707865253462294,-0.1999463602695717,0.6053064884004259,0.1495938673477809,0.7558089593060079,-0.2047148086500823,0.6037104761423844,0.1436273781519542,0.7569654446277528,-0.2206525282177230,0.9481092906929591,-0.1176836370383377,-0.1963461134482929,-0.2343318872653925,0.9657906993327606,-0.0873243565454885,-0.0686392631581463,-0.2388402103371911,0.9564572579791645,-0.1598960031480599,-0.0507753460090644,-0.2388402103371911,0.9564572579791645,-0.1598960031480599,-0.0507753460090644,-0.1108563335935633,0.6219832847947140,0.1189645086315526,0.7659602551204754,-0.0342717713405005,-0.0151521909343481,0.1314543700291887,0.9906137518726978,0.2647543522578467,0.0250178746131495,0.1299382400978347,0.9551938508337701,0.2656702964703807,-0.0454738005371678,0.3288345019965346,0.9051073402280734,0.4190678519526811,-0.6459496606553972,0.0152732153236023,0.6378854914893599,0.2647095430507803,-0.7203988343004440,0.1025036439960516,0.6328091183950653,0.2647095430507803,-0.7203988343004440,0.1025036439960516,0.6328091183950653,0.0223819758599715,-0.0404711170913349,0.1944559875031818,0.9798203941346321,0.3160305911518157,0.0198860320083347,0.1976248671736976,0.9277249716709020,0.3144413973915354,0.0402481592242242,0.1218835503336380,0.9405589260878807,0.3015962428169025,-0.6819243012275824,-0.1062698617834512,0.6578188733918534,0.4496971878301266,-0.6248840589257504,-0.2030142711498161,0.6050434346951163,0.4496971878301266,-0.6248840589257504,-0.2030142711498161,0.6050434346951163,-0.1107952255906303,0.6219941730017661,0.1190397607094755,0.7659485636179503
3.6734945786382616,0.0322295062077177,0.1458658475430012,-0.1292371822729373,0.6192076522538499,0.0928596145431819,0.7689321986334811,0.1110439857115494,0.4077103260581846,0.0593658666307567,2.1997087920893041,-0.2716082842186814,0.2618781469040088,-0.0048433085048599,-0.1812191082208124,-0.0087507936276159,2.2058725602037916,-0.2673538630883021,0.1507424523364057,0.0643719945460001,-1.4123024574589109,0.6027677208482612,0.4475229269629075,-1.5392524119208937,0.3858267029838995,-1.3854445943571354,0.6114380191258268,-0.1509144304595462,-1.6814041187270721,-0.3874715625867858,0.0001905078692847,0.7813697492984816,0.2926928798811300,0.0577504902035316,-0.0071133159092047,0.1108930174792028,-0.2146669094666565,-0.4601685031944820,0.0118917133698074,1.0804814674765655,-0.1120198729900894,-0.0455744773248372,-0.0006673128667207,-0.1500782548809501,-0.0774389852869946,0.1912006036016756,0.0161612303644873,-0.0114815027422732,-0.0090626357432279,-0.0213744506803882,-0.9452539515082768,-0.1610225720151729,0.5438913556337304,-0.5885869707538054,0.0215104511306595,3.3276176536960005,0.1927901644537747,1.0399958224351460,-1.6818127551903803,-0.0187392489953260,0.0004117499603306,0.0000000000000000,0.0000000000000000,-0.1292371822729373,0.6192076522538499,0.0928596145431819,0.7689321986334811,-0.1292371822729373,0.6192076522538499,0.0928596145431819,0.7689321986334811,-0.1430206116617626,0.6579240341469741,0.0745939117536689,0.7356064289149143,0.0088526469170235,0.6594026267309261,-0.0601370288532607,0.7493285956532154,0.0277069863378839,0.6588797435079901,-0.0386827186167639,0.7507419355433225,0.0470423450544101,0.9679403180707429,0.0071447591487216,-0.2466323394074633,0.0475764916469039,0.9924139498261757,0.0007122177219829,-0.1133601445786737,0.0323682505475067,0.9840115139558469,-0.1288692960561089,-0.1186016074630507,0.0323682505475067,0.9840115139558469,-0.1288692960561089,-0.1186016074630507,-0.1293971474080044,0.6174429031583193,0.0926908680178193,0.7703434575357938,-0.1985128307569444,0.6065342880079644,0.1481333627011222,0.7554901192936907,-0.2012805491723081,0.6056214387134570,0.1446818108945112,0.7561587049633312,-0.2199084527514095,0.9480231805210999,-0.1143982442492111,-0.1995128149163293,-0.2331924844479198,0.9661555073105538,-0.0840711072594368,-0.0713922251695933,-0.2379067478288212,0.9570805638253712,-0.1565924957654444,-0.0536280146488096,-0.2379067478288212,0.9570805638253712,-0.1565924957654444,-0.0536280146488096,-0.1092305549076785,0.6230481937748746,0.1175724601880422,0.7655431736445429,-0.0324759906310095,-0.0252469751574352,0.1290334504512896,0.9907866919486604,0.2632487881786559,0.0142145831807601,0.1307095509707030,0.9557264433050413,0.2616752902704372,-0.0575850565493940,0.3349569448448088,0.9033348486714757,0.4213214188097403,-0.6575614866632339,0.0195096621688985,0.6242760017744082,0.2651713991498525,-0.7323025235136724,0.1037160661327028,0.6185952802554949,0.2651713991498525,-0.7323025235136724,0.1037160661327028,0.6185952802554949,0.0165007454816137,-0.0073781274241459,0.1909438280036299,0.9814345333141611,0.3109472417593122,0.0503985239265656,0.1843202946042299,0.9310197799323654,0.3070783800570205,0.0695000211825317,0.1112785559061334,0.9425973151630712,0.2891498651937744,-0.6680268580323994,-0.1094812706068973,0.6768650705953757,0.4357703301829775,-0.6138703491168079,-0.2102622417522061,0.6237445017799875,0.4357703301829775,-0.6138703491168079,-0.2102622417522061,0.6237445017799875,-0.1091714631646406,0.6230585506371489,0.1176450654462058,0.7655320193725312
3.6878302545262116,0.0381630712519118,0.1465657161394358,-0.1279895677926527,0.6201209746179068,0.0910599792005810,0.7686200150680295,0.1032595351819394,0.4077840523050015,0.0808400273219908,2.1973438061408452,-0.2725262812535768,0.2618653615194417,-0.0096454012318420,-0.1839228724853574,-0.0080651413558044,2.2046234136071226,-0.2674757406658458,0.1505745575815677,0.0644646137896534,-1.4288137700945966,0.6007139360719851,0.4570063112680567,-1.5496431944500708,0.3862480374267202,-1.3337221138178068,0.6066037726477777,-0.1106298572649729,-1.7403573018141816,-0.3878384966700530,0.0001851780392434,0.6914447749717185,0.2948092554518425,-0.0131785284555936,-0.0907536305047105,0.1029325165621730,-0.2467303760963259,-0.3261560710238223,0.0023224195504882,1.0526655708440176,-0.1344219561198815,-0.0544347931590585,-0.0005428643763086,-0.3173413591293542,-0.1485763742443818,-0.0980177457511115,-0.1266926291829367,-0.0047721830347778,-0.0077200778320992,0.0873432347606526,-0.7368239018956282,-0.1235670527238917,0.4206071118632311,-0.4735930412182435,0.0208555434062335,1.8312030170777860,-0.7885180266187914,2.1072302616788181,-3.0409306388893027,-0.0191922180830750,-0.0008886133369844,0.0000000000000000,0.0000000000000000,-0.1279895677926527,0.6201209746179068,0.0910599792005810,0.7686200150680295,-0.1279895677926527,0.6201209746179068,0.0910599792005810,0.7686200150680295,-0.1407198251901917,0.6561201370045316,0.0741856416661399,0.7376996592016161,0.0115644061893747,0.6575506352503719,-0.0602022067211368,0.7509121925346703,0.0374347851111892,0.6565860265588658,-0.0306017758102691,0.7526997793998469,0.0442760239845955,0.9689267056959039,0.0194284718693572,-0.2425761883825801,0.0465040880280494,0.9928913523303206,0.0132363747205309,-0.1087608874945624,0.0319062755333512,0.9861208168260426,-0.1165082562328254,-0.1139014944305618,0.0319062755333512,0.9861208168260426,-0.1165082562328254,-0.1139014944305618,-0.1283150949266474,0.6166205340523514,0.0907197800884468,0.7714170563966440,-0.1985011943872363,0.6057058812392109,0.1468718725506493,0.7564035393310493,-0.2008828336219917,0.6049201814263826,0.1438946336270629,0.7569755581737139,-0.2190815909356361,0.9485315039043571,-0.1142927598047142,-0.1980616259406949,-0.2323646276085456,0.9664706252040156,-0.0840610389360578,-0.0698208578226626,-0.2369584574467532,0.9574088985470488,-0.1565245304486720,-0.0521436649575552,-0.2369584574467532,0.9574088985470488,-0.1565245304486720,-0.0521436649575552,-0.1079931143112581,0.6239141286156039,0.1157159448485526,0.7652963265840199,-0.0316844595663949,-0.0327660368560345,0.1265748394477782,0.9909093257556438,0.2630237769008315,0.0061655914797230,0.1306016410087829,0.9558889525631838,0.2594578557440473,-0.0669229668599418,0.3391937931983096,0.9017485837278081,0.4234138077079761,-0.6663944632804847,0.0216869031565001,0.6133260511203068,0.2658723530289960,-0.7413897364325497,0.1035064122301929,0.6074039621491891,0.2658723530289960,-0.7413897364325497,0.1035064122301929,0.6074039621491891,0.0111503774663239,0.0202304012268555,0.1874052027997434,0.9820110436813563,0.3046778798145191,0.0754161089854349,0.1727494997842527,0.9336173790057239,0.3004785946804825,0.0893785680277090,0.1178916983857717,0.9422449963612847,0.2864473639585635,-0.6738244649839580,-0.1070818715234797,0.6726380682516434,0.4341926438356445,-0.6198547309925632,-0.2069338106012229,0.6200284336505931,0.4341926438356445,-0.6198547309925632,-0.2069338106012229,0.6200284336505931,-0.1079347918236050,0.6239242208303889,0.1157874824320026,0.7652855063878100
3.7003235815244402,0.0438803448132361,0.1465985935161908,-0.1263215424931263,0.6213871461970512,0.0898145059186420,0.7680196852749499,0.0984867321469144,0.4078090311675091,0.1009238426156689,2.1950015878296942,-0.2734254065660872,0.2618542513217120,-0.0168658175070561,-0.1863058428718857,-0.0120505220634027,2.2019480194827930,-0.2675728397671996,0.1504314847975806,0.0624241848431020,-1.4395737006803382,0.5998568024339697,0.4660904969781849,-1.5582527087413287,0.3866607638704483,-1.2861808766369702,0.6045157214804042,-0.0836521285983169,-1.7817584155735053,-0.3882381303013561,0.0001866523220171,0.5957268891393538,0.2765632952992088,-0.0081187766180658,0.0399273991951756,0.1162407331795998,-0.2079362331817706,-0.2829125473154950,0.0008267092910327,0.9579220317009940,-0.1185163579625836,-0.0281840465862458,-0.0006410513297116,-0.3772545344604386,-0.1024104467443191,-0.2443234838573234,-0.1622504585874444,-0.0052822909262289,-0.0069568874098573,-0.1158899484225172,-0.3581721373049918,-0.0131127033826945,0.4504370030221614,-0.3846260511210519,0.0205241598912044,2.6217048537209382,0.0549353585993316,0.9125050671916013,-1.4160612147340639,-0.0201554907039934,0.0000495143331958,0.0000000000000000,0.0000000000000000,-0.1263215424931263,0.6213871461970512,0.0898145059186420,0.7680196852749499,-0.1263215424931263,0.6213871461970512,0.0898145059186420,0.7680196852749499,-0.1384234000166011,0.6557327007962895,0.0738230744848023,0.7385145503697677,0.0139887695549155,0.6570969657732580,-0.0604880053528191,0.7512450286733054,0.0464872754928480,0.6555997569549084,-0.0232394576992851,0.7533178741432870,0.0418710409605754,0.9693146867393904,0.0307888795798520,-0.2402663082798204,0.0456757899009173,0.9930126095731298,0.0247963988077315,-0.1059472418322399,0.0314530209624895,0.9877508796841121,-0.1050576215623215,-0.1110036184422159,0.0314530209624895,0.9877508796841121,-0.1050576215623215,-0.1110036184422159,-0.1269141407621899,0.6151275892925760,0.0891932398659942,0.7730170863104561,-0.1981909811213040,0.6041789955322328,0.1459627572511257,0.7578805643737586,-0.2016803710215610,0.6030231766563938,0.1415790824674416,0.7587116973973153,-0.2175263539170550,0.9494782049014932,-0.1157665495696802,-0.1943489896277364,-0.2310239028399140,0.9669170196425394,-0.0857179384045785,-0.0659686931648099,-0.2353282564946460,0.9577408258434589,-0.1581410710455426,-0.0484202835230128,-0.2353282564946460,0.9577408258434589,-0.1581410710455426,-0.0484202835230128,-0.1067959374399632,0.6250389950259725,0.1138270073234161,0.7648295854940745,-0.0313329490151887,-0.0372693321153910,0.1242076969092215,0.9910608917812227,0.2628890936210863,0.0010935472394286,0.1296740499955774,0.9560715294198779,0.2579386594999946,-0.0732533726681211,0.3423190341056905,0.9005105608581386,0.4250723943229225,-0.6726720177532955,0.0229847861089321,0.6052251777015026,0.2664992855450770,-0.7478840366457521,0.1030705486593144,0.5991861651719670,0.2664992855450770,-0.7478840366457521,0.1030705486593144,0.5991861651719670,0.0066847243601075,0.0438948413477538,0.1839492961866441,0.9819323875887405,0.2986284612006133,0.0966533955008605,0.1625491365792524,0.9354447827084444,0.2946704281103829,0.1067894424943543,0.1217110177472465,0.9417811751823876,0.2831575573576097,-0.6774369280108470,-0.1056129948072818,0.6706317183121721,0.4317222497767682,-0.6238653393422874,-0.2050254155774284,0.6183627708573035,0.4317222497767682,-0.6238653393422874,-0.2050254155774284,0.6183627708573035,-0.1067376354339597,0.6250489538737949,0.1138983475671478,0.7648189647653333
3.7111374681980873,0.0493693324260653,0.1461821546666503,-0.1243640076355675,0.6225138111092223,0.0890117008653359,0.7675200751069337,0.0950426937708924,0.4077951153736568,0.1184998771694995,2.1932205324221790,-0.2739857350936308,0.2618431717976743,-0.0246241058901679,-0.1881957851029024,-0.0196617817392411,2.1987793272997602,-0.2676925669118190,0.1503005585861652,0.0577520470539128,-1.4444818892547964,0.5997443111159527,0.4740064881524359,-1.5646487603836978,0.3870673142478152,-1.2355311349382725,0.6055295390741395,-0.0656574966658669,-1.8095461440644143,-0.3886256089624048,0.0001867756304559,0.5121212398273168,0.2694704616648830,-0.0437044459399729,0.0180714990694079,0.0404679585217231,-0.2138765691344229,-0.2829857216381815,-0.0010374977160204,0.8649309176579703,-0.1017303723110173,-0.0074860477904635,-0.0008149779592999,-0.3361427608927462,-0.0999574116153994,-0.3430943976245650,-0.1764410009125947,-0.0064648701540367,-0.0067161153945204,-0.1301421307625351,-0.0950070705215022,-0.0029747770961752,0.3634061833995771,-0.2438128034684176,0.0201483960528624,2.5613502598181537,0.0509432158250610,1.2362464482284081,-1.8477368428404886,-0.0185993180313623,0.0000778296127309,0.0000000000000000,0.0000000000000000,-0.1243640076355675,0.6225138111092223,0.0890117008653359,0.7675200751069337,-0.1243640076355675,0.6225138111092223,0.0890117008653359,0.7675200751069337,-0.1360297454832951,0.6556915975633579,0.0736769828570190,0.7390102431128064,0.0164293841450830,0.6570274402058982,-0.0606194006452286,0.7512458362071051,0.0547401516629891,0.6549492328744381,-0.0166795310985274,0.7535030267991182,0.0398301549392701,0.9694000371907494,0.0410883160918957,-0.2387234318889142,0.0450679446720462,0.9929182999299173,0.0352643066682330,-0.1041083988087904,0.0310910319374566,0.9890245126744241,-0.0946616870208127,-0.1091009902455373,0.0310910319374566,0.9890245126744241,-0.0946616870208127,-0.1091009902455373,-0.1252549339275985,0.6132053637485690,0.0880649638201918,0.7749418981731002,-0.1974377062610202,0.6022325954866663,0.1452313909458281,0.7597645004629539,-0.2031425943959837,0.6003322690496392,0.1380164714565199,0.7611082095776351,-0.2151973577201488,0.9506958842441571,-0.1183450771325357,-0.1893723201262049,-0.2290648451596174,0.9674635887540738,-0.0885706314939666,-0.0608173033260273,-0.2329847486442294,0.9580820423715700,-0.1609638233059613,-0.0434459960299534,-0.2329847486442294,0.9580820423715700,-0.1609638233059613,-0.0434459960299534,-0.1062574871926612,0.6258587682795612,0.1112339508970884,0.7646156921950511,-0.0323302324595304,-0.0391835920155116,0.1218309816661256,0.9912500260237798,0.2619287179554535,-0.0014459777983340,0.1279689459407111,0.9565642710938163,0.2561748847856433,-0.0767741461373736,0.3443579399390464,0.8999432027027467,0.4256218678684069,-0.6767768240716484,0.0241406168946975,0.6001969565131484,0.2663171794641252,-0.7520680348855209,0.1031690725116223,0.5939907181958289,0.2663171794641252,-0.7520680348855209,0.1031690725116223,0.5939907181958289,0.0009164126018525,0.0695375464259234,0.1800642477577682,0.9811934348050009,0.2933800190446719,0.1200550073216160,0.1511469447276892,0.9363063391550013,0.2894522350770508,0.1279553538936926,0.1186056710772179,0.9411575456889049,0.2764955299537291,-0.6727601151582211,-0.1066854139423520,0.6779102240118916,0.4247366802459908,-0.6205956001135875,-0.2076584592631626,0.6255699943809016,0.4247366802459908,-0.6205956001135875,-0.2076584592631626,0.6255699943809016,-0.1061990878575018,0.6258686804395492,0.1113052966919814,0.7646053096280480
3.7199294491366413,0.0546305491450420,0.1452192721828559,-0.1222711690710087,0.6236153115161989,0.0885203068974278,0.7670188131482492,0.0939419301104002,0.4052902211218240,0.1315256639863598,2.1922761676262783,-0.2743586861394019,0.2618277181025089,-0.0292468524952655,-0.1902978719012264,-0.0305231986818774,2.1963620599499407,-0.2681976258079268,0.1501947060526937,0.0516738414495193,-1.4470101233170864,0.5993053532992478,0.4796915900869783,-1.5684025789544156,0.3874667608310448,-1.1935977236410109,0.6017968739627508,-0.0369713802130578,-1.8529062171283786,-0.3889967535082586,0.0001851004234604,0.3958208132624599,0.2503274375041066,-0.0512860364547712,0.0437694465548394,0.1393626817430700,-0.2028467449370306,-0.0225227635245100,-0.1912109831453235,0.5886113298562139,-0.0237420819991278,-0.0102316127815995,-0.0009436837421143,0.1056223625759748,-0.1453289301460482,-0.5716558190609971,-0.0711862348960570,-0.0577790350351014,-0.0036225807785254,-0.3204614439338901,-0.1064895290903867,-0.0086978156180370,0.2976938590044777,-0.1580637293308531,0.0198588702437444,1.8650990996935091,-0.1218498629529018,1.1011895010979333,-1.6573231371157657,-0.0191358194547144,0.0003014533875373,0.0000000000000000,0.0000000000000000,-0.1222711690710087,0.6236153115161989,0.0885203068974278,0.7670188131482492,-0.1222711690710087,0.6236153115161989,0.0885203068974278,0.7670188131482492,-0.1337349581048110,0.6562441097071632,0.0735487961152108,0.7389514219793890,0.0178672392363456,0.6576068260524823,-0.0601582850862978,0.7507429685496413,0.0606579824641606,0.6550470098184756,-0.0111361076896269,0.7530670695208873,0.0376266299775711,0.9691881479961606,0.0488634878782546,-0.2384762672734451,0.0439547677164598,0.9926937149375049,0.0432594744083818,-0.1037100987969792,0.0300402040746214,0.9898462672704521,-0.0866981024778880,-0.1085605468696719,0.0300402040746214,0.9898462672704521,-0.0866981024778880,-0.1085605468696719,-0.1233757919891674,0.6121694560698450,0.0873263242769547,0.7761450148615737,-0.1964451406041445,0.6011250674460022,0.1450033901142070,0.7609415068692499,-0.2052541207992512,0.5981745446555454,0.1338099592009187,0.7629894198740281,-0.2125681977860344,0.9516368373091028,-0.1218569676974711,-0.1853455437551796,-0.2269464151518975,0.9678701807739338,-0.0923562880161807,-0.0565062287027508,-0.2305463941183605,0.9582124646490388,-0.1647156439404280,-0.0393190716005171,-0.2305463941183605,0.9582124646490388,-0.1647156439404280,-0.0393190716005171,-0.1059190580191334,0.6265999111807919,0.1085509418459866,0.7644412321957214,-0.0337244235527685,-0.0397404765768975,0.1195659358451510,0.9914571825161933,0.2604533315902870,-0.0026740337428968,0.1259689169463148,0.9572297235096886,0.2542600018201146,-0.0785352856156611,0.3451584373819683,0.9000276181827646,0.4250347779044980,-0.6792917916730545,0.0251384616643739,0.5977258209935679,0.2652123869049398,-0.7545013007746710,0.1036677865561890,0.5913063224692043,0.2652123869049398,-0.7545013007746710,0.1036677865561890,0.5913063224692043,-0.0042743039807596,0.0914328215082323,0.1762943419624174,0.9800724842931581,0.2865042580782868,0.1395918471886442,0.1412578212184382,0.9372703207965634,0.2838944212477665,0.1440127117996177,0.1225575801510509,0.9400233699073843,0.2737478745249726,-0.6769278493864122,-0.1050175269610006,0.6751311775863581,0.4228648820036943,-0.6250386536566266,-0.2053856861512941,0.6231602465877260,0.4228648820036943,-0.6250386536566266,-0.2053856861512941,0.6231602465877260,-0.1058612545047546,0.6266096794162348,0.1086214601385074,0.7644312152534996
3.7266979835196077,0.0594221836736716,0.1445503827608708,-0.1216509701891777,0.6254264910591190,0.0865477950994250,0.7658669759801228,0.0922397111706719,0.4018347242830040,0.1427240131486712,2.1919193793733935,-0.2744543118519329,0.2618101717693708,-0.0280900532901239,-0.1921188773584091,-0.0397461171441625,2.1958754737032979,-0.2687375576902097,0.1501033676434020,0.0469351121481793,-1.4477051464409911,0.5992269784102487,0.4852383157327935,-1.5711690464330146,0.3878617116966502,-1.1605518032255084,0.6003240892545956,-0.0185902721210937,-1.8785222283657417,-0.3893760252551619,0.0001893867665338,0.3113847479731458,0.2303561197515360,-0.0402225302018599,-0.2198375214492593,0.1841566104064209,-0.1902469223964854,-0.0375288881077019,-0.1812440884171874,0.4676719919194156,-0.0156386467306961,-0.0043364610360142,-0.0006432774005948,-0.0571882232918316,-0.0413733218869784,-0.4695810152399059,-0.0102899051795108,-0.0110214023660869,-0.0053476311871761,-0.1520287491629383,0.1929744248544294,-0.0135302679168035,0.1857839864872227,-0.0091569129173808,0.0197237983025457,1.5496738145570605,-0.1382478930041146,0.9625492068229564,-1.2811623258822078,-0.0185663001678622,-0.0006658428742144,0.0000000000000000,0.0000000000000000,-0.1216509701891777,0.6254264910591190,0.0865477950994250,0.7658669759801228,-0.1216509701891777,0.6254264910591190,0.0865477950994250,0.7658669759801228,-0.1328476801545610,0.6574413542281101,0.0718876712098938,0.7382103510221723,0.0172840067472769,0.6585516855042698,-0.0608822555492038,0.7498695163756742,0.0638890748439173,0.6556731239614316,-0.0076123424069082,0.7522984732626579,0.0359789834128553,0.9688352828129767,0.0533411135420809,-0.2392037481632934,0.0429374387468899,0.9924492494008249,0.0479180341331816,-0.1044256947422814,0.0289391560318763,0.9902127719209139,-0.0820385089829748,-0.1091369534883294,0.0289391560318763,0.9902127719209139,-0.0820385089829748,-0.1091369534883294,-0.1227339103964814,0.6145774501801956,0.0854103356417742,0.7745553689274625,-0.1964256575821752,0.6035582476479113,0.1439368243383670,0.7592210437935576,-0.2080990761719272,0.5996335312145226,0.1291791253350196,0.7618708265298471,-0.2097782019120022,0.9513617754134774,-0.1264340853112700,-0.1868643902839338,-0.2248239266436471,0.9678189015565462,-0.0971940015353945,-0.0577416822057582,-0.2285207957498029,0.9578058035870441,-0.1694937838375155,-0.0407203360164872,-0.2285207957498029,0.9578058035870441,-0.1694937838375155,-0.0407203360164872,-0.1068460976008798,0.6281251194578622,0.1046114324496246,0.7636093202249090,-0.0370079760910996,-0.0387280095525587,0.1172436779283534,0.9916574362992346,0.2573422942377653,-0.0023964498003398,0.1234511877886357,0.9583991886778565,0.2511038263161751,-0.0784329930791746,0.3455856194596539,0.9007584102458918,0.4231997974314322,-0.6807486968694824,0.0269256385037287,0.5972923514960353,0.2630082652156004,-0.7557177523032900,0.1053802675150320,0.5904340187526498,0.2630082652156004,-0.7557177523032900,0.1053802675150320,0.5904340187526498,-0.0102154401932340,0.1096473518491373,0.1723497831281258,0.9788608967927048,0.2797957016883111,0.1557226660596537,0.1322022722464107,0.9380764232219597,0.2782719560639935,0.1579746228763770,0.1224117708800451,0.9394807583688964,0.2690232121892592,-0.6769960438143576,-0.1036339688993290,0.6771727020880671,0.4184826215559626,-0.6259006675047780,-0.2044487400271158,0.6255568420008264,0.4184826215559626,-0.6259006675047780,-0.2044487400271158,0.6255568420008264,-0.1067861995898631,0.6281353053631393,0.1046842491677292,0.7635993410877846
3.7320189211969450,0.0634700528014290,0.1444868767537418,-0.1209820201826766,0.6262618911197506,0.0844742495137705,0.7655217147101174,0.0910390833582028,0.3982769475567445,0.1487275586370977,2.1917830783093826,-0.2744937192111943,0.2618062781167884,-0.0295163655127602,-0.1926728198725081,-0.0507571564417787,2.1956613058334509,-0.2688544196645878,0.1499945995796155,0.0505419467727587,-1.4322571509800073,0.5960361375824103,0.4865053465515553,-1.5661153236064114,0.3882501198816359,-1.1312363337984099,0.5931313632586953,-0.0015303917799366,-1.9025525022215892,-0.3897425063222624,0.0001587757179463,0.2439131883547447,0.1839813168126831,0.0015385031155659,-0.0839600730583267,-0.0214600095103095,-0.2183097709770147,-0.0586608686271944,-0.1748522753259204,0.1812819594778988,-0.0091677050312737,-0.0019657825182205,-0.0000786243173107,-0.1244535690337895,-0.0118915876742465,-0.6085902667518482,-0.0176472092946854,-0.0040603372635454,-0.0054671301124123,0.2924544783167894,0.9538286772040157,-0.2729525531766918,0.0238057982434517,0.2785877007008759,0.0190314560298726,1.3345064137655247,-0.4595069391266346,0.7430397661280094,-1.0857713093848891,-0.0182684223910347,-0.0011492643776306,0.0000000000000000,0.0000000000000000,-0.1209820201826766,0.6262618911197506,0.0844742495137705,0.7655217147101174,-0.1209820201826766,0.6262618911197506,0.0844742495137705,0.7655217147101174,-0.1319592274575540,0.6578753949764623,0.0700347602001283,0.7381611337215479,0.0168063716814453,0.6587179062771774,-0.0616086268434658,0.7496750248735652,0.0655806834547632,0.6556606653878890,-0.0058774140959828,0.7521793149404351,0.0352135024023367,0.9687414609072038,0.0556361329300495,-0.2391748562882984,0.0424942053266069,0.9923546617939122,0.0502952537771675,-0.1043880030321588,0.0285049087210119,0.9904294973358366,-0.0796667944861675,-0.1090416564538002,0.0285049087210119,0.9904294973358366,-0.0796667944861675,-0.1090416564538002,-0.1221469312260795,0.6149162974273938,0.0832759366273952,0.7746116399390519,-0.1960794676572415,0.6040566630890786,0.1420298639042948,0.7592732761662752,-0.2109802644998782,0.5990149729769876,0.1231810279925399,0.7625580794166712,-0.2057635455642114,0.9517104575706847,-0.1317102918627931,-0.1859058021818077,-0.2215589528017317,0.9680397432432579,-0.1029459474634019,-0.0566817240015756,-0.2251833657311315,0.9576042129975736,-0.1751941318849123,-0.0399204108244169,-0.2251833657311315,0.9576042129975736,-0.1751941318849123,-0.0399204108244169,-0.1053028123568890,0.6290881680544451,0.1035675083021729,0.7631730902932260,-0.0374000053727853,-0.0307438396007211,0.1156361648037327,0.9921110488822338,0.2558202390104217,0.0045977844758470,0.1195649056446939,0.9592909355501807,0.2512038571945577,-0.0715366079545461,0.3427535709606399,0.9023852422589059,0.4208141303623998,-0.6757208733473551,0.0258234648328623,0.6046899351519353,0.2611260139259874,-0.7504399998657201,0.1060037499756119,0.5978429697201196,0.2611260139259874,-0.7504399998657201,0.1060037499756119,0.5978429697201196,-0.0121001391471613,0.1251490726033784,0.1695424758540554,0.9774695111052885,0.2745125116815301,0.1692901430918894,0.1254901946135087,0.9382088996796449,0.2742692582901655,0.1696143115038187,0.1240518073545985,0.9384127601338904,0.2667995312380406,-0.6775637053995018,-0.1022330947956086,0.6776974469370328,0.4165810678441527,-0.6267655700702234,-0.2032151301107802,0.6263615130118017,0.4165810678441527,-0.6267655700702234,-0.2032151301107802,0.6263615130118017,-0.1052521470640456,0.6290966467998192,0.1036289717315362,0.7631647467889864
3.7359716105481682,0.0668735190905929,0.1447047600844927,-0.1201654195793105,0.6264165814625610,0.0827798400629564,0.7657088457666135,0.0905601423314106,0.3944458435073947,0.1505268710294487,2.1914827396658052,-0.2745509691719902,0.2618058205948147,-0.0331670329087612,-0.1929292730904070,-0.0641949325145555,2.1950859014817459,-0.2689500177877282,0.1498885406477962,0.0561807025003878,-1.4137387953096245,0.5894459758631909,0.4868680244900918,-1.5629656286415279,0.3886248196985939,-1.1087904287639523,0.5834240693285050,0.0104065596331843,-1.9206204871262758,-0.3901066890824146,0.0001483618635689,0.1672293719915911,0.1558870846190877,0.0144217707865938,-0.0432840486010407,-0.0065553967503223,-0.1628171300272048,0.0401781156358338,-0.2357566562687355,0.0256893434458105,-0.0114483148266015,-0.0048971421746496,-0.0000375728196359,-0.1300390943510577,-0.0545297236660813,-0.7533050181486870,-0.0234084843319924,-0.0082737585811265,-0.0046806722298791,0.2487464932535814,0.8570997072981174,-0.3301855213106464,0.0161416165099653,0.0644441727090092,0.0185842319216471,0.9032968525304768,-0.4808929962284491,0.4728611527996675,-0.7389979401594908,-0.0181266013010762,-0.0001286365665024,0.0000000000000000,0.0000000000000000,-0.1201654195793105,0.6264165814625610,0.0827798400629564,0.7657088457666135,-0.1201654195793105,0.6264165814625610,0.0827798400629564,0.7657088457666135,-0.1309907574925760,0.6578179589884157,0.0684833179162405,0.7385302901377983,0.0164380318755986,0.6584703568086755,-0.0618968594094834,0.7498768959686357,0.0658866266902809,0.6553719341801747,-0.0053559177905245,0.7524080637904771,0.0348979089233912,0.9688481826567212,0.0561415121347653,-0.2386702024358431,0.0422520288673775,0.9923940046313534,0.0508379729001226,-0.1038479953573642,0.0283353205263194,0.9905393658796469,-0.0791335867984967,-0.1084746500055363,0.0283353205263194,0.9905393658796469,-0.0791335867984967,-0.1084746500055363,-0.1215010642676074,0.6136513562071040,0.0814177163994187,0.7759127914033417,-0.1956268342436742,0.6029643115488796,0.1401102084678340,0.7606137720323535,-0.2144270608024584,0.5965373876576683,0.1162044908689650,0.7646310855726894,-0.2011617748853311,0.9524788253577212,-0.1378999217819935,-0.1824873670769573,-0.2178330026509649,0.9683453627017700,-0.1096869684992764,-0.0531489457231472,-0.2212011967727457,0.9574136417429232,-0.1818875782705818,-0.0366886633951467,-0.2212011967727457,0.9574136417429232,-0.1818875782705818,-0.0366886633951467,-0.1026806593901563,0.6295189780944780,0.1040635674849393,0.7631076675859021,-0.0361994685072947,-0.0209800423423076,0.1145429886544384,0.9925368205025015,0.2539853334616335,0.0132346137635787,0.1156940077320546,0.9601724803178897,0.2514325711588761,-0.0627844538406323,0.3394038427778961,0.9042371403696979,0.4181111899486605,-0.6697601197319366,0.0240423699506523,0.6132098982432806,0.2590608057818838,-0.7441697496933796,0.1062151540938409,0.6064793678186892,0.2590608057818838,-0.7441697496933796,0.1062151540938409,0.6064793678186892,-0.0116594056787584,0.1368142703942908,0.1677146502365366,0.9762262595176047,0.2700395846467185,0.1793260196501279,0.1211962341161138,0.9382069463803512,0.2708471750295991,0.1783278098806346,0.1257044242446296,0.9375710094318134,0.2652510998733038,-0.6781723952273566,-0.1006230352397070,0.6779373578338508,0.4153398220158254,-0.6275320878679054,-0.2017284181713597,0.6268986810052262,0.4153398220158254,-0.6275320878679054,-0.2017284181713597,0.6268986810052262,-0.1026338798231716,0.6295266065118740,0.1041202733989558,0.7630999325602216
3.7384313167655061,0.0697550010495711,0.1450622848335650,-0.1206088530147769,0.6268162155188013,0.0805812645043882,0.7655465997233759,0.0903537050012046,0.3903607486084384,0.1510519710366056,2.1912067467013046,-0.2746090313601073,0.2618038392760841,-0.0349822536075130,-0.1940277380004168,-0.0786112171858217,2.1946738772676331,-0.2691257471811871,0.1497978673224994,0.0610816918724301,-1.3999410922472038,0.5854362218073801,0.4873453935168879,-1.5625458551353852,0.3889956188616118,-1.0954478532827068,0.5751232237472444,0.0175253871379911,-1.9318187286131296,-0.3904673867588351,0.0001530265086933,0.0992698976631647,0.1335654535324143,0.0125785244062372,-0.2536690961610692,-0.0075190665363959,-0.1261775595715257,0.0029252143489188,-0.2016152700577420,-0.0045077999837574,-0.0174411055620905,-0.0027143155496296,0.0000285159059104,-0.1327946565548037,-0.0275956349438221,-0.7167378623003124,-0.0247810291194982,-0.0064990994123084,-0.0046435060062119,0.2791252064393945,0.6089958756865367,-0.2158682717950373,0.0176936313206311,0.0233649596842859,0.0183741247568603,0.5193626475743303,-0.4187902753242200,0.2432897640899086,-0.4373066713565364,-0.0178970899816903,-0.0001514669880069,0.0000000000000000,0.0000000000000000,-0.1206088530147769,0.6268162155188013,0.0805812645043882,0.7655465997233759,-0.1206088530147769,0.6268162155188013,0.0805812645043882,0.7655465997233759,-0.1313269129917380,0.6581601027032378,0.0662904944935050,0.7383658249631627,0.0145190474294482,0.6585073937813216,-0.0627468149459505,0.7498133413131650,0.0641677636064913,0.6555343534222051,-0.0059879802538169,0.7524103625612516,0.0346809868661332,0.9689560295723894,0.0543193054426302,-0.2386856823555477,0.0417893282089859,0.9925061963583871,0.0490612865874949,-0.1038175919410059,0.0278806616076669,0.9904187734129064,-0.0809086702565769,-0.1083840811969467,0.0278806616076669,0.9904187734129064,-0.0809086702565769,-0.1083840811969467,-0.1220555901200743,0.6133447869530061,0.0791520831239332,0.7763024880645142,-0.1966546978265636,0.6027977471254248,0.1381729206675422,0.7608351003190230,-0.2197638083505794,0.5947621900020161,0.1087175754532564,0.7655993042517882,-0.1969598468389105,0.9525684775731497,-0.1460221264273932,-0.1802710538627550,-0.2147684869815995,0.9681416449040714,-0.1182799208353608,-0.0508538369177346,-0.2179718578033946,0.9565757059398203,-0.1903977496613728,-0.0346393552965084,-0.2179718578033946,0.9565757059398203,-0.1903977496613728,-0.0346393552965084,-0.1015879898856760,0.6301785015167054,0.1037075919556713,0.7627579379514218,-0.0364453859426390,-0.0131102763205806,0.1137662831742817,0.9927522789251108,0.2517767473978059,0.0202996428502272,0.1127056832313529,0.9609858599049678,0.2509352153074463,-0.0554816278361595,0.3369433363673091,0.9057717674828045,0.4156867130759806,-0.6655238892475873,0.0227059389058180,0.6194892652429576,0.2570457581237693,-0.7396344183555840,0.1063686617171742,0.6128247002356161,0.2570457581237693,-0.7396344183555840,0.1063686617171742,0.6128247002356161,-0.0121316949521677,0.1443885666983328,0.1663122991999648,0.9753691521261125,0.2653887069993347,0.1856779796319388,0.1184547463725233,0.9386484939202989,0.2668944357627453,0.1839168912207407,0.1265732621505715,0.9375079448149484,0.2631442840091581,-0.6788154464652167,-0.0981954559721185,0.6784705799516771,0.4135784784880498,-0.6284082389322869,-0.1994863121492523,0.6279021728252133,0.4135784784880498,-0.6284082389322869,-0.1994863121492523,0.6279021728252133,-0.1015396771279728,0.6301862878797027,0.1037660682756033,0.7627499849962449
3.7397592956241534,0.0721223256428901,0.1455962046437498,-0.1217885949913326,0.6268843390160228,0.0783023900343456,0.7655405275629709,0.0910343053693490,0.3859845196378530,0.1496909655562640,2.1908064634313891,-0.2746730823334535,0.2618071953136272,-0.0388814252756828,-0.1942730869996788,-0.0936882094039623,2.1937809560705697,-0.2692307550424514,0.1497054734369663,0.0671166031164987,-1.3894416819561486,0.5805652324832119,0.4876352408880689,-1.5622705939496913,0.3893590300687826,-1.0879956385318532,0.5661209835721966,0.0198682338213362,-1.9377225041209309,-0.3908225101869384,0.0001472855561602,0.0446872379929578,0.1087044337355839,0.0253948091835787,-0.2209728168514601,-0.0457533128149859,-0.0792265528326686,0.0542821554585969,-0.2355267398191223,-0.1234793664359566,-0.0231204981949285,-0.0037164704563533,0.0002062758305076,-0.2447964813852639,-0.0046718201935474,-0.7903351732130269,-0.0642458620117643,-0.0050290963946813,-0.0045513760416444,0.2713238730884098,0.4455870739956784,-0.2094095449819428,0.0153123699229284,0.0004501241287219,0.0181155923569608,0.2472642104005471,-0.4534426848669727,0.0395464631340624,-0.1768469754190293,-0.0176753087136981,-0.0001096150045212,0.0000000000000000,0.0000000000000000,-0.1217885949913326,0.6268843390160228,0.0783023900343456,0.7655405275629709,-0.1217885949913326,0.6268843390160228,0.0783023900343456,0.7655405275629709,-0.1324739137014618,0.6584102400298015,0.0638703832965509,0.7381511987052987,0.0117368961818790,0.6584217891169450,-0.0637512168871342,0.7498525023159338,0.0610189022680535,0.6556932977253502,-0.0074091287711986,0.7525211609615439,0.0345139944660379,0.9691736836919891,0.0508624204019507,-0.2385878647705182,0.0411521772318052,0.9927116301021400,0.0456585143453940,-0.1036601072583226,0.0272693557019973,0.9901781647804931,-0.0843106307900209,-0.1081448184950292,0.0272693557019973,0.9901781647804931,-0.0843106307900209,-0.1081448184950292,-0.1234287141199152,0.6119701514543087,0.0767428326602548,0.7774113607961849,-0.1982396613044504,0.6016431141722572,0.1357294802349056,0.7617769411383943,-0.2257276101200988,0.5918787427965830,0.1005152684196894,0.7672178834395900,-0.1924419988238294,0.9527662754592710,-0.1549914521665720,-0.1765790225124622,-0.2115016136342674,0.9678449107289034,-0.1277628294384348,-0.0471164050002653,-0.2144330168733413,0.9555794130398054,-0.1997876302088158,-0.0311668006802955,-0.2144330168733413,0.9555794130398054,-0.1997876302088158,-0.0311668006802955,-0.1008578972632047,0.6305902956224140,0.1037368384673801,0.7625104799091453,-0.0365011130426185,-0.0072306593601094,0.1134708530819676,0.9928442736968975,0.2494022735386725,0.0255730214252621,0.1107878039727952,0.9617019231652869,0.2498672940537896,-0.0498482708986953,0.3354215203071406,0.9069585927513425,0.4135975363610898,-0.6623067530054459,0.0224071643850416,0.6243274475975275,0.2552440649585855,-0.7361863267933431,0.1072232911057973,0.6175624060695286,0.2552440649585855,-0.7361863267933431,0.1072232911057973,0.6175624060695286,-0.0121783747909906,0.1487328231928065,0.1656573943758003,0.9748270934792328,0.2609971836957627,0.1891346847001474,0.1174389034760539,0.9393171163651810,0.2627791286515531,0.1871316861121279,0.1268709544771705,0.9379939352192076,0.2607645338229776,-0.6794059657810901,-0.0953218135900160,0.6792077321519981,0.4115517112539502,-0.6292697408571707,-0.1968429786107437,0.6292039605542430,0.4115517112539502,-0.6292697408571707,-0.1968429786107437,0.6292039605542430,-0.1008113894455847,0.6305977324186706,0.1037930751578406,0.7625028269952586
3.7401530146098017,0.0740923412932113,0.1461567723729136,-0.1232544570393530,0.6268481594890215,0.0765025422107415,0.7655175274286380,0.0917197355124961,0.3812755044727502,0.1463730583607770,2.1901327265458379,-0.2747409229680337,0.2618134637567919,-0.0435450310886430,-0.1944077535963295,-0.1104398175206200,2.1918005181280362,-0.2693611786270263,0.1496231163971955,0.0713330055133871,-1.3818710161297727,0.5778706090958279,0.4881233270243780,-1.5625331654257315,0.3897200340449438,-1.0855464964171413,0.5574918210977966,0.0199640645920391,-1.9386780740153349,-0.3911736542996478,0.0001466147136251,0.0057280968967825,0.0915008752463716,0.0268155502236230,-0.2158313257281855,-0.0440472340934572,-0.0389099459762779,0.0145312029429792,-0.2283166858305186,-0.1713945781387461,-0.0479370583359825,-0.0032647947044525,0.0004438412166633,-0.1590525150974720,-0.0067490949250112,-0.8663697200001451,-0.1231595133591311,-0.0084974651862749,-0.0035226034710541,0.2177007814069373,0.3328111673445952,-0.1016302989310924,0.0340296288629371,-0.0133042135741276,0.0179489812192430,0.0434029912668502,-0.4278605610749515,-0.0126072732956656,0.0854206989935749,-0.0174892126566455,-0.0001487956092588,0.0000000000000000,0.0000000000000000,-0.1232544570393530,0.6268481594890215,0.0765025422107415,0.7655175274286380,-0.1232544570393530,0.6268481594890215,0.0765025422107415,0.7655175274286380,-0.1339468931706979,0.6586152293848344,0.0618857948938869,0.7378715049536964,0.0084666341013101,0.6583952870270772,-0.0641834714534745,0.7498829536132353,0.0566990673159918,0.6560040042850115,-0.0090503192911493,0.7525702982766839,0.0340106048083780,0.9694340568882034,0.0462598235442317,-0.2385391306085985,0.0400248395614116,0.9929664395475789,0.0411667916148244,-0.1035420562787449,0.0261667597901484,0.9898442330232563,-0.0888000515216937,-0.1078807020853693,0.0261667597901484,0.9898442330232563,-0.0888000515216937,-0.1078807020853693,-0.1251349493879090,0.6100318559791983,0.0747757056694753,0.7788523434990057,-0.2001273923388197,0.5998960070393071,0.1336227982272821,0.7630326043937257,-0.2324222647001359,0.5881378097841528,0.0919723608712385,0.7691650618753633,-0.1880485980139953,0.9529520080676683,-0.1646716401738325,-0.1714743305198487,-0.2084555954866407,0.9673464854823662,-0.1379321898719779,-0.0419732382875798,-0.2110097762529522,0.9543307017395146,-0.2098509559075933,-0.0262747473387465,-0.2110097762529522,0.9543307017395146,-0.2098509559075933,-0.0262747473387465,-0.1009606606108057,0.6308226543521318,0.1035854762159161,0.7623252408796942,-0.0371288327158270,-0.0030663380629391,0.1135271837779172,0.9928361525929141,0.2473986503753364,0.0294194243181318,0.1096919384387519,0.9622349421564372,0.2488274404305656,-0.0457097925044654,0.3347174685330855,0.9077222791232880,0.4121872448960680,-0.6600198225617948,0.0225588814596321,0.6276675918332707,0.2540025379616477,-0.7337788876605305,0.1081918002297401,0.6207622645552529,0.2540025379616477,-0.7337788876605305,0.1081918002297401,0.6207622645552529,-0.0125863531660867,0.1504190936834160,0.1654697936735640,0.9745950068367208,0.2564618115604516,0.1901924892825183,0.1176136615509921,0.9403303583572216,0.2582723153585798,0.1882149616255102,0.1271482939627078,0.9389908682633715,0.2583933573986018,-0.6798941632239048,-0.0915644410055578,0.6801417152400564,0.4095317963753096,-0.6299959234805251,-0.1933737417598667,0.6308687978917026,0.4095317963753096,-0.6299959234805251,-0.1933737417598667,0.6308687978917026,-0.1009143225334160,0.6308300688319012,0.1036414734154913,0.7623176298324918
3.7401527184142234,0.0757981838795184,0.1468288470027568,-0.1249937830700110,0.6268890512973583,0.0747038135529188,0.7653796520668660,0.0914697215443098,0.3772703885468742,0.1437941479830479,2.1885996255183615,-0.2748130692068628,0.2618229687063429,-0.0474346671991784,-0.1946628983638361,-0.1277265221705925,2.1889514696231709,-0.2695210525012063,0.1495510725416987,0.0755444420365454,-1.3746577556902442,0.5765893194428983,0.4894821855024181,-1.5631430979522256,0.3900786919463221,-1.0852535470861902,0.5493529047124955,0.0196842735639729,-1.9377582496183718,-0.3915187833071632,0.0001446665203081,-0.0030063254009515,0.0830248608949806,0.0310579632731353,-0.2510651602617693,-0.0320464714855000,-0.0271317769337860,-0.0152982943670199,-0.1826722724611448,-0.0999379463170079,-0.0964281225620839,-0.0039310495877217,0.0004780762784103,-0.2335724994453342,-0.0238763432288931,-0.8723711937084113,-0.1567325494265173,-0.0071820179010942,-0.0037041472558770,0.2320607450913121,0.3383801968438141,-0.0534956178806909,0.0727742232102368,-0.0262229234369324,0.0177817068962423,0.0035297371797415,-0.4144746373586652,-0.0176543390911770,0.0641050399212738,-0.0171711391659409,-0.0002412820605912,0.0000000000000000,0.0000000000000000,-0.1249937830700110,0.6268890512973583,0.0747038135529188,0.7653796520668660,-0.1249937830700110,0.6268890512973583,0.0747038135529188,0.7653796520668660,-0.1355835087218373,0.6585648603137965,0.0600442347396232,0.7377696976679642,0.0053040686899110,0.6581302358151465,-0.0646341865539969,0.7501059135147092,0.0526328128065097,0.6560436932513281,-0.0105080012752083,0.7528120890836129,0.0334744691403108,0.9698381606865012,0.0419534383632528,-0.2377673463735088,0.0389053660432562,0.9932646883882810,0.0369730113429393,-0.1026870377711170,0.0251679680684829,0.9895920656668150,-0.0930015501812742,-0.1068869899308162,0.0251679680684829,0.9895920656668150,-0.0930015501812742,-0.1068869899308162,-0.1270748330137018,0.6085966023144410,0.0728666777052278,0.7798414003796293,-0.2022384619910022,0.5986382512655999,0.1316496152297604,0.7638064070319360,-0.2395211924651803,0.5847202320314216,0.0833074843190018,0.7705788160010751,-0.1838304298053716,0.9528795605766891,-0.1746909032006962,-0.1664632225197937,-0.2056329205817366,0.9666048802055721,-0.1484103788706433,-0.0369386921705418,-0.2078179191877710,0.9528158685693355,-0.2202102531587004,-0.0214727145631362,-0.2078179191877710,0.9528158685693355,-0.2202102531587004,-0.0214727145631362,-0.1013777304556889,0.6311385618153185,0.1033769077292148,0.7620366700531487,-0.0380042933725118,0.0009205713050117,0.1137320430168294,0.9927838881775567,0.2458816444648622,0.0332244288784003,0.1087748242288337,0.9626039641799459,0.2482457355155026,-0.0418525973456133,0.3345102946358935,0.9081438639755278,0.4114754197079182,-0.6577789642755069,0.0226773267546886,0.6304764483976355,0.2534608637640169,-0.7315401883736173,0.1090178522151430,0.6234754616123150,0.2534608637640169,-0.7315401883736173,0.1090178522151430,0.6234754616123150,-0.0130732933156427,0.1510329720096112,0.1654830270217678,0.9744914048546252,0.2521236890870195,0.1903050985978231,0.1182351906752636,0.9414021747026132,0.2539108708946891,0.1883977234326818,0.1276490944215070,0.9400751438796013,0.2564084282936370,-0.6801236430922385,-0.0875319437354142,0.6811935898353926,0.4078482827784576,-0.6303864311221226,-0.1896714639299049,0.6326906522641725,0.4078482827784576,-0.6303864311221226,-0.1896714639299049,0.6326906522641725,-0.1013319255965498,0.6311459175955669,0.1034322119193997,0.7620291655145532
3.7401004256310664,0.0773538703853659,0.1475329417820864,-0.1269043395636913,0.6269723358859661,0.0731038850584473,0.7651514886759099,0.0907827112096151,0.3742044852902138,0.1422662509350782,2.1864063620411884,-0.2749001950946183,0.2618317021444036,-0.0528463247318193,-0.1953520123536162,-0.1456590444422366,2.1853936780403509,-0.2696696160907876,0.1494790848239760,0.0794259306296826,-1.3663363264891781,0.5755119894343746,0.4914767592241396,-1.5640413871946912,0.3904342151512175,-1.0852193965062640,0.5413623625803780,0.0193578224590368,-1.9363335615850119,-0.3918598059953415,0.0001419881766244,-0.0030454566389338,0.0779154858883415,0.0290867199157065,-0.2340422426721556,-0.0193059699348887,0.0045945987058296,-0.0246498416790217,-0.1603517702311078,-0.0563086152259284,-0.1173763815288171,-0.0046563946678266,0.0003778587421456,-0.2633280766652242,-0.0676939014055231,-0.9174603031554711,-0.1840874342523110,-0.0077672031666216,-0.0034442879284692,0.2051735957677789,0.3783543383548906,-0.0508420289993325,0.0947908103955184,-0.0282756597972954,0.0174899738668113,0.0084004971396617,-0.4150075071468083,-0.0180376881963849,0.0787528407579370,-0.0169055795342739,-0.0003197236482711,0.0000000000000000,0.0000000000000000,-0.1269043395636913,0.6269723358859661,0.0731038850584473,0.7651514886759099,-0.1269043395636913,0.6269723358859661,0.0731038850584473,0.7651514886759099,-0.1373465674136733,0.6583891643676461,0.0584724174227355,0.7377266465729001,0.0023971930123498,0.6577647139055138,-0.0651221659405114,0.7503991858402279,0.0491774771593465,0.6559281524174602,-0.0115818352786295,0.7531305967081932,0.0328854518147847,0.9703231514683197,0.0383550547792182,-0.2364749850542548,0.0378304617212522,0.9935724328643938,0.0334875997069994,-0.1012978651490314,0.0242831296036642,0.9894417692345064,-0.0965017304316153,-0.1053694971727877,0.0242831296036642,0.9894417692345064,-0.0965017304316153,-0.1053694971727877,-0.1292584404980542,0.6065666948884285,0.0711051936009094,0.7812254166724975,-0.2047762503441836,0.5967500493195000,0.1298787224377762,0.7649101799493079,-0.2471235434864005,0.5804945204931522,0.0745841722323291,0.7722650239293307,-0.1798867547364870,0.9527234158182809,-0.1851313046549167,-0.1602661800215239,-0.2031393602693206,0.9656198723738264,-0.1592709791588782,-0.0307476435503578,-0.2048682354491585,0.9510305955495539,-0.2309324339587953,-0.0154926879035510,-0.2048682354491585,0.9510305955495539,-0.2309324339587953,-0.0154926879035510,-0.1020414630228438,0.6314954957801037,0.1032684220539335,0.7616669952414180,-0.0390686164796022,0.0054967474121057,0.1141805552091716,0.9926762965772800,0.2443094470459559,0.0376808044259388,0.1079239102229034,0.9629358652912007,0.2477689369143697,-0.0374507255927958,0.3346580611906034,0.9084117894066787,0.4110735015557789,-0.6551353373472905,0.0229119847858639,0.6334755772961548,0.2532946357135170,-0.7289715979374916,0.1100074448499985,0.6263709755382929,0.2532946357135170,-0.7289715979374916,0.1100074448499985,0.6263709755382929,-0.0136881546045076,0.1515625322872893,0.1657192936972091,0.9743605846536931,0.2477335948510510,0.1904047517471638,0.1190802922776828,0.9424404386937877,0.2494921161946657,0.1885721409728829,0.1283461515086644,0.9411277793150761,0.2545759199114057,-0.6801777499783983,-0.0832986469904226,0.6823566991282132,0.4062868713796123,-0.6305699626829845,-0.1858019874839086,0.6346574838080589,0.4062868713796123,-0.6305699626829845,-0.1858019874839086,0.6346574838080589,-0.1019964284123679,0.6315027711400181,0.1033227391681686,0.7616596288398030
3.7400401084093877,0.0788371483294340,0.1482015735372094,-0.1286976516922262,0.6270082289330831,0.0718086868823704,0.7649451665232850,0.0899426725282109,0.3712830321338862,0.1415067451390629,2.1841455116988002,-0.2749982239832507,0.2618378794756098,-0.0577233209482937,-0.1969427193278663,-0.1642297602228458,2.1817412942180696,-0.2698446472223834,0.1494167073250403,0.0828603206861478,-1.3571221111239091,0.5742447211335172,0.4937753954682830,-1.5648502586759179,0.3907846181212566,-1.0850414743103209,0.5333148395097462,0.0190277449811644,-1.9350516588052125,-0.3921954784128192,0.0001387034140244,-0.0037970094755777,0.0750797203477799,0.0280233735749166,-0.2092499893199956,-0.0201621244807686,0.0154303856168687,-0.0298518660720950,-0.1588896044449256,-0.0203881354137707,-0.1108690000590904,-0.0050659827423392,0.0002159747303016,-0.2088604657679554,-0.1076641284202243,-0.9293279998887727,-0.1711680466236062,-0.0089669608323800,-0.0029485176482106,0.1880246790943753,0.4089844843899396,-0.0576372384672480,0.1032888420988985,-0.0243882759726895,0.0172315177801510,0.0186040498643908,-0.4183512002722094,-0.0181307344628727,0.0544324222810053,-0.0166416350626778,-0.0003160043191625,0.0000000000000000,0.0000000000000000,-0.1286976516922262,0.6270082289330831,0.0718086868823704,0.7649451665232850,-0.1286976516922262,0.6270082289330831,0.0718086868823704,0.7649451665232850,-0.1389880744383339,0.6581142706760759,0.0572372393028778,0.7377613573056043,-0.0003068767380444,0.6573608907715711,-0.0653234576130558,0.7507392430106149,0.0461789644841885,0.6557369427815501,-0.0120716313254826,0.7534791575271459,0.0319828379950365,0.9708127138127884,0.0354304828851311,-0.2350413871124836,0.0365371484066465,0.9938658066792637,0.0307125028286691,-0.0997624040913612,0.0232009883222928,0.9893700435916434,-0.0992945938090000,-0.1036784192811898,0.0232009883222928,0.9893700435916434,-0.0992945938090000,-0.1036784192811898,-0.1313068727647560,0.6046284952174221,0.0696686512731523,0.7825146432915090,-0.2075191314466143,0.5948640159385762,0.1287095207843373,0.7658371053197542,-0.2550769468898683,0.5760756361279924,0.0661789548255169,0.7737525176458402,-0.1764415737597880,0.9522965332222603,-0.1957352138620534,-0.1539071470608560,-0.2011655055711177,0.9643442010094524,-0.1702243879847160,-0.0244204644302333,-0.2024271238660293,0.9489482169457952,-0.2417299357562615,-0.0093369822747437,-0.2024271238660293,0.9489482169457952,-0.2417299357562615,-0.0093369822747437,-0.1027363870386107,0.6317813225152734,0.1032866550436976,0.7613340017291956,-0.0401287865001021,0.0104456352736248,0.1147490367133747,0.9925287037517424,0.2426472355979379,0.0425203811814529,0.1070909422271601,0.9632475623295205,0.2473053941040962,-0.0327044624793540,0.3349681432257370,0.9086070675516771,0.4107777983699773,-0.6521752730763546,0.0232740214517821,0.6367003482640479,0.2532874700103767,-0.7261200148537640,0.1111766703806298,0.6294719449884882,0.2532874700103767,-0.7261200148537640,0.1111766703806298,0.6294719449884882,-0.0142784013914827,0.1520779516576805,0.1660763078520666,0.9742110058111310,0.2433338022745518,0.1905158280862966,0.1200531659672617,0.9434403093256304,0.2450632810057041,0.1887569877002799,0.1291683450855320,0.9421413516691127,0.2528314033456308,-0.6802150761331779,-0.0789976179789604,0.6834786814795808,0.4048059926111783,-0.6307181369889864,-0.1818592788775318,0.6365955880347940,0.4048059926111783,-0.6307181369889864,-0.1818592788775318,0.6365955880347940,-0.1026923720305247,0.6317884783910193,0.1033396951904583,0.7613268041367319
3.7399933464653841,0.0802753857032442,0.1488279349186545,-0.1304093573879162,0.6270064677476433,0.0707970103251091,0.7647509870783570,0.0889913386205387,0.3686177432682730,0.1412297232110009,2.1821632058379619,-0.2751017466129616,0.2618414418569036,-0.0621851536578638,-0.1990902696892207,-0.1827014218590449,2.1785264662708053,-0.2700219734230611,0.1493599881537220,0.0857561910913017,-1.3466825251466219,0.5724335442842852,0.4961190249389657,-1.5656882664869756,0.3911314218917516,-1.0846229648691539,0.5251855899442514,0.0187064707964831,-1.9336306896754860,-0.3925270804948920,0.0001360445546274,-0.0021693091245773,0.0730008765953341,0.0243159380295158,-0.1863821838207420,-0.0024764897662567,0.0470664084253114,-0.0458673226257631,-0.1340306623432478,-0.0095647297506949,-0.0920642725370154,-0.0052443057963738,0.0001212747392877,-0.1836921921419713,-0.1236676955228514,-0.9236152887303298,-0.1514301200076020,-0.0095693750179553,-0.0025640126186400,0.1309701901992530,0.5457703207329601,-0.1073935086876917,0.1122443103645858,-0.0365680064864989,0.0171626089379897,0.0248611805118461,-0.4086611390887652,-0.0148689253710834,0.1029496709705590,-0.0165151169098164,-0.0001955825813409,0.0000000000000000,0.0000000000000000,-0.1304093573879162,0.6270064677476433,0.0707970103251091,0.7647509870783570,-0.1304093573879162,0.6270064677476433,0.0707970103251091,0.7647509870783570,-0.1405508293845799,0.6577733406009194,0.0563046562270464,0.7378410956575735,-0.0028476316655380,0.6569427797233544,-0.0652852670017617,0.7511031281227361,0.0435171144350583,0.6555060530521410,-0.0121203782995455,0.7538376294621585,0.0308335558594440,0.9712610829437527,0.0330141583557812,-0.2336905345538232,0.0350689969469477,0.9941298673563180,0.0284746952927160,-0.0983115660094596,0.0219346090606698,0.9893395193255036,-0.1015495787420363,-0.1020483781519969,0.0219346090606698,0.9893395193255036,-0.1015495787420363,-0.1020483781519969,-0.1332488424352415,0.6028353664630607,0.0685391512801552,0.7836687129602740,-0.2103760260685575,0.5930553756853538,0.1280367747467906,0.7665727841103842,-0.2630717014839933,0.5716345255948169,0.0582891309745784,0.7750029846629848,-0.1734682433006418,0.9515978086581800,-0.2061870788328992,-0.1478420361246956,-0.1996409527606879,0.9628376671005284,-0.1809636231187351,-0.0184196607177734,-0.2004588133066062,0.9466515421297443,-0.2522995518490363,-0.0034724757537421,-0.2004588133066062,0.9466515421297443,-0.2522995518490363,-0.0034724757537421,-0.1034956639535564,0.6320066128091686,0.1034132870071370,0.7610269252652462,-0.0412303130311789,0.0158308991027135,0.1154446206657330,0.9923315894801982,0.2407104162707246,0.0477911878297386,0.1062736099550492,0.9635768872755925,0.2466925279914569,-0.0274788845988538,0.3353225284190896,0.9088159931850984,0.4103862726369787,-0.6488935457557203,0.0237736509277384,0.6402773516447878,0.2532366158474342,-0.7229442904436958,0.1125625451268402,0.6328921256766981,0.2532366158474342,-0.7229442904436958,0.1125625451268402,0.6328921256766981,-0.0148917786561234,0.1526508894997095,0.1665506216981795,0.9740312270535043,0.2388488958240628,0.1907016626654821,0.1211374405777309,0.9444097634557386,0.2405501210261480,0.1890157038412344,0.1301023629013648,0.9431235752239420,0.2511287727397806,-0.6801818456473917,-0.0745684125760244,0.6846360698939341,0.4033544883917753,-0.6307851513578652,-0.1778005308942684,0.6385939404146903,0.4033544883917753,-0.6307851513578652,-0.1778005308942684,0.6385939404146903,-0.1034525495742068,0.6320136715912893,0.1034652023946349,0.7610198688613408
3.7399666910270160,0.0816934739958909,0.1493938488420759,-0.1319477430792807,0.6269026740015863,0.0701165372924688,0.7646348812499068,0.0881957349373791,0.3659507667270667,0.1410811009965032,2.1805605406208186,-0.2752071815044707,0.2618430082766280,-0.0657149553270418,-0.2018015171800329,-0.2006908982901337,2.1759149272354654,-0.2702041758810418,0.1493101761086700,0.0883076045927024,-1.3358276404842553,0.5699915942449069,0.4980840211931775,-1.5663496817277796,0.3914723993040844,-1.0837263264087156,0.5166870770563813,0.0183714375215202,-1.9323785021117408,-0.3928539347153016,0.0001323051769457,-0.0015998478124581,0.0720928699225722,0.0224328103162047,-0.1511432915644783,-0.0132882405855341,0.0615513258485833,-0.0487170392588972,-0.1207204207079204,-0.0062935613841600,-0.0701205952778163,-0.0052890083461664,0.0000573222282077,-0.1550226818604644,-0.1351630368424166,-0.8831664289512683,-0.1194541743985615,-0.0096447072530773,-0.0022809349141098,0.0942874122607992,0.6306800067493971,-0.1512132849704521,0.1056194170124171,-0.0391514465266492,0.0170955671308127,0.0507554504328878,-0.4165175690436087,-0.0148968629074833,0.0538736113777726,-0.0162457692540137,-0.0000523271869505,0.0000000000000000,0.0000000000000000,-0.1319477430792807,0.6269026740015863,0.0701165372924688,0.7646348812499068,-0.1319477430792807,0.6269026740015863,0.0701165372924688,0.7646348812499068,-0.1419687939469987,0.6573799603918287,0.0556896312282567,0.7379668787920860,-0.0052305742512143,0.6565313247104270,-0.0649335585431243,0.7514804679709921,0.0410602406092426,0.6552669653462905,-0.0118014310214230,0.7541882967752955,0.0294423814156902,0.9716536132473081,0.0309574435251899,-0.2325167493545538,0.0334103629944009,0.9943628628574243,0.0266263925011382,-0.0970426701865991,0.0204557347158406,0.9893291430394509,-0.1034133189703492,-0.1005738291485307,0.0204557347158406,0.9893291430394509,-0.1034133189703492,-0.1005738291485307,-0.1349679050225283,0.6013017806826817,0.0677755614383448,0.7846185738518962,-0.2132121019186183,0.5914337490043651,0.1279198136298222,0.7670614326212721,-0.2708867525203632,0.5673390936423165,0.0511196450448005,0.7759726168007351,-0.1710213080729839,0.9506596754149083,-0.2162049097165474,-0.1423141972520207,-0.1985820040133000,0.9611652540626807,-0.1912015650631464,-0.0129808929618986,-0.1989970597998549,0.9442265146363648,-0.2623603879354445,0.0018671076668282,-0.1989970597998549,0.9442265146363648,-0.2623603879354445,0.0018671076668282,-0.1042076005692548,0.6321059607041004,0.1037270348603941,0.7608045298662567,-0.0422084104382887,0.0213234118763084,0.1162513029138693,0.9920934415492597,0.2385703773730829,0.0531636995449909,0.1055588668654074,0.9639061788975347,0.2459220100765018,-0.0220508373561631,0.3356255660801856,0.9090608367569137,0.4098331613504711,-0.6454549863432893,0.0243823616787526,0.6440730866144228,0.2530524451505554,-0.7195905656913845,0.1141054621375798,0.6365012343127452,0.2530524451505554,-0.7195905656913845,0.1141054621375798,0.6365012343127452,-0.0154112531789906,0.1532837744852092,0.1671465612159960,0.9738216493941220,0.2342853325242981,0.1909504617804951,0.1223593461595021,0.9453446432477491,0.2359580988903060,0.1893372253396736,0.1311699822797185,0.9440707740511221,0.2494901178996473,-0.6800700360140655,-0.0699998214885368,0.6858275673796008,0.4019525007144451,-0.6307584388614206,-0.1736151024164916,0.6406526166241882,0.4019525007144451,-0.6307584388614206,-0.1736151024164916,0.6406526166241882,-0.1041657518190932,0.6321128583742133,0.1037774036327682,0.7607976609593294
3.7399735891727142,0.0831100930625512,0.1498872310235798,-0.1333808727813709,0.6267492802046258,0.0697593871417815,0.7645446425452647,0.0875046596641907,0.3633739377845470,0.1409762460846452,2.1793393584438370,-0.2753125564939134,0.2618435804283810,-0.0685772842533437,-0.2048083519392550,-0.2176519170219031,2.1739364203997793,-0.2703845058112974,0.1492653134280431,0.0903051896125505,-1.3239685462264661,0.5667569718994382,0.4996882526103642,-1.5669054426909357,0.3918087460243950,-1.0822994223132330,0.5079026329203236,0.0180283749216903,-1.9314496819763600,-0.3931762810080355,0.0001286334450463,-0.0010470599213214,0.0728335012101929,0.0208544317692599,-0.1140100708317264,-0.0286400590076629,0.0699884488048708,-0.0282125576770074,-0.1312756795484360,-0.0052281965271695,-0.0532089344254254,-0.0052541444109134,0.0000183693874005,-0.1369181161067458,-0.1582014116716712,-0.8175336383311544,-0.0846756040624117,-0.0087576576073005,-0.0021795696288019,0.0908514872910266,0.5983045874209334,-0.1754399559257653,0.0701551581286763,-0.0241813638194823,0.0167006670593365,0.0874845453827656,-0.4510753633750622,-0.0180656489273446,0.0240210163100006,-0.0159942474855848,-0.0001848035174041,0.0000000000000000,0.0000000000000000,-0.1333808727813709,0.6267492802046258,0.0697593871417815,0.7645446425452647,-0.1333808727813709,0.6267492802046258,0.0697593871417815,0.7645446425452647,-0.1433017352551036,0.6569591480570794,0.0553933656645573,0.7381062697859609,-0.0074766213701752,0.6561463185168641,-0.0643098427326399,0.7518512838037563,0.0387576017934309,0.6550433111432930,-0.0111934895247521,0.7545136278569875,0.0278573596769086,0.9719842406829494,0.0291789892962426,-0.2315581783471959,0.0315977039722716,0.9945639458532632,0.0250804905892923,-0.0959953733482440,0.0187952783703625,0.9893266570221171,-0.1049725635814166,-0.0992988625895012,0.0187952783703625,0.9893266570221171,-0.1049725635814166,-0.0992988625895012,-0.1365411502380742,0.5999891532209549,0.0673612434640360,0.7853865247047750,-0.2159908214948407,0.5899802475935638,0.1282490879236839,0.7673483198171247,-0.2783312037560882,0.5632587935720719,0.0447827161968556,0.7767018609540298,-0.1690951761029252,0.9495527493077576,-0.2255672229580394,-0.1373893213746905,-0.1979526322845492,0.9594058687838578,-0.2007199691757131,-0.0081626153167993,-0.1980102045957329,0.9417681935550068,-0.2716998282865621,0.0066205583713156,-0.1980102045957329,0.9417681935550068,-0.2716998282865621,0.0066205583713156,-0.1050126185440761,0.6321214024279301,0.1041286300292065,0.7606261308601645,-0.0432801091662426,0.0273325175756718,0.1171872279973243,0.9917897555570118,0.2359206264168488,0.0590264565980329,0.1048608141500045,0.9642932879100428,0.2447891089580956,-0.0159757189942362,0.3358326623850856,0.9094171162967322,0.4089248904330847,-0.6416330176695455,0.0251907554769815,0.6484234191167539,0.2525744027535481,-0.7158079493359458,0.1159703160375209,0.6406059916511194,0.2525744027535481,-0.7158079493359458,0.1159703160375209,0.6406059916511194,-0.0160136182119538,0.1540717974381828,0.1678470838351349,0.9735670504459213,0.2295165751316329,0.1913544075410593,0.1236699358470014,0.9462617922235129,0.2311620029744703,0.1898143268860863,0.1323249526448069,0.9449998712154214,0.2477892356750169,-0.6799701695133877,-0.0652542417497610,0.6870101507177240,0.4004920691945492,-0.6307486785906929,-0.1692526069352387,0.6427408202487136,0.4004920691945492,-0.6307486785906929,-0.1692526069352387,0.6427408202487136,-0.1049718455305551,0.6321281745871213,0.1041776913587484,0.7606194128223555
3.7400159387513843,0.0845415714406654,0.1503074558867141,-0.1346813215593751,0.6264988886643864,0.0697219645700699,0.7645252983268764,0.0870347328419576,0.3608488466950512,0.1408821779787031,2.1784521270838373,-0.2754169383670635,0.2618437514748693,-0.0708657815222668,-0.2079740929163499,-0.2332176513850658,2.1725100934119626,-0.2705631683320037,0.1492248610131690,0.0918320618592262,-1.3116541757182452,0.5629011208798413,0.5009292271438008,-1.5673427619099740,0.3921406533700876,-1.0803016866502975,0.4987290521640977,0.0176888214370586,-1.9305751851940054,-0.3934945527271588,0.0001252551862492,0.0004168550827799,0.0734699878710396,0.0178562880322162,-0.0879762164785802,-0.0303855493952113,0.0883761582237939,-0.0186093040149100,-0.1193453833196300,-0.0039650426825985,-0.0384026617312208,-0.0051887797278845,0.0000011059201147,-0.1026388342587459,-0.1546091179731559,-0.7418255696895754,-0.0615249516816853,-0.0087823388846888,-0.0019488866303387,0.0664075561338795,0.6261412825318630,-0.2065357115309849,0.0540587383680719,-0.0205114468488872,0.0165096304176997,0.1106520397653173,-0.4649850480889995,-0.0156773983390529,0.0648173632249537,-0.0158717413598306,-0.0001725828242210,0.0000000000000000,0.0000000000000000,-0.1346813215593751,0.6264988886643864,0.0697219645700699,0.7645252983268764,-0.1346813215593751,0.6264988886643864,0.0697219645700699,0.7645252983268764,-0.1445418835209870,0.6565282176967382,0.0553820985641044,0.7382487158368690,-0.0096292442175097,0.6558017976755222,-0.0634072522585022,0.7522039618231084,0.0365544314105925,0.6548530321552274,-0.0103047546886395,0.7548013592013203,0.0260626887788130,0.9722571769932395,0.0276251819643506,-0.2308106742769758,0.0296080434206093,0.9947367047571640,0.0237860923597817,-0.0951655073223186,0.0169309726967701,0.9893289453224994,-0.1062785393574844,-0.0982163539470499,0.0169309726967701,0.9893289453224994,-0.1062785393574844,-0.0982163539470499,-0.1379460101741563,0.5987915630563612,0.0672842163560977,0.7860613185489398,-0.2186751521012426,0.5885928861251762,0.1289841701952981,0.7675302444173550,-0.2852549173742751,0.5593657478407681,0.0393867477459922,0.7772954884458856,-0.1677109384746277,0.9483657864222463,-0.2340827308883988,-0.1329686104293183,-0.1977473718032671,0.9576342946105958,-0.2093266842261430,-0.0038566827010011,-0.1974846641599486,0.9393655174833746,-0.2801312683486736,0.0108951584746638,-0.1974846641599486,0.9393655174833746,-0.2801312683486736,0.0108951584746638,-0.1058251086165447,0.6320134193678071,0.1046896099470816,0.7605262452370973,-0.0442834252265846,0.0333598173441884,0.1182450851994828,0.9914354243535641,0.2330288357417059,0.0649112776108083,0.1043134872679614,0.9646775544842926,0.2434376102336500,-0.0097571207083014,0.3360103667295252,0.9098021553994604,0.4078304859639678,-0.6376978011697243,0.0261634365339661,0.6529404901600349,0.2519332919805905,-0.7118871290491963,0.1180354737670058,0.6448363814321545,0.2519332919805905,-0.7118871290491963,0.1180354737670058,0.6448363814321545,-0.0165987767378769,0.1550036915152833,0.1686667085569676,0.9732676289962597,0.2245460275704251,0.1918924869711378,0.1251074594212427,0.9471559948305965,0.2261644209006937,0.1904263355308734,0.1336026857762647,0.9459058028198724,0.2460665509607146,-0.6798321495774591,-0.0602960901028472,0.6882179032962600,0.3990052455414794,-0.6306979292098457,-0.1646872847700633,0.6448976929373076,0.3990052455414794,-0.6306979292098457,-0.1646872847700633,0.6448976929373076,-0.1057854178539526,0.6320200639569568,0.1047373709226240,0.7605196692114716
3.7400920366405002,0.0859955020795253,0.1506670993019265,-0.1359074664620997,0.6261891169053484,0.0699413592074712,0.7645420568558443,0.0867184601047345,0.3583409012533046,0.1408084515665721,2.1778480592147900,-0.2755194269331378,0.2618434640567429,-0.0725374189355897,-0.2111950454481411,-0.2470214966092662,2.1715876331811508,-0.2707393722146408,0.1491878349673666,0.0929810059972288,-1.2991769713379373,0.5586604396370854,0.5019349634407523,-1.5676823784280853,0.3924679869987504,-1.0777879189869870,0.4891962550287116,0.0173684333186148,-1.9299477191973258,-0.3938084554282971,0.0001221373490261,0.0020330716364495,0.0748337163687322,0.0149349514787751,-0.0681390069232438,-0.0310733420742840,0.1062229615138215,-0.0112911880880462,-0.1198339952862397,-0.0033192309286700,-0.0266259425889942,-0.0051066405760814,-0.0000189998942008,-0.0832695368796623,-0.1579641443051256,-0.6472223694692980,-0.0394962701703035,-0.0084840758176162,-0.0018447663138427,0.0408966094269355,0.6464231669869323,-0.2242776076743926,0.0480569933185784,-0.0169596608672097,0.0163213585826943,0.1407514033079741,-0.4819872538608441,-0.0151475031110072,0.0130342710049426,-0.0155866177985084,-0.0001069538305219,0.0000000000000000,0.0000000000000000,-0.1359074664620997,0.6261891169053484,0.0699413592074712,0.7645420568558443,-0.1359074664620997,0.6261891169053484,0.0699413592074712,0.7645420568558443,-0.1457356201204022,0.6560938759478012,0.0556044617111026,0.7383834361696719,-0.0117226888738607,0.6554930372670644,-0.0622889100305114,0.7525367421908228,0.0344198894207695,0.6546936799391732,-0.0091940842063335,0.7550542533325488,0.0240979659664744,0.9724798135716030,0.0262401983302297,-0.2302471546482380,0.0274729685404588,0.9948847333120816,0.0226825036472192,-0.0945256973019382,0.0148977079228457,0.9893316488166176,-0.1073918860945775,-0.0973032874546809,0.0148977079228457,0.9893316488166176,-0.1073918860945775,-0.0973032874546809,-0.1392376905706630,0.5977898512999869,0.0674860974071606,0.7865785312758286,-0.2212473239337409,0.5873674374179220,0.1300252787792154,0.7675562142225477,-0.2915641183259673,0.5558248373287573,0.0349775378971279,0.7777053985642103,-0.1668644436826538,0.9471418919924584,-0.2416388228059020,-0.1291865828188171,-0.1979468050802441,0.9559115548728320,-0.2169104091809969,-0.0001897579019086,-0.1974104621836906,0.9370875944864050,-0.2875480248760991,0.0145630721332812,-0.1974104621836906,0.9370875944864050,-0.2875480248760991,0.0145630721332812,-0.1066850982735452,0.6318242947032117,0.1053658300547263,0.7604698496890144,-0.0452721285616135,0.0393801717930803,0.1194150453086233,0.9910296077307622,0.2299376960365607,0.0708012640327945,0.1039130982497952,0.9650481360869446,0.2419023444712974,-0.0034440701857562,0.3362167834117922,0.9101811186088591,0.4066191370896692,-0.6336707969360297,0.0273087351720111,0.6575533677552078,0.2511958945266796,-0.7078617794722601,0.1202939996297627,0.6491237766315311,0.2511958945266796,-0.7078617794722601,0.1202939996297627,0.6491237766315311,-0.0172149322461659,0.1560882313116009,0.1695903730066718,0.9729230265222603,0.2193637369607408,0.1925723839606386,0.1266503355946689,0.9480269618191740,0.2209581862566206,0.1911784054354150,0.1349962207475338,0.9467863104234452,0.2443203700750506,-0.6796039878058515,-0.0551095110243230,0.6894990343136347,0.3974827701352819,-0.6305553910492320,-0.1599150394534383,0.6471742627924403,0.3974827701352819,-0.6305553910492320,-0.1599150394534383,0.6471742627924403,-0.1066464458257059,0.6318308200488415,0.1054123520784248,0.7604634024451459
3.7402010315808836,0.0874844094999283,0.1509699120733451,-0.1370505393967653,0.6258035221443390,0.0704043123735447,0.7646112307061704,0.0866225240071927,0.3557888804246969,0.1407280094287718,2.1774566644152982,-0.2756197945232833,0.2618431141919514,-0.0737646416740799,-0.2144715667091966,-0.2589142309635724,2.1710289435124763,-0.2709106033535416,0.1491529653771399,0.0939132202314134,-1.2872759610828159,0.5543145142565185,0.5026841749815933,-1.5679312231893072,0.3927898062522885,-1.0746806710946564,0.4791650953704760,0.0170149055636832,-1.9296844374316813,-0.3941178984522215,0.0001183956988379,0.0027225236996235,0.0767333953184207,0.0135909930495435,-0.0440195118753608,-0.0392112418997970,0.1162028273615386,-0.0017106877495494,-0.1203918418729812,-0.0044727109292299,-0.0157825118445081,-0.0049771515996000,-0.0000069975968762,-0.0592367587106176,-0.1568731129683958,-0.5502762012129597,-0.0243102685369821,-0.0082838788805652,-0.0017304419823262,0.0381362171080262,0.5898663137748618,-0.2195369374006607,0.0317126287503199,-0.0145135114699543,0.0160409541545837,0.1686598001494393,-0.5103277432050070,-0.0173578732143173,0.0123342958909784,-0.0154084181952885,-0.0001614422235962,0.0000000000000000,0.0000000000000000,-0.1370505393967653,0.6258035221443390,0.0704043123735447,0.7646112307061704,-0.1370505393967653,0.6258035221443390,0.0704043123735447,0.7646112307061704,-0.1468797988801494,0.6556598504687881,0.0560374965249726,0.7385095017312830,-0.0137862782805058,0.6552214641094646,-0.0609497621307043,0.7528478584665255,0.0323167353154518,0.6545692149170543,-0.0078658739099582,0.7552700838303180,0.0219515114230054,0.9726608820861259,0.0249874868696712,-0.2298359525958115,0.0251759198148458,0.9950123534338556,0.0217351424033242,-0.0940434642078033,0.0126832900204767,0.9893345208439580,-0.1083476154224391,-0.0965253036927852,0.0126832900204767,0.9893345208439580,-0.1083476154224391,-0.0965253036927852,-0.1404169135147859,0.5968835989144056,0.0679446583065878,0.7870175240447762,-0.2237247066959797,0.5862034208161802,0.1313470847366637,0.7675029305275561,-0.2972249908173272,0.5525798582978152,0.0315946989501125,0.7780196527308669,-0.1665837357124915,0.9459442997425840,-0.2481748963214839,-0.1258906732701227,-0.1985698689358885,0.9542798866816735,-0.2234075363968113,0.0029962821470557,-0.1977946606935495,0.9349814127605489,-0.2938890730128773,0.0177832155991064,-0.1977946606935495,0.9349814127605489,-0.2938890730128773,0.0177832155991064,-0.1075487445726962,0.6315426875659644,0.1061880661054378,0.7604677481258383,-0.0461594473710780,0.0450814583787806,0.1206904545399069,0.9905911274142275,0.2268620903505403,0.0764074210952211,0.1037324910921579,0.9653678409058264,0.2403187737480637,0.0026275692170031,0.3365183955080584,0.9104918189357439,0.4054487427332359,-0.6297410623249264,0.0285791941609751,0.6619824326211544,0.2504925998784793,-0.7039418444208304,0.1226361688604975,0.6532072467194003,0.2504925998784793,-0.7039418444208304,0.1226361688604975,0.6532072467194003,-0.0178188632466667,0.1573548167157791,0.1706182903108753,0.9725283280091819,0.2139525268789770,0.1934130420721489,0.1283064086032327,0.9488694203681763,0.2155216097974496,0.1920936347984786,0.1364891420561429,0.9476397972230818,0.2425072440505161,-0.6794125504864060,-0.0497265061695934,0.6907359100327319,0.3959006459400511,-0.6304537792912691,-0.1549388308769692,0.6494495125936154,0.3959006459400511,-0.6304537792912691,-0.1549388308769692,0.6494495125936154,-0.1075112564566669,0.6315490704706272,0.1062332067451789,0.7604614435376933
3.7403552042050086,0.0890045649806821,0.1512213797425904,-0.1382380428296371,0.6254065465834187,0.0710786401374101,0.7646598733564168,0.0866114957048968,0.3535309130160330,0.1406839192839014,2.1771910337272513,-0.2757182747477606,0.2618424100376717,-0.0747839245992267,-0.2175415407845441,-0.2687858892977902,2.1706688274409296,-0.2710786544212427,0.1491192082502478,0.0945015029014421,-1.2751960595734408,0.5497542431019008,0.5032998834143625,-1.5681786528604660,0.3931084434653235,-1.0710224653946800,0.4688387512759148,0.0166829512728573,-1.9297725850386034,-0.3944235037657450,0.0001154200499416,0.0051589950026595,0.0784379117462576,0.0112218309602477,-0.0356323437198067,-0.0363286093201509,0.1393377336013845,0.0036800304766621,-0.1084292794683142,-0.0030578953333173,-0.0103468324597808,-0.0048899771923532,-0.0000207957168465,-0.0554041420968274,-0.1514977128261617,-0.4494410722021465,-0.0153976575632817,-0.0080464629837189,-0.0017200515753037,0.0255250409607162,0.5881528195539076,-0.2304161473462274,0.0261212822810459,-0.0107983285351116,0.0158289033488816,0.1999561643933880,-0.5301334137848349,-0.0168552183781145,-0.0177412138854083,-0.0151788936513953,-0.0001555783009867,0.0000000000000000,0.0000000000000000,-0.1382380428296371,0.6254065465834187,0.0710786401374101,0.7646598733564168,-0.1382380428296371,0.6254065465834187,0.0710786401374101,0.7646598733564168,-0.1480874967104708,0.6552446118597008,0.0566646249850113,0.7385890008808454,-0.0158200959477233,0.6549921629367541,-0.0595117432721862,0.7531223960740671,0.0302564746425062,0.6544841897911439,-0.0064298336664903,0.7554426836594951,0.0197272748472068,0.9728061401287422,0.0238250214244208,-0.2295461102023904,0.0228141126429860,0.9951210415597586,0.0208881134400523,-0.0936873290592246,0.0103882202947344,0.9893317379266787,-0.1092012498510924,-0.0958638839242724,0.0103882202947344,0.9893317379266787,-0.1092012498510924,-0.0958638839242724,-0.1416210469319521,0.5960645905756266,0.0686259053504418,0.7873633011784598,-0.2261411948747466,0.5851123704960203,0.1328383412866367,0.7673706073061216,-0.3022535094112369,0.5496718495388331,0.0291712611757260,0.7782369249750158,-0.1668335040584872,0.9448033559754434,-0.2537217538043551,-0.1230384984773047,-0.1995856443944047,0.9527637733071547,-0.2288530466951692,0.0057485514282343,-0.1986028914732496,0.9330688267580836,-0.2991907238542697,0.0206001648128714,-0.1986028914732496,0.9330688267580836,-0.2991907238542697,0.0206001648128714,-0.1085599319843122,0.6312351750039980,0.1070972087568792,0.7604518938642473,-0.0471293472864516,0.0507957331929534,0.1221177249231102,0.9900938740207154,0.2236023341060546,0.0820589427371456,0.1037269259540067,0.9656650821746220,0.2385733378387153,0.0088133738695435,0.3369179156805106,0.9107641873762007,0.4042280556772626,-0.6257123565018957,0.0300349522590003,0.6664695248599330,0.2497609809744317,-0.6999232698459025,0.1251766574924290,0.6573109409784181,0.2497609809744317,-0.6999232698459025,0.1251766574924290,0.6573109409784181,-0.0185589544223914,0.1588735729341303,0.1717726722173483,0.9720642479348801,0.2082415423727126,0.1944963229261653,0.1300686106089621,0.9496782596925604,0.2097884435721400,0.1932508423336830,0.1380953259995007,0.9484580126805793,0.2406162696352681,-0.6791422724600180,-0.0440665326895800,0.6920460427178022,0.3942324028131150,-0.6302797418733581,-0.1497070726799060,0.6518558521221280,0.3942324028131150,-0.6302797418733581,-0.1497070726799060,0.6518558521221280,-0.1085234049983720,0.6312414558331271,0.1071412125851486,0.7604456953464981
3.7405474771215985,0.0905723036744457,0.1514395426151630,-0.1394511934159376,0.6249745154442157,0.0719435667373679,0.7647119345905659,0.0866808948279503,0.3514119879113518,0.1406390136675323,2.1770172329535527,-0.2758141107914366,0.2618418030666582,-0.0756837157682916,-0.2205727718655529,-0.2766991849676708,2.1704070588649804,-0.2712420591083717,0.1490858720188684,0.0949768422180452,-1.2637530511380282,0.5452172146469144,0.5037825118245891,-1.5683698967887123,0.3934223363255850,-1.0667600152888848,0.4579965153398594,0.0162838987809501,-1.9304242473617625,-0.3947247578429127,0.0001122635226228,0.0066359226684814,0.0811085968437910,0.0094048107802883,-0.0319581291749959,-0.0302487803818410,0.1575685131333721,0.0026990636640945,-0.0896439004350085,-0.0020018547932503,-0.0079572818192812,-0.0047760175523463,-0.0000206928627260,-0.0581050272010814,-0.1401986934574765,-0.3527895799229119,-0.0142307225654105,-0.0079208402817437,-0.0017146753941590,0.0123805566903776,0.5854925878973093,-0.2354300600142940,0.0212571038770747,-0.0119961658945608,0.0156863882146657,0.2274615507469131,-0.5486326777241065,-0.0191300670212937,-0.0331556584556090,-0.0150127349149520,-0.0001167678450555,0.0000000000000000,0.0000000000000000,-0.1394511934159376,0.6249745154442157,0.0719435667373679,0.7647119345905659,-0.1394511934159376,0.6249745154442157,0.0719435667373679,0.7647119345905659,-0.1493388631051857,0.6548256491276699,0.0574654632904346,0.7386467313538951,-0.0178541226473736,0.6547835048996347,-0.0579436962749934,0.7533805944393811,0.0281974278824987,0.6544196765417194,-0.0048652798062383,0.7555899159386994,0.0173883153502128,0.9729271501040817,0.0227247084923714,-0.2293338062815192,0.0203471060448098,0.9952162170833098,0.0201186769540885,-0.0934126081832970,0.0079782192712412,0.9893256842901202,-0.1099762261212931,-0.0952694500312923,0.0079782192712412,0.9893256842901202,-0.1099762261212931,-0.0952694500312923,-0.1428368810500091,0.5952625492494534,0.0695040065780151,0.7876733561207667,-0.2285551887195229,0.5840151506539568,0.1345162193788945,0.7671989417615421,-0.3067191175420206,0.5470233572876251,0.0277021445738820,0.7784095456133800,-0.1676519018869986,0.9437361570555398,-0.2583347937723843,-0.1204908294696941,-0.2010389270463311,0.9513614598716217,-0.2332967545676709,0.0082065090745241,-0.1998694236220708,0.9313444482596952,-0.3035020950779670,0.0231562190374745,-0.1998694236220708,0.9313444482596952,-0.3035020950779670,0.0231562190374745,-0.1096338929235426,0.6308884131304764,0.1081543602306590,0.7604359631574751,-0.0480376320858879,0.0561579324466399,0.1236892073800273,0.9895653856641315,0.2203988815795593,0.0874112592560243,0.1039807922371093,0.9659045499424360,0.2368135473925108,0.0147171432876394,0.3374935408945644,0.9109340587107698,0.4031320824348643,-0.6217919576478168,0.0316444730402065,0.6707144793742222,0.2491460738864836,-0.6960374800997964,0.1278161625873768,0.6611513357354083,0.2491460738864836,-0.6960374800997964,0.1278161625873768,0.6611513357354083,-0.0193396280140033,0.1606555167601932,0.1730597818553801,0.9715277122279965,0.2022255011359904,0.1958188436451339,0.1319653880182188,0.9504446136040661,0.2037460650116179,0.1946522601351948,0.1398058827474647,0.9492377751468519,0.2386231945315587,-0.6788952259946265,-0.0381530736583337,0.6933286277975850,0.3924689422721777,-0.6301378984134909,-0.1442187890297907,0.6542899198563044,0.3924689422721777,-0.6301378984134909,-0.1442187890297907,0.6542899198563044,-0.1095984062048257,0.6308945788776628,0.1081971334639871,0.7604298784308230
3.7407829712615785,0.0921887537559061,0.1516298760316208,-0.1407568019747483,0.6245349282013475,0.0729900566236031,0.7647326969526435,0.0867793108178519,0.3495719133643010,0.1406128885837585,2.1768712523013249,-0.2759079755703435,0.2618411457840727,-0.0765535838250496,-0.2234863605867357,-0.2827678769674102,2.1701661846736049,-0.2714034733103791,0.1490525103802456,0.0953474806013290,-1.2526915989325116,0.5406605519663494,0.5041864839221768,-1.5685368517727962,0.3937322402687997,-1.0619178395293500,0.4466653069732928,0.0158148516457442,-1.9314331399364504,-0.3950221060810966,0.0001091397663484,0.0088288481056787,0.0834779792469628,0.0079024131311810,-0.0313577710593953,-0.0243284939349854,0.1819111975231991,0.0027291588423937,-0.0750271966527394,-0.0007384038449498,-0.0073632195025847,-0.0047062793279309,-0.0000280482763614,-0.0576947551107052,-0.1351787800270429,-0.2638629248730553,-0.0132352843471335,-0.0078839103129425,-0.0017296270534831,0.0040144187957620,0.5791498105938813,-0.2380442447352969,0.0190388431980054,-0.0115340206650767,0.0155037103583022,0.2570166956979040,-0.5716202296459264,-0.0238397953424840,-0.0645508039719339,-0.0147952640922007,-0.0000900412947515,0.0000000000000000,0.0000000000000000,-0.1407568019747483,0.6245349282013475,0.0729900566236031,0.7647326969526435,-0.1407568019747483,0.6245349282013475,0.0729900566236031,0.7647326969526435,-0.1506932156758288,0.6544058746099902,0.0584395406674056,0.7386672634629179,-0.0198883926058472,0.6545934643837237,-0.0562994229419657,0.7536194153563677,0.0261454582302961,0.6543734154045818,-0.0032191162822522,0.7557125680548346,0.0149798042586986,0.9730312221363362,0.0216691753438356,-0.2291643363443759,0.0178172725680686,0.9953003857528098,0.0194034144919385,-0.0931836596437285,0.0054999549103393,0.9893157926773450,-0.1106960375660958,-0.0947121962703184,0.0054999549103393,0.9893157926773450,-0.1106960375660958,-0.0947121962703184,-0.1441363959768925,0.5944622296522342,0.0705690205190295,0.7879462990678189,-0.2309982756194052,0.5829039313004977,0.1363390480183337,0.7669905263565786,-0.3106886268374655,0.5446189251380861,0.0271048502760217,0.7785423113914886,-0.1690081308183546,0.9427457377158974,-0.2621036960287308,-0.1181878938972774,-0.2029113746628608,0.9500679429294353,-0.2368313108249489,0.0104311103530207,-0.2015714177447900,0.9297964004578416,-0.3069150039748356,0.0255107345861333,-0.2015714177447900,0.9297964004578416,-0.3069150039748356,0.0255107345861333,-0.1108367695110605,0.6305327623287887,0.1093479339406309,0.7603858727628333,-0.0489630857236891,0.0613392239540239,0.1254386241821422,0.9889920461785449,0.2171551606864980,0.0926347765594444,0.1044803665947455,0.9660984873993084,0.2349877272271790,0.0205200289154385,0.3382590167947659,0.9110107211350223,0.4021273691520487,-0.6178745874574691,0.0334437039593212,0.6748378263098446,0.2486300631063000,-0.6921780276635517,0.1306178063620404,0.6648395734316073,0.2486300631063000,-0.6921780276635517,0.1306178063620404,0.6648395734316073,-0.0202217318676653,0.1627279540398164,0.1745028857923718,0.9709065029056213,0.1958612987632090,0.1974122293178290,0.1340151330694226,0.9511607158997578,0.1973510210543755,0.1963293568083835,0.1416374009612899,0.9499716863111940,0.2365343390968815,-0.6785517061075377,-0.0319134215876960,0.6946946250613417,0.3905993984046652,-0.6299078535978621,-0.1384291975628724,0.6568756071005744,0.3905993984046652,-0.6299078535978621,-0.1384291975628724,0.6568756071005744,-0.1108023044723397,0.6305388197163120,0.1093894964116328,0.7603798946771210
3.7410552732779303,0.0938592769181899,0.1517910188695099,-0.1421219026482327,0.6240722002743478,0.0742247823127106,0.7647391289341823,0.0869523486290709,0.3478829656850828,0.1405793075944861,2.1767333593287388,-0.2760003770884187,0.2618406764409341,-0.0772255153338618,-0.2263728927532640,-0.2872083046442510,2.1699667518267338,-0.2715642916908887,0.1490191462269576,0.0956846633232621,-1.2422804640083684,0.5362613810164747,0.5045263690259275,-1.5686831211341266,0.3940376326977673,-1.0564566981160715,0.4347452141299182,0.0152276274344488,-1.9329868245535384,-0.3953151904351920,0.0001058171753545,0.0102120284108333,0.0869147808237059,0.0058839990585170,-0.0296870788523795,-0.0176180331799414,0.1986333408255251,0.0126346153587370,-0.0804199026635057,-0.0013084529525311,-0.0070628443287716,-0.0046193914397536,-0.0000245025842078,-0.0372104942812414,-0.1437300587255977,-0.1853381018836537,-0.0086937587481971,-0.0077510398726089,-0.0017156792546162,0.0194274336522093,0.5088753850663463,-0.2222105598840463,0.0151069909043991,-0.0023412673292167,0.0151220997247126,0.2898832640915899,-0.6102956369377275,-0.0288758524637604,-0.0882927819535417,-0.0145740127906627,-0.0002403492052873,0.0000000000000000,0.0000000000000000,-0.1421219026482327,0.6240722002743478,0.0742247823127106,0.7647391289341823,-0.1421219026482327,0.6240722002743478,0.0742247823127106,0.7647391289341823,-0.1521209445842174,0.6539801756945031,0.0595899366360836,0.7386597237355647,-0.0219282038375743,0.6544203896033303,-0.0545434177617331,0.7538422402112747,0.0240879142844260,0.6543444542727805,-0.0014640556835223,0.7558114606757691,0.0124719934096229,0.9731212592382537,0.0206596334432300,-0.2290254216128380,0.0151953292310798,0.9953747702872565,0.0187476143329597,-0.0929876099379584,0.0029260659372672,0.9893039544745281,-0.1113557004766570,-0.0941755370069402,0.0029260659372672,0.9893039544745281,-0.1113557004766570,-0.0941755370069402,-0.1454804028202465,0.5937013519714026,0.0718305455076659,0.7881589495746777,-0.2334578662712907,0.5818093997456828,0.1383428529710459,0.7667180068809240,-0.3142176409877165,0.5424684571922040,0.0273372976620977,0.7786192389095962,-0.1708887757303168,0.9418219857218709,-0.2650982460914163,-0.1161520273588056,-0.2051991210300896,0.9488762791295334,-0.2395273981819831,0.0123997239461417,-0.2037066939993857,0.9284124641685312,-0.3094993763338697,0.0276408256986381,-0.2037066939993857,0.9284124641685312,-0.3094993763338697,0.0276408256986381,-0.1121258447625333,0.6301527920305581,0.1106980288172558,0.7603165130709415,-0.0498518768581132,0.0662463256336406,0.1273559940495189,0.9883858889590770,0.2139966173517066,0.0976429312777916,0.1052329931712479,0.9662284009910538,0.2331956632530223,0.0261036900532088,0.3392252114951690,0.9109690641792660,0.4012981472355764,-0.6140275294140163,0.0353668886130125,0.6787335068617495,0.2482864482759311,-0.6884229361427224,0.1334928703592971,0.6682868801333700,0.2482864482759311,-0.6884229361427224,0.1334928703592971,0.6682868801333700,-0.0211648212451479,0.1650855793306488,0.1760957681211723,0.9702005371512324,0.1891522780538746,0.1992615312228650,0.1362270539497966,0.9518184951207393,0.1906012545170481,0.1982697104625323,0.1435738749142230,0.9506559977887622,0.2343301344812557,-0.6781997192948186,-0.0253765543056942,0.6960535606646926,0.3886170696650634,-0.6296798550784646,-0.1323453831262184,0.6595185765681498,0.3886170696650634,-0.6296798550784646,-0.1323453831262184,0.6595185765681498,-0.1120923526532120,0.6301587505099706,0.1107384386752503,0.7603106285145230
3.7413675688069552,0.0955844436378636,0.1519256152259549,-0.1435672284187194,0.6235922766532642,0.0756407410235495,0.7647219113638467,0.0871612117404341,0.3464303817262395,0.1405496509271194,2.1766010075558047,-0.2760914110293713,0.2618403192643806,-0.0778325477328405,-0.2291532168130344,-0.2901537045137136,2.1698023244940008,-0.2717228669550980,0.1489853208794469,0.0960066714745188,-1.2322808869666815,0.5319402163686671,0.5048378005474188,-1.5687803267587515,0.3943387090129439,-1.0503797756522515,0.4222580781681121,0.0145680336537128,-1.9349450253180966,-0.3956044131921418,0.0001021341781622,0.0112760417415880,0.0896819960153775,0.0061529856738358,-0.0173614899568008,-0.0260109115910209,0.2117147234238011,0.0176479781035355,-0.0855376302557052,-0.0024911261108184,-0.0062565823820915,-0.0044701168020684,-0.0000125467274327,-0.0200250812104775,-0.1503551077710449,-0.1138991424061898,-0.0071060764819344,-0.0075544868509795,-0.0016995620764207,0.0357104707733730,0.4514664140227842,-0.2078777453719508,0.0126680267982147,0.0041867114697241,0.0147900215621352,0.3205188369433892,-0.6503956484218344,-0.0415619309900344,-0.1196151635976251,-0.0143190496908148,-0.0003395741530633,0.0000000000000000,0.0000000000000000,-0.1435672284187194,0.6235922766532642,0.0756407410235495,0.7647219113638467,-0.1435672284187194,0.6235922766532642,0.0756407410235495,0.7647219113638467,-0.1536416019359688,0.6535507087791589,0.0609103327926571,0.7386173979591173,-0.0239770275145355,0.6542642027521831,-0.0526967796331372,0.7540467522408109,0.0220242516700143,0.6543328489306941,0.0003820713222799,0.7558857778594085,0.0098804888523446,0.9731970462771649,0.0196872948918364,-0.2289154767098191,0.0124955357204239,0.9954389529778783,0.0181404307330075,-0.0928228272257816,0.0002709065014893,0.9892883434289573,-0.1119658782328927,-0.0936597153358643,0.0002709065014893,0.9892883434289573,-0.1119658782328927,-0.0936597153358643,-0.1468936404337410,0.5929516344475662,0.0732795372868221,0.7883278042928036,-0.2359417001707784,0.5807071846801098,0.1405015908803586,0.7664006672371265,-0.3173534729731423,0.5405331566245144,0.0283169063060772,0.7786583542213346,-0.1732416341818499,0.9409625308373667,-0.2673993458796490,-0.1143435243871595,-0.2078609909504219,0.9477788175627210,-0.2414723222896792,0.0141505826222695,-0.2062313408320142,0.9271785337342224,-0.3113415102986071,0.0295814909372503,-0.2062313408320142,0.9271785337342224,-0.3113415102986071,0.0295814909372503,-0.1135013225107983,0.6297589430613381,0.1122215659220751,0.7602153928753113,-0.0507016234872467,0.0709369789819410,0.1294570761692080,0.9877439728079305,0.2109059732959494,0.1024919728801259,0.1062383407838431,0.9662957522781130,0.2314347862990101,0.0315224906382274,0.3404054335990329,0.9108064630045997,0.4006477091191052,-0.6101937313643858,0.0374368057426222,0.6824540343180704,0.2481274983784200,-0.6847185089210720,0.1364758554697136,0.6715412488918167,0.2481274983784200,-0.6847185089210720,0.1364758554697136,0.6715412488918167,-0.0221640300377391,0.1677465142804904,0.1778516329061032,0.9694011859864132,0.1820991923754131,0.2013831904930381,0.1386178450541876,0.9524021145270524,0.1835028697637900,0.2004845301363481,0.1456609536855220,0.9512704854750229,0.2320638725884287,-0.6777574774953111,-0.0185042508067999,0.6974587826105094,0.3865614428392210,-0.6293624834237658,-0.1259443160986156,0.6622772415017614,0.3865614428392210,-0.6293624834237658,-0.1259443160986156,0.6622772415017614,-0.1134689485549361,0.6297647769534838,0.1122606459104640,0.7602096229345772
3.7417182194285008,0.0973673577887402,0.1520274995645981,-0.1450615188493902,0.6230946333390862,0.0772641040707239,0.7646832624526884,0.0873731928415492,0.3452157241131942,0.1404948302981602,2.1764709441987122,-0.2761815375168516,0.2618404550682243,-0.0785459496840245,-0.2317923872282655,-0.2918120145323602,2.1695688871466023,-0.2718742819865062,0.1489500623121642,0.0961759277862120,-1.2225946258397407,0.5277234925094259,0.5051337539412399,-1.5688344532919467,0.3946358308366706,-1.0436493830389677,0.4092108156488862,0.0137558413359704,-1.9374071788046796,-0.3958897076931436,0.0000984325907604,0.0123938558291752,0.0924673967238108,0.0054097709606454,0.0052967061645215,-0.0344691192236524,0.2274371524762572,0.0172524596176715,-0.0605644115548242,-0.0043931247474822,-0.0061952838223787,-0.0044407444333092,0.0000318870939129,-0.0320725405542485,-0.1318000948421611,-0.0595570517411730,-0.0124429718623753,-0.0074148021993229,-0.0017662947959728,0.0203597925813174,0.4445201428150488,-0.2087752350011154,0.0122258848102580,0.0038102741424330,0.0146610607537696,0.3533945630873551,-0.6747506334175868,-0.0341686822270955,-0.0974929047766008,-0.0142295151650854,-0.0003126258443979,0.0000000000000000,0.0000000000000000,-0.1450615188493902,0.6230946333390862,0.0772641040707239,0.7646832624526884,-0.1450615188493902,0.6230946333390862,0.0772641040707239,0.7646832624526884,-0.1552215525391191,0.6531066932921533,0.0624334473856963,0.7385526260544154,-0.0260213929836782,0.6541216682634823,-0.0507063239021743,0.7542390860540951,0.0199582329145176,0.6543347298772564,0.0023618366218978,0.7559379286311544,0.0071693469453893,0.9732590136437700,0.0187752442773805,-0.2288295938637712,0.0096854766940128,0.9954926935085879,0.0176096812721982,-0.0926843451598968,-0.0024970284064909,0.9892723339362004,-0.1124991244939921,-0.0931555749574138,-0.0024970284064909,0.9892723339362004,-0.1124991244939921,-0.0931555749574138,-0.1483487005556882,0.5921650856950925,0.0749372446837555,0.7884906998096873,-0.2384311766792638,0.5795458946336927,0.1428342933972864,0.7660779951351385,-0.3201251846587478,0.5387418084264745,0.0299837836526478,0.7787028333828294,-0.1760399289434393,0.9401778646799668,-0.2690522338738615,-0.1126340163134241,-0.2108757733653910,0.9467686553006363,-0.2427149961219422,0.0158098768274607,-0.2091148207125232,0.9260841747347934,-0.3124892915093665,0.0314568872605110,-0.2091148207125232,0.9260841747347934,-0.3124892915093665,0.0314568872605110,-0.1149548351783505,0.6293450184246956,0.1139172017869116,0.7600875638965413,-0.0515091773243566,0.0754147407795706,0.1317367763488906,0.9870688138532802,0.2079132874301468,0.1071854238254372,0.1074860283432635,0.9662971093511263,0.2297349332208516,0.0367705907809223,0.3417935968234826,0.9105201377685725,0.4001929267570088,-0.6063728684813461,0.0396287154244307,0.6859935354339526,0.2481697239536347,-0.6810666277629078,0.1395410804675649,0.6746023447353133,0.2481697239536347,-0.6810666277629078,0.1395410804675649,0.6746023447353133,-0.0232192055835913,0.1707153101678506,0.1797632975691001,0.9685051926620970,0.1746898039472471,0.2037741671885924,0.1411901167405773,0.9529034117465689,0.1760300673486112,0.2029777916549484,0.1478360654259143,0.9518182227944101,0.2296686176445208,-0.6773038622005999,-0.0113297467349036,0.6988443611823232,0.3843786217813198,-0.6290465814439923,-0.1192417153522273,0.6650826165304421,0.3843786217813198,-0.6290465814439923,-0.1192417153522273,0.6650826165304421,-0.1149236642575240,0.6293507112417417,0.1139548479642463,0.7600819207681395
3.7421039709130310,0.0992043769162931,0.1520926633119549,-0.1466147946593201,0.6226005174324003,0.0790719875221308,0.7646046811713972,0.0875563428868705,0.3441359795565828,0.1404569428495216,2.1763460892863331,-0.2762704348731451,0.2618404019869609,-0.0788710676188111,-0.2343373049388479,-0.2924761983408655,2.1693374231818474,-0.2720314030632371,0.1489147464443009,0.0962144532311692,-1.2132531783802791,0.5238012520676070,0.5054606623151989,-1.5688346583172326,0.3949291344278589,-1.0363904790446299,0.3956968609358073,0.0128445384103478,-1.9402848063870235,-0.3961709045395095,0.0000952816186095,0.0136360853491579,0.0952087338572324,0.0035721039095123,0.0085786544845650,-0.0250475031572435,0.2457129835085046,0.0111936309986577,-0.0578956058616741,-0.0038676789088696,-0.0059231856596722,-0.0043851281557507,0.0000203431384229,-0.0177528307914478,-0.1309594108108750,-0.0180774036010678,-0.0109637782127019,-0.0074748113770003,-0.0018955213085685,0.0042500290488735,0.4435600458270318,-0.1888173056747628,0.0145056970608688,0.0036840498480221,0.0145362802513399,0.3810061178746297,-0.6949797798259887,-0.0596682588995687,-0.1806405072848863,-0.0139212373909403,-0.0001860465391279,0.0000000000000000,0.0000000000000000,-0.1466147946593201,0.6226005174324003,0.0790719875221308,0.7646046811713972,-0.1466147946593201,0.6226005174324003,0.0790719875221308,0.7646046811713972,-0.1568665413857604,0.6526578653290720,0.0641415430065877,0.7384554566651285,-0.0280679183720880,0.6539994445225985,-0.0485916996955197,0.7544108729618707,0.0178954364163372,0.6543568100303369,0.0044685852894600,0.7559609449355849,0.0043470593079403,0.9733039940819037,0.0179253444707095,-0.2287774468893163,0.0067738303753946,0.9955341891570865,0.0171560520244528,-0.0925821976425429,-0.0053704210024335,0.9892542564475575,-0.1129542739435454,-0.0926741963900098,-0.0053704210024335,0.9892542564475575,-0.1129542739435454,-0.0926741963900098,-0.1498412169793462,0.5915169866985495,0.0767928981157543,0.7885164011865582,-0.2408917370329403,0.5785032028300349,0.1453393926963374,0.7656250232818318,-0.3226088046459615,0.5372321135414929,0.0322372452296539,0.7786308338132063,-0.1792242074713697,0.9394220781695670,-0.2701746921370550,-0.1112226516159382,-0.2142018914263666,0.9458272384343172,-0.2433787799387203,0.0171800529865826,-0.2123303460267085,0.9251014645474356,-0.3130649705427556,0.0330670329396666,-0.2123303460267085,0.9251014645474356,-0.3130649705427556,0.0330670329396666,-0.1165078119860445,0.6289302282974731,0.1157461015936368,0.7599181124606713,-0.0523200849642791,0.0797313557962553,0.1341770798831054,0.9863579628341151,0.2050311739391842,0.1117737618126962,0.1089366973673471,0.9662306349159371,0.2281214933978647,0.0418872668325476,0.3433709903958966,0.9101112042392233,0.3999368130703621,-0.6025375933186848,0.0419106951013776,0.6893783343164840,0.2484195760484549,-0.6774401946971556,0.1426634062489296,0.6775025087496281,0.2484195760484549,-0.6774401946971556,0.1426634062489296,0.6775025087496281,-0.0243608786969181,0.1739623590505941,0.1818110036520222,0.9675166170013371,0.1669521850615575,0.2064055412078999,0.1439267034781155,0.9533146513548240,0.1682253575551080,0.2057091764770592,0.1501587191412856,0.9522795402897388,0.2272331148620396,-0.6767048966999444,-0.0038152917780025,0.7003006767389727,0.3821344320517008,-0.6285832047173027,-0.1122248074330207,0.6680284598611593,0.3821344320517008,-0.6285832047173027,-0.1122248074330207,0.6680284598611593,-0.1164777320974409,0.6289357997804895,0.1157824459552615,0.7599125758194366
3.7425183339586754,0.1010895880434306,0.1521149638568932,-0.1481527659603236,0.6220912405329335,0.0811078526328082,0.7645094915249889,0.0877071793480271,0.3431656747176290,0.1403870668946373,2.1762270217586948,-0.2763579156802264,0.2618408433280626,-0.0788561786580040,-0.2367992169620840,-0.2927461630585857,2.1690700908891629,-0.2721872333320514,0.1488767841890794,0.0960690323947509,-1.2044727922559300,0.5202039935904667,0.5057512731789829,-1.5687864707934875,0.3952183571868099,-1.0285375620779931,0.3816560869328518,0.0117598974307245,-1.9435401118480995,-0.3964483434673947,0.0000921110007273,0.0151874899162958,0.0969357365261204,0.0008275090847559,0.0150475379731770,-0.0121348383065758,0.2678443177437980,0.0041150802676246,-0.0350549604504263,-0.0023262109450681,-0.0061920903567089,-0.0043935316352091,0.0000207248668901,0.0047121961374887,-0.1106901902407720,-0.0097732264756072,-0.0146663293276130,-0.0077373171859766,-0.0019788262440292,-0.0159200577023014,0.4326792419514900,-0.1714050263647260,0.0149450945675329,-0.0020774895165114,0.0144286128862949,0.3993534156543334,-0.7057663819876743,-0.0428150144611030,-0.1234765471983584,-0.0138828548418477,-0.0001138911890415,0.0000000000000000,0.0000000000000000,-0.1481527659603236,0.6220912405329335,0.0811078526328082,0.7645094915249889,-0.1481527659603236,0.6220912405329335,0.0811078526328082,0.7645094915249889,-0.1585025045063905,0.6521830913078108,0.0660831431646512,0.7383543794593966,-0.0300803422838703,0.6538878249691484,-0.0462653083362512,0.7545763093350826,0.0158562691539745,0.6543872655876757,0.0067732737779181,0.7559629674312969,0.0013602477001071,0.9733334782707668,0.0171886077198902,-0.2287458012033842,0.0037147614492663,0.9955630814587193,0.0168374302234326,-0.0925032557657666,-0.0083930257129376,0.9892412815791537,-0.1132741587465702,-0.0921965774813455,-0.0083930257129376,0.9892412815791537,-0.1132741587465702,-0.0921965774813455,-0.1512964574893352,0.5909840150855878,0.0788858252690046,0.7884315458149328,-0.2432845748240799,0.5775446573539637,0.1480785206468073,0.7650670141481812,-0.3249132375136616,0.5358886112559508,0.0349168995504302,0.7784828800560392,-0.1827052691453852,0.9386778870490886,-0.2709364988559796,-0.1099819193287490,-0.2177730190887697,0.9449202652591029,-0.2436446468584652,0.0183817985203687,-0.2158028328607473,0.9241831462707917,-0.3132451656277238,0.0345270283858522,-0.2158028328607473,0.9241831462707917,-0.3132451656277238,0.0345270283858522,-0.1181015137638990,0.6284892887362314,0.1177351182551542,0.7597313264042409,-0.0530589030085343,0.0837631845363830,0.1367653946899533,0.9856285854941287,0.2023744860267550,0.1161378686410326,0.1106030729043869,0.9660867058070061,0.2266742793199464,0.0467369211938640,0.3451196858631790,0.9095750841584234,0.3999288338746301,-0.5987747295693922,0.0442151114044799,0.6925104872767415,0.2489123548045266,-0.6739298040237161,0.1457533420957445,0.6801597034095320,0.2489123548045266,-0.6739298040237161,0.1457533420957445,0.6801597034095320,-0.0255362382619269,0.1774859478228435,0.1839857005268269,0.9664346335177101,0.1589059455854556,0.2092647502421277,0.1468341376486417,0.9536230391431788,0.1600855245918811,0.2086764256790774,0.1525275639199126,0.9526605462737525,0.2246665574413473,-0.6761294230128716,0.0039446330927518,0.7016825358903410,0.3797646756707414,-0.6281576370369589,-0.1049499885218715,0.6709562385536787,0.3797646756707414,-0.6281576370369589,-0.1049499885218715,0.6709562385536787,-0.1180724966699776,0.6284947407414136,0.1177701944627426,0.7597258898357421
3.7429703363143774,0.1030120601234135,0.1520887692166636,-0.1497244792102269,0.6215905827030679,0.0833483863508849,0.7643695273313762,0.0878433321209263,0.3423460328985340,0.1403370903166379,2.1761108322536784,-0.2764443659691729,0.2618409880569914,-0.0786476562974236,-0.2391213128637840,-0.2928813633357512,2.1688550544649465,-0.2723397569188888,0.1488363469719984,0.0958044241292564,-1.1962372395337864,0.5169780882979579,0.5060445245641245,-1.5686534700367429,0.3955033233467584,-1.0201280392818770,0.3671531142822825,0.0105481949059548,-1.9472896426445523,-0.3967216873611686,0.0000885893356791,0.0154443973761450,0.0983411590235992,0.0008894698902192,0.0269963438765892,-0.0152141965603894,0.2763105182955940,-0.0034293804673950,-0.0438509861477825,-0.0001949970236800,-0.0043266688681631,-0.0041160915975178,-0.0000310158987805,0.0518376707698966,-0.1133818912139808,-0.0050805663316479,-0.0063366449943728,-0.0087982825196656,-0.0018089130997526,0.0024705929421852,0.3830027559053548,-0.1403406245545181,0.0207948938883863,0.0057775329575992,0.0141718044078846,0.4169185417326445,-0.7338649009629393,-0.0580906410408716,-0.1847539087559485,-0.0135718090430262,-0.0001025600657429,0.0000000000000000,0.0000000000000000,-0.1497244792102269,0.6215905827030679,0.0833483863508849,0.7643695273313762,-0.1497244792102269,0.6215905827030679,0.0833483863508849,0.7643695273313762,-0.1601796345774638,0.6517099456954903,0.0682304136313734,0.7382149023176814,-0.0320593154168160,0.6538059538433451,-0.0438065906196900,0.7547124999841190,0.0138586791661314,0.6544447738333399,0.0092149881860974,0.7559266227662114,-0.0017287070790152,0.9733416962775394,0.0165526604307175,-0.2287552475727359,0.0005683784544864,0.9955765457852951,0.0166329775275552,-0.0924681701274641,-0.0115079135319903,0.9892279259675897,-0.1134787422607112,-0.0917510406858113,-0.0115079135319903,0.9892279259675897,-0.1134787422607112,-0.0917510406858113,-0.1527722711351765,0.5905188029007965,0.0811891205497561,0.7882616972155684,-0.2456156897822042,0.5766363762693911,0.1509788708327685,0.7644401893266604,-0.3271256137914825,0.5346264212567768,0.0378213915791573,0.7782884843261746,-0.1863384334025563,0.9379288041836189,-0.2715135596918121,-0.1088482127701211,-0.2214692085319939,0.9440228404492187,-0.2437068208558192,0.0194743896117916,-0.2194082599954347,0.9232899691289973,-0.3132216000330064,0.0358870119167841,-0.2194082599954347,0.9232899691289973,-0.3132216000330064,0.0358870119167841,-0.1197901052278231,0.6280466566023740,0.1198518915715487,0.7595019762362766,-0.0537945355504524,0.0875793160629523,0.1395078745768657,0.9848723593816121,0.1998813745996204,0.1203464959151459,0.1124691272836895,0.9658751743456080,0.2253508712046137,0.0513978260858439,0.3470384694053291,0.9089221908798237,0.4001345139439584,-0.5950385338968006,0.0465702715848461,0.6954514531822428,0.2496206584962631,-0.6704860537214512,0.1488526604439787,0.6826279104282786,0.2496206584962631,-0.6704860537214512,0.1488526604439787,0.6826279104282786,-0.0268062241190675,0.1812937753218016,0.1862865633745128,0.9652519410413850,0.1505482444100959,0.2123636700263810,0.1499059315612448,0.9538160773654012,0.1516260372973013,0.2118788351500804,0.1550300723252805,0.9529336706737683,0.2220656198022115,-0.6754145468410407,0.0120242579206090,0.7031055878307548,0.3773389422359816,-0.6275897861247459,-0.0973749410616369,0.6739914716651614,0.3773389422359816,-0.6275897861247459,-0.0973749410616369,0.6739914716651614,-0.1197622215792240,0.6280519743319991,0.1198856112357503,0.7594966543960009
3.7434344371272963,0.1049615415302310,0.1520565893321986,-0.1514324764667823,0.6211810583602084,0.0856202877035859,0.7641148239232013,0.0877052263492939,0.3418708678756949,0.1403551511415422,2.1759964670051897,-0.2765298964895279,0.2618403866850127,-0.0782199890368558,-0.2410693248241530,-0.2929365786843846,2.1687222168286491,-0.2724938205305897,0.1487946704860536,0.0953657029645154,-1.1884845354247027,0.5144501133434227,0.5064106479464079,-1.5685738890743250,0.3957856651837804,-1.0115760317929754,0.3524461045843603,0.0094788888904012,-1.9509747360234191,-0.3969917907293641,0.0000869974381796,0.0173627149934180,0.0998798728906091,-0.0009531606614429,0.0195575723555962,-0.0042933206587576,0.2935109045695258,0.0010415342173617,-0.0193932365649304,0.0000728854449499,-0.0058046383219381,-0.0042704775426248,-0.0000158380260750,0.0138400506432307,-0.0930854668383247,-0.0023324779619025,-0.0056654058442091,-0.0071611272189224,-0.0021532545999752,-0.0158482594377123,0.3625367448975576,-0.1236733067048622,0.0148528171885186,0.0110536388264741,0.0139690827562720,0.4404023097458429,-0.7572543102777416,-0.0464767155721606,-0.1769883532833908,-0.0134060139996370,-0.0001556447759789,0.0000000000000000,0.0000000000000000,-0.1514324764667823,0.6211810583602084,0.0856202877035859,0.7641148239232013,-0.1514324764667823,0.6211810583602084,0.0856202877035859,0.7641148239232013,-0.1619602966797725,0.6512212704356191,0.0704561210160258,0.7380485446384909,-0.0340400856926232,0.6537145035176615,-0.0413588678165155,0.7548430727705152,0.0118821065211334,0.6544923185858824,0.0116724656716212,0.7558851592681538,-0.0048220098424574,0.9733397860415860,0.0159429963091629,-0.2287623876389778,-0.0025787210959654,0.9955795770722755,0.0164554279112990,-0.0924330828564939,-0.0146234712792361,0.9892077886705030,-0.1136548557025549,-0.0913054143881489,-0.0146234712792361,0.9892077886705030,-0.1136548557025549,-0.0913054143881489,-0.1543702358751768,0.5903036078381142,0.0835406052027941,0.7878657551458242,-0.2479144688540284,0.5759898041926977,0.1538607409653316,0.7636105250639771,-0.3293216461611954,0.5336413512564386,0.0407698636011299,0.7778894393297989,-0.1899897053487953,0.9371228526987128,-0.2720640370755610,-0.1081010200759140,-0.2251805833257909,0.9431213394693879,-0.2437388629279928,0.0201794605749050,-0.2230576946502959,0.9223949992540142,-0.3131676222331269,0.0368615055760470,-0.2230576946502959,0.9223949992540142,-0.3131676222331269,0.0368615055760470,-0.1216419474012234,0.6276949408962997,0.1219563705105617,0.7591633167491171,-0.0546603359038131,0.0912549477996606,0.1423291039272343,0.9840869922706198,0.1976070807235746,0.1244750018134104,0.1144159658710257,0.9655912190597320,0.2242256479949056,0.0559144491692489,0.3490567985118238,0.9081606601081338,0.4005590506451869,-0.5913351656560162,0.0488500391166583,0.6982040120789200,0.2505462387745780,-0.6671109582591246,0.1518380983344119,0.6849341161751948,0.2505462387745780,-0.6671109582591246,0.1518380983344119,0.6849341161751948,-0.0282568931051873,0.1852942832657861,0.1886397469986857,0.9639930614031065,0.1419030356340116,0.2156114626508242,0.1530706462137066,0.9539101650151044,0.1428852704354997,0.2152178594409345,0.1576678492581997,0.9531033111790823,0.2194552593799214,-0.6745564933971737,0.0204103153014866,0.7045540045841019,0.3748801051038828,-0.6268715137745963,-0.0895101377067584,0.6771151654356634,0.3748801051038828,-0.6268715137745963,-0.0895101377067584,0.6771151654356634,-0.1216145456619788,0.6277002505000310,0.1219895111860077,0.7591579920979746
3.7439213572118546,0.1069432575181450,0.1519897648786723,-0.1530998621098783,0.6207090095390536,0.0880733288775132,0.7638873257486454,0.0877186812943191,0.3413925187355062,0.1403351065893065,2.1758816087398545,-0.2766149737491440,0.2618404413739101,-0.0781551140913599,-0.2429059263975576,-0.2929745602946630,2.1685979849245540,-0.2726342454792727,0.1487513975962177,0.0949473057788286,-1.1815050645465239,0.5121699486709689,0.5067145462767785,-1.5684085724322518,0.3960633439670898,-1.0025307908489700,0.3370449695622884,0.0083921806490180,-1.9549996198264312,-0.3972575669402053,0.0000844706897116,0.0187180192228761,0.1023555828433403,-0.0053948589586420,0.0254632253520836,0.0120849025653486,0.3109390572555272,-0.0060280107754898,-0.0119670432846124,0.0000863673725151,-0.0063839238637984,-0.0043444649971375,-0.0000061050795591,-0.0127769399810179,-0.0782210156709751,-0.0021801696164633,-0.0077274387781843,-0.0072104615091356,-0.0021656873702155,-0.0604589081308448,0.3581777433243538,-0.0883510266772050,0.0199154518713655,-0.0039814145997363,0.0139232485997855,0.4558202809176253,-0.7684980604464591,-0.0484759993920511,-0.2194788781930589,-0.0132036218620336,0.0000972659787861,0.0000000000000000,0.0000000000000000,-0.1530998621098783,0.6207090095390536,0.0880733288775132,0.7638873257486454,-0.1530998621098783,0.6207090095390536,0.0880733288775132,0.7638873257486454,-0.1637278890100029,0.6507303729394319,0.0728339649493154,0.7378606735991545,-0.0360000449726965,0.6536448695123300,-0.0387709849802586,0.7549497943875696,0.0099155198049625,0.6545603876991217,0.0142538767961819,0.7558102991614049,-0.0080204914590324,0.9733180925951439,0.0154000731647264,-0.2288020980896542,-0.0058208116002067,0.9955674895973334,0.0163587496171998,-0.0924331278283946,-0.0178378240389866,0.9891831816186509,-0.1137491460846104,-0.0908822149894003,-0.0178378240389866,0.9891831816186509,-0.1137491460846104,-0.0908822149894003,-0.1559347817805037,0.5898709472111854,0.0860602113514944,0.7876104681182077,-0.2501490619672673,0.5751114321101278,0.1568468520497710,0.7629360080997697,-0.3314143140335589,0.5324399167986296,0.0438075565866928,0.7776587847115457,-0.1936696777738122,0.9363637475071204,-0.2724823030426352,-0.1070905355014699,-0.2289003593220839,0.9422305445066308,-0.2436373843699928,0.0211435909511110,-0.2266963395466235,0.9215209796502041,-0.3129802839292624,0.0380945609273690,-0.2266963395466235,0.9215209796502041,-0.3129802839292624,0.0380945609273690,-0.1234331890212063,0.6272826238220471,0.1242708802604152,0.7588395785792180,-0.0553218968624432,0.0944731061288457,0.1452829062022482,0.9833143938290226,0.1956362506155404,0.1282020061381112,0.1166041861957240,0.9652430610104848,0.2232958606785694,0.0599797100392062,0.3512501681784785,0.9072842511264155,0.4012599919436624,-0.5878192310486234,0.0511484052585541,0.7006017492943363,0.2517249022812535,-0.6639687890677647,0.1547620019454440,0.6868979134261641,0.2517249022812535,-0.6639687890677647,0.1547620019454440,0.6868979134261641,-0.0296296033264664,0.1894687085241945,0.1911171592022681,0.9626515083639279,0.1329848726097742,0.2189602431851831,0.1564626855057036,0.9538819966880554,0.1338695289404766,0.2186491507060003,0.1605375328262902,0.9531522431756891,0.2169181253665203,-0.6736262607710236,0.0291366817432981,0.7059215547524482,0.3724784357595874,-0.6260538883592414,-0.0812997694182134,0.6802254708969016,0.3724784357595874,-0.6260538883592414,-0.0812997694182134,0.6802254708969016,-0.1234067564269483,0.6272878245025936,0.1243028561920941,0.7588343413693606
3.7444225226215004,0.1089560022772809,0.1518851365182360,-0.1547952449149476,0.6202879633447642,0.0906322297605895,0.7635882880256550,0.0875670666569766,0.3409689423482790,0.1403375917861378,2.1757821333830623,-0.2766974113950261,0.2618401519596045,-0.0777796888076107,-0.2444499638015117,-0.2930123702955483,2.1685083148425477,-0.2727865116678850,0.1487114235221988,0.0943502236101278,-1.1750781801474446,0.5103865677613550,0.5071310596647705,-1.5681843403154905,0.3963373897434208,-0.9933544036247401,0.3212469819571480,0.0076714763568353,-1.9588930757878553,-0.3975196479776158,0.0000823061398345,0.0174440146607627,0.1032698152578624,-0.0038641863779710,0.0231219862592661,0.0144051220443631,0.3049107384001478,-0.0208688615800387,-0.0210045747235945,0.0016690282192061,-0.0050285819622092,-0.0041105974726847,-0.0000261865602374,0.0238194776746394,-0.0699225857382580,0.0000594374768519,-0.0043017987848296,-0.0075501433850697,-0.0020506112224452,-0.0318572665423626,0.3112877622537474,-0.0743415790733271,0.0228584797593220,0.0071723805761305,0.0136629261847740,0.4545290530896582,-0.7857060710046598,-0.0353779768622870,-0.1892187962112068,-0.0130622995803079,-0.0000685360386672,0.0000000000000000,0.0000000000000000,-0.1547952449149476,0.6202879633447642,0.0906322297605895,0.7635882880256550,-0.1547952449149476,0.6202879633447642,0.0906322297605895,0.7635882880256550,-0.1655105530622167,0.6502369971118214,0.0753433732040484,0.7376459045682263,-0.0379463667833728,0.6535922931636617,-0.0360817213534678,0.7550333085031279,0.0079700786179427,0.6546443998705068,0.0169421210594151,0.7557050695205220,-0.0113039183976548,0.9732755957089562,0.0149257846704026,-0.2288756369258412,-0.0091375955213284,0.9955393707669539,0.0163420306956223,-0.0924705554961708,-0.0211310982998913,0.9891531350042720,-0.1137619278385313,-0.0904863302953664,-0.0211310982998913,0.9891531350042720,-0.1137619278385313,-0.0904863302953664,-0.1575179719084249,0.5895654435115130,0.0886919380434082,0.7872321236262118,-0.2522696086867729,0.5743649597380956,0.1598704634442477,0.7621721409735474,-0.3334144297426003,0.5313848703918268,0.0468938445516066,0.7773454218693574,-0.1973461641274263,0.9355986091443371,-0.2727979217692181,-0.1062592487728470,-0.2326040833807294,0.9413578815918511,-0.2434328552435440,0.0219345423360151,-0.2303318357772366,0.9206722138304784,-0.3126929659068264,0.0391539165393181,-0.2303318357772366,0.9206722138304784,-0.3126929659068264,0.0391539165393181,-0.1253517563704135,0.6269016370161484,0.1265645635045887,0.7584607346107114,-0.0560887312437219,0.0975093704452541,0.1482871578445133,0.9825257735658834,0.1938208341948518,0.1317928083017834,0.1188604820205722,0.9648504162437719,0.2224897624010196,0.0638589149176087,0.3535476572879922,0.9063246651385239,0.4021296143223414,-0.5843684549081363,0.0534382721820506,0.7028155044244836,0.2530661611732019,-0.6609202903987781,0.1576373375651514,0.6886888685129344,0.2530661611732019,-0.6609202903987781,0.1576373375651514,0.6886888685129344,-0.0311653146796084,0.1937704142697318,0.1936198864450277,0.9612455925972682,0.1237208327045420,0.2223682521220215,0.1599624778547957,0.9537596771103541,0.1245401362007627,0.2221204247084392,0.1636761717782708,0.9530804699470288,0.2144666030629871,-0.6725705280631925,0.0382758317601025,0.7072396493795404,0.3701381622670098,-0.6250794417488786,-0.0726813516980402,0.6833672902999223,0.3701381622670098,-0.6250794417488786,-0.0726813516980402,0.6833672902999223,-0.1253259143716665,0.6269068036842318,0.1265958283665844,0.7584555167717520
3.7449165391653176,0.1109925485552181,0.1517808545815458,-0.1564952104128225,0.6198993441541186,0.0932041901273330,0.7632476866508335,0.0872649367203391,0.3404806745956023,0.1403431136970366,2.1756815953168447,-0.2767791411477935,0.2618399719901080,-0.0775612382143178,-0.2457790701723058,-0.2930002027908215,2.1684295920317909,-0.2729248420702892,0.1486687498250876,0.0939740035377583,-1.1693242946587763,0.5088972088809594,0.5075212033317098,-1.5679234318189907,0.3966074799571542,-0.9840230410243244,0.3050361144356166,0.0069092666023699,-1.9628942935417999,-0.3977780281544903,0.0000793920811365,0.0179439025276184,0.1043220584110391,-0.0053281382105674,0.0345833032784207,0.0154109585313062,0.3113633209898415,-0.0167456228885049,-0.0234115600512776,0.0000958255635861,-0.0053879078272135,-0.0041319559468388,-0.0000078834235214,-0.0037762562985647,-0.0600662796991960,0.0007441621044975,-0.0046755799791346,-0.0067975469596917,-0.0021640223927172,-0.0325048041625796,0.2811227577893796,-0.0589659293370314,0.0201260685049870,0.0083502081101026,0.0134645449160955,0.4722996452793434,-0.8171734003353738,-0.0462954616556730,-0.2334466493525555,-0.0128094217413579,-0.0000369546841666,0.0000000000000000,0.0000000000000000,-0.1564952104128225,0.6198993441541186,0.0932041901273330,0.7632476866508335,-0.1564952104128225,0.6198993441541186,0.0932041901273330,0.7632476866508335,-0.1672755015890492,0.6497112600677304,0.0778995166528284,0.7374454897920191,-0.0399022638328737,0.6535159798454288,-0.0333154654809350,0.7551256539063355,0.0060164817533949,0.6547053753556864,0.0197113191975051,0.7556031612712960,-0.0146628934414971,0.9732250813820363,0.0144821860614400,-0.2289283879551315,-0.0125249831530226,0.9955003920459861,0.0163663971053914,-0.0924891089755676,-0.0244919096744912,0.9891176831190781,-0.1137325743095198,-0.0900625163015917,-0.0244919096744912,0.9891176831190781,-0.1137325743095198,-0.0900625163015917,-0.1591072924993813,0.5892824260603376,0.0913360987965207,0.7868219677071759,-0.2543106613087515,0.5736521609780167,0.1628473481889609,0.7614000439570393,-0.3353266970182963,0.5303835598101082,0.0499557462950419,0.7770159001990007,-0.2009575146877641,0.9348432586546541,-0.2730488007877199,-0.1054917599950508,-0.2362330115901433,0.9405036131926746,-0.2431738772075367,0.0226579621861681,-0.2338978459323948,0.9198461746720269,-0.3123517183014386,0.0401399636716862,-0.2338978459323948,0.9198461746720269,-0.3123517183014386,0.0401399636716862,-0.1271856273380433,0.6265698396535604,0.1289754871307807,0.7580233347031732,-0.0566898351489327,0.1002706851762841,0.1513389807594162,0.9817477095403725,0.1923098057295287,0.1351431493222360,0.1212189201168210,0.9643957907504841,0.2219206559540693,0.0674325225967084,0.3559166527438932,0.9052775340506046,0.4032281990462191,-0.5810423710731688,0.0556279485511083,0.7047711074182941,0.2546200086385894,-0.6580305234260111,0.1603563963368076,0.6902537994060213,0.2546200086385894,-0.6580305234260111,0.1603563963368076,0.6902537994060213,-0.0326077904828607,0.1981866566904278,0.1961694922923067,0.9597793034877736,0.1143667549059142,0.2258233281760567,0.1635978149237939,0.9534987282508249,0.1151191207583386,0.2256319487495228,0.1669534903206587,0.9528716302887134,0.2121186900471940,-0.6713667314285354,0.0475746025687565,0.7085259560905676,0.3678703138029002,-0.6239334355456911,-0.0639077403421475,0.6865087770415380,0.3678703138029002,-0.6239334355456911,-0.0639077403421475,0.6865087770415380,-0.1271607317411909,0.6265748926248998,0.1290056055665242,0.7580182095224068
3.7454045898070096,0.1130529684067187,0.1516401509716988,-0.1581873836634780,0.6195793963253412,0.0957833114496792,0.7628392232617331,0.0867898420847845,0.3398754341427483,0.1403792721489801,2.1755826492342321,-0.2768602714684703,0.2618393733079613,-0.0769306050165812,-0.2468424196296156,-0.2929953524711966,2.1683483297256272,-0.2730741664103151,0.1486290404727185,0.0935392790909755,-1.1640168743799797,0.5077923683300493,0.5079338644532735,-1.5676885146985662,0.3968745766186368,-0.9746667707751379,0.2887689569869819,0.0060421410166440,-1.9670732924296108,-0.3980328328912713,0.0000778947029771,0.0184593080550734,0.1056503418506980,-0.0084327235641506,0.0137248235438819,0.0407267521366148,0.3157645519191090,-0.0236589250023369,-0.0243289344602527,0.0019697287964651,-0.0047680367447009,-0.0040017602779093,-0.0000284394389780,0.0254401043870079,-0.0419218519328655,0.0018166339781622,-0.0029278978313897,-0.0068945819905557,-0.0020906942169005,-0.0087847745832165,0.2438996893041239,-0.0626669700774930,0.0209447968858359,0.0189101012767269,0.0132233742127929,0.4687332782761950,-0.8224836342362148,-0.0249090253690280,-0.1807853127044214,-0.0127130702960654,-0.0002040586477741,0.0000000000000000,0.0000000000000000,-0.1581873836634780,0.6195793963253412,0.0957833114496792,0.7628392232617331,-0.1581873836634780,0.6195793963253412,0.0957833114496792,0.7628392232617331,-0.1690144764870382,0.6492011617676235,0.0804911327419800,0.7372198694061999,-0.0418821664583505,0.6534616118372029,-0.0304777418068331,0.7551853502566354,0.0040482508115918,0.6547898943000621,0.0225584872881741,0.7554633814018720,-0.0180977574564652,0.9731520118649386,0.0140621782953861,-0.2290194055530212,-0.0159842791093062,0.9954443435516136,0.0164248745724302,-0.0925488260743149,-0.0279293725562908,0.9890697799826049,-0.1136670046178072,-0.0896701317886279,-0.0279293725562908,0.9890697799826049,-0.1136670046178072,-0.0896701317886279,-0.1606807589036121,0.5891902413136445,0.0939945655324639,0.7862579569767756,-0.2562213499324495,0.5731438854793260,0.1657896418553599,0.7605067396347825,-0.3371420051102760,0.5296022677573881,0.0529979745616863,0.7765616015930831,-0.2045070801456905,0.9340808017082527,-0.2732222009422050,-0.1049739918391706,-0.2397912780924621,0.9396760878228179,-0.2428449296736541,0.0231372655382231,-0.2374115033181945,0.9190515815780578,-0.3119439056834878,0.0408774778820515,-0.2374115033181945,0.9190515815780578,-0.3119439056834878,0.0408774778820515,-0.1290419618703472,0.6262986897462124,0.1313499370983197,0.7575257865730368,-0.0573170742749329,0.1028989981114204,0.1543712458899517,0.9809669044502025,0.1909773058590208,0.1383824442580250,0.1235677324026165,0.9639029947442227,0.2214985562299195,0.0708525981029359,0.3582704068375700,0.9041905852830850,0.4044285945435721,-0.5778051535503741,0.0576949721165676,0.7065762567753100,0.2562633187779521,-0.6552405407601433,0.1629211004937728,0.6916976653185722,0.2562633187779521,-0.6552405407601433,0.1629211004937728,0.6916976653185722,-0.0341194113904508,0.2027072555452218,0.1986840252857818,0.9582642080407331,0.1048978258920556,0.2293229858721459,0.1672618949585369,0.9531164004300231,0.1055624825815190,0.2291853286290762,0.1701786214717416,0.9525596486343455,0.2096944691110113,-0.6701880518315256,0.0569304637834621,0.7096725492083771,0.3655258402018606,-0.6228233523799730,-0.0550489739839061,0.6895299430323647,0.3655258402018606,-0.6228233523799730,-0.0550489739839061,0.6895299430323647,-0.1290174412945835,0.6263037414409794,0.1313795952004023,0.7575206434571992
3.7458709528701268,0.1150607750772461,0.1515305221742088,-0.1598523806753584,0.6191903640421913,0.0983922146700694,0.7624758891676766,0.0863715219959164,0.3395406801534144,0.1403932554005770,2.1755011269467452,-0.2769382866707997,0.2618394092817762,-0.0766715540244969,-0.2474594044761857,-0.2929585599911329,2.1683083094795697,-0.2732078737933723,0.1485873959226261,0.0936423508253149,-1.1597202748895354,0.5061731865785515,0.5083416583904761,-1.5716688561918823,0.3971336374704389,-0.9652717732993468,0.2719956046931802,0.0053365245303197,-1.9709893980301212,-0.3982840855707305,0.0000749160084893,0.0167993417654048,0.1020482227183552,-0.0068920499228703,0.0199229859134417,0.0350305831945418,0.3160336087920979,-0.0434458925697844,-0.0047602150921812,0.0054031095696397,-0.0042279077817942,-0.0039429555527920,-0.0000667988713682,0.0318325116451107,-0.0156252086271612,0.0012032024600513,-0.0023387581292636,-0.0082301180506754,-0.0018402476852503,-0.0329124334074919,0.1957050907384036,-0.0455190852479595,0.0354840472537437,-0.2403795253041998,0.0131555440862183,0.4452417214359614,-0.8150895840032693,-0.0192054673329811,-0.1912622134882052,-0.0124856379488326,0.0002073911085249,0.0000000000000000,0.0000000000000000,-0.1598523806753584,0.6191903640421913,0.0983922146700694,0.7624758891676766,-0.1598523806753584,0.6191903640421913,0.0983922146700694,0.7624758891676766,-0.1707359246148563,0.6486521229298613,0.0830992085841842,0.7370170886737822,-0.0437543048704485,0.6533668151961031,-0.0276922344572437,0.7552684991157592,0.0021764038125268,0.6548266164876316,0.0253456552772804,0.7553508875776687,-0.0214348803309678,0.9730789033708097,0.0136998131442368,-0.2290639841609197,-0.0193388354956990,0.9953817024499043,0.0165272023240537,-0.0925641801829524,-0.0312572309275514,0.9890210270323441,-0.1135574307415305,-0.0892474286801223,-0.0312572309275514,0.9890210270323441,-0.1135574307415305,-0.0892474286801223,-0.1622364066397599,0.5888970592873712,0.0966727916773684,0.7858332986534805,-0.2579673007909828,0.5724669177812053,0.1686030934891062,0.7598075392062166,-0.3387603824638086,0.5286841245056189,0.0558981121893320,0.7762795249279549,-0.2078330146178728,0.9334042562704127,-0.2732922130398232,-0.1042751106588812,-0.2431116763704347,0.9389091586951880,-0.2424456815159100,0.0237990765564187,-0.2406744787620211,0.9183229765138179,-0.3114694649146552,0.0417789241748837,-0.2406744787620211,0.9183229765138179,-0.3114694649146552,0.0417789241748837,-0.1306759643756844,0.6259978297604282,0.1339962764091574,0.7570307175922262,-0.0575500098856264,0.1050200059528216,0.1575048216880744,0.9802300882225781,0.1897703057158650,0.1411184207844024,0.1261846338530930,0.9634055535251942,0.2210757791881137,0.0737587895646045,0.3608657364478165,0.9030288262709609,0.4059933004914467,-0.5761303473581874,0.0591071529054837,0.7069297046272744,0.2580208368701672,-0.6540060692301914,0.1644924132153076,0.6918407007003118,0.2580208368701672,-0.6540060692301914,0.1644924132153076,0.6918407007003118,-0.0353442215146349,0.2072206322261257,0.2013235767075866,0.9567022593508364,0.0954673044930377,0.2327421167253375,0.1711802560482375,0.9525830256803364,0.0960623253237686,0.2326459640006353,0.1737507291714807,0.9520811778414621,0.2076225615049911,-0.6687927129463130,0.0664649541309291,0.7107683088998774,0.3634837700724528,-0.6214254000707519,-0.0460186754987527,0.6925260302300298,0.3634837700724528,-0.6214254000707519,-0.0460186754987527,0.6925260302300298,-0.1306526454820458,0.6260026970859023,0.1340244761745769,0.7570257256235421
