base_x,base_y,base_z,base_qx,base_qy,base_qz,base_qw,J00_HIP_PITCH_L,J01_HIP_ROLL_L,J02_HIP_YAW_L,J03_KNEE_PITCH_L,J04_ANKLE_PITCH_L,J05_ANKLE_ROLL_L,J06_HIP_PITCH_R,J07_HIP_ROLL_R,J08_HIP_YAW_R,J09_KNEE_PITCH_R,J10_ANKLE_PITCH_R,J11_ANKLE_ROLL_R,J12_WAIST_YAW,J13_SHOULDER_PITCH_L,J14_SHOULDER_ROLL_L,J15_SHOULDER_YAW_L,J16_ELBOW_PITCH_L,J17_ELBOW_YAW_L,J18_SHOULDER_PITCH_R,J19_SHOULDER_ROLL_R,J20_SHOULDER_YAW_R,J21_ELBOW_PITCH_R,J22_ELBOW_YAW_R,J23_HEAD_YAW,base_vx,base_vy,base_vz,base_wx,base_wy,base_wz,dJ00_HIP_PITCH_L,dJ01_HIP_ROLL_L,dJ02_HIP_YAW_L,dJ03_KNEE_PITCH_L,dJ04_ANKLE_PITCH_L,dJ05_ANKLE_ROLL_L,dJ06_HIP_PITCH_R,dJ07_HIP_ROLL_R,dJ08_HIP_YAW_R,dJ09_KNEE_PITCH_R,dJ10_ANKLE_PITCH_R,dJ11_ANKLE_ROLL_R,dJ12_WAIST_YAW,dJ13_SHOULDER_PITCH_L,dJ14_SHOULDER_ROLL_L,dJ15_SHOULDER_YAW_L,dJ16_ELBOW_PITCH_L,dJ17_ELBOW_YAW_L,dJ18_SHOULDER_PITCH_R,dJ19_SHOULDER_ROLL_R,dJ20_SHOULDER_YAW_R,dJ21_ELBOW_PITCH_R,dJ22_ELBOW_YAW_R,dJ23_HEAD_YAW,left_foot_contact,right_foot_contact,base_quat_x,base_quat_y,base_quat_z,base_quat_w,LINK_BASE_qx,LINK_BASE_qy,LINK_BASE_qz,LINK_BASE_qw,LINK_HIP_PITCH_L_qx,LINK_HIP_PITCH_L_qy,LINK_HIP_PITCH_L_qz,LINK_HIP_PITCH_L_qw,LINK_HIP_ROLL_L_qx,LINK_HIP_ROLL_L_qy,LINK_HIP_ROLL_L_qz,LINK_HIP_ROLL_L_qw,LINK_HIP_YAW_L_qx,LINK_HIP_YAW_L_qy,LINK_HIP_YAW_L_qz,LINK_HIP_YAW_L_qw,LINK_KNEE_PITCH_L_qx,LINK_KNEE_PITCH_L_qy,LINK_KNEE_PITCH_L_qz,LINK_KNEE_PITCH_L_qw,LINK_ANKLE_PITCH_L_qx,LINK_ANKLE_PITCH_L_qy,LINK_ANKLE_PITCH_L_qz,LINK_ANKLE_PITCH_L_qw,LINK_ANKLE_ROLL_L_qx,LINK_ANKLE_ROLL_L_qy,LINK_ANKLE_ROLL_L_qz,LINK_ANKLE_ROLL_L_qw,LINK_FOOT_L_qx,LINK_FOOT_L_qy,LINK_FOOT_L_qz,LINK_FOOT_L_qw,LINK_HIP_PITCH_R_qx,LINK_HIP_PITCH_R_qy,LINK_HIP_PITCH_R_qz,LINK_HIP_PITCH_R_qw,LINK_HIP_ROLL_R_qx,LINK_HIP_ROLL_R_qy,LINK_HIP_ROLL_R_qz,LINK_HIP_ROLL_R_qw,LINK_HIP_YAW_R_qx,LINK_HIP_YAW_R_qy,LINK_HIP_YAW_R_qz,LINK_HIP_YAW_R_qw,LINK_KNEE_PITCH_R_qx,LINK_KNEE_PITCH_R_qy,LINK_KNEE_PITCH_R_qz,LINK_KNEE_PITCH_R_qw,LINK_ANKLE_PITCH_R_qx,LINK_ANKLE_PITCH_R_qy,LINK_ANKLE_PITCH_R_qz,LINK_ANKLE_PITCH_R_qw,LINK_ANKLE_ROLL_R_qx,LINK_ANKLE_ROLL_R_qy,LINK_ANKLE_ROLL_R_qz,LINK_ANKLE_ROLL_R_qw,LINK_FOOT_R_qx,LINK_FOOT_R_qy,LINK_FOOT_R_qz,LINK_FOOT_R_qw,LINK_TORSO_YAW_qx,LINK_TORSO_YAW_qy,LINK_TORSO_YAW_qz,LINK_TORSO_YAW_qw,LINK_SHOULDER_PITCH_L_qx,LINK_SHOULDER_PITCH_L_qy,LINK_SHOULDER_PITCH_L_qz,LINK_SHOULDER_PITCH_L_qw,LINK_SHOULDER_ROLL_L_qx,LINK_SHOULDER_ROLL_L_qy,LINK_SHOULDER_ROLL_L_qz,LINK_SHOULDER_ROLL_L_qw,LINK_SHOULDER_YAW_L_qx,LINK_SHOULDER_YAW_L_qy,LINK_SHOULDER_YAW_L_qz,LINK_SHOULDER_YAW_L_qw,LINK_ELBOW_PITCH_L_qx,LINK_ELBOW_PITCH_L_qy,LINK_ELBOW_PITCH_L_qz,LINK_ELBOW_PITCH_L_qw,LINK_ELBOW_YAW_L_qx,LINK_ELBOW_YAW_L_qy,LINK_ELBOW_YAW_L_qz,LINK_ELBOW_YAW_L_qw,LINK_ELBOW_END_L_qx,LINK_ELBOW_END_L_qy,LINK_ELBOW_END_L_qz,LINK_ELBOW_END_L_qw,LINK_SHOULDER_PITCH_R_qx,LINK_SHOULDER_PITCH_R_qy,LINK_SHOULDER_PITCH_R_qz,LINK_SHOULDER_PITCH_R_qw,LINK_SHOULDER_ROLL_R_qx,LINK_SHOULDER_ROLL_R_qy,LINK_SHOULDER_ROLL_R_qz,LINK_SHOULDER_ROLL_R_qw,LINK_SHOULDER_YAW_R_qx,LINK_SHOULDER_YAW_R_qy,LINK_SHOULDER_YAW_R_qz,LINK_SHOULDER_YAW_R_qw,LINK_ELBOW_PITCH_R_qx,LINK_ELBOW_PITCH_R_qy,LINK_ELBOW_PITCH_R_qz,LINK_ELBOW_PITCH_R_qw,LINK_ELBOW_YAW_R_qx,LINK_ELBOW_YAW_R_qy,LINK_ELBOW_YAW_R_qz,LINK_ELBOW_YAW_R_qw,LINK_ELBOW_END_R_qx,LINK_ELBOW_END_R_qy,LINK_ELBOW_END_R_qz,LINK_ELBOW_END_R_qw,LINK_HEAD_YAW_qx,LINK_HEAD_YAW_qy,LINK_HEAD_YAW_qz,LINK_HEAD_YAW_qw
-0.4333480000000000,-0.3483770000000000,0.6084130000000000,0.1420949848968669,-0.2198319766342803,-0.1436729847291429,0.9543798985599202,-0.5957780000000000,0.0168160000000000,-0.0484070000000000,0.4704810000000000,-0.6893500000000000,0.2189640000000000,-0.5197440000000000,0.2247690000000000,-0.1074780000000000,0.0381050000000000,-0.6949620000000000,0.3421330000000000,0.0241460000000000,0.0841030000000000,0.2911470000000000,0.0000170000000000,0.0320830000000000,-0.0261290000000000,-0.1966010000000000,-0.0813560000000000,-0.0326810000000000,-0.4705720000000000,-0.0471370000000000,0.0001130000000000,-1.9770974181017007,-0.6387121369185087,-1.4526184377374987,0.3415002536441878,-2.7560234726254929,-0.7006414909497369,-2.8157489999999998,0.1423380000000000,1.2038380000000000,5.4086809999999996,0.7679090000000000,0.7815250000000000,3.3885429999999999,0.6684140000000000,3.4974780000000001,-7.2366200000000003,-0.0800260000000000,0.1305960000000000,0.7039290000000000,-1.0911150000000001,-0.2498170000000000,0.0135430000000000,-0.6661570000000000,-0.0677270000000000,0.1750100000000000,1.1926170000000000,-0.1662640000000000,0.3427140000000000,-0.4101990000000000,0.0176310000000000,0.0000000000000000,0.0000000000000000,0.1420949848968669,-0.2198319766342803,-0.1436729847291429,0.9543798985599202,0.1420949848968669,-0.2198319766342803,-0.1436729847291429,0.9543798985599202,0.0784059537188606,-0.4915128844644581,-0.1051309687542014,0.8609384822597183,0.0856418677707227,-0.4923794417172153,-0.1009946610470669,0.8602488211552360,0.0975329263958655,-0.4901625979301902,-0.1217840802225533,0.8575526769029013,0.1232317572566733,-0.2767870013141668,-0.0956972723249046,0.9481797941195100,0.0836486916481989,-0.5808891000621510,-0.1317077458334898,0.7988891158990648,0.1704372271972739,-0.5918020564696336,-0.0674492612403390,0.7849662888951026,0.1704372271972739,-0.5918020564696336,-0.0674492612403390,0.7849662888951026,0.1162840201062015,-0.4398788793406545,-0.2375883405306864,0.8582169764236924,0.2117978247561513,-0.4637489811072119,-0.1867579464658422,0.8397618908848190,0.2364014882054830,-0.4517031906281462,-0.2315945907748776,0.8285182614006779,0.2407707718921368,-0.4358368203005109,-0.2270487910216981,0.8369734451990634,0.1490637182257157,-0.6948033125318736,-0.2954686548699786,0.6385347592674849,0.2555878799799617,-0.7349604334280129,-0.1728772119489622,0.6038389408537754,0.2555878799799617,-0.7349604334280129,-0.1728772119489622,0.6038389408537754,0.1394306623496335,-0.2215314268462109,-0.1321405655519271,0.9560448672796905,0.1442667410818914,-0.1815916721395201,-0.1236501332219884,0.9648431046451893,0.2827008462471639,-0.1976076290621616,-0.0960006029807813,0.9337105229646364,0.2826991186405031,-0.1976105257047747,-0.0959928330170912,0.9337112318377230,0.2840412314957969,-0.1829262262310013,-0.0905054592653235,0.9368390130702331,0.2890483034098826,-0.1787898773729027,-0.1016839520834808,0.9349575562203533,0.2890483034098826,-0.1787898773729027,-0.1016839520834808,0.9349575562203533,0.1244493909162384,-0.3149644492823541,-0.1392681223279157,0.9305450740786806,0.0865041676875268,-0.3090403129696019,-0.1519615055470643,0.9348362502407618,0.0913763926720354,-0.3085475158170981,-0.1672748403498670,0.9319162586473475,0.0448322715422348,-0.5180974936014039,-0.1704805145111611,0.8369596458159236,0.0607083092595454,-0.5190078372172106,-0.1871010434482646,0.8318284472380898,0.0607083092595454,-0.5190078372172106,-0.1871010434482646,0.8318284472380898,0.1394181456014746,-0.2215393043250376,-0.1320865488060417,0.9560523316956731
-0.4711756185210934,-0.3567976735222110,0.5751009794665098,0.1518544203337836,-0.2410685336641356,-0.1515173356678244,0.9465034041641042,-0.6255018876352235,0.0141838240454575,-0.0290471479281455,0.4989427862622195,-0.6754133065300210,0.2271104336991989,-0.5082126181782680,0.2278771955960318,-0.0656916931837191,0.0121530062444007,-0.6914170834583113,0.3194644105064124,0.0595977031340221,0.0441637067035313,0.2997981300816886,0.0326685321999024,-0.0564329027206227,-0.0134571303794829,-0.2054454610568716,-0.0811116945242416,-0.0554237074624841,-0.5230464981386029,-0.0603159323887597,0.0002243425969695,-2.0920753974052841,-0.5042329606571532,-1.7359078894120197,1.2279724629186815,-2.3338789266187101,-1.1044441133309730,-1.2810979528463002,-0.1854096846642333,0.8080842129718470,0.2720271836982309,0.6389152103634737,0.1508744250198542,-0.7372866086941232,-0.0437442995820611,1.0830852000804860,1.2317762115184783,0.2730626612217758,-1.4918621323817127,2.2378846260060081,-2.9315452396326651,1.0491454716634627,2.5103177173388138,-6.8000684871673229,1.0307600417669009,-1.0874877217555132,-0.8212734349317635,-1.7188467056656638,-4.4575951420593922,-0.7961513029617053,0.0004041271800882,0.0000000000000000,0.0000000000000000,0.1518544203337836,-0.2410685336641356,-0.1515173356678244,0.9465034041641042,0.1518544203337836,-0.2410685336641356,-0.1515173356678244,0.9465034041641042,0.0805754197899538,-0.5216939324118863,-0.1141042911787318,0.8416194231033963,0.0866979674228353,-0.5225104844768718,-0.1103047686753540,0.8410107692913152,0.0946984163250358,-0.5211199035625452,-0.1231853893210651,0.8392208385844043,0.1221541832708265,-0.2980471384551983,-0.0960249223175396,0.9418202976481316,0.0833554087973086,-0.5937648921024579,-0.1311270605972915,0.7894940295593779,0.1721602544708588,-0.6047894372416524,-0.0630934997860687,0.7749901893999687,0.1721602544708588,-0.6047894372416524,-0.0630934997860687,0.7749901893999687,0.1259598877222015,-0.4526928123408862,-0.2448543573459345,0.8480858848186418,0.2216001753153961,-0.4776039880863207,-0.1917781771225107,0.8282565566560846,0.2376741218142362,-0.4698118974181095,-0.2197642716843274,0.8212742889895458,0.2387360262660677,-0.4658275497782908,-0.2186102308946192,0.8235407522268963,0.1504540890047565,-0.7175033866165155,-0.2866162772608354,0.6167686494178506,0.2475106540405162,-0.7542079772229711,-0.1677209804713271,0.5846182309331505,0.2475106540405162,-0.7542079772229711,-0.1677209804713271,0.5846182309331505,0.1451535083815235,-0.2451617056198233,-0.1253765459337080,0.9503193772789474,0.1478526668891716,-0.2215916332489783,-0.1202216593805522,0.9563385852215709,0.2880435968880897,-0.2369703135913780,-0.0860300516480562,0.9238369915637757,0.2846720926677858,-0.2417236164852662,-0.0735264392808866,0.9247298825149435,0.2833065232540065,-0.2610447248709082,-0.0808514848590922,0.9192693309878658,0.2868431513691985,-0.2585873233285576,-0.0872302229789286,0.9182834480297490,0.2868431513691985,-0.2585873233285576,-0.0872302229789286,0.9182834480297490,0.1301469384241418,-0.3410507876345233,-0.1333735450474772,0.9213889689779025,0.0934428466057636,-0.3354834447994310,-0.1468162134444531,0.9258316759290272,0.1018737228557399,-0.3344572233811546,-0.1709340692697363,0.9211632071910867,0.0491758594123731,-0.5587118975257844,-0.1766929512712183,0.8088277637329583,0.0699211392743779,-0.5596481339328228,-0.1963275014963742,0.8020975705138826,0.0699211392743779,-0.5596481339328228,-0.1963275014963742,0.8020975705138826,0.1451261064446095,-0.2451779274855584,-0.1252703306421990,0.9503333843251576
-0.5148273530998888,-0.3638708140764719,0.5313310545848240,0.1647274305191321,-0.2603081482111589,-0.1602235955766418,0.9377808598121066,-0.6710586749230557,0.0152115593818270,-0.0074957046287617,0.5242566406879777,-0.6532906080054748,0.2281040243167413,-0.5577359123879448,0.2211328203579615,-0.0603842807720847,0.0971204684877808,-0.6758580066917190,0.2935952743030514,0.1091752463406129,-0.0468013478657556,0.3331502173021595,0.0922881908611095,-0.2333036603908526,0.0128301932899036,-0.2518108012593757,-0.1179931482639794,-0.0994329843236935,-0.6432769567001855,-0.0785636059496463,0.0002016664259440,-2.1967472717143126,-0.3609251763634174,-2.1897378054585634,1.2586092731657739,-1.8951717652102724,-0.7371630085537678,-3.2994844658681459,0.3495562485327294,1.5059332842023327,2.4629534944513241,1.7675381788072033,0.0075246777352795,-3.9896051126101222,-0.6926808788631753,-0.3264288226320528,6.8814772156547139,1.4827497632752464,-1.0620559149690405,2.5847001728327506,-6.0328006994482219,2.0992808951812472,3.2158267405974699,-10.3121568422266137,1.5076717240333513,-3.4755940616918770,-2.7188376974112622,-2.5579643340787634,-7.1199441140685691,-1.0035655146998101,-0.0016662642006805,0.0000000000000000,0.0000000000000000,0.1647274305191321,-0.2603081482111589,-0.1602235955766418,0.9377808598121066,0.1647274305191321,-0.2603081482111589,-0.1602235955766418,0.9377808598121066,0.0832694038462022,-0.5554161650546765,-0.1241955490841586,0.8180186767835670,0.0892028858832487,-0.5563027257629961,-0.1201620910479676,0.8173929253019870,0.0921243365889013,-0.5558263974923232,-0.1244548201024252,0.8167503414214364,0.1209906209646746,-0.3274863554432700,-0.0966290084666847,0.9320819660093265,0.0833575058692125,-0.6106187423718807,-0.1304891637414249,0.7766394632166910,0.1711955920722035,-0.6215014784859311,-0.0601546559258340,0.7621085217115037,0.1711955920722035,-0.6215014784859311,-0.0601546559258340,0.7621085217115037,0.1348226272602734,-0.4848318509808545,-0.2632771629886478,0.8230711214116093,0.2253743663364146,-0.5110657619531379,-0.2078186113805284,0.8030128309819129,0.2405349349527060,-0.5041078883627782,-0.2317049197516870,0.7964490015817595,0.2499804236693831,-0.4704847094539687,-0.2214814045284930,0.8167618461951901,0.1619808599822692,-0.7155704067264059,-0.2920726378304594,0.6135265016668527,0.2505990868567892,-0.7507911566013927,-0.1834668142225717,0.5829688370013490,0.2505990868567892,-0.7507911566013927,-0.1834668142225717,0.5829688370013490,0.1509740600370406,-0.2685186987650772,-0.1112616292150959,0.9448414636719981,0.1493156389833268,-0.2846902480450520,-0.1148919794297025,0.9399234733135309,0.3011991322449230,-0.2996600261040639,-0.0667276031679557,0.9027903291826271,0.2879072519386490,-0.3147176115239962,-0.0288110725219530,0.9040089387710170,0.2850654691385937,-0.4067735363450470,-0.0652632033110187,0.8654557658989407,0.2821842760688433,-0.4083263657238305,-0.0616381315936436,0.8659343821144391,0.2821842760688433,-0.4083263657238305,-0.0616381315936436,0.8659343821144391,0.1342239953029841,-0.3828267998553241,-0.1215847157517014,0.9058944294414297,0.0830567145733187,-0.3753818172165045,-0.1429254809161934,0.9120100769028791,0.1002022869095870,-0.3737564003273379,-0.1859207073560294,0.9031606421277849,0.0298631572616374,-0.6360598483123209,-0.1905089898739828,0.7471561991849284,0.0592567412592934,-0.6378160914173805,-0.2130812779556351,0.7377503921579290,0.0592567412592934,-0.6378160914173805,-0.2130812779556351,0.7377503921579290,0.1509465362177768,-0.2685341721167226,-0.1111647828747628,0.9448528629674824
-0.5586283112696950,-0.3686457491532386,0.4789726679881141,0.1767033556377449,-0.2764486464770757,-0.1638826992606763,0.9303195853309695,-0.7535497773177788,0.0326413375966902,0.0345907205171765,0.5933561248341696,-0.5971018227556869,0.2285727603697950,-0.6582127348451225,0.1930511485171894,-0.0824982288719323,0.2716184242142354,-0.6210965707037742,0.2779588773952864,0.1569216647660149,-0.2072145476850180,0.3828027709730559,0.1556399384243870,-0.4625919674501535,0.0456001172263052,-0.3543408395596558,-0.1926174080683445,-0.1567611738881725,-0.8019699265764925,-0.1000296202677473,0.0001761354873755,-2.1594167970740155,-0.2347721823750432,-2.5962332556403873,0.8606741467358209,-1.9055680549450962,-0.1672866780521542,-4.4621379522891127,1.3353212625206439,2.2302889745593317,3.5392766694661062,3.2261521233802157,0.1715048317328713,-5.2845209941445601,-2.0259537034008508,-1.6749333404810161,9.1902128699292351,3.7240165244608474,-0.5798827493844140,2.0700764090457060,-9.6359048873866673,2.7662837985600111,2.9962599409427253,-12.0488520466852478,1.6869360914798737,-6.5473219877711122,-4.4361773264280435,-3.0269466624245003,-8.3034810945092907,-1.0958479055444876,-0.0005901954570644,0.0000000000000000,0.0000000000000000,0.1767033556377449,-0.2764486464770757,-0.1638826992606763,0.9303195853309695,0.1767033556377449,-0.2764486464770757,-0.1638826992606763,0.9303195853309695,0.0809849299556741,-0.6010370302412035,-0.1271537971742896,0.7848744111404498,0.0927370127404790,-0.6028749194010836,-0.1181331088820684,0.7835727449388253,0.0836444792211375,-0.6042035444042972,-0.1063155708616123,0.7852634445951738,0.1107971322085286,-0.3515206227499653,-0.0776105341185823,0.9263551437055173,0.0827229864625348,-0.6109642411405218,-0.1070341395187773,0.7800149335338261,0.1710031982901263,-0.6191782009230113,-0.0367690967618430,0.7655222369073335,0.1710031982901263,-0.6191782009230113,-0.0367690967618430,0.7655222369073335,0.1399167725568093,-0.5334620121518854,-0.2862905463354233,0.7835044999405629,0.2163284930888869,-0.5590422304146407,-0.2324129513241404,0.7659360206621156,0.2382769816812172,-0.5500457365619460,-0.2625343618528362,0.7561411750046667,0.2695225448443345,-0.4501561399385160,-0.2303428075135422,0.8195481917026398,0.1851171520484455,-0.6814506255889774,-0.3023770017214599,0.6402537260585079,0.2723809357269118,-0.7168878266504396,-0.2046427381708857,0.6082777487027305,0.2723809357269118,-0.7168878266504396,-0.2046427381708857,0.6082777487027305,0.1550904381078915,-0.2891278022607803,-0.0924060424546079,0.9401133938441838,0.1474560309132175,-0.3749780895162054,-0.1120612575591628,0.9083448826763735,0.3151716862777558,-0.3893399341280613,-0.0397581281767804,0.8645811211828942,0.2850559563007448,-0.4158233627506362,0.0233766996469374,0.8633003895990297,0.2884747442417544,-0.5893813585498151,-0.0510969945152642,0.7528618952239080,0.2728018813684173,-0.5959385153254051,-0.0386433841241752,0.7542831751650266,0.2728018813684173,-0.5959385153254051,-0.0386433841241752,0.7542831751650266,0.1340965598125785,-0.4458958513373954,-0.1073229071427067,0.8784513623468106,0.0529389718501899,-0.4341692071742755,-0.1477782669377458,0.8870491241312292,0.0847109714567858,-0.4331527554552388,-0.2142565217962654,0.8713764310699176,-0.0148796436372523,-0.7347838731964580,-0.2098150297560356,0.6448634810439434,0.0262973832672018,-0.7387699527910683,-0.2325370583245253,0.6320236712277126,0.0262973832672018,-0.7387699527910683,-0.2325370583245253,0.6320236712277126,0.1550648040233039,-0.2891415511230804,-0.0923226935754901,0.9401215826787078
-0.5996354723156179,-0.3727286307174696,0.4193348119780823,0.1877362675142076,-0.2938474931773519,-0.1657849610725266,0.9224554684619739,-0.8391784467846191,0.0726075638750622,0.0797938466784533,0.6549134672780130,-0.5300521361221245,0.2314097967913242,-0.7652320015564777,0.1600438539060514,-0.1778022416938282,0.4048969554649235,-0.5860398419115397,0.2715256538330930,0.1960699458878876,-0.4348042418197570,0.4464709551032210,0.2077395884068468,-0.7010461919808948,0.0779633545563366,-0.5278362031749638,-0.2884582271218028,-0.2142086847891063,-0.9658626656924693,-0.1208388181572475,0.0002076038799348,-2.0002337816810405,-0.2629117349848033,-2.8925977547549233,1.0845983152604690,-2.1463553828602273,-0.4392376088508742,-3.8104088900367152,2.2131756945273069,2.2064214015582957,2.8268229515762804,3.6922496604062642,0.0460564911626918,-5.3826683706149625,-1.6670110830731264,-6.4124319875463485,5.5600527452325146,0.6877160561162549,-0.2057500394565049,1.6800938591406003,-12.6606272945432927,3.4983757003153806,2.2608444443627143,-11.5597142931026760,1.5306951780952509,-10.4129688676609575,-4.9304694374687585,-2.6209694567959065,-7.9684930691020206,-0.9772903272942480,0.0027406388982350,0.0000000000000000,0.0000000000000000,0.1877362675142076,-0.2938474931773519,-0.1657849610725266,0.9224554684619739,0.1877362675142076,-0.2938474931773519,-0.1657849610725266,0.9224554684619739,0.0763440744942766,-0.6483244528757134,-0.1284725170430183,0.7465532790482200,0.1017452409542090,-0.6523266156426668,-0.1063003779680304,0.7435173986607220,0.0770922843669692,-0.6556972527193690,-0.0782079736258424,0.7469949165347062,0.0980107271387318,-0.3831893799665497,-0.0495338754118347,0.9171184174539686,0.0813422708928452,-0.6129287115861833,-0.0737776552458338,0.7824696077584880,0.1710967159984021,-0.6173477422565652,-0.0025520640653032,0.7678549119946352,0.1710967159984021,-0.6173477422565652,-0.0025520640653032,0.7678549119946352,0.1435641897536709,-0.5834965856731206,-0.3088675826973430,0.7372393602398623,0.2032427906904709,-0.6067538202956881,-0.2602253844075885,0.7230663309122192,0.2525452978445466,-0.5879444726737995,-0.3189177252075201,0.6991663994625291,0.3100524345705772,-0.4398152811808307,-0.2633536229706893,0.8006715153700023,0.2205334025279315,-0.6527779719668158,-0.3418371853446950,0.6390565518011375,0.3051221138830166,-0.6930891957140921,-0.2501981389896519,0.6032650774328530,0.3051221138830166,-0.6930891957140921,-0.2501981389896519,0.6032650774328530,0.1585955970274213,-0.3105457969290452,-0.0762703474442907,0.9341261042888942,0.1437713724018465,-0.4915811363001950,-0.1187837053510007,0.8506281268889386,0.3257283697990540,-0.5056526105591782,-0.0087760844225767,0.7988363079410860,0.2728032198878720,-0.5411082148805698,0.0700635451809423,0.7923833684803394,0.2911133861002858,-0.7676397059884372,-0.0414906009745805,0.5694390294438718,0.2582186942741673,-0.7787120902177014,-0.0275283824312872,0.5711153776924928,0.2582186942741673,-0.7787120902177014,-0.0275283824312872,0.5711153776924928,0.1295455929651826,-0.5369332915267984,-0.0988192892017538,0.8277410995445111,0.0133600836695026,-0.5180114340963907,-0.1724145168294778,0.8377105088849017,0.0660766935607607,-0.5192817629105287,-0.2587570111831082,0.8118036280038383,-0.0752565866242053,-0.8338855412793872,-0.2376091855848193,0.4924563180024951,-0.0214285866751060,-0.8416134751661153,-0.2547875112875425,0.4757214502036052,-0.0214285866751060,-0.8416134751661153,-0.2547875112875425,0.4757214502036052,0.1585642120552965,-0.3105618232205352,-0.0761759430555000,0.9341338074991313
-0.6347554104238059,-0.3765073408377758,0.3556978644109489,0.1999650207135069,-0.3157922818203187,-0.1668852951510429,0.9123806900061572,-0.9011365337316110,0.1161906761478971,0.1180093648809031,0.6996384160177456,-0.4612143870206186,0.2317500655006210,-0.8636197789052553,0.1180830115942907,-0.3015230164388797,0.5081055890324004,-0.5646813768213186,0.2681180168099676,0.2150503904707715,-0.7156627599961938,0.5254595395221845,0.2445900940113289,-0.9190486943782451,0.1059660427545186,-0.7726734864906648,-0.3815909883519754,-0.2563166600912608,-1.1180694452166595,-0.1387193198661599,0.0002630742503535,-1.7384320742888859,-0.2630377115439798,-2.9480548488911653,0.8106930833345578,-2.7550726787832245,-0.1877671771623547,-2.6225994601792220,2.1636679195220863,1.6359926465172341,1.6612265167868014,2.8415162834534970,0.0111109563826829,-4.4056659023868496,-2.4203393646036830,-5.3592083032683124,4.8811106092583394,1.7107898526755601,-0.1548875659317905,0.3104123304962079,-15.1389178431190690,4.3330053738518330,1.4967776910590507,-10.3724438964199450,1.2945440503626346,-13.5558119972332261,-4.2975732262697450,-1.6407535960229844,-7.3504079482790088,-0.8303380896049856,0.0024897118709751,0.0000000000000000,0.0000000000000000,0.1999650207135069,-0.3157922818203187,-0.1668852951510429,0.9123806900061572,0.1999650207135069,-0.3157922818203187,-0.1668852951510429,0.9123806900061572,0.0750188452396860,-0.6887522169933584,-0.1318005640015640,0.7089578039449924,0.1145340555812420,-0.6950431508885365,-0.0930914791338701,0.7036554163990463,0.0744937852641437,-0.7004667782571645,-0.0525926812660866,0.7078354175882207,0.0879672437098396,-0.4169506885430069,-0.0240224519945448,0.9043433027107433,0.0800238663068624,-0.6148460441969261,-0.0437206471479773,0.7833575350819408,0.1700472676601715,-0.6157779938473434,0.0276516788818940,0.7688541953515392,0.1700472676601715,-0.6157779938473434,0.0276516788818940,0.7688541953515392,0.1490377659878888,-0.6312365902166526,-0.3298192226442817,0.6859645704082055,0.1908904643327017,-0.6503032366807147,-0.2904239191537275,0.6755149725748647,0.2830988888300364,-0.6157828254780794,-0.3852349773507115,0.6263070678309705,0.3693554005162505,-0.4423174729612489,-0.3035252159882020,0.7588176885668714,0.2694925048310268,-0.6372493152109973,-0.3948730916017241,0.6044521003618977,0.3479514443168098,-0.6843569107014592,-0.3060507588344511,0.5629550108044661,0.3479514443168098,-0.6843569107014592,-0.3060507588344511,0.5629550108044661,0.1650240486678409,-0.3353771580288540,-0.0682936425892873,0.9250001100625064,0.1396016164214981,-0.6226033104208895,-0.1391820324159708,0.7573010421213041,0.3284807630862586,-0.6374987447998365,0.0245330526662261,0.6964868038863175,0.2496027657512762,-0.6776294984225697,0.1056325762498251,0.6836362198067876,0.2882909697381213,-0.8999866914373466,-0.0324519142843397,0.3253600240693276,0.2388699266161988,-0.9139832530148344,-0.0269336534202023,0.3268797174500627,0.2388699266161988,-0.9139832530148344,-0.0269336534202023,0.3268797174500627,0.1211962780554591,-0.6523432463221710,-0.1024337134413977,0.7411255531379011,-0.0183238398675667,-0.6220382357331131,-0.2216141014411744,0.7507462022687585,0.0584008821541636,-0.6253221626911803,-0.3142401035065925,0.7119091846289143,-0.1362336848451325,-0.9064143641840282,-0.2756331895703815,0.2896199722423133,-0.0723258883893580,-0.9186611986353864,-0.2804074096735883,0.2687047684553311,-0.0723258883893580,-0.9186611986353864,-0.2804074096735883,0.2687047684553311,0.1649807677391435,-0.3353984511628514,-0.0681742731494525,0.9250089154782812
-0.6635444854668167,-0.3814835737909006,0.2917902864971837,0.2099264591637342,-0.3414667028234877,-0.1637445801722256,0.9013984052959343,-0.9433813370228459,0.1590316440109149,0.1438391365653777,0.7287298700543630,-0.4107482060977983,0.2316403533705772,-0.9362254142728014,0.0651700902122097,-0.3772920426418153,0.5951607221615530,-0.5140953250959207,0.2654853231226800,0.2089274043406071,-1.0403848090890480,0.6201577677980727,0.2658910170395947,-1.1155838676230609,0.1294051038311310,-1.0654391600178519,-0.4562295892103035,-0.2776918428236776,-1.2606751535684007,-0.1539314940099996,0.0003082158550659,-1.5171714507649021,-0.3220284563645666,-2.8835679788555351,0.4533133120175263,-2.9898532052794100,-0.0301156600093280,-1.7544643058511435,2.1403483107439532,1.1920062254767780,1.0765421106055686,2.0170126308917933,-0.0214424957307839,-3.0231004564951189,-2.7876587898214567,-2.6835820843519484,3.8339238367798680,3.0120156097685884,-0.1068913936974022,-0.7760405843314370,-16.9951141842985329,5.0252276204338848,0.7135130728621880,-9.4222920750549051,1.0724442114741441,-15.2983243746149071,-3.2765384849342603,-0.6405637756032645,-6.9791564064280109,-0.7041430257655316,0.0021075436658844,0.0000000000000000,0.0000000000000000,0.2099264591637342,-0.3414667028234877,-0.1637445801722256,0.9013984052959343,0.2099264591637342,-0.3414667028234877,-0.1637445801722256,0.9013984052959343,0.0755278371832115,-0.7233256330636905,-0.1321713145188951,0.6735178676039589,0.1273636378164175,-0.7313780674153881,-0.0758640252845397,0.6656645370857051,0.0753597387310102,-0.7385501225458524,-0.0286327668163115,0.6693614800168457,0.0806159123864876,-0.4524898817482736,0.0000150750637714,0.8881182248767723,0.0788915330173827,-0.6256639855681049,-0.0165846789336003,0.7759160080871318,0.1680452640877746,-0.6233875997230319,0.0558424115153825,0.7615972129711169,0.1680452640877746,-0.6233875997230319,0.0558424115153825,0.7615972129711169,0.1563286595614772,-0.6713323978499175,-0.3419315852859747,0.6387150794999371,0.1788192365060407,-0.6830049692330610,-0.3179758000572450,0.6327869177189869,0.3020186428824085,-0.6381667859526428,-0.4294910351411552,0.5630855560141104,0.4134368560738358,-0.4477955444220365,-0.3236476107666102,0.7237412109867848,0.3163127188305382,-0.6188397849806277,-0.4190752603306305,0.5842597971878404,0.3909160584916903,-0.6688971995738310,-0.3334115920275445,0.5372130693842667,0.3909160584916903,-0.6688971995738310,-0.3334115920275445,0.5372130693842667,0.1728954509420098,-0.3616293550553192,-0.0681507224333831,0.9136119808965072,0.1296147990565129,-0.7512692651526052,-0.1705775313245322,0.6242578000392397,0.3111228985675126,-0.7678157917444670,0.0629373728679890,0.5565072677254457,0.2078936113324991,-0.8066605331806870,0.1330406891353909,0.5370095023462437,0.2722744736697236,-0.9611546552398101,-0.0133530025117094,0.0432439246904975,0.2115096927137678,-0.9760725154447880,-0.0248451230373957,0.0439182688942390,0.2115096927137678,-0.9760725154447880,-0.0248451230373957,0.0439182688942390,0.1053876308600364,-0.7706789836846286,-0.1162062271914638,0.6176110945655540,-0.0349605426382044,-0.7253731063191434,-0.2851032089615320,0.6255619692142380,0.0626409664741776,-0.7286747902821945,-0.3680932680069053,0.5741223783953876,-0.1912180692917983,-0.9278282454871480,-0.3154730839322960,0.0552008167222479,-0.1223465485311818,-0.9447541935457520,-0.3025702011805712,0.0303662509666739,-0.1223465485311818,-0.9447541935457520,-0.3025702011805712,0.0303662509666739,0.1728404811441371,-0.3616556310525667,-0.0680118522748349,0.9136223292783391
-0.6881458238197652,-0.3881171801009135,0.2304646086368861,0.2199754803453942,-0.3673817655244418,-0.1604948333278082,0.8893159364826625,-0.9680605096806469,0.2020262510122483,0.1644188908977254,0.7459874901219808,-0.3802867344434758,0.2302060068306823,-0.9847126673207480,0.0089668225666703,-0.4511526010237629,0.6557340901693003,-0.4582196021651309,0.2644712860230325,0.1920973023023718,-1.3867585536128415,0.7257185271860750,0.2740057843508820,-1.2946644737258439,0.1484792748627658,-1.3785167937409533,-0.5127783425540434,-0.2830184272652081,-1.3967541607791938,-0.1665925027669401,0.0003500532071887,-1.4066928072875271,-0.4434199080175604,-2.7688283849603028,0.9045445841064444,-2.9849664844091461,-0.1967531449122806,-0.7837190470386458,2.0867826968054874,0.9275059689777869,0.6372135654883342,1.0429488572916656,-0.1205548149259168,-2.0056602002292716,-2.7752103376682804,-4.1728718437916310,2.5224609436302110,2.5178639240083140,-0.0266790154501680,-0.8273380282063603,-17.3135410393650915,5.4076836311141827,0.2119816278390055,-8.5789747670622667,0.8596527958731712,-15.7019588814840674,-2.5595411157368133,-0.0830563824537545,-6.6506911027306854,-0.5760471495956339,0.0016507733533987,0.0000000000000000,0.0000000000000000,0.2199754803453942,-0.3673817655244418,-0.1604948333278082,0.8893159364826625,0.2199754803453942,-0.3673817655244418,-0.1604948333278082,0.8893159364826625,0.0785704263393516,-0.7509139408891149,-0.1338961227868896,0.6418931139885116,0.1415828938579010,-0.7604668157997160,-0.0590774101194680,0.6309947431221897,0.0793712724850736,-0.7694515545957633,-0.0076503424720712,0.6337081177437465,0.0767154479616491,-0.4861727486353512,0.0217500960890585,0.8702170601915977,0.0794506883443266,-0.6426763280175636,0.0067760429051512,0.7619769096042347,0.1665274051842486,-0.6376357767051978,0.0806188167684847,0.7477899745055482,0.1665274051842486,-0.6376357767051978,0.0806188167684847,0.7477899745055482,0.1658270691460546,-0.7018198433191013,-0.3500437271004267,0.5978458662394700,0.1701621994752910,-0.7043421674570999,-0.3449403057061332,0.5966264514006431,0.3206814201905378,-0.6497818785815851,-0.4675389664376460,0.5063143804732217,0.4533006421283472,-0.4538587828820890,-0.3405110662504681,0.6874466865203330,0.3630264013440457,-0.5995496982754399,-0.4354780021082516,0.5648990183252448,0.4343529698019802,-0.6517428310335501,-0.3526077327835264,0.5120903890934037,0.4343529698019802,-0.6517428310335501,-0.3526077327835264,0.5120903890934037,0.1834092282544951,-0.3869362073832499,-0.0737236369070036,0.9006698905637739,0.1122293734761709,-0.8570829380951095,-0.2074327638233051,0.4580229835368798,0.2653922871917307,-0.8754862756576922,0.1055618085111462,0.3898043350426220,0.1446674573041185,-0.9067651121542054,0.1553535097254916,0.3642988405047471,0.2419427873447172,-0.9395861491319061,0.0235313432476892,-0.2410141736419313,0.1780519176453888,-0.9536230373207512,-0.0096486728357940,-0.2425026194218357,0.1780519176453888,-0.9536230373207512,-0.0096486728357940,-0.2425026194218357,0.0823032112061542,-0.8703180487849970,-0.1365258350931493,0.4659757201146303,-0.0373463872578181,-0.8081478174577684,-0.3506991799634717,0.4717122403224048,0.0736103870575446,-0.8095080082056481,-0.4132263281601521,0.4105146736517958,-0.2395075485674612,-0.8870058407451258,-0.3500703010399853,-0.1825035807676413,-0.1722830476740561,-0.9085408138452906,-0.3172083638858967,-0.2103592045580794,-0.1722830476740561,-0.9085408138452906,-0.3172083638858967,-0.2103592045580794,0.1833421401120605,-0.3869680002948208,-0.0735674814097005,0.9006826589237684
-0.7113001492590582,-0.3963004769409296,0.1729464299836335,0.2331731139435043,-0.3940319030659656,-0.1589262244768785,0.8747065870757043,-0.9725850415652368,0.2399932117971925,0.1759439986937881,0.7568428663659442,-0.3682701596974376,0.2285521764990763,-1.0139959444199091,-0.0446208573471686,-0.5137389876947379,0.6990203381012586,-0.4117399847654989,0.2639428480817032,0.1781346143810731,-1.7182731705034209,0.8329420028386549,0.2776233602231263,-1.4576327945324239,0.1636159112538531,-1.6812298939513406,-0.5644389258393787,-0.2850770487271386,-1.5246722778004407,-0.1768361555152507,0.0003600075469260,-1.4426208753137815,-0.5581805188134162,-2.6196416304426835,1.1607114560170702,-3.3127230871877167,-0.2397911650697691,0.2206256536719586,1.7759318478895345,0.2850911462819098,0.5785155187877546,0.3473526920604103,-0.0428193991596237,-1.0342550764433365,-2.5774171401785453,-2.9468260844598988,1.8189673455866340,1.9677752853451382,-0.0148490736290190,-0.4246378083588982,-15.6150837153510444,5.2963271412254960,0.3106921844570308,-7.7721485295084269,0.6784181050188023,-14.5377025778387647,-2.6903291062515833,-0.1939389182981184,-6.1565827044104466,-0.4617891109823673,-0.0003970919637576,0.0000000000000000,0.0000000000000000,0.2331731139435043,-0.3940319030659656,-0.1589262244768785,0.8747065870757043,0.2331731139435043,-0.3940319030659656,-0.1589262244768785,0.8747065870757043,0.0866624275314730,-0.7715588483093507,-0.1399421541890893,0.6144939061787483,0.1585343139285292,-0.7826789681983517,-0.0479634826039363,0.5999833400884351,0.0893824372007290,-0.7935554649001439,0.0047640841783172,0.6018785654508015,0.0813200819302573,-0.5155372353340441,0.0374026851022302,0.8521792313862904,0.0868012530473302,-0.6631111113577214,0.0218508363092515,0.7431498754732627,0.1710058328440700,-0.6562902644458540,0.0973493392226010,0.7283976936260977,0.1710058328440700,-0.6562902644458540,0.0973493392226010,0.7283976936260977,0.1789852566882693,-0.7248964495557400,-0.3578912459396048,0.5607167479124490,0.1678864981401514,-0.7176935060279588,-0.3721250299348545,0.5641392711410147,0.3427897263105829,-0.6525067420252318,-0.5019059958647856,0.4525710181424674,0.4932913000473729,-0.4592583209719210,-0.3550748068318551,0.6478173889831486,0.4094075600807466,-0.5830484656229423,-0.4492214096610225,0.5391104354263833,0.4767954823583047,-0.6370964360186537,-0.3685831241055849,0.4805420687511201,0.4767954823583047,-0.6370964360186537,-0.3685831241055849,0.4805420687511201,0.1970243860001798,-0.4132943660650954,-0.0801154958355036,0.8854098856615128,0.0906468579066486,-0.9256182173012966,-0.2416776088334411,0.2767778826788203,0.1937159669198830,-0.9450649940122737,0.1484227337844877,0.2174786733195091,0.0629310462610905,-0.9645921110840391,0.1752873752368474,0.1867513821461485,0.2024158380930935,-0.8452710988016690,0.0807206353101399,-0.4878819294202399,0.1438796210600624,-0.8574364795985472,0.0261883417357590,-0.4933715728073445,0.1438796210600624,-0.8574364795985472,0.0261883417357590,-0.4933715728073445,0.0556640780579518,-0.9389509782426657,-0.1580031726916141,0.3005121766093385,-0.0294087355607176,-0.8589124628535804,-0.4109298276814082,0.3042058253045851,0.0888368672501099,-0.8570991279077727,-0.4495825699011743,0.2352968525033358,-0.2806109856327729,-0.7876237436119653,-0.3793540001125484,-0.3962282875306665,-0.2216286946698370,-0.8136077671498668,-0.3275757287756271,-0.4261657715601619,-0.2216286946698370,-0.8136077671498668,-0.3275757287756271,-0.4261657715601619,0.1969498241332427,-0.4133299027094237,-0.0799557658230810,0.8854243241586186
-0.7354287362760425,-0.4006252563287286,0.1458293283095133,0.2483348802421144,-0.4462241210840926,-0.1403487809556245,0.8482429137352886,-0.8520618058752132,0.1958209923418726,0.1984790216430827,0.7628321019007663,-0.3830673543604826,0.2306441732852044,-0.9630550935202342,-0.2082503908673148,-0.5718917022868389,0.7445896328009879,-0.3867676949409692,0.2641634471646261,0.1382907612253934,-1.9258866538531201,0.9415130101649729,0.3084773332770663,-1.6334680841812288,0.1759064341522474,-1.9118843404497770,-0.6726968503356801,-0.3077758049791719,-1.6396637072376330,-0.1852591744443269,0.0002848611348123,-1.7225432436643080,-0.0647975995464260,-0.0833647486166843,0.1128136557465087,-7.7898286213358148,0.7281142894256838,7.0817256679630187,-2.8235272262031406,1.4684741171951639,2.2431703137705714,-0.5364051367581222,0.0608633488670371,3.3401206410249844,-8.8592755708454742,-0.8597239895737013,2.4256671666703675,1.2584634274662017,0.0105315861383808,-2.0835906712121011,-9.0854501760587354,5.9200799443738426,1.7843937214840677,-8.3281961911772200,0.5474843110652633,-11.1300923258033126,-6.4909551835569710,-1.6107519301791562,-5.0124470624255162,-0.3692564551496481,-0.0034489893547356,0.0000000000000000,0.0000000000000000,0.2483348802421144,-0.4462241210840926,-0.1403487809556245,0.8482429137352886,0.2483348802421144,-0.4462241210840926,-0.1403487809556245,0.8482429137352886,0.1200361169805588,-0.7758723519777049,-0.1359226938389634,0.6042668660090272,0.1801949475945098,-0.7856080532617502,-0.0572090195173742,0.5891323243529877,0.1026469765145121,-0.7994459523324478,0.0005725520151836,0.5919032350780684,0.0951441446549986,-0.5235678963151936,0.0385268911443629,0.8457777062235088,0.1007278595653129,-0.6746078801742502,0.0197643090132567,0.7310044311790604,0.1841295365438946,-0.6678586879925222,0.0972172452647875,0.7145697263865589,0.1841295365438946,-0.6678586879925222,0.0972172452647875,0.7145697263865589,0.2103540662368973,-0.7467205005766807,-0.3383007692011374,0.5326464591021247,0.1587339079296040,-0.7111547886664324,-0.4077962517978454,0.5502405201816969,0.3523322462046525,-0.6378084157912831,-0.5460862492606863,0.4133427408320989,0.5259122496252882,-0.4452557153690058,-0.3817911851277984,0.6159538493945896,0.4421370279719171,-0.5559830048958858,-0.4763014296045944,0.5182033335667759,0.5065275179127317,-0.6138640806966826,-0.3989373935930997,0.4554664861663549,0.5065275179127317,-0.6138640806966826,-0.3989373935930997,0.4554664861663549,0.2159479593214548,-0.4627663101901818,-0.0796245042962755,0.8560804631186455,0.0838176549556836,-0.9535564177777136,-0.2657017628544347,0.1144872571455384,0.1262461317428795,-0.9714871027243231,0.1899475662105733,0.0647660833379492,-0.0206495926042222,-0.9799713041795681,0.1963566030313128,0.0259600030022692,0.1719176070977464,-0.6968808580050863,0.1474083119593936,-0.6804940820324307,0.1255228079818203,-0.7079338462594766,0.0749496658859325,-0.6909820848475079,0.1255228079818203,-0.7079338462594766,0.0749496658859325,-0.6909820848475079,0.0385757650030905,-0.9745083887808528,-0.1777461671879357,0.1313453866725804,-0.0060477574827063,-0.8643977605274625,-0.4838148523447401,0.1367593685097064,0.1202752130795501,-0.8566133018613126,-0.4988626514033102,0.0536989685914591,-0.3189888649327027,-0.6311368494670920,-0.4288038090763782,-0.5621740607812554,-0.2745274769977556,-0.6623762127035696,-0.3621892646587889,-0.5955764886088492,-0.2745274769977556,-0.6623762127035696,-0.3621892646587889,-0.5955764886088492,0.2158804488797023,-0.4627978076586302,-0.0794996188109687,0.8560920695969405
-0.7589828817913433,-0.4026179115686555,0.1405869963219464,0.2629922398365560,-0.5095744737260477,-0.1183362277973552,0.8106574336322738,-0.7327168373430807,0.1568217767769698,0.2255295241234050,0.8322516875139321,-0.3792019137836128,0.2309209615038871,-0.9157424445653923,-0.3417384602470830,-0.5001263246927254,0.7845610678556220,-0.3564173985189340,0.2638663328088105,0.1066816989371333,-2.1071052813339559,1.0649339612659499,0.3430728753770864,-1.7699580759935118,0.1852044645929171,-2.1437527459880030,-0.7996598354786779,-0.3446785651160765,-1.7193671577852003,-0.1913316949123533,0.0002377217017942,-1.5949927701234172,-0.1472047257404915,0.0740690053081139,0.3725295211720403,-7.6432141867182688,0.1774047472014708,4.9518774236242518,-1.1848136130021421,1.0575727548298282,3.7536928941230876,0.7883477939692957,-0.0044410331998400,1.6513720408785058,-4.8069523507818790,6.6173337054522001,1.5372544455565806,1.6175563447389487,-0.0300856999582730,-1.2905860355409600,-8.7617319515228118,6.1627860055631283,1.7603299740998917,-5.6768064213004070,0.4028845540335118,-11.5489637414291213,-6.0665648654916202,-2.0891588488467963,-3.2856022967909602,-0.2569745476020253,-0.0018196635291457,0.0000000000000000,0.0000000000000000,0.2629922398365560,-0.5095744737260477,-0.1183362277973552,0.8106574336322738,0.2629922398365560,-0.5095744737260477,-0.1183362277973552,0.8106574336322738,0.1557426913318405,-0.7836595669398932,-0.1263156658389413,0.5879338821704001,0.2019972118993608,-0.7912220202935544,-0.0636056514418519,0.5736890813778205,0.1125367275828233,-0.8088081626427113,0.0007427842988353,0.5772038541615564,0.1028053796400988,-0.5096740163520819,0.0457834107578316,0.8529755742528455,0.1096118585758675,-0.6618826353259087,0.0255011223892046,0.7411115369972754,0.1942643576516433,-0.6545374296869141,0.1015858421628086,0.7235484981375570,0.1942643576516433,-0.6545374296869141,0.1015858421628086,0.7235484981375570,0.2435092108241563,-0.7738160524032058,-0.3117849887106608,0.4946737329812527,0.1583897200606386,-0.7116328242442571,-0.4354077234045465,0.5281207574380349,0.3338636444837733,-0.6481077432454868,-0.5552175631723776,0.4002809982776857,0.5201679991788852,-0.4468000757640308,-0.3862081410241059,0.6169588452516057,0.4427035171736680,-0.5499437436547867,-0.4730169885375411,0.5270961992387126,0.5082100442088691,-0.6074020944550325,-0.3965424167498426,0.4642621655218658,0.5082100442088691,-0.6074020944550325,-0.3965424167498426,0.4642621655218658,0.2347749357898926,-0.5231747241718381,-0.0738943263156459,0.8159096555691253,0.0825070908275464,-0.9541503602428241,-0.2840444706252800,-0.0459174119356422,0.0482751626158179,-0.9677119603123954,0.2337043711885751,-0.0811500919907598,-0.1131224834297308,-0.9610782457116518,0.2161478657073887,-0.1296611333925618,0.1407972448018000,-0.5191152506127119,0.2290560706578199,-0.8113130153845197,0.1109641697135699,-0.5294497960190435,0.1442083770757280,-0.8285974960838070,0.1109641697135699,-0.5294497960190435,0.1442083770757280,-0.8285974960838070,0.0216985165890953,-0.9789674853142509,-0.1958439482389266,-0.0528865296036021,0.0403287549869104,-0.8289100406459751,-0.5564533528343660,-0.0405142216620988,0.1739899841095239,-0.8096756217791823,-0.5419866907703805,-0.1428401202527971,-0.3327776695263903,-0.4299070086515227,-0.4947194227532599,-0.6780056631972662,-0.3081366240408516,-0.4649755601669984,-0.4187548937368600,-0.7165848786735061,-0.3081366240408516,-0.4649755601669984,-0.4187548937368600,-0.7165848786735061,0.2347117970855919,-0.5232030531220923,-0.0737958613808349,0.8159185672330496
-0.7832280276979866,-0.4061279363299363,0.1351872304623146,0.2707687717448722,-0.5639321509412716,-0.0962961187514867,0.7742040163263959,-0.6765588255902339,0.1440298933308396,0.2329654804343322,0.8965845663452952,-0.3529466264679098,0.2307872593394681,-0.9054384529835175,-0.4056702077953621,-0.3385931765103020,0.8098418883863591,-0.3262620188393716,0.2632561388405091,0.1032383233178463,-2.2568074461679304,1.1712905191397165,0.3909808050832256,-1.8576958232787530,0.1919788449380006,-2.1690445354238239,-0.8985634944543498,-0.2647927124787904,-1.8280600653468029,-0.1925898501709402,0.0000717307364829,-1.4552022091779750,-0.1357444157951407,-0.1080887470082206,-0.8365960431855508,-6.1612064903412396,0.5946972340570136,1.0189703649059236,-0.2552458318287322,-0.0549446767084160,2.5834080884970003,1.6090627233938635,-0.0067310394723535,-0.3419679832836858,-2.1103511655615703,8.8806493220307487,1.0127354974204719,1.3190915259858347,-0.0316446308332815,1.0720628846833842,-6.0765005368423806,4.4336508597515900,3.0119183459891317,-3.3173296634222775,0.2883733976626159,6.6494875106220306,-4.0065823723743206,7.3899518916201385,-7.5761873291887127,0.0213898860477828,-0.0120903723299813,0.0000000000000000,0.0000000000000000,0.2707687717448722,-0.5639321509412716,-0.0962961187514867,0.7742040163263959,0.2707687717448722,-0.5639321509412716,-0.0962961187514867,0.7742040163263959,0.1757960773779703,-0.8040007606016244,-0.1111630259800196,0.5570648954883911,0.2155613382877752,-0.8099288158087928,-0.0528181286642345,0.5429169992204671,0.1199254932935834,-0.8294993992162627,0.0106673027069561,0.5453758625123654,0.1036107592314554,-0.5133514713649735,0.0613247573189860,0.8496907387742106,0.1128354024296884,-0.6557493472675642,0.0420010386452696,0.7453166295403657,0.1979039403208122,-0.6465516198162710,0.1172275419945081,0.7273669890202448,0.1979039403208122,-0.6465516198162710,0.1172275419945081,0.7273669890202448,0.2666732404605385,-0.8034515555418894,-0.2885177775776897,0.4473348552720024,0.1721296267214854,-0.7297955692058589,-0.4429168513937436,0.4915226154752898,0.2987505580251063,-0.6877341676167246,-0.5230202474641042,0.4052402244531067,0.4802655414921126,-0.4731280888570794,-0.3635204049747595,0.6429212520649172,0.4142741722803224,-0.5719974529208194,-0.4372401918387411,0.5567915576536414,0.4837841969899235,-0.6244477772349034,-0.3583644025478429,0.4975869564565869,0.4837841969899235,-0.6244477772349034,-0.3583644025478429,0.4975869564565869,0.2419299398315910,-0.5768926267777728,-0.0570560217166204,0.7780805946483921,0.0862266198143558,-0.9361982729117559,-0.2863394750640383,-0.1846820750708790,-0.0293292520860109,-0.9396836530311210,0.2746855172902122,-0.2016985220302084,-0.2048869592852749,-0.9143081220902795,0.2314581010486009,-0.2617042973540086,0.1077800352234585,-0.3519864314319296,0.3137112358726056,-0.8752566918237911,0.0943239509826151,-0.3616740239904083,0.2228949511088537,-0.9003403430990945,0.0943239509826151,-0.3616740239904083,0.2228949511088537,-0.9003403430990945,0.0289828589076101,-0.9686080641895769,-0.1971935573646421,-0.1485702285464317,0.0901469267806981,-0.7892287138085783,-0.5951511727109838,-0.1216003721737432,0.1938082326115683,-0.7679310417064120,-0.5732252858414181,-0.2100786896087014,-0.3684429453690496,-0.3167403791948891,-0.5177377345433332,-0.7041824809132885,-0.3546737150953191,-0.3563098153166802,-0.4405961446179902,-0.7437236776365536,-0.3546737150953191,-0.3563098153166802,-0.4405961446179902,-0.7437236776365536,0.2419022742402647,-0.5769042280438441,-0.0570187082198867,0.7780833299174699
-0.8069386088163644,-0.4103570981340706,0.1259589217216892,0.2694337609065129,-0.6046340916824747,-0.0694656438324225,0.7463227103512435,-0.6853759184096506,0.1537065277884971,0.2285663350860526,0.9296933240191129,-0.3193357188679122,0.2306293510279146,-0.9173554440084333,-0.4234983928414681,-0.1625519527122965,0.8231759095235707,-0.3059573674616770,0.2627027906715375,0.1454623534710028,-2.3431028559560838,1.2489525188069412,0.4565584798227370,-1.9039672803973469,0.1967060510792963,-2.0054452375874976,-0.9866664924685657,-0.1413375897505911,-1.9801329121012277,-0.1925685286883963,-0.0001064778974108,-1.3670365969479186,-0.1682233267762228,-0.4526352132553804,-1.3197809287701685,-4.6432206102826088,0.5096578079670601,-1.7136380095069075,1.2911187984975077,-0.3547104469561020,0.8730076970292250,1.6519108377454388,-0.0090351324534856,-0.7213825672111163,0.3510247751204868,8.2337614299098441,0.2551975072353974,0.7689120381782838,-0.0234025295417097,3.0314308767870259,-3.0174209764601874,3.5115697859189248,3.3515307282980538,-1.6510622867358800,0.1990433353903630,8.2632911379435399,-4.8522641000999194,4.5289976197396982,-7.2658375973022240,-0.0253760086786546,-0.0064104058628499,0.0000000000000000,0.0000000000000000,0.2694337609065129,-0.6046340916824747,-0.0694656438324225,0.7463227103512435,0.2694337609065129,-0.6046340916824747,-0.0694656438324225,0.7463227103512435,0.1791527394762270,-0.8342148693547038,-0.0879019109086732,0.5140652699261831,0.2174484551451627,-0.8384702080431143,-0.0246759886938410,0.4990741179034417,0.1201111321160353,-0.8578399829587600,0.0325735443480705,0.4986209419867173,0.0928363128323683,-0.5440148200977492,0.0828802682746747,0.8297952492418961,0.1049432509932802,-0.6702339455602673,0.0668927045390812,0.7316411267616956,0.1884348422638784,-0.6580847484773966,0.1435710260577592,0.7147056278770647,0.1884348422638784,-0.6580847484773966,0.1435710260577592,0.7147056278770647,0.2811924177189437,-0.8302185942688809,-0.2627699854600055,0.4032615090594751,0.1899991619944699,-0.7562975465213164,-0.4316537972198152,0.4534196057880042,0.2568441686922033,-0.7362857688707385,-0.4704570444499176,0.4130187754747752,0.4235239168271112,-0.5097334363612276,-0.3285213075877468,0.6729584431386768,0.3682174684767750,-0.6067792709016739,-0.3895056528117352,0.5869583960897830,0.4419343576280338,-0.6525746501834724,-0.3066627840253552,0.5336649570466778,0.4419343576280338,-0.6525746501834724,-0.3066627840253552,0.5336649570466778,0.2266708350804698,-0.6219302765301281,-0.0173205828386827,0.7493484243455827,0.1087696202205513,-0.9185626564702736,-0.2582432379429038,-0.2787870978221814,-0.0737396755996015,-0.8973342264522197,0.3244043924523179,-0.2900267857241862,-0.2670808360134407,-0.8542539788753336,0.2527069221595128,-0.3675012627225749,0.0943783567288737,-0.2124702343755711,0.3806813518652871,-0.8950032590038780,0.0947781324532131,-0.2230441808933044,0.2883163943230920,-0.9263595715179108,0.0947781324532131,-0.2230441808933044,0.2883163943230920,-0.9263595715179108,0.0726297677331944,-0.9760329189936976,-0.1610195758058466,-0.1271115812464317,0.1237870457007212,-0.7863185946998011,-0.6002254829490186,-0.0781614007335687,0.1795629316811401,-0.7744463407745116,-0.5932527308193585,-0.1266539229649671,-0.4332136805859059,-0.3324429828246974,-0.4865572173349647,-0.6819601486766549,-0.4170385437450462,-0.3774732510210295,-0.4109794608114790,-0.7174180654163448,-0.4170385437450462,-0.3774732510210295,-0.4109794608114790,-0.7174180654163448,0.2266999589205241,-0.6219196611833010,-0.0173556737144721,0.7493476124262997
-0.8278336005153899,-0.4147777022355890,0.1143709871519082,0.2586799281012035,-0.6277246759871388,-0.0477523989069771,0.7326432517624298,-0.7576465466430620,0.1906420651325003,0.2069876365328487,0.9359951108326386,-0.2939936021119514,0.2304889369451943,-0.9442149096417989,-0.4076959020242005,-0.0374059352502069,0.8366961834215381,-0.2972337643360675,0.2623630273671176,0.1067196467791675,-2.2927971040655897,1.2600830694866949,0.5562614221395629,-1.9683036777629286,0.2060263993207983,-1.8142428549013809,-1.0186730403348339,-0.0883073051720471,-2.0993696621001101,-0.1928396890468264,0.0020109766015383,-1.0008796654653691,-0.0477766519230395,-0.1933435964617657,-2.5152316162854351,-2.3062201532376356,0.0892257267657082,-4.0198126715262799,1.7601280883218717,-1.2649375307937627,-0.2489033908239901,0.8869898229863250,-0.0070320129924182,-1.4447063902610267,0.3000907212271117,4.8787236338379119,1.0302953229490153,0.1934604542066410,-0.0123742440416900,-5.2397334621282265,4.9183436987652618,-0.9970947260224849,5.2680856669140779,-4.1263504037314460,0.5925365426228399,9.4580851191778912,0.3198312124139676,2.0846088753626684,-4.8358716733798408,-0.0042603078330343,0.0839483362952003,0.0000000000000000,0.0000000000000000,0.2586799281012035,-0.6277246759871388,-0.0477523989069771,0.7326432517624298,0.2586799281012035,-0.6277246759871388,-0.0477523989069771,0.7326432517624298,0.1643587727264580,-0.8677319094891344,-0.0664919895284526,0.4643343002737808,0.2070201116483270,-0.8701487500400756,0.0148662107076809,0.4469483437221838,0.1148961276338264,-0.8870259599797197,0.0615208707254911,0.4429435727516383,0.0747630976072087,-0.5916371738731115,0.1067540018746187,0.7956000985491183,0.0896767724177748,-0.7024074942441675,0.0945727982498230,0.6997412195587445,0.1695496551798703,-0.6868721054400286,0.1747198125787514,0.6847865450556221,0.1695496551798703,-0.6868721054400286,0.1747198125787514,0.6847865450556221,0.2833114529744422,-0.8500262401708547,-0.2418577290863072,0.3724175754656669,0.2019269042663005,-0.7833421111726326,-0.4091636676947110,0.4221205458582223,0.2203415812592022,-0.7783629779037304,-0.4190032996132698,0.4123553044526334,0.3712579087288951,-0.5444316753363516,-0.2937375405440383,0.6924449244321460,0.3236047897228189,-0.6410777838606050,-0.3455345389205879,0.6040737517238788,0.3998475033028399,-0.6807707198654661,-0.2587007335137321,0.5565493073895589,0.3998475033028399,-0.6807707198654661,-0.2587007335137321,0.5565493073895589,0.2214725745519460,-0.6417970650968535,-0.0047624306731771,0.7341823650895473,0.1226665884290206,-0.9179000026732791,-0.2459147448114615,-0.2862488977444169,-0.0698393141451275,-0.8862120726343707,0.3429907271930027,-0.3034929876890841,-0.2998036804054587,-0.8295049310879455,0.2498565949309889,-0.3995134597051975,0.0842771588396735,-0.1470937618601193,0.4066297370835096,-0.8977265968206284,0.0914656932067541,-0.1579678802797581,0.3112725248595062,-0.9326251074433478,0.0914656932067541,-0.1579678802797581,0.3112725248595062,-0.9326251074433478,0.0990246109596312,-0.9830352441024522,-0.1417138996136592,-0.0612617819934734,0.1163280255744580,-0.7889644800524731,-0.6033043756735144,-0.0051642980810976,0.1508481105227993,-0.7827399689768378,-0.6027589522046944,-0.0352793715213225,-0.4869568696275186,-0.3692814401769305,-0.4365675358900896,-0.6602370874695512,-0.4662989463258924,-0.4183497529881012,-0.3620519050516987,-0.6902660319605721,-0.4662989463258924,-0.4183497529881012,-0.3620519050516987,-0.6902660319605721,0.2208810389498647,-0.6420008883779137,-0.0040858503560840,0.7341864421121285
-0.8444750216198096,-0.4187047131326365,0.1078313347406553,0.2435440222494196,-0.6395950037889045,-0.0333988937963985,0.7283467953166423,-0.8410854169696818,0.2397689161498278,0.1855896901193146,0.9169919302875015,-0.2844612012925389,0.2302905021037237,-0.9688770357975199,-0.3816232289959640,0.0384638883035688,0.8418757873479661,-0.2957498555664079,0.2621571879438237,0.0025619564583127,-2.2134218507141972,1.2429029762047561,0.6386407945196263,-2.0496028089613514,0.2161515019069705,-1.6787626585828592,-1.0137437060529078,-0.0772233335122489,-2.1659697128389208,-0.1944093943299572,0.0026642130058162,-0.8795921393194722,-0.1218143001870276,-0.2587488016976152,-1.4450074936466244,-0.9904178740354601,-0.3917462187395806,-3.9623283509545626,2.5821172105110599,-1.0542693456784040,-1.3813818770974062,0.1794993077238722,-0.0112573815516013,-1.0835102426205294,1.5209366696775541,2.8747499746373886,-0.0238100700429230,0.0213936177951846,-0.0085739251903560,-5.0273807768271919,3.0366007721647574,-0.4137921997717661,3.2013396264689327,-3.7534119909084800,0.4052806914297020,4.3435436650703600,0.0819348350347816,-0.6776080856058091,-2.1468979852309995,-0.1395267052388285,0.0106754173436706,0.0000000000000000,0.0000000000000000,0.2435440222494196,-0.6395950037889045,-0.0333988937963985,0.7283467953166423,0.2435440222494196,-0.6395950037889045,-0.0333988937963985,0.7283467953166423,0.1426786453923850,-0.8950741958806303,-0.0494534055982720,0.4195704335297831,0.1908019557458475,-0.8947109212047655,0.0556401198196428,0.3999889476309760,0.1061176913560691,-0.9086539794777651,0.0928787983285717,0.3930146434695792,0.0538696412503250,-0.6398162272202681,0.1303284211109100,0.7554784972372949,0.0718217205293468,-0.7405637234020443,0.1213634049370148,0.6570220209271523,0.1468392823224487,-0.7217139140436001,0.2056519651082200,0.6444179704896684,0.1468392823224487,-0.7217139140436001,0.2056519651082200,0.6444179704896684,0.2775852696409466,-0.8639951272866062,-0.2265141093943475,0.3537657365385322,0.2048449356560529,-0.8047660214585931,-0.3874891900884728,0.4003027986491660,0.1916544052578029,-0.8080089021189699,-0.3808898147425192,0.4065872010616970,0.3305684795363359,-0.5713196572449581,-0.2693194058480520,0.7012741170299895,0.2872734484563617,-0.6684208826378348,-0.3150911421181225,0.6094301121739438,0.3644686150409315,-0.7038722935348696,-0.2250171073087720,0.5666513252984600,0.3644686150409315,-0.7038722935348696,-0.2250171073087720,0.5666513252984600,0.2395044081590633,-0.6411186302998310,-0.0288035866462390,0.7285429937561395,0.1168603849059764,-0.9229430024402996,-0.2678572861415912,-0.2505440858351568,-0.0509716917032206,-0.9062027081576227,0.3199499386160959,-0.2717178226621493,-0.3233636748770947,-0.8401796673580439,0.2207863420649349,-0.3752165394618062,0.0647965537471010,-0.1375018249422812,0.4086684948338251,-0.8999359511044647,0.0735103870016073,-0.1469370517801629,0.3084347540097261,-0.9369491599526559,0.0735103870016073,-0.1469370517801629,0.3084347540097261,-0.9369491599526559,0.1076409929376310,-0.9806153593848427,-0.1635539480389767,0.0075524604468219,0.0904358777027976,-0.7778728331968916,-0.6190882266323932,0.0588640386273705,0.1183391425994118,-0.7740303895297873,-0.6210862178817009,0.0335367465715846,-0.5342087062866110,-0.3988464222568156,-0.3964894181043453,-0.6311408170224785,-0.5095354082369208,-0.4518972208595112,-0.3234977316588433,-0.6568955679130954,-0.5095354082369208,-0.4518972208595112,-0.3234977316588433,-0.6568955679130954,0.2386570052091226,-0.6414345590235744,-0.0278408424191783,0.7285804196162811
-0.8586436498179333,-0.4217452655763237,0.1041279144422700,0.2321253483758735,-0.6457160087577338,-0.0231875276058967,0.7270701460236751,-0.9184042197205798,0.2766595475554378,0.1636939123629305,0.8908607493517493,-0.2838271485790604,0.2300850780874976,-1.0003863002591091,-0.3692293276430726,0.0802618535243987,0.8461041961308750,-0.2957127338964240,0.2620368332478696,-0.0717740919681896,-2.1683094715203488,1.2199602378005461,0.7006155821421807,-2.1090739892746906,0.2221497673519155,-1.6206599979132192,-1.0384947559214508,-0.0546270168555927,-2.2041807844312142,-0.1959328479744684,0.0025159425574959,-0.6047815854977987,0.0084786662362289,0.0153585406366837,-1.3586805187439370,-0.1466596164486928,0.2060650304243684,-3.9394222881617682,1.5690716556119406,-0.8890690100500002,-1.2006214459937050,-0.0628882285199699,-0.0102236561108580,-2.0916930650427856,0.4129445437516202,1.7563222361676292,-0.0186635744679153,-0.0071274279000089,-0.0047059679665841,-1.6798064634869607,1.7029699770946776,-2.3674988953872331,3.2911831615143856,-2.4124237211232615,0.2398115438239920,0.2606013584396604,-1.4895151894997622,0.6226982959513345,-0.9538662399506441,-0.0503435546920116,-0.0154613609877935,0.0000000000000000,0.0000000000000000,0.2321253483758735,-0.6457160087577338,-0.0231875276058967,0.7270701460236751,0.2321253483758735,-0.6457160087577338,-0.0231875276058967,0.7270701460236751,0.1251503057280194,-0.9151616126468247,-0.0366708889135515,0.3814077471947014,0.1759808977031925,-0.9116161034266916,0.0884398740907194,0.3607841353046618,0.1000414510318862,-0.9230411174258277,0.1179531522222040,0.3522411922214101,0.0392806824618711,-0.6803542566023133,0.1495936697492556,0.7163775872257554,0.0600350221670789,-0.7747990188552583,0.1425378341252527,0.6129969350145319,0.1300096122700098,-0.7533133968314522,0.2305417097413133,0.6020522792426033,0.1300096122700098,-0.7533133968314522,0.2305417097413133,0.6020522792426033,0.2730642111092907,-0.8740806802570626,-0.2173954721787339,0.3378729194368758,0.2062436037742374,-0.8191661042714434,-0.3744926174642309,0.3823424498793617,0.1746643036172750,-0.8264755964497260,-0.3595482709722618,0.3964284429198036,0.3068815917109509,-0.5908486962456585,-0.2561372030498575,0.7007961472693439,0.2658017005224494,-0.6876377595131311,-0.2985498854741445,0.6061119810517787,0.3427111058029934,-0.7207489534628657,-0.2061520519108341,0.5661902291054015,0.3427111058029934,-0.7207489534628657,-0.2061520519108341,0.5661902291054015,0.2540734073300735,-0.6373994391371277,-0.0480401751564706,0.7258517756720707,0.1114282249634252,-0.9239087234675719,-0.2870521740874416,-0.2271067386355944,-0.0393568897302573,-0.9210300753679610,0.2961585389879773,-0.2498894861392857,-0.3433035412649349,-0.8474329297665357,0.1945275058605556,-0.3551889040580146,0.0454859979842323,-0.1314167189677805,0.4113626601733684,-0.9008004394860231,0.0552570454105150,-0.1391175683118627,0.3082901493792574,-0.9394414004690290,0.0552570454105150,-0.1391175683118627,0.3082901493792574,-0.9394414004690290,0.1113244612885951,-0.9757571974369181,-0.1838360325486304,0.0413408890281167,0.0762723081356896,-0.7568792051568125,-0.6426753955258919,0.0910205460238807,0.0962152191506345,-0.7546172420242478,-0.6450958254436985,0.0717413802392128,-0.5729901033265434,-0.4091938897128958,-0.3754033202010849,-0.6027562104976357,-0.5461835678465424,-0.4660664325032033,-0.3041109401400441,-0.6260847600727057,-0.5461835678465424,-0.4660664325032033,-0.3041109401400441,-0.6260847600727057,0.2532615162925133,-0.6377224676062898,-0.0471158131118323,0.7259123630509219
-0.8696985238690719,-0.4232634558908853,0.1053888426190509,0.2270572770795334,-0.6443227211593521,-0.0158919368720537,0.7300963431393774,-0.9836185772237063,0.3097920858162145,0.1486055248545279,0.8665720835322352,-0.2865695931168414,0.2298691815963838,-1.0326108804124392,-0.3591734919578725,0.1057983703368116,0.8393641555088904,-0.2959629404027978,0.2619552363066448,-0.0842192211121409,-2.1483852996106618,1.1778838954306339,0.7561704064929700,-2.1467457396232090,0.2255721463942162,-1.6347498842086783,-1.0501619784078262,-0.0776592256609321,-2.2076602663319798,-0.1974381470989803,0.0023351140061674,-0.5054315096616667,-0.0342121368575505,0.1295496280499591,-0.6105707312615636,0.2536432537381285,0.2102968060373382,-2.7253026494455566,1.6760335623746101,-0.8094176278274218,-1.1787131948788938,-0.1839268212899581,-0.0107378575929497,-1.1745782526459982,0.5487854090853715,0.8716152653076782,-0.4454089458659528,-0.0152973208872499,-0.0036478576465733,-0.1499282123157752,0.4718385048716297,-1.5197924602412165,2.2644261819672451,-1.4597721661649790,0.1162644321794718,-0.5252521530105971,-0.5187447883937514,-1.0386545452579783,0.1263488645398347,-0.0372051847216745,-0.0049884493676152,0.0000000000000000,0.0000000000000000,0.2270572770795334,-0.6443227211593521,-0.0158919368720537,0.7300963431393774,0.2270572770795334,-0.6443227211593521,-0.0158919368720537,0.7300963431393774,0.1148778559475636,-0.9277184400748807,-0.0282914088731661,0.3540355495453714,0.1675653663188919,-0.9211678653230172,0.1136295373889830,0.3323551415871550,0.0979670158271967,-0.9311449145558722,0.1382496003720315,0.3228910960426529,0.0306727310844424,-0.7087244177996016,0.1666423468417740,0.6848351709875187,0.0541245706756376,-0.7991465907584099,0.1605646880303715,0.5767618557828688,0.1199175944507299,-0.7754575214142203,0.2511611535353228,0.5667481609834045,0.1199175944507299,-0.7754575214142203,0.2511611535353228,0.5667481609834045,0.2721848374479026,-0.8791816992993312,-0.2149698478289009,0.3267153476728930,0.2092454552403916,-0.8264414049022355,-0.3690082656549305,0.3701943322132333,0.1659839768108474,-0.8362047450939247,-0.3492573264774289,0.3888833547817393,0.2940034841594793,-0.6048693088099377,-0.2511838210518187,0.6961334344819849,0.2537596616889949,-0.7008886293587517,-0.2917831296624123,0.5993527914171304,0.3298657195216710,-0.7329939035758192,-0.1977427693764417,0.5610760568447648,0.3298657195216710,-0.7329939035758192,-0.1977427693764417,0.5610760568447648,0.2538850703847442,-0.6342311464385029,-0.0465035712712846,0.7287871031941039,0.1150625995595707,-0.9275446748756413,-0.2852143745644305,-0.2123069354360731,-0.0226201233167600,-0.9292878139439698,0.2794825973179302,-0.2404203957088449,-0.3550079831628880,-0.8506018220763341,0.1724292121490035,-0.3474392593946669,0.0290023627785892,-0.1224679393071727,0.4107459619753223,-0.9030217170788764,0.0400643016256526,-0.1285021324371561,0.3060231688056098,-0.9424605423297715,0.0400643016256526,-0.1285021324371561,0.3060231688056098,-0.9424605423297715,0.1109244976015447,-0.9759983063827524,-0.1831883693754582,0.0395611311188831,0.0761963863742918,-0.7530217707623919,-0.6473707480990410,0.0897966478609319,0.1030006867113137,-0.7498239798602105,-0.6504752938463735,0.0635354220814448,-0.5755638766875000,-0.3982882419777674,-0.3828160743259766,-0.6029465593171297,-0.5496106779258445,-0.4560445811167975,-0.3111144724190751,-0.6270241046365761,-0.5496106779258445,-0.4560445811167975,-0.3111144724190751,-0.6270241046365761,0.2531412311800367,-0.6345284021646466,-0.0456490034954285,0.7288411297415309
-0.8802586403836262,-0.4251539412066628,0.1078913628476640,0.2256244747453788,-0.6424712565047177,-0.0135616650451905,0.7322160625131932,-1.0245062789583332,0.3423846332973012,0.1270225752141829,0.8460013739832801,-0.2907166747456467,0.2296662866921625,-1.0457700788819266,-0.3476149385661674,0.1147790391376329,0.8321776915941468,-0.2962675353133113,0.2618889929427485,-0.0867785998281759,-2.1450693956345894,1.1666017380620388,0.7901194801198321,-2.1688528846827890,0.2269533802922247,-1.6402784637225352,-1.0577832465727146,-0.1013408558340474,-2.2035263885671683,-0.1982329724322772,0.0022948438961813,-0.5053930466619970,-0.0869602488232505,0.1249083588902506,-0.1126230124040292,0.2231437396423557,0.0909905968908435,-1.5897388230951044,1.5054754518553763,-1.3410473948231167,-0.8713633571805526,-0.2143655893268902,-0.0093557021679004,-0.3732977206053537,0.5601658921706077,0.1650477277686791,-0.2425425814802435,-0.0145564775175374,-0.0029081824344485,-0.0789762611969066,0.0451839626511936,-0.0168347073633303,1.3789375959470149,-0.8936679779196599,0.0417909396394897,-0.0103780250948370,-0.3672294370679586,-1.0497729997718408,0.2205592947801326,-0.0339431462070405,-0.0011077140257283,0.0000000000000000,0.0000000000000000,0.2256244747453788,-0.6424712565047177,-0.0135616650451905,0.7322160625131932,0.2256244747453788,-0.6424712565047177,-0.0135616650451905,0.7322160625131932,0.1091647197978497,-0.9347272089049870,-0.0257244218775900,0.3372037410872168,0.1645417054307234,-0.9256465540727772,0.1324958787337803,0.3139256699056432,0.1042075401043811,-0.9343641177176335,0.1525618938878295,0.3046790978070240,0.0322378835571377,-0.7263635577376992,0.1819204819282424,0.6620133224561162,0.0582109539391644,-0.8144761358277005,0.1753448822256869,0.5499948011444569,0.1208515380985835,-0.7890182452942339,0.2675208630151503,0.5397014935903409,0.1208515380985835,-0.7890182452942339,0.2675208630151503,0.5397014935903409,0.2719668791263958,-0.8805695220294113,-0.2150923751075357,0.3230582048203431,0.2117970128225499,-0.8299015689374527,-0.3645967619599236,0.3653417747848431,0.1639855638814975,-0.8406564837101229,-0.3431048814761727,0.3855962286405583,0.2887320460511914,-0.6129083405234417,-0.2474793535578349,0.6926262637689180,0.2490479854477366,-0.7084137705980547,-0.2873801068249769,0.5945903672047983,0.3245535363128245,-0.7398730049796222,-0.1924196785001793,0.5569807949069276,0.3245535363128245,-0.7398730049796222,-0.1924196785001793,0.5569807949069276,0.2532298361406789,-0.6320999676689153,-0.0452515489310277,0.7309422537249198,0.1162013162962125,-0.9289065869432909,-0.2839482943696292,-0.2073720640514859,-0.0172334625698110,-0.9317000709074434,0.2746435125997336,-0.2370842184241729,-0.3659844111321025,-0.8481191661380589,0.1632857133533502,-0.3465358086147236,0.0205389555451445,-0.1122011144083263,0.4163915457612591,-0.9020017415998676,0.0328763077661286,-0.1175474304485611,0.3113280044617980,-0.9424312301809841,0.0328763077661286,-0.1175474304485611,0.3113280044617980,-0.9424312301809841,0.1106880379799513,-0.9762343591893519,-0.1821110846695186,0.0393724145411124,0.0757309684278477,-0.7511979622153730,-0.6495379840970226,0.0898156400613427,0.1108009231793137,-0.7468042080209287,-0.6534204499985026,0.0552118268906302,-0.5736714157267051,-0.3912024322269125,-0.3926061781813973,-0.6030938174543526,-0.5483573117643393,-0.4492439949349575,-0.3207067216555895,-0.6281968563550702,-0.5483573117643393,-0.4492439949349575,-0.3207067216555895,-0.6281968563550702,0.2525036837176976,-0.6323903926751827,-0.0444120104097823,0.7309937443593369
-0.8907411380623508,-0.4269378481841621,0.1100148995649493,0.2267173254187161,-0.6406944906817537,-0.0138148143727002,0.7334295977589674,-1.0472662139929985,0.3678649619903496,0.0946547448753854,0.8327370036251220,-0.2945699357522685,0.2295005458137462,-1.0495355473069499,-0.3370805721850829,0.1151043632905986,0.8300272393920437,-0.2965257491319490,0.2618445199752263,-0.0871347939370245,-2.1453178956895651,1.1753006139407665,0.8119390575606861,-2.1828037701148775,0.2275023562190961,-1.6380051183465221,-1.0652665643080852,-0.1202365024203203,-2.1998012809959389,-0.1988782794673839,0.0022724361849869,-0.5022380707069923,-0.0912775869446727,0.0782665196877410,0.1767514403899253,0.2280246415635842,0.1314869141761523,-0.7471313830121179,1.0598687620828742,-1.7776266951037156,-0.5148168094641014,-0.1631673299321256,-0.0075866655245422,-0.0607606280864255,0.4637328163345931,-0.0772663853957479,-0.0336643367121965,-0.0113142954894007,-0.0018647179530126,0.1042855219811810,0.0258290085852167,0.9194709383410730,0.6626239161487668,-0.4264693002824420,0.0184136296471256,0.0539655737129779,-0.4068574010848611,-1.0163175868554988,0.1571790969478705,-0.0390061497306663,-0.0014830418216905,0.0000000000000000,0.0000000000000000,0.2267173254187161,-0.6406944906817537,-0.0138148143727002,0.7334295977589674,0.2267173254187161,-0.6406944906817537,-0.0138148143727002,0.7334295977589674,0.1069503552113745,-0.9381709410357775,-0.0265342122292403,0.3281658764978144,0.1648456117190708,-0.9273526505379852,0.1445193432131360,0.3032443656102836,0.1191275529864057,-0.9343263028954778,0.1592299690676769,0.2957850618064512,0.0444506850364518,-0.7345391466764339,0.1938290316996203,0.6487732154382104,0.0723842035556067,-0.8217087174817562,0.1852190163170153,0.5340872837698588,0.1330643747732106,-0.7950952459111079,0.2780914423719475,0.5222859099911271,0.1330643747732106,-0.7950952459111079,0.2780914423719475,0.5222859099911271,0.2726034094548935,-0.8800056909444216,-0.2167573649628916,0.3229452117516890,0.2143999770397480,-0.8310093288296678,-0.3616866969606294,0.3641962087736927,0.1661799433155585,-0.8419786702739074,-0.3401094439029692,0.3844238694610863,0.2892142294941368,-0.6154799027938116,-0.2442239481509991,0.6912989815301133,0.2499676960683218,-0.7108397606437064,-0.2842645920874499,0.5928040378536992,0.3252192031401435,-0.7418670211478824,-0.1890313375073383,0.5550972403842817,0.3252192031401435,-0.7418670211478824,-0.1890313375073383,0.5550972403842817,0.2544724735093985,-0.6301856363493032,-0.0458215666560224,0.7321271802045194,0.1161660386805488,-0.9289398447240496,-0.2853862751658711,-0.2052581065105077,-0.0169015632549012,-0.9315810727197817,0.2766428493911461,-0.2352440774824103,-0.3752797428498441,-0.8436291739151667,0.1620743500258321,-0.3481189977428318,0.0180923364483865,-0.1025375343643411,0.4244160234567942,-0.8994608165125610,0.0315408027635604,-0.1079011830205976,0.3195527028545049,-0.9408764969761798,0.0315408027635604,-0.1079011830205976,0.3195527028545049,-0.9408764969761798,0.1114694452423521,-0.9757977719556630,-0.1832360489634694,0.0426359165960363,0.0744151983973509,-0.7478411456259194,-0.6530622958817109,0.0933040023477279,0.1159490927129435,-0.7424946131997585,-0.6576984021256679,0.0518687681531996,-0.5740924774927691,-0.3877819215662474,-0.4003291430591945,-0.5998162933849789,-0.5489947974086417,-0.4462450953198964,-0.3285430021746297,-0.6257232000199956,-0.5489947974086417,-0.4462450953198964,-0.3285430021746297,-0.6257232000199956,0.2537553460607931,-0.6304747420638950,-0.0449885952574421,0.7321788376221996
-0.9013257006887753,-0.4282230698608153,0.1107748448879214,0.2302192174270561,-0.6386015561037421,-0.0145877343163873,0.7341487332119205,-1.0552405223007388,0.3840570856899092,0.0573403968161003,0.8264610809011872,-0.2966444667662763,0.2293653432790674,-1.0494993092282563,-0.3289644064244812,0.1122453113263229,0.8298619082345514,-0.2967196879488349,0.2618104931117214,-0.0781039199251053,-2.1419270324316910,1.2023930409899755,0.8162008272122346,-2.1868364077278590,0.2279085026545033,-1.6347473411522215,-1.0773640180116189,-0.1353064391999914,-2.1976707445110768,-0.1994425895396771,0.0022270816180602,-0.4994004592913049,-0.0789301616061455,-0.0149537856474370,0.3750689369688811,0.2807818170355058,0.2439262340646386,-0.2636506237463626,0.6993867941597017,-1.9359312932867809,-0.1374488340866324,-0.0549452860291615,-0.0059877281115804,0.0341936564838733,0.4470958597665147,-0.2350680647173194,0.0021187600923033,-0.0088302302366717,-0.0015099505560966,0.4472730061792303,-0.0294063530837247,1.1042491421651970,0.5185797787647936,-0.3215806231891712,0.0467501810769984,0.2100726169045059,-0.4789779930541077,-0.7863208908741889,0.1097226198911283,-0.0289281718320783,-0.0008293088784758,0.0000000000000000,0.0000000000000000,0.2302192174270561,-0.6386015561037421,-0.0145877343163873,0.7341487332119205,0.2302192174270561,-0.6386015561037421,-0.0145877343163873,0.7341487332119205,0.1086721781957188,-0.9386995395391640,-0.0288925983895821,0.3258814967337944,0.1686600831813236,-0.9270648050792843,0.1501414498266508,0.2992693912990921,0.1402116583576793,-0.9317918583761139,0.1592291817990687,0.2945347028588939,0.0644403548923810,-0.7349965428895097,0.2021402536288986,0.6440239440150173,0.0935944482056153,-0.8220707620105084,0.1904030481397235,0.5283809428543489,0.1534461164830237,-0.7948809069389440,0.2832278275123364,0.5141990187105014,0.1534461164830237,-0.7948809069389440,0.2832278275123364,0.5141990187105014,0.2749900130519592,-0.8781068627329679,-0.2192409365062518,0.3244106072600124,0.2179958154485826,-0.8301953776982534,-0.3604356883929892,0.3651569167194210,0.1708865509197074,-0.8411565415660774,-0.3392949128950150,0.3848797492450419,0.2931641702759344,-0.6146256384901554,-0.2416154392171421,0.6913118495360103,0.2542315360554955,-0.7100557343393028,-0.2822934240759655,0.5928723327413787,0.3294458351157791,-0.7408291169169268,-0.1871922612522909,0.5546140266709882,0.3294458351157791,-0.7408291169169268,-0.1871922612522909,0.5546140266709882,0.2552573610272934,-0.6290123330843593,-0.0435671279401621,0.7330000476345132,0.1188486186788440,-0.9294687559264261,-0.2848604697642013,-0.2020330427440798,-0.0160080169604087,-0.9279412513592356,0.2897976699415570,-0.2338505674897877,-0.3745832499863562,-0.8397717358178897,0.1739434093042876,-0.3524407906452778,0.0296446956761068,-0.0950192404229203,0.4295857215305486,-0.8975236174189514,0.0438606966595399,-0.1018584677515573,0.3248411109244129,-0.9392440281892871,0.0438606966595399,-0.1018584677515573,0.3248411109244129,-0.9392440281892871,0.1140608502293699,-0.9755926613997480,-0.1820654024599012,0.0454012190918275,0.0746638153624602,-0.7443486682416990,-0.6564098657369024,0.0974497969499748,0.1213800575774223,-0.7381151054337312,-0.6617546624575721,0.0503362639527243,-0.5745109251981337,-0.3854300318764895,-0.4076701067253763,-0.5959748077210921,-0.5495205214400930,-0.4442917341044592,-0.3360516874981533,-0.6226566588837739,-0.5495205214400930,-0.4442917341044592,-0.3360516874981533,-0.6226566588837739,0.2545562501326558,-0.6292963936407452,-0.0427502677084335,0.7330481424026735
-0.9116900409198351,-0.4289601617943398,0.1098898602441665,0.2347706040443876,-0.6344537889155416,-0.0162908499556625,0.7362647359578406,-1.0577431957245544,0.3950887118998398,0.0185575816083740,0.8254932531426967,-0.2972195233946076,0.2292591975952412,-1.0487539577251703,-0.3199299228129468,0.1044109872388510,0.8300106356889787,-0.2968883913930871,0.2617867266125687,-0.0720139305202562,-2.1471972186536181,1.2173461381281558,0.8326438072902566,-2.1965470344410440,0.2288224889954679,-1.6281186694378351,-1.0837591471290204,-0.1488628357194364,-2.1961406545984961,-0.1999529455650922,0.0022160631998397,-0.4630651281192087,-0.0532853844962138,-0.1023900287290934,0.4201873126312911,0.5707024499640951,0.3037346164149795,0.0470533881793513,0.3902227636370838,-1.8808727158093417,-0.0115900848413706,-0.0169553036094408,-0.0049474094980857,0.0353984254222842,0.4020048627347625,-0.4878655630434053,0.0124359989447476,-0.0080548602977503,-0.0010114424652699,0.3630135005490208,-0.2113461520246872,0.8395653922057474,0.5819715322517691,-0.3673879400799127,0.0286079062706590,0.3523525617540078,-0.3572733357771777,-0.5803353146850493,0.0472644342718080,-0.0223371618782347,-0.0016188849278617,0.0000000000000000,0.0000000000000000,0.2347706040443876,-0.6344537889155416,-0.0162908499556625,0.7362647359578406,0.2347706040443876,-0.6344537889155416,-0.0162908499556625,0.7362647359578406,0.1118899931125897,-0.9372787999107696,-0.0323371946439219,0.3285473885479127,0.1740781219992276,-0.9254560201005183,0.1518828422808857,0.3002658230994838,0.1637397190120629,-0.9273410063816435,0.1552241807805518,0.2985521997941690,0.0877222826517176,-0.7297004859836551,0.2078702552255009,0.6454703392674790,0.1175301000657255,-0.8172191535967039,0.1925926204704720,0.5303278355070037,0.1774195378557164,-0.7898260152506630,0.2848050703520846,0.5134035889259706,0.1774195378557164,-0.7898260152506630,0.2848050703520846,0.5134035889259706,0.2775627826371297,-0.8748600228666258,-0.2230607738229180,0.3283637209955773,0.2215680309367840,-0.8280160270665771,-0.3598966898285584,0.3684717617920322,0.1776497424525387,-0.8385365242008656,-0.3399901315455628,0.3869157234325178,0.2996490712860776,-0.6113628619344048,-0.2395060638464371,0.6921580242296923,0.2609330535668355,-0.7070044457788971,-0.2811879479958367,0.5941312928192319,0.3362474783725748,-0.7376573248552694,-0.1865036716437577,0.5549916078994797,0.3362474783725748,-0.7376573248552694,-0.1865036716437577,0.5549916078994797,0.2576853307499382,-0.6254974956855929,-0.0430521062437531,0.7351854659576202,0.1197102751565982,-0.9290587308248391,-0.2871238656973715,-0.2001979281787611,-0.0160624717943412,-0.9266260978183303,0.2948801695889999,-0.2327053016692848,-0.3807098119514117,-0.8353173722741799,0.1763725618137221,-0.3552430802987505,0.0308724418848443,-0.0865365474653987,0.4364255974466639,-0.8950368797866141,0.0460696910260695,-0.0937788565257082,0.3316655043705646,-0.9375932502146715,0.0460696910260695,-0.0937788565257082,0.3316655043705646,-0.9375932502146715,0.1170316454702507,-0.9747063334807222,-0.1830216038648229,0.0524809484464618,0.0732365079224517,-0.7409133886786997,-0.6592394818920746,0.1052951561024499,0.1245423144756274,-0.7339886527341091,-0.6655356238861321,0.0530302074398917,-0.5758512487302997,-0.3866356357651583,-0.4124833113055995,-0.5905639189677896,-0.5505777332501806,-0.4459072704287333,-0.3411402607500026,-0.6177816671958708,-0.5505777332501806,-0.4459072704287333,-0.3411402607500026,-0.6177816671958708,0.2569910886459445,-0.6257830511840549,-0.0422362809968716,0.7352327861126026
-0.9219090948078144,-0.4292377482578813,0.1069604134237606,0.2402781240763027,-0.6283984995982849,-0.0177842053218017,0.7396387434647195,-1.0545186553247123,0.4004056368530300,-0.0159123316644968,0.8264415458107958,-0.2974651302582536,0.2291656819112727,-1.0485770427202976,-0.3120555693749453,0.0932099904350322,0.8302996430324004,-0.2970466421190584,0.2617695656233949,-0.0634038921159131,-2.1535161787604786,1.2397379247294111,0.8416127759265125,-2.1991422521103461,0.2313656829463523,-1.6226715543607046,-1.0900015126673757,-0.1611030614464503,-2.1955074079001853,-0.2004350188660695,0.0021892853649535,-0.4218270205509368,-0.0382101032499133,-0.2102968708215161,0.4334489975329080,0.8655988858120055,0.4273180421984561,0.1310338915913267,0.2188717869098336,-1.6098849105451809,0.1019010034615594,-0.0102968607744975,-0.0043777685288319,-0.0430892497639138,0.4366435171857336,-0.6526423340424146,0.0123253705398651,-0.0081729111022732,-0.0005925734907107,0.2442887443056949,-0.7716993050879956,1.1496186420373036,0.8297863439492263,-0.0679121835073929,0.2783150129894389,0.3668978247318475,-0.1307481178167594,-0.5049653201771894,0.0116424624828565,-0.0196862002009756,-0.0002617561634274,0.0000000000000000,0.0000000000000000,0.2402781240763027,-0.6283984995982849,-0.0177842053218017,0.7396387434647195,0.2402781240763027,-0.6283984995982849,-0.0177842053218017,0.7396387434647195,0.1171303025125762,-0.9338735348488344,-0.0358302679013520,0.3359715836858415,0.1815378320209857,-0.9223790293450879,0.1504011749068252,0.3060072357905616,0.1873878134331215,-0.9212083725234046,0.1484561513455510,0.3069555552473365,0.1120231079101340,-0.7204772552120284,0.2111971704112864,0.6509678204232234,0.1420805705125928,-0.8089809737136440,0.1922668275558622,0.5370254767455123,0.2025504953010980,-0.7816925891005562,0.2835021074954124,0.5172586858083763,0.2025504953010980,-0.7816925891005562,0.2835021074954124,0.5172586858083763,0.2808222855810314,-0.8704947993851492,-0.2273946484709293,0.3341696006689370,0.2253192896019225,-0.8244269953133938,-0.3602633083014947,0.3738471556979887,0.1861217632900917,-0.8341506711008346,-0.3422005398049949,0.3904486364286398,0.3083276114215864,-0.6058245575591595,-0.2380684864657689,0.6937103756217038,0.2697065606069861,-0.7018037473343453,-0.2810709721379868,0.5964301971014104,0.3452409832420816,-0.7324841641906612,-0.1870730882864526,0.5561288271065598,0.3452409832420816,-0.7324841641906612,-0.1870730882864526,0.5561288271065598,0.2602270767193887,-0.6204031912789328,-0.0413997852375781,0.7386933102277830,0.1214934422091803,-0.9290382019014678,-0.2890424372109656,-0.1964225862750951,-0.0149523862701350,-0.9244572736599549,0.3033747851723522,-0.2304754109306702,-0.3820777254545206,-0.8321340847695382,0.1836056169932801,-0.3575730052517666,0.0372188259887377,-0.0816855666697520,0.4411037943767447,-0.8929555810768527,0.0530335380625870,-0.0898622800670045,0.3356633604832436,-0.9361849832649630,0.0530335380625870,-0.0898622800670045,0.3356633604832436,-0.9361849832649630,0.1208696203632623,-0.9736902931661506,-0.1832567184243847,0.0611123802480496,0.0716920855567764,-0.7377115259925769,-0.6613905928204318,0.1149105435321807,0.1270136347744535,-0.7302050403480027,-0.6688030059798998,0.0580575130711239,-0.5772758714120317,-0.3897292219087284,-0.4160662884852630,-0.5845960532384690,-0.5515191084439581,-0.4493774754976571,-0.3450334473138297,-0.6122405391439458,-0.5515191084439581,-0.4493774754976571,-0.3450334473138297,-0.6122405391439458,0.2595476386650923,-0.6206877431288437,-0.0405909619996616,0.7387381962488059
-0.9298574671329174,-0.4291980798297264,0.1057714722848658,0.2413119202634067,-0.6258109927941251,-0.0119124204727318,0.7416112544152080,-1.0383406974016907,0.3904102288951261,-0.0388724131005254,0.8358812320040601,-0.2976700137153577,0.2290904409783424,-1.0442963553912352,-0.3331725448228097,0.0821924054681697,0.8493975695894987,-0.2972198824097849,0.2618023220141503,-0.0784343236385271,-2.1633029221791911,1.2575336153835199,0.8544456347670629,-2.1987192584368804,0.2352168476041753,-1.6186540529502240,-1.0977853013707690,-0.1633488558632761,-2.1956106697171185,-0.2006539125921237,0.0021602493574130,-0.3216796574991128,0.0607127345111294,0.0409052185821691,-0.6951956723108635,-0.2444283227273231,0.5819208032345859,1.0633286625312157,-0.4727310739468721,-0.6900946830822460,0.6664696053316513,-0.0071705763012361,-0.0041706024348822,0.4719816861461703,-1.3229801374087486,-0.1758120997546792,1.0857255590494781,-0.0022137298940679,0.0011000460247311,-0.9464393313815304,-0.2744665158363979,0.7037888550124770,0.3245069072880586,0.0684951415876379,0.1139431445048347,0.1223282386234368,-0.6541385249326678,-0.0123335917095926,-0.0256351605418929,-0.0057386129351485,-0.0022551497703365,0.0000000000000000,0.0000000000000000,0.2413119202634067,-0.6258109927941251,-0.0119124204727318,0.7416112544152080,0.2413119202634067,-0.6258109927941251,-0.0119124204727318,0.7416112544152080,0.1231540068950975,-0.9301450757619814,-0.0307896001438531,0.3445507642487544,0.1877952663779126,-0.9183807483280673,0.1506474777142310,0.3140303750989182,0.2049773300737329,-0.9146991609974374,0.1447345047110209,0.3167990880234387,0.1287331169025784,-0.7078261026370010,0.2153870175072018,0.6603169131012867,0.1592474226819393,-0.7979126350718384,0.1939176141232671,0.5480617155892333,0.2208467073402511,-0.7705188283682850,0.2838474051396461,0.5262681042799605,0.2208467073402511,-0.7705188283682850,0.2838474051396461,0.5262681042799605,0.2842052903025640,-0.8686625342524515,-0.2224782005580359,0.3393467324531074,0.2245063907018744,-0.8202267291963427,-0.3623523987078089,0.3814783511506031,0.1904724081120082,-0.8287914505484029,-0.3463039199680076,0.3961042643808289,0.3159870899735424,-0.5927129802291633,-0.2373990358178568,0.7017728833680215,0.2773547149999572,-0.6900856433477215,-0.2815679408322051,0.6062801840800709,0.3541175581607658,-0.7209339255787177,-0.1890845721067343,0.5648911882328567,0.3541175581607658,-0.7209339255787177,-0.1890845721067343,0.5648911882328567,0.2650796161142908,-0.6161198249398258,-0.0402787685299823,0.7406124352470229,0.1232824309180216,-0.9273347339601223,-0.2934791612676877,-0.1967783405755476,-0.0158666322812306,-0.9228108586848351,0.3074082724986973,-0.2316646780861838,-0.3877840940395872,-0.8274119482215276,0.1845010262531860,-0.3619010025706930,0.0351363729829955,-0.0760812973659533,0.4468366515883042,-0.8906818052941604,0.0518706572454835,-0.0843569243273402,0.3398177047180869,-0.9352632099014069,0.0518706572454835,-0.0843569243273402,0.3398177047180869,-0.9352632099014069,0.1257715627604677,-0.9721853016605898,-0.1856383174343663,0.0676436865940498,0.0720841188129777,-0.7329537692374724,-0.6651200025749765,0.1232803072278814,0.1281072586620671,-0.7252742398275489,-0.6733090012496689,0.0649676546970406,-0.5805283792983184,-0.3936634022652876,-0.4186847861034102,-0.5768179751288330,-0.5541849389952890,-0.4537847328405595,-0.3482035064164521,-0.6047419183014330,-0.5541849389952890,-0.4537847328405595,-0.3482035064164521,-0.6047419183014330,0.2644125852975847,-0.6164063808068738,-0.0394771211316604,0.7406555983343229
-0.9351809884504473,-0.4293502327571195,0.1055781843916675,0.2400570473958704,-0.6251759815815293,-0.0044261873007872,0.7426358562008203,-1.0200816374359147,0.3886403098252686,-0.0474089555410090,0.8477454055216888,-0.2977241073664949,0.2289969477999887,-1.0330965464846900,-0.3475601225414423,0.0858981092926761,0.8627665044755161,-0.2971825968792586,0.2617844810452223,-0.0901269152232175,-2.1650093970014295,1.2696593531965847,0.8538913266267198,-2.1970674711319287,0.2367055707965376,-1.6188328984226674,-1.1110612889195104,-0.1685549733782886,-2.1962128904142291,-0.2007465222100320,0.0021076669789190,-0.2193455518372943,0.0457045821503758,-0.0333604852255758,-0.6056265101160211,0.0564746167600811,0.4535752681464418,0.8032535002166682,-0.0723704642154128,-0.3744946367978086,0.5328877616690578,-0.0014421803202871,-0.0043677915999635,0.5640936813961552,-0.6149977577167288,0.2406447106852215,0.5833053028885467,0.0013662898290175,-0.0012760776554059,-0.5671851275817390,0.0259774224336226,0.4452149077605587,-0.1323158415035187,0.0618105434979185,0.0647338903938802,-0.1119489873692499,-0.5488950933884985,-0.3006294414666048,-0.0320469972556223,0.0028607719618414,-0.0024263739649762,0.0000000000000000,0.0000000000000000,0.2400570473958704,-0.6251759815815293,-0.0044261873007872,0.7426358562008203,0.2400570473958704,-0.6251759815815293,-0.0044261873007872,0.7426358562008203,0.1282093329474521,-0.9264510147192386,-0.0232558573872256,0.3531431004112162,0.1940113779759358,-0.9134938386392406,0.1561452027609778,0.3217254538247720,0.2152684439352587,-0.9087193764092789,0.1485975421602963,0.3252804366203743,0.1352199598163865,-0.6948717376912186,0.2239135881487398,0.6698742685516412,0.1669334692696175,-0.7865369638579010,0.2013825944017961,0.5594085018971422,0.2297543278570340,-0.7583779655564934,0.2899279327715725,0.5366727158969028,0.2297543278570340,-0.7583779655564934,0.2899279327715725,0.5366727158969028,0.2865491204146253,-0.8673469968904244,-0.2135035385761196,0.3464318512929216,0.2225730626086261,-0.8175884067017850,-0.3597551545512575,0.3906234219829285,0.1874628191964520,-0.8263457281253804,-0.3427492721563613,0.4056271261443653,0.3134660531201122,-0.5814551659183200,-0.2331488916681698,0.7136459331363845,0.2754949188623446,-0.6807005161311603,-0.2769872232176552,0.6196994716747578,0.3540214608043158,-0.7110299688329097,-0.1857727049609997,0.5784407409604911,0.3540214608043158,-0.7110299688329097,-0.1857727049609997,0.5784407409604911,0.2676282621112718,-0.6138790656718572,-0.0374554305286047,0.7417039144922076,0.1265714154784260,-0.9268681898298592,-0.2945891615568189,-0.1952236188542706,-0.0137602364234382,-0.9211312750799017,0.3120650404882036,-0.2322568415964123,-0.3851977013857531,-0.8266649626799810,0.1883794091768491,-0.3643637859648218,0.0393468194684682,-0.0741582354929447,0.4464241153602964,-0.8908747909392569,0.0563856096104779,-0.0829718044901276,0.3386633795041294,-0.9355444714557122,0.0563856096104779,-0.0829718044901276,0.3386633795041294,-0.9355444714557122,0.1297071718874267,-0.9715325338005816,-0.1854641219893542,0.0700260293227065,0.0733407690791232,-0.7279890716331457,-0.6695553123984386,0.1278621398719016,0.1304978304566219,-0.7199575188775362,-0.6782857608941654,0.0675271339984098,-0.5837010538733648,-0.3934577453228487,-0.4227592042290088,-0.5707527815019722,-0.5572404934485228,-0.4540470225082133,-0.3527949616018049,-0.5990492875223647,-0.5572404934485228,-0.4540470225082133,-0.3527949616018049,-0.5990492875223647,0.2669796971193859,-0.6141614081631089,-0.0366719777046318,0.7417430633988956
-0.9386712899575776,-0.4293102363791773,0.1046599985987761,0.2365695642264773,-0.6242042069125646,0.0038301676507373,0.7445732194822194,-1.0049774737187704,0.3877213290530798,-0.0525152661110474,0.8572320233622385,-0.2977350396103368,0.2289090036234097,-1.0208028750185305,-0.3587517839618468,0.0928143837072079,0.8731993094881061,-0.2971289510591242,0.2617526313589144,-0.1008321537693604,-2.1592285686397310,1.2765514349804474,0.8462468114057015,-2.1957330348087241,0.2375939392126953,-1.6257111271635125,-1.1193961776300199,-0.1790074939806838,-2.1966474041752098,-0.2006253637603065,0.0020526839258466,-0.1314191420010039,0.0797734215770355,-0.0522041219584398,-0.8983635933855878,0.0276342231209291,0.3918000461317293,0.6992211243464186,-0.0494147649961878,-0.1911756521759601,0.4102376819243165,-0.0002582774754189,-0.0043794391629098,0.5976954748246726,-0.5057837675559321,0.3932501867321156,0.4629170038701850,0.0030796567035883,-0.0018435367786108,-0.5235818491772786,0.4380429546126342,0.2833075134125705,-0.4855606447911686,0.0636668924738330,0.0310080403265757,-0.4594382753845926,-0.4556974014126346,-0.5943934784618208,-0.0131456672736572,0.0009740672019812,-0.0024500075073415,0.0000000000000000,0.0000000000000000,0.2365695642264773,-0.6242042069125646,0.0038301676507373,0.7445732194822194,0.2365695642264773,-0.6242042069125646,0.0038301676507373,0.7445732194822194,0.1311251453031436,-0.9231740752059904,-0.0139076006817733,0.3610573386320646,0.1982423564221895,-0.9085521574680008,0.1642460704230103,0.3290230594213990,0.2218550656294800,-0.9030766216518510,0.1556147798800480,0.3331921150977347,0.1372069068857083,-0.6831854209281906,0.2336876003673135,0.6781017997090064,0.1703494414575614,-0.7762039122309027,0.2107526931208081,0.5692730950737647,0.2342509824027678,-0.7470551197030644,0.2980232526929275,0.5460927267626852,0.2342509824027678,-0.7470551197030644,0.2980232526929275,0.5460927267626852,0.2871673528079595,-0.8662475012843456,-0.2026555079890887,0.3550787561676708,0.2194108587462191,-0.8163707978328564,-0.3535430791932342,0.4005057885531219,0.1816274383881133,-0.8255991025398344,-0.3347465223817094,0.4163440419452921,0.3060360272023903,-0.5724343257197562,-0.2266841650319977,0.7261371648082001,0.2691106154220695,-0.6736124601359222,-0.2694869890908115,0.6334054727641319,0.3494715741459079,-0.7030208622831908,-0.1792725604608789,0.5928681431181639,0.3494715741459079,-0.7030208622831908,-0.1792725604608789,0.5928681431181639,0.2674053699470645,-0.6116293148379357,-0.0333078039783561,0.7438377104909978,0.1305767214757691,-0.9281982502703552,-0.2922728369654514,-0.1896689662961669,-0.0080724192262048,-0.9196882302395055,0.3180392463072891,-0.2301291659374219,-0.3764430781906805,-0.8291457951673999,0.1957280233237848,-0.3640032968591199,0.0496999740544132,-0.0757291410305479,0.4419551972675934,-0.8924520230163231,0.0665591624386263,-0.0856353465818490,0.3334818350621143,-0.9364968398210850,0.0665591624386263,-0.0856353465818490,0.3334818350621143,-0.9364968398210850,0.1318999269076754,-0.9717576314710767,-0.1827385306911817,0.0699724542966768,0.0746824589538879,-0.7267665893618107,-0.6704599835253782,0.1292913972511377,0.1350533480495624,-0.7179986859165044,-0.6796855802405569,0.0653145635814395,-0.5828620274562841,-0.3907078600376648,-0.4274347445957157,-0.5700164595577337,-0.5567054966516093,-0.4512978541255650,-0.3576279424224614,-0.5987582915152173,-0.5567054966516093,-0.4512978541255650,-0.3576279424224614,-0.5987582915152173,0.2667759892174419,-0.6119040956087027,-0.0325425322227885,0.7438715836425523
-0.9405814517128994,-0.4286950409942931,0.1034423486858984,0.2311549670855378,-0.6234443903974359,0.0135295252362132,0.7467940982764498,-0.9904339660505966,0.3860534422246091,-0.0541699268566143,0.8647971104606176,-0.2977345816267451,0.2288156361917645,-1.0092162905022910,-0.3693493043974851,0.1026059728598051,0.8816533745127509,-0.2970456811770703,0.2617110361312738,-0.1124235880872558,-2.1467456537398273,1.2813524406045211,0.8352859728989056,-2.1946369036260749,0.2379331439498097,-1.6352480475309235,-1.1302949060098337,-0.1913994577712371,-2.1964848250863320,-0.2010508725328348,0.0020075696039091,-0.0604777734922153,0.1327987617909613,-0.0421087422655602,-1.1291753205266315,-0.0428474285507012,0.3963373356275707,0.6494926121199898,0.0228157243282888,-0.0259875356419627,0.3282630435404233,0.0011677759925491,-0.0051604473383604,0.5211400643358893,-0.2802502362851286,0.6233455126115441,0.2572167677059289,0.0053838293486049,-0.0028282290391749,-0.4608324579656736,0.7895427482797458,0.1928374536690697,-0.6107330778749703,0.0261514123441877,0.0098807123232054,-0.5336161791396914,-0.4566160985832797,-0.9607155712831309,0.0272324480391204,-0.0556291507412060,-0.0019686875076397,0.0000000000000000,0.0000000000000000,0.2311549670855378,-0.6234443903974359,0.0135295252362132,0.7467940982764498,0.2311549670855378,-0.6234443903974359,0.0135295252362132,0.7467940982764498,0.1327580956799624,-0.9200330781395440,-0.0023710190416112,0.3686581091325805,0.2010046412394863,-0.9034051360061395,0.1741426048959550,0.3363489967250758,0.2253732939409266,-0.8976361088661166,0.1649787074121356,0.3409374144011401,0.1355765395148901,-0.6723758979169765,0.2441927465227618,0.6854922000863155,0.1702954738738500,-0.7666107672510781,0.2213832583987399,0.5781840848843480,0.2351896102835472,-0.7363247514610364,0.3074548356269143,0.5549623695802657,0.2351896102835472,-0.7363247514610364,0.3074548356269143,0.5549623695802657,0.2866956435124067,-0.8657069713159921,-0.1897435754814057,0.3638054746281738,0.2151312431725023,-0.8162413272090010,-0.3452553842848279,0.4102040511617083,0.1735059162565492,-0.8260914314147273,-0.3240320017296545,0.4271673042523442,0.2951226011698617,-0.5650396259691125,-0.2190974472687582,0.7386671645360536,0.2594506488636514,-0.6681284870479378,-0.2603582184705944,0.6469182975261107,0.3416456749136123,-0.6963890542579275,-0.1709513446565936,0.6075328432954664,0.3416456749136123,-0.6963890542579275,-0.1709513446565936,0.6075328432954664,0.2655354473136020,-0.6095953189996720,-0.0281044199425850,0.7463877108134511,0.1355117420662488,-0.9307169807168234,-0.2875910907872207,-0.1808143635537480,0.0006026557833037,-0.9181149539439721,0.3255881831996993,-0.2259577462960350,-0.3633144246463091,-0.8334535902187199,0.2059119514550572,-0.3618812098512677,0.0647050276601042,-0.0793917978047504,0.4348044941201769,-0.8946816493757606,0.0810651729638694,-0.0908241185274599,0.3257417320984217,-0.9375882578166002,0.0810651729638694,-0.0908241185274599,0.3257417320984217,-0.9375882578166002,0.1333559641079267,-0.9724917379742417,-0.1782954023129886,0.0684598855004403,0.0760163684596802,-0.7261007559445977,-0.6710492702706675,0.1291978359419776,0.1402412269478318,-0.7164352979294443,-0.6806892089495420,0.0609513163480628,-0.5812763285831415,-0.3864312936155888,-0.4327642442567563,-0.5705293980474316,-0.5555448727938053,-0.4470903938822330,-0.3628707451972936,-0.5998373915409949,-0.5555448727938053,-0.4470903938822330,-0.3628707451972936,-0.5998373915409949,0.2649222104978586,-0.6098620738423360,-0.0273537238101278,0.7464155994266012
-0.9414593402616057,-0.4273292664287698,0.1015647019087302,0.2249618999367353,-0.6224654926114619,0.0236888826963568,0.7492447470095621,-0.9764523409110600,0.3838535266733417,-0.0543046188223439,0.8708182970914211,-0.2977120796934510,0.2287133862799161,-0.9989744888348778,-0.3777970751569695,0.1147079211204739,0.8867295560298913,-0.2969506220906599,0.2616575824411378,-0.1216940018045889,-2.1249868632459186,1.2848568063873618,0.8197551175803860,-2.1945065421747310,0.2380511305158292,-1.6429937079335764,-1.1399430504343466,-0.2076555064842162,-2.1953212780794682,-0.2034008909122620,0.0019600610077364,-0.0227469451334521,0.1773896813549442,-0.0732028317416537,-1.2465643147643823,-0.0648342457346879,0.3916141024261233,0.7166437444068605,-0.1530017484764128,0.0050159637109603,0.2732516966968137,0.0015210183597165,-0.0052859716088793,0.5451003733732293,-0.4448275217630502,0.6094867596533806,0.1968201487393504,0.0046072820646220,-0.0027080740677767,-0.4275136577680578,1.2898620417993754,0.1533683795075585,-0.8997190162235390,-0.0059649560307047,0.0038023291599124,-0.2774852116765875,-0.4511591252759816,-0.8324236605480095,0.0914323171386162,-0.1551687239214831,-0.0027125324434858,0.0000000000000000,0.0000000000000000,0.2249618999367353,-0.6224654926114619,0.0236888826963568,0.7492447470095621,0.2249618999367353,-0.6224654926114619,0.0236888826963568,0.7492447470095621,0.1336801916624141,-0.9168024259472642,0.0099328837499836,0.3761705144674694,0.2030329841690441,-0.8980456189094936,0.1847685491631197,0.3437328278431274,0.2273436376415249,-0.8922013207382299,0.1753667012226571,0.3486232835012035,0.1322351491913125,-0.6621031060375112,0.2548577540357542,0.6922289126450025,0.1685703333394473,-0.7574443908572568,0.2324277354181839,0.5863781930504250,0.2343824887584566,-0.7259736139575831,0.3173436138795173,0.5633118066671831,0.2343824887584566,-0.7259736139575831,0.3173436138795173,0.5633118066671831,0.2856327167797111,-0.8653272227753028,-0.1763701868948568,0.3721777878967206,0.2108517520492780,-0.8169654563383577,-0.3353581495225725,0.4190989064127998,0.1641789781296620,-0.8276087731124480,-0.3110495921461940,0.4374438627221729,0.2816980878863903,-0.5600824416853329,-0.2106009803281201,0.7500673788945779,0.2474433452191137,-0.6648810854390435,-0.2499567493403373,0.6589586911115036,0.3312954506659089,-0.6918078550398259,-0.1610811162755709,0.6210459645249164,0.3312954506659089,-0.6918078550398259,-0.1610811162755709,0.6210459645249164,0.2621375795084229,-0.6077458640950515,-0.0215957884047102,0.7493079980942439,0.1418040762144651,-0.9344644641994713,-0.2803251152344586,-0.1675875857160812,0.0131593969808190,-0.9161784261552965,0.3352955361027362,-0.2191365446206631,-0.3446546726932483,-0.8397110463768933,0.2197392051401889,-0.3575097158227885,0.0857922626543714,-0.0852059875953584,0.4242782099154705,-0.8974227699013809,0.1013314803613630,-0.0987550299888374,0.3146082772957985,-0.9386165388467479,0.1013314803613630,-0.0987550299888374,0.3146082772957985,-0.9386165388467479,0.1348926848924996,-0.9735172389434381,-0.1717746723027900,0.0675396994197257,0.0771818742404084,-0.7272312455932057,-0.6696096385191452,0.1296171505779690,0.1470715682217223,-0.7162945123352298,-0.6798594942038116,0.0555265122277256,-0.5771708950948621,-0.3822455669994853,-0.4390384694314523,-0.5727192215422187,-0.5516549526148596,-0.4432694364048277,-0.3682439254287339,-0.6029804568886790,-0.5516549526148596,-0.4432694364048277,-0.3682439254287339,-0.6029804568886790,0.2615401950046597,-0.6080031844588482,-0.0208594008776294,0.7493288593667341
-0.9417585166565429,-0.4253219672047094,0.0995026900688829,0.2172538736766452,-0.6219848128996956,0.0348679673418428,0.7514784572747720,-0.9625331594914290,0.3812496323879800,-0.0539874900075793,0.8755521490492714,-0.2976704535701580,0.2286049074147088,-0.9884418943717084,-0.3850627067625179,0.1246439624682497,0.8875032903894201,-0.2968612791532581,0.2615618515728784,-0.1295319430838007,-2.0958915623723060,1.2859752665530657,0.8011642657809785,-2.1955055687180227,0.2381280610993667,-1.6484207208678343,-1.1456782500801261,-0.2314949143136609,-2.1926487205355087,-0.2065284078465274,0.0019097331719482,-0.0170169151521804,0.2038281545360734,-0.0870599444964929,-1.3735774055154844,-0.1032589978878382,0.3200423446940631,0.6893564063220249,-0.0876378315702629,0.0185419604591745,0.1855794622321186,0.0026334611337041,-0.0055449099104852,0.3502575470166472,-0.2363045978408808,0.2131884811636305,-0.2024989620508159,0.0038098362133655,-0.0091414621269278,-0.3018125885749510,1.5898066917430507,0.0294879437520493,-1.0116679077726507,-0.0363546057238092,0.0028877715063532,-0.1804076907658803,-0.2115519086482080,-1.3243255978865653,0.1313366222396896,-0.1547804525129835,-0.0028524768193665,0.0000000000000000,0.0000000000000000,0.2172538736766452,-0.6219848128996956,0.0348679673418428,0.7514784572747720,0.2172538736766452,-0.6219848128996956,0.0348679673418428,0.7514784572747720,0.1335005209605598,-0.9136490792688348,0.0237792556306210,0.3832199340537017,0.2037226689199161,-0.8925765435265233,0.1965380548224198,0.3509657834048935,0.2277559506679402,-0.8867485770053155,0.1869871202631011,0.3561460444397827,0.1270583928702998,-0.6522751766473260,0.2658817801395221,0.6983553090803816,0.1650809729921683,-0.7486220429691637,0.2441008573620822,0.5939091517831083,0.2317444673127154,-0.7158945431432728,0.3278950973740117,0.5712042630143074,0.2317444673127154,-0.7158945431432728,0.3278950973740117,0.5712042630143074,0.2836176812278934,-0.8653027543266770,-0.1612356918962823,0.3805459314042218,0.2056631508208977,-0.8185395760681486,-0.3236336932347772,0.4277345712095462,0.1544607790430667,-0.8297266037272837,-0.2964606836877322,0.4469974203862910,0.2668213167267340,-0.5573017214915899,-0.2013788821485525,0.7600445526331479,0.2341053826374361,-0.6635765037369233,-0.2386246824101990,0.6692676254332733,0.3193901394076040,-0.6890298411723613,-0.1500446378284737,0.6330200814208851,0.3193901394076040,-0.6890298411723613,-0.1500446378284737,0.6330200814208851,0.2568705799911074,-0.6066975014291794,-0.0136143382682157,0.7521637432688058,0.1491675696354301,-0.9391157548644833,-0.2700527178891491,-0.1512685185194032,0.0286872425258078,-0.9135127403050285,0.3469313257323444,-0.2104998115017241,-0.3214527328279648,-0.8468567151581535,0.2365059791698914,-0.3515206485625935,0.1118467619196818,-0.0921038914083813,0.4109388190686710,-0.9000758090394171,0.1263774198056440,-0.1082649702633418,0.3006514445287766,-0.9391039095222136,0.1263774198056440,-0.1082649702633418,0.3006514445287766,-0.9391039095222136,0.1365550545301256,-0.9748634840414820,-0.1627295364415012,0.0671788845866944,0.0783714484128692,-0.7311796524059716,-0.6649932559473406,0.1304538290956113,0.1564082812055019,-0.7184032674237543,-0.6760715832484638,0.0485840431533915,-0.5690466469156001,-0.3783648850406339,-0.4466891115517115,-0.5774900562117442,-0.5436791620760713,-0.4396388773259297,-0.3743907981309401,-0.6090666273428019,-0.5436791620760713,-0.4396388773259297,-0.3743907981309401,-0.6090666273428019,0.2562894165133114,-0.6069432330034197,-0.0128939705793568,0.7521764370261289
-0.9421387531977354,-0.4230386955462789,0.0970529279737395,0.2078716443196583,-0.6216871810118274,0.0462450670007490,0.7537611174845150,-0.9503841724744523,0.3799644699836524,-0.0537744046207525,0.8787790750547915,-0.2976135165876677,0.2284986822518529,-0.9841703974433944,-0.3873559636058131,0.1263337919237913,0.8819146575377627,-0.2969285777293885,0.2614179910005592,-0.1355376859952600,-2.0626772291230067,1.2864850411493627,0.7810558049383685,-2.1959865717615683,0.2385253273606332,-1.6516491462628480,-1.1468714658720560,-0.2619439104135334,-2.1896956593130716,-0.2092685497838012,0.0018606733483581,-0.0240489047358238,0.2287794797606246,-0.1086929726241820,-1.5477059025707343,-0.1224196424094792,0.2383238752116991,0.5457848453285989,-0.0591698618175443,0.0079359633932853,0.1387003327905621,0.0030156443201871,-0.0051862320840084,0.1760411804370250,-0.0508552544695720,0.0707148575161241,-0.2759047333729435,-0.0094869004669813,-0.0044068343284162,-0.3034733532318805,1.7114099966108214,0.0098684220340267,-0.9994368564801498,-0.0074005954538352,0.0204854498876560,-0.1803165701054437,0.0342020617746149,-1.6656580650810235,0.1721931329844706,-0.1221041359953981,-0.0025355447762701,0.0000000000000000,0.0000000000000000,0.2078716443196583,-0.6216871810118274,0.0462450670007490,0.7537611174845150,0.2078716443196583,-0.6216871810118274,0.0462450670007490,0.7537611174845150,0.1315534942147800,-0.9107479858586911,0.0384987916380393,0.3895505454451701,0.2027709841588273,-0.8870788521265841,0.2098455641967058,0.3576868424753814,0.2265528837436009,-0.8813051416929416,0.2001507956825219,0.3632006292405004,0.1199298979548662,-0.6431880330109776,0.2774948102603426,0.7035073589143052,0.1597461658996780,-0.7403824961428859,0.2566470584776703,0.6003725587169528,0.2271507674282274,-0.7062959061419121,0.3393818589541676,0.5782461202954636,0.2271507674282274,-0.7062959061419121,0.3393818589541676,0.5782461202954636,0.2803485245399543,-0.8665483553884241,-0.1463447557691055,0.3861112081004238,0.2008142598810249,-0.8221953754075115,-0.3103507764224265,0.4328403785010523,0.1485716854292491,-0.8332214931227919,-0.2824407508856913,0.4515480261567578,0.2549600448653617,-0.5605844795530467,-0.1919419156787116,0.7641326572082092,0.2237655412274059,-0.6674414472689407,-0.2275418775332730,0.6728117054535991,0.3095519148387303,-0.6914057589809809,-0.1386054400510993,0.6379061219770901,0.3095519148387303,-0.6914057589809809,-0.1386054400510993,0.6379061219770901,0.2493092973299310,-0.6062593882254090,-0.0046743415397161,0.7551639417931572,0.1563847837188019,-0.9443863100426071,-0.2568198596477869,-0.1331234634308441,0.0452875271083508,-0.9096978911129308,0.3609316968764127,-0.2003174904570495,-0.2959455863313474,-0.8533055147945092,0.2562433012816664,-0.3444202068702498,0.1414557687533468,-0.0997276177419860,0.3968355298157236,-0.9014245559234459,0.1548435643729318,-0.1189208834161662,0.2859076768116777,-0.9381567536397920,0.1548435643729318,-0.1189208834161662,0.2859076768116777,-0.9381567536397920,0.1376447177637602,-0.9765390049590352,-0.1511955347819903,0.0675678453655306,0.0789658432051090,-0.7382844790815588,-0.6568291603542477,0.1314377330240886,0.1679996652519892,-0.7230229181182646,-0.6688999944640037,0.0398342786683099,-0.5569391659048353,-0.3742626629433938,-0.4549488832929158,-0.5854636950300801,-0.5319012698913160,-0.4352643267371368,-0.3809520469458729,-0.6184670911906482,-0.5319012698913160,-0.4352643267371368,-0.3809520469458729,-0.6184670911906482,0.2487436263904328,-0.6064916981103105,-0.0039698681459142,0.7551679737649849
-0.9425218784926221,-0.4203487997385617,0.0941185238751980,0.1965014340654866,-0.6215311554408703,0.0584949954351601,0.7560850115797724,-0.9414277078743728,0.3787862055337661,-0.0536168905919407,0.8811450770890836,-0.2975521607386385,0.2283968265779994,-0.9806343494344929,-0.3877857002143449,0.1280297129157040,0.8779602179028937,-0.2971464352934231,0.2613619547714808,-0.1420804830411327,-2.0270279062151118,1.2866677272004294,0.7609683241421277,-2.1962129945410100,0.2390250522919034,-1.6552899281370523,-1.1442742129284529,-0.2965079742536417,-2.1854314896525189,-0.2114472185624059,0.0018146853303785,-0.0266270976816274,0.2640269988316417,-0.1343462090655989,-1.7621755129287853,-0.1637530473764158,0.1880300069288809,0.3865672081608731,-0.0574530656675967,0.0095302185234885,0.0917042677351139,0.0031058513244208,-0.0051191193792762,0.1920218050169366,-0.0085651298088462,0.0780719122539933,-0.1319883423202882,-0.0099589874325548,-0.0023258861553837,-0.3402441104624693,1.8276957084898835,0.0064260853259472,-0.9982518884860095,-0.0013321725258451,0.0208261848103852,-0.2079008378097872,0.1909949043617750,-1.8013014542158774,0.2478929709175490,-0.0965856225361290,-0.0024276778675623,0.0000000000000000,0.0000000000000000,0.1965014340654866,-0.6215311554408703,0.0584949954351601,0.7560850115797724,0.1965014340654866,-0.6215311554408703,0.0584949954351601,0.7560850115797724,0.1277298327455844,-0.9083794538000211,0.0547933456138067,0.3943723456547205,0.1997123999837711,-0.8818079512253965,0.2248783670459379,0.3632621842184285,0.2232860568163489,-0.8761356301298419,0.2150567165415167,0.3691616219473157,0.1102779879967471,-0.6351045548022740,0.2897323245024644,0.7074857948900410,0.1520070103652561,-0.7329596807555574,0.2701849797787230,0.6055279117336371,0.2200200184485935,-0.6973960299957509,0.3519497041588233,0.5842613923327152,0.2200200184485935,-0.6973960299957509,0.3519497041588233,0.5842613923327152,0.2757282128537044,-0.8683268097906274,-0.1299990434439779,0.3912579107685676,0.1951775779440378,-0.8270100293967422,-0.2948654119674216,0.4370520714633225,0.1419384356307973,-0.8377907591669792,-0.2663382558123109,0.4549989646537171,0.2417026367988899,-0.5648727061052830,-0.1807274782176908,0.7680079686297743,0.2122894184634923,-0.6723290183966013,-0.2145129106298598,0.6759372049261677,0.2985617364994326,-0.6945496558150921,-0.1250714732149935,0.6425097599985631,0.2985617364994326,-0.6945496558150921,-0.1250714732149935,0.6425097599985631,0.2399161861530562,-0.6060973637916833,0.0049381760681916,0.7583283086128748,0.1630382376652861,-0.9498637678785420,-0.2412985435691931,-0.1138084724524641,0.0621783069691981,-0.9047355799325120,0.3767223049690788,-0.1888589248232917,-0.2696484033665012,-0.8583848667986909,0.2780145863796020,-0.3364120223372958,0.1730869755526017,-0.1076302415227203,0.3829101235812553,-0.9010196819508449,0.1852436204316115,-0.1301273398280472,0.2714558432313896,-0.9354482357106673,0.1852436204316115,-0.1301273398280472,0.2714558432313896,-0.9354482357106673,0.1379773634683906,-0.9784549717152232,-0.1378807214343313,0.0676536928247218,0.0793490136164741,-0.7478558080625965,-0.6458304075874183,0.1315998063091386,0.1815008421183390,-0.7294993062828263,-0.6588102723120099,0.0292785166868884,-0.5411443235386041,-0.3699383737743405,-0.4639429151827800,-0.5958736377478424,-0.5166343587922125,-0.4301029926453908,-0.3882139866063584,-0.6303889716960764,-0.5166343587922125,-0.4301029926453908,-0.3882139866063584,-0.6303889716960764,0.2393646775353821,-0.6063153815646100,0.0056280785348779,0.7583235021800057
-0.9428816786593357,-0.4172246851065193,0.0906331039370267,0.1831917654560230,-0.6216042815519123,0.0718207466688384,0.7582154539267628,-0.9351700386780860,0.3776831126665297,-0.0533995691136238,0.8825888202401699,-0.2974908310527679,0.2282945630653919,-0.9758243398149150,-0.3879999741162649,0.1290278547316740,0.8768745422389949,-0.2972638354625238,0.2613151359020769,-0.1490277470369667,-1.9888041801522094,1.2868278228094718,0.7405466604677691,-2.1963229765112793,0.2393451356023993,-1.6602323304202635,-1.1384130814045290,-0.3340020149704571,-2.1798485385121706,-0.2130702308604452,0.0017699570281319,-0.0284448627725237,0.2990571338364515,-0.1632106074816988,-1.9746626206807081,-0.2174015486996669,0.1486839051394334,0.2399198865621985,-0.0459279784063573,0.0120226544526938,0.0498055784298330,0.0029637653313929,-0.0051212465280782,0.2805443922786334,-0.0058128652164891,0.0217457353436611,-0.0095138697996454,-0.0018906719854936,-0.0023261067770255,-0.3986672556018925,1.9663310177977469,-0.0093623999190869,-1.0206386764249704,-0.0085272189475807,0.0143646373460191,-0.2387936603936913,0.3939151747249847,-1.8584224428380478,0.3158121791371683,-0.0764942915648691,-0.0021395931664260,0.0000000000000000,0.0000000000000000,0.1831917654560230,-0.6216042815519123,0.0718207466688384,0.7582154539267628,0.1831917654560230,-0.6216042815519123,0.0718207466688384,0.7582154539267628,0.1222422122972415,-0.9064583869970890,0.0728028382090587,0.3976050564618330,0.1947248036561304,-0.8766659603460255,0.2417102699084996,0.3675801820452549,0.2180698851321639,-0.8711523864323523,0.2318064790474015,0.3739048021666866,0.0981868552401231,-0.6280324130397604,0.3027343059317257,0.7101313749170270,0.1419679716863355,-0.7263390555726369,0.2848399788393062,0.6092149520653127,0.2104364146587680,-0.6891672155452664,0.3657195458447783,0.5890791782012300,0.2104364146587680,-0.6891672155452664,0.3657195458447783,0.5890791782012300,0.2697889793755234,-0.8702598256740559,-0.1116067931084768,0.3967438293878265,0.1882441501088367,-0.8324200304035418,-0.2772816860760244,0.4413115673757092,0.1342054323299235,-0.8428213743138995,-0.2482638247688687,0.4582642319054592,0.2269075832879703,-0.5685521103471201,-0.1678063568585590,0.7727240601043214,0.1995565627142054,-0.6767113613727567,-0.1995575181079897,0.6800115503675661,0.2864532133005921,-0.6969432015040126,-0.1096888486662502,0.6482153090951918,0.2864532133005921,-0.6969432015040126,-0.1096888486662502,0.6482153090951918,0.2287170169495198,-0.6063329381884813,0.0154797174784678,0.7614520815995077,0.1692057440116020,-0.9553775381028475,-0.2233572992742352,-0.0934595781230711,0.0793025697117050,-0.8983471163952690,0.3944707617997093,-0.1762849369248047,-0.2424089958817306,-0.8618315503300210,0.3019502767104220,-0.3275824903224579,0.2069469260389198,-0.1155367388988184,0.3690938560129967,-0.8986623154562148,0.2177940812369067,-0.1416102828313013,0.2574012693498510,-0.9307292047162244,0.2177940812369067,-0.1416102828313013,0.2574012693498510,-0.9307292047162244,0.1376839559539218,-0.9805784399430307,-0.1226990920922602,0.0667381764172954,0.0799543262929971,-0.7595902142470263,-0.6321485984335721,0.1304536761676744,0.1969661642320924,-0.7374845299627035,-0.6457768370296293,0.0171223529164288,-0.5215540513019854,-0.3654785704779654,-0.4736651734774806,-0.6083157810926966,-0.4977485986011774,-0.4242350365854430,-0.3962087191889594,-0.6444296836448152,-0.4977485986011774,-0.4242350365854430,-0.3962087191889594,-0.6444296836448152,0.2281790380939069,-0.6065355985835481,0.0161552092281419,0.7614380496404364
-0.9431826160753719,-0.4136869318126266,0.0865728864459719,0.1679786569179968,-0.6218237726860172,0.0862989980994774,0.7600466100638700,-0.9314907743134345,0.3768303750796751,-0.0531040702944936,0.8831085313405492,-0.2974347341540473,0.2281920307602076,-0.9688466078988047,-0.3881269585465327,0.1292115482168579,0.8773818246744023,-0.2972608337290972,0.2612705636864584,-0.1565398248021229,-1.9485906494792566,1.2854603702571181,0.7199245296426071,-2.1963939589842210,0.2394967369022547,-1.6644101960241886,-1.1309287323064041,-0.3686664677023069,-2.1742415016862551,-0.2140668260746051,0.0017255407363647,-0.0297416622775720,0.3326470605098879,-0.1957772488230012,-2.1945636582929469,-0.2715863998963910,0.1210125769316723,0.0962644040713998,-0.0336107775920671,0.0137297905504545,0.0107935737933576,0.0024350936776735,-0.0050966541418862,0.3673858365352164,0.0080178843674856,0.0008834653064176,0.0489295972143921,0.0011608890991612,-0.0020877295446190,-0.4210065943225323,2.0707093734849402,-0.0931393851230112,-1.0567072619195563,-0.0113008939844978,0.0056612281812108,-0.0761974287635127,0.2989221460115271,-1.4197690253997419,0.2402929166155740,-0.0286046640031250,-0.0020824138062607,0.0000000000000000,0.0000000000000000,0.1679786569179968,-0.6218237726860172,0.0862989980994774,0.7600466100638700,0.1679786569179968,-0.6218237726860172,0.0862989980994774,0.7600466100638700,0.1152318982929104,-0.9048541471997895,0.0925816718088760,0.3992357899239838,0.1879828232346589,-0.8714907971997856,0.2604538040721753,0.3705807125433567,0.2110655902157080,-0.8661899722705670,0.2505183009932344,0.3773682941534335,0.0837676140520663,-0.6218535922762087,0.3166876842279567,0.7113297458053702,0.1297672587918396,-0.7203885945704057,0.3007799212901248,0.6113363806508110,0.1985263544548418,-0.6814593830832303,0.3808430089239413,0.5925867011235166,0.1985263544548418,-0.6814593830832303,0.3808430089239413,0.5925867011235166,0.2624715286596001,-0.8720420239600757,-0.0909330790303126,0.4029672197943328,0.1798297292923103,-0.8381343694515649,-0.2574041475158202,0.4460214703894150,0.1253446535166770,-0.8479956784253692,-0.2280720309067505,0.4617089948493013,0.2103427471105005,-0.5716226877776261,-0.1532451049304792,0.7781512509600796,0.1853303523264428,-0.6805528243051022,-0.1827041158641539,0.6849231488884012,0.2729734375247300,-0.6985540336176507,-0.0924943389611701,0.6549447013165148,0.2729734375247300,-0.6985540336176507,-0.0924943389611701,0.6549447013165148,0.2158293197234937,-0.6068767075816467,0.0269285745497966,0.7644561585959460,0.1747076134499320,-0.9607233474013754,-0.2031408965492983,-0.0722611632183727,0.0965196011043718,-0.8907435606377464,0.4133176542023653,-0.1625681165225706,-0.2145476098417278,-0.8637436379103152,0.3272227520350399,-0.3175555410180571,0.2421824169018907,-0.1237909026741308,0.3552697043090648,-0.8943192531522690,0.2516090859938337,-0.1536031155479535,0.2436289991671853,-0.9239826088753539,0.2516090859938337,-0.1536031155479535,0.2436289991671853,-0.9239826088753539,0.1370148862426120,-0.9827299219338553,-0.1056407873760010,0.0656417970989585,0.0804772194638899,-0.7729707940962578,-0.6159823267722406,0.1288617155163536,0.2124215835773536,-0.7469382740399072,-0.6300186945772911,0.0060605352815932,-0.4995197135709183,-0.3628397183015563,-0.4820192313910571,-0.6216790612092780,-0.4763398481323405,-0.4197104352596654,-0.4029203925848448,-0.6592409702488727,-0.4763398481323405,-0.4197104352596654,-0.4029203925848448,-0.6592409702488727,0.2153043800630882,-0.6070631411831020,0.0275897064319607,0.7644325834509884
-0.9434244732753837,-0.4097979610967594,0.0819170353787280,0.1507735365187214,-0.6219391196129574,0.1020359971930841,0.7616086445527714,-0.9306861788494106,0.3763369999663145,-0.0528058262794493,0.8831715231065957,-0.2973924018071976,0.2280894343078750,-0.9604408785232632,-0.3878726998672287,0.1291336517796363,0.8787748041945471,-0.2972247149655145,0.2612308567138977,-0.1645098948632680,-1.9069268551343483,1.2818291466039469,0.6990014850559122,-2.1964801683787423,0.2395701652563746,-1.6650010612078459,-1.1247098214686122,-0.3946500361961651,-2.1697749018843764,-0.2144843075513824,0.0016819424961381,-0.0326475953771340,0.3624746292819554,-0.2331665461073513,-2.4125551568380033,-0.3404931810900581,0.1026785069718513,-0.0023600408527889,-0.0130006712546099,0.0193992231007539,-0.0019752855394220,0.0017646050859741,-0.0051709388306955,0.4588535811392419,0.0160347197065259,-0.0095349744169833,0.0777605778970006,0.0021625302659216,-0.0018365485887461,-0.4213273344313095,2.1257674018181780,-0.2422023989650117,-1.0543677447155830,-0.0027980615551960,0.0029758020081818,-0.0543374313402433,0.4289384236941044,-1.3939532130553725,0.2047101708160036,-0.0179379629086539,-0.0021369078496040,0.0000000000000000,0.0000000000000000,0.1507735365187214,-0.6219391196129574,0.1020359971930841,0.7616086445527714,0.1507735365187214,-0.6219391196129574,0.1020359971930841,0.7616086445527714,0.1067363290312313,-0.9034278604811159,0.1142880739575726,0.3992038240329342,0.1795321922977331,-0.8660985999963824,0.2812772262852519,0.3721888351178081,0.2023511918681170,-0.8610531854284474,0.2713461013143997,0.3794900529849909,0.0669738425540291,-0.6162712805577718,0.3317969498993625,0.7110801622958636,0.1153906882920355,-0.7148175590412978,0.3182132941981875,0.6119323048648994,0.1842806463425953,-0.6739600813031863,0.3974942164711633,0.5948250163412204,0.1842806463425953,-0.6739600813031863,0.3974942164711633,0.5948250163412204,0.2536893966603149,-0.8735725619100372,-0.0680101347985815,0.4097405162596663,0.1699599104976477,-0.8440850018546721,-0.2351061653836100,0.4509536888265180,0.1151355965804298,-0.8532934172560097,-0.2055154140643713,0.4651855039116969,0.1916116925432978,-0.5744191049575031,-0.1370319316753368,0.7839323318002894,0.1692095366596621,-0.6841627271849693,-0.1638930252372075,0.6902380543789536,0.2576690226304710,-0.6996812539154612,-0.0733873552450733,0.6623194952483875,0.2576690226304710,-0.6996812539154612,-0.0733873552450733,0.6623194952483875,0.2011077154562867,-0.6075332209873432,0.0394388803189170,0.7674005778600163,0.1793624860882627,-0.9657758061050126,-0.1805010775810526,-0.0502548696001636,0.1136832979188488,-0.8819388061626010,0.4329982550198027,-0.1475552815340269,-0.1861687535693782,-0.8640827864830778,0.3536390942103494,-0.3060090265729872,0.2785840595480716,-0.1326363562446652,0.3414186947402481,-0.8878241907324442,0.2864529738000661,-0.1663269879996477,0.2300999563558758,-0.9150595810924483,0.2864529738000661,-0.1663269879996477,0.2300999563558758,-0.9150595810924483,0.1362568247253752,-0.9846849501949924,-0.0862595128614385,0.0662489472833371,0.0798957087152594,-0.7867968915064683,-0.5983275074867994,0.1287304199840831,0.2239242959054417,-0.7577931970677269,-0.6128680302765719,0.0003970466467458,-0.4784612387469219,-0.3650695324914265,-0.4855447343305786,-0.6340704932632487,-0.4554246834659177,-0.4198416469916304,-0.4050541107842607,-0.6724972241415537,-0.4554246834659177,-0.4198416469916304,-0.4050541107842607,-0.6724972241415537,0.2005954278265325,-0.6077025605955542,0.0400858679111203,0.7673670538761154
-0.9436315665960581,-0.4056549183768239,0.0765866668554974,0.1317173773643492,-0.6221182849344510,0.1190502181438082,0.7625263389617344,-0.9312847879079386,0.3762546105556447,-0.0524706642761144,0.8828755363047487,-0.2973617343848597,0.2279864133544466,-0.9502518897555651,-0.3875252907315760,0.1288220027658556,0.8806064142862504,-0.2971727479540983,0.2611952760128389,-0.1728600764841751,-1.8641116324269036,1.2750732349760665,0.6781222415458226,-2.1965321159938243,0.2396101866031334,-1.6668494760891828,-1.1134113765370415,-0.4247601488264385,-2.1662551590842343,-0.2148237175066330,0.0016395285905750,-0.0397218821518245,0.3861195285211175,-0.2764273945146096,-2.6168458198872742,-0.4465800756126524,0.0965508620052570,-0.0353183710816199,-0.0005344817697666,0.0135600093731927,-0.0315053707639016,0.0012955779416590,-0.0051399260307149,0.5535220038774059,0.0144622852213289,-0.0246574927824860,0.0991916108822108,0.0029270739711376,-0.0017236847168768,-0.4125927693250543,2.1243554334251447,-0.4450049607206757,-1.0012079694645648,0.0079053997529645,0.0014021388425864,-0.1408621726296449,0.6934557419281547,-1.6471041252485066,0.1383793744963421,-0.0166789982821215,-0.0022456886864927,0.0000000000000000,0.0000000000000000,0.1317173773643492,-0.6221182849344510,0.1190502181438082,0.7625263389617344,0.1317173773643492,-0.6221182849344510,0.1190502181438082,0.7625263389617344,0.0970335255500391,-0.9018816169841507,0.1378618405538818,0.3977287477471034,0.1697047430739464,-0.8601859625371651,0.3040994047821552,0.3725640375067820,0.1922226185952540,-0.8554355936411383,0.2942163776226872,0.3804170516299187,0.0480839080828170,-0.6108804315638641,0.3481389805013443,0.7094450552166207,0.0991249610058984,-0.7092342996286606,0.3371751089072432,0.6111251068882788,0.1679980178069564,-0.6662766114913684,0.4156631121665093,0.5958828074181740,0.1679980178069564,-0.6662766114913684,0.4156631121665093,0.5958828074181740,0.2434909387569323,-0.8747349335344742,-0.0428080466971045,0.4167954293603574,0.1586728260820811,-0.8501198964442632,-0.2104516440353402,0.4558828812924899,0.1036034013524671,-0.8585727920773397,-0.1806601116993315,0.4684880147597215,0.1707099613727705,-0.5770865316243406,-0.1192889341855417,0.7896830973794315,0.1511689855948041,-0.6876347152351540,-0.1432469145400808,0.6955478112052778,0.2404617281474462,-0.7004336501480347,-0.0524774414590212,0.6699380398026062,0.2404617281474462,-0.7004336501480347,-0.0524774414590212,0.6699380398026062,0.1846774488188582,-0.6085021510621661,0.0531003497102522,0.7699348835525789,0.1831247976074621,-0.9703087132925728,-0.1555159740779924,-0.0279480091654212,0.1304589125913007,-0.8720699656624062,0.4529659946116094,-0.1315152266491594,-0.1578245433345257,-0.8628031056987675,0.3805138257249709,-0.2930382957054516,0.3152768846284039,-0.1420275664919962,0.3277314645170472,-0.8792159823051902,0.3214675544581613,-0.1796435515200984,0.2169805950737801,-0.9040499030415093,0.3214675544581613,-0.1796435515200984,0.2169805950737801,-0.9040499030415093,0.1351308203457449,-0.9865071789639421,-0.0649287335553968,0.0657837883082351,0.0798782172513226,-0.8028372644876761,-0.5769440885722362,0.1273079566258417,0.2381368181235638,-0.7700732017210883,-0.5918073103183492,-0.0064982535174996,-0.4529734250214962,-0.3667935905324611,-0.4894195455404080,-0.6486494019203443,-0.4302239665383301,-0.4189689986594805,-0.4073805790582639,-0.6880504200888560,-0.4302239665383301,-0.4189689986594805,-0.4073805790582639,-0.6880504200888560,0.1841771916384350,-0.6086537521692480,0.0537332258603047,0.7698909744172352
-0.9438275566764928,-0.4013696642612949,0.0705735737531584,0.1107744929241132,-0.6221362153524096,0.1374223572646240,0.7627520153944001,-0.9320503157645523,0.3778083921714176,-0.0516216799092469,0.8817374976797369,-0.2973483848927906,0.2278807357865952,-0.9387753634630891,-0.3861066516082018,0.1279827240497094,0.8826415024052342,-0.2971092626401008,0.2611584495078690,-0.1814199849926016,-1.8186383162524529,1.2670264877886912,0.6553483365682959,-2.1968056242276237,0.2396207236787625,-1.6685700378544823,-1.0974446604064210,-0.4563435584847838,-2.1636747225935271,-0.2151486440896042,0.0016019635561920,-0.0448979824139012,0.4051534934452195,-0.3212957812449712,-2.8414295505487841,-0.5203598050564519,0.0960953960133928,0.3939021154144154,0.7228041310942073,0.3297089204227204,-0.0313056189431696,-0.0021660214364618,-0.0074028025617582,0.7847824583669611,0.4882054648518784,0.0030401783182272,0.0869623217319793,0.0028842767131212,-0.0029997449707908,0.0110266830777754,2.4283572898566010,-0.3556122906149445,-1.2176441921878780,-0.0127083035532785,-0.0005322226717153,0.0319037158102772,0.9300991193427310,-1.5492119783265796,0.0711659967090225,-0.0156868252949790,-0.0012464881360096,0.0000000000000000,0.0000000000000000,0.1107744929241132,-0.6221362153524096,0.1374223572646240,0.7627520153944001,0.1107744929241132,-0.6221362153524096,0.1374223572646240,0.7627520153944001,0.0862244087796095,-0.8998901883225443,0.1634021652676929,0.3950477599952332,0.1586048614336111,-0.8534355064152076,0.3288623648932374,0.3719433818153909,0.1808574068189255,-0.8489983887377469,0.3190283139339937,0.3804119730343350,0.0274151510052123,-0.6054647278746729,0.3657005280119165,0.7063455221113917,0.0812820935287601,-0.7034130256658806,0.3576054920780930,0.6088691555915258,0.1499842195586500,-0.6581911482624168,0.4352654190144735,0.5956787399618508,0.1499842195586500,-0.6581911482624168,0.4352654190144735,0.5956787399618508,0.2318396203359702,-0.8754220540628783,-0.0154013360709589,0.4238507007780365,0.1459894584311671,-0.8561150251969381,-0.1834885215060767,0.4605280709517435,0.0909466954305117,-0.8636981862498317,-0.1536646895239243,0.4713186871454769,0.1478596545575835,-0.5796986890940399,-0.1001082452664434,0.7950253402542820,0.1314138802263042,-0.6909867071364427,-0.1208905715929944,0.7004664391279007,0.2215037935116826,-0.7008451531728578,-0.0298869706303340,0.6773912530588126,0.2215037935116826,-0.7008451531728578,-0.0298869706303340,0.6773912530588126,0.1666823941694019,-0.6095419905220397,0.0677544715028625,0.7720653293962584,0.1857879527502264,-0.9741591666243261,-0.1283503988179347,-0.0047885089490051,0.1468611112064254,-0.8609387410415330,0.4735444973481844,-0.1138942808936823,-0.1289341913270747,-0.8598245137573682,0.4084692549630053,-0.2779040258771099,0.3531032814040117,-0.1524702938251442,0.3139074169532592,-0.8680627948163230,0.3574177975259102,-0.1941480278372267,0.2040001805026916,-0.8904734626329477,0.3574177975259102,-0.1941480278372267,0.2040001805026916,-0.8904734626329477,0.1336993620398208,-0.9880197953064941,-0.0418166003410307,0.0647513444538147,0.0801807549775380,-0.8206459363458410,-0.5517898070285694,0.1250571971126158,0.2543709976487605,-0.7834469562887652,-0.5668555807230572,-0.0134541012397477,-0.4233962264762694,-0.3688244147558564,-0.4929795448371295,-0.6645866044826905,-0.4009578564167051,-0.4179453221955533,-0.4092734719331493,-0.7050175389338631,-0.4009578564167051,-0.4179453221955533,-0.4092734719331493,-0.7050175389338631,0.1661933487716927,-0.6096755116942657,0.0683738222646691,0.7720107264107828
-0.9444202753113307,-0.3992079164831497,0.0689718582031102,0.1013460093170910,-0.6245268619703964,0.1403839906444784,0.7615691171808634,-0.9209166987327951,0.4143589625156437,-0.0222255825547462,0.8667434385962728,-0.2958680390486546,0.2414866765197166,-0.9161920089339497,-0.3586944186813535,0.1237983889762246,0.8840551169963276,-0.2970379497375814,0.2610630567262598,-0.1518563798359747,-1.7692038006906934,1.2649146478555759,0.6383300088414033,-2.1950282518223725,0.2396088403314189,-1.6653478784987474,-1.0751633920592218,-0.4845837587809617,-2.1661546184151983,-0.2154556497764446,0.0016009292869032,-0.0743875333750566,0.0477687673536814,0.0225679762462020,0.0140039338290470,-0.3531676043621669,-0.4755168313049808,0.2322150203992700,1.8340896791426424,1.5869892498055906,-0.7541370072527358,0.0483386359183388,0.8167554449365028,1.0262338809430307,1.4989835576645789,-0.5838075584668958,0.1329842659554846,0.0048222935666521,-0.0044235198690713,2.1181476297592683,2.4223837933321102,-0.0496463597917514,-0.6359217470748043,0.1232733796794954,-0.0009280223604963,0.1532037756970369,1.1553982750080012,-1.2045808065841519,-0.2690595136444604,-0.0138946952971483,0.0001893299981149,0.0000000000000000,0.0000000000000000,0.1013460093170910,-0.6245268619703964,0.1403839906444784,0.7615691171808634,0.1013460093170910,-0.6245268619703964,0.1403839906444784,0.7615691171808634,0.0792042375266310,-0.8981102670688126,0.1698564047052994,0.3978359444846578,0.1586610657306980,-0.8446069009825922,0.3494172761132539,0.3733274918719137,0.1693743050683412,-0.8425238843788558,0.3446480489434408,0.3777347897576543,0.0086978147688193,-0.6054878768670611,0.3839196281465057,0.6970756760274409,0.0652089544273179,-0.7016490641981589,0.3784411778868677,0.6001821872164677,0.1365459734379895,-0.6513329708128802,0.4596678099917588,0.5880697770905412,0.1365459734379895,-0.6513329708128802,0.4596678099917588,0.5880697770905412,0.2225760651747878,-0.8742258504509169,-0.0048870926066666,0.4314686245146136,0.1413414376319426,-0.8590898391380957,-0.1620474299717707,0.4644651512625674,0.0874220289735984,-0.8662390793264425,-0.1327289091548789,0.4736774039073127,0.1357864290421209,-0.5804613322806056,-0.0825930999738709,0.7986269888074899,0.1220695120145157,-0.6922503010425710,-0.1017772504631698,0.7039388796132546,0.2126595718627672,-0.6996087170462485,-0.0108042139128779,0.6820607146653228,0.2126595718627672,-0.6996087170462485,-0.0108042139128779,0.6820607146653228,0.1497300711774580,-0.6147241012944619,0.0805792946624488,0.7701961843222873,0.1868509227298409,-0.9769207023201778,-0.1024267308599684,0.0148808218387439,0.1595013131441874,-0.8484849084738406,0.4949127740405863,-0.0984583022851262,-0.1050323534292087,-0.8535657599538115,0.4357785804776529,-0.2655008982366641,0.3876313572810322,-0.1600349221956281,0.3046647963790425,-0.8551667184693403,0.3904175922473220,-0.2055370668838697,0.1958815765959719,-0.8757619686597810,0.3904175922473220,-0.2055370668838697,0.1958815765959719,-0.8757619686597810,0.1316773256387281,-0.9892287217606781,-0.0205650838858957,0.0605367267130675,0.0819676825105580,-0.8385607319708566,-0.5251783367847538,0.1195195063257401,0.2715422251272829,-0.7965686174175548,-0.5396984747352483,-0.0216521150665446,-0.3925753700831114,-0.3681453405872843,-0.4955282343795823,-0.6817663499620918,-0.3707646259537681,-0.4140526763896545,-0.4101034972051709,-0.7231245362287289,-0.3707646259537681,-0.4140526763896545,-0.4101034972051709,-0.7231245362287289,0.1492380747605138,-0.6148437297141981,0.0811956377863631,0.7701314520764454
-0.9457048002458339,-0.3985687838054237,0.0695323095460263,0.1007567680512359,-0.6271135061405790,0.1351111308529332,0.7604746586360256,-0.9206766353422130,0.4403972681256192,-0.0042971349450865,0.8604365097042824,-0.2954860463815261,0.2492648347237766,-0.9024268644478396,-0.3336793631127848,0.1023360175340655,0.8877524604256958,-0.2969207833078044,0.2610037674529719,-0.1056535480485228,-1.7227728399259250,1.2613456574802009,0.6267545924500022,-2.1929329887685918,0.2395862736035453,-1.6642290702183387,-1.0486138563476290,-0.5098306165244608,-2.1702899030220957,-0.2157627021719984,0.0016034012509505,-0.0738178840953828,-0.0232655376000670,0.0220099211331810,0.5041462351231822,-0.1248939247657840,-0.4099985102361544,-0.0549977247993784,0.8762654644992454,0.3283866479949290,-0.0882852960925239,0.0049249822296514,0.1211249108687716,0.4165756927279876,1.0567153014397528,-1.3894067928399914,0.1811123657934629,0.0065448621613186,-0.0019316622274395,2.4259221768454635,2.1977079581874568,-0.3305337218649432,-0.5166211820172398,0.0853016168970769,-0.0012362506310891,-0.0033796413327863,1.4812334664919478,-1.3438672513041390,-0.1166698123842526,-0.0163419125583869,0.0000714123330046,0.0000000000000000,0.0000000000000000,0.1007567680512359,-0.6271135061405790,0.1351111308529332,0.7604746586360256,0.1007567680512359,-0.6271135061405790,0.1351111308529332,0.7604746586360256,0.0761443743728275,-0.8997254529509222,0.1652485142083692,0.3967229160453851,0.1606346640501142,-0.8422197896902465,0.3570417174363980,0.3706528599237970,0.1627203089245911,-0.8418193217691441,0.3561225329677428,0.3715360979397042,-0.0006699201309239,-0.6100912540767037,0.3915363439463744,0.6888305337855154,0.0569758320476474,-0.7048478045910732,0.3873692192035316,0.5915136642033448,0.1299947302696337,-0.6512838947973799,0.4719053167752668,0.5798586297356575,0.1299947302696337,-0.6512838947973799,0.4719053167752668,0.5798586297356575,0.2184491449253730,-0.8734429076060208,-0.0068116928711441,0.4351218899048189,0.1426647654930406,-0.8600226782530905,-0.1526758163476184,0.4655081660720719,0.0972880079805409,-0.8663297789675600,-0.1280103539936785,0.4728859342881838,0.1428200133075407,-0.5794441086078977,-0.0738515472095377,0.7989949422700926,0.1303245757586542,-0.6912586687465705,-0.0941653448978737,0.7044926157571200,0.2208945788885439,-0.6976346042067646,-0.0034085642560172,0.6815423139619691,0.2208945788885439,-0.6976346042067646,-0.0034085642560172,0.6815423139619691,0.1352350936055955,-0.6205922536976646,0.0929080463787706,0.7667755988723287,0.1879738027208708,-0.9784886302661553,-0.0788354569165419,0.0317934059716381,0.1705334962118505,-0.8365763103296239,0.5136098770688213,-0.0852249836748885,-0.0856347560528593,-0.8465980692149345,0.4589447456563729,-0.2555545307595204,0.4163011638627426,-0.1656085088424160,0.2978444327482668,-0.8429447530214419,0.4178684999726942,-0.2143216098331709,0.1901886487679333,-0.8621371365211659,0.4178684999726942,-0.2143216098331709,0.1901886487679333,-0.8621371365211659,0.1308016585940545,-0.9899334544521452,-0.0016355768236750,0.0540370868380206,0.0860131638053490,-0.8554009049130301,-0.4982571737858600,0.1123869044732952,0.2895790198188262,-0.8082828361493097,-0.5118171586442484,-0.0294286286551561,-0.3613228993230059,-0.3662507719942510,-0.4981157533768528,-0.6979877009491223,-0.3402512508889026,-0.4089025944612099,-0.4111025501219541,-0.7402853826698550,-0.3402512508889026,-0.4089025944612099,-0.4111025501219541,-0.7402853826698550,0.1347375653271946,-0.6207004626885343,0.0935226861811290,0.7667008747076034
-0.9471544719315929,-0.3984880506465606,0.0691160160493722,0.1036711685506187,-0.6285544127618614,0.1281407216514789,0.7600997266566918,-0.9214355709557552,0.4502240937698462,-0.0086744099849643,0.8608568888141416,-0.2955754092893439,0.2495897931232928,-0.8989992767838312,-0.3165644548269517,0.0697469934103062,0.8905765474985359,-0.2968004513366350,0.2609867567365148,-0.0557854973446512,-1.6807012301969089,1.2507409566664405,0.6163506744707862,-2.1918360309213152,0.2395565589468283,-1.6644544568193387,-1.0158118743282718,-0.5364305572855413,-2.1712302206120890,-0.2160913142136171,0.0016040007153392,-0.0635658327748551,-0.0522894147848875,-0.0300681249971925,0.6890118164404583,-0.0228498646501938,-0.2901997092910154,-0.0176882680141025,0.0900911134942342,-0.6487046121138946,0.1129174334261895,-0.0055407985196185,-0.0220353040860619,0.1215912477597777,0.4881405705514855,-1.8655092480358686,0.2208493344535050,0.0042180866678383,0.0006302641569756,2.2696599534273911,2.2672270836695980,-0.6803309324381538,-0.7084366268622786,0.0137292355448018,-0.0025891782647285,-0.0073199719293080,1.7572796682003813,-1.2635835800355557,-0.0133708451104098,-0.0163167241588786,0.0001509960643501,0.0000000000000000,0.0000000000000000,0.1036711685506187,-0.6285544127618614,0.1281407216514789,0.7600997266566918,0.1036711685506187,-0.6285544127618614,0.1281407216514789,0.7600997266566918,0.0755653112511512,-0.9013583176635760,0.1577222927793890,0.3961902892230144,0.1620613034591336,-0.8434421383361503,0.3548640552941950,0.3693412994240230,0.1651712306293086,-0.8428386389887040,0.3534993288936207,0.3706477002111668,0.0026483320708985,-0.6113820558228383,0.3901747009905726,0.6884538262381856,0.0600706747234920,-0.7060893070803641,0.3855318728641056,0.5909268816621304,0.1331696677432761,-0.6526002126299162,0.4704358585851229,0.5788513669551195,0.1331696677432761,-0.6526002126299162,0.4704358585851229,0.5788513669551195,0.2178683572502625,-0.8735228965846182,-0.0136205577253035,0.4350926435355356,0.1463381478449881,-0.8603826428847331,-0.1515568483210564,0.4640661332557753,0.1146369060107267,-0.8651771642110693,-0.1344090842620315,0.4693197762462401,0.1613347958692900,-0.5788420662734645,-0.0719618356747838,0.7960743936092874,0.1489211462916227,-0.6901873836586850,-0.0950258614223473,0.7017363844682043,0.2389668483109787,-0.6966843622777238,-0.0044088840267608,0.6763921248119585,0.2389668483109787,-0.6966843622777238,-0.0044088840267608,0.6763921248119585,0.1225798541107606,-0.6251420161509255,0.1051594743122660,0.7636184413509847,0.1892112175839566,-0.9791250031438816,-0.0571147253840330,0.0474473550706012,0.1811286384778662,-0.8268981604313406,0.5274346366256815,-0.0724192839370393,-0.0682509455158250,-0.8413349303129809,0.4770432644997773,-0.2448000556920726,0.4398012307604160,-0.1723579351779577,0.2903266899394239,-0.8322127328463742,0.4400831600833636,-0.2236408755647931,0.1836399459459594,-0.8500517285675132,0.4400831600833636,-0.2236408755647931,0.1836399459459594,-0.8500517285675132,0.1311046852758898,-0.9900858142302684,0.0157912820796041,0.0478777335405225,0.0910836960901523,-0.8719589900602207,-0.4692619777724283,0.1057566838399547,0.3096469478877751,-0.8188457198226085,-0.4819919196395669,-0.0359756055424145,-0.3265008723975517,-0.3661703806384919,-0.5021304460465918,-0.7121667275433111,-0.3059606411424073,-0.4052229881797227,-0.4137015733764675,-0.7556675354335775,-0.3059606411424073,-0.4052229881797227,-0.4137015733764675,-0.7556675354335775,0.1220785450307972,-0.6252401057467627,0.1057717473995661,0.7635338738137175
-0.9479591522749152,-0.3985670879689018,0.0687646487081499,0.1050119566184221,-0.6309903634171101,0.1254744641630144,0.7583401671314246,-0.9209090985338280,0.4447231763745066,-0.0245604232550271,0.8647736216817850,-0.2956247260040453,0.2492000764963474,-0.8947464956164053,-0.3150373647580821,0.0333377542612209,0.8966061279128720,-0.2967069974180538,0.2610207538883303,-0.0178184834973094,-1.6399160130868968,1.2332163766304529,0.6043113567429468,-2.1907229952073539,0.2395182105856855,-1.6639243696469717,-0.9823949590002616,-0.5578745438422280,-2.1718624911715922,-0.2163997863082683,0.0015973091927832,-0.0485004441791375,-0.0143061454816932,-0.0028885209133549,0.1496730266450157,-0.3171710420288280,-0.0404596383052150,0.0347070788403295,-0.4135225468047537,-0.7632139683007341,0.2336003066276933,-0.0008749530892722,-0.0184948861882564,0.2187954992589249,-0.0546274767176315,-1.6372989054907052,0.2611221768183815,0.0056340592905327,0.0019111452644313,1.7056342699428730,1.9681319657047112,-0.9602150298986946,-0.5993338774812312,0.0543067046105980,-0.0019773468306198,0.0196250698764952,1.6131276299762911,-1.0157440761094154,-0.0176179889891828,-0.0155924464540344,-0.0004355784696626,0.0000000000000000,0.0000000000000000,0.1050119566184221,-0.6309903634171101,0.1254744641630144,0.7583401671314246,0.1050119566184221,-0.6309903634171101,0.1254744641630144,0.7583401671314246,0.0753588518643593,-0.9028546281754785,0.1545496288447233,0.3940672227574389,0.1605606211030361,-0.8463976258961323,0.3502044064133316,0.3676795065775120,0.1702977167219344,-0.8444923574851921,0.3459467104933084,0.3716883362808896,0.0097497389834654,-0.6111817029938517,0.3854677436720217,0.6912137781494871,0.0664127398834721,-0.7063149358168975,0.3798286282035826,0.5936655393570736,0.1396881100067302,-0.6536263045151757,0.4646754021969296,0.5808069012690039,0.1396881100067302,-0.6536263045151757,0.4646754021969296,0.5808069012690039,0.2178027873348054,-0.8740929392032176,-0.0157320174322177,0.4339078048292985,0.1470652792466538,-0.8608117728022768,-0.1526075179747343,0.4626941115928479,0.1312833462393035,-0.8633595934227557,-0.1441122612876544,0.4654100896968849,0.1807549528104280,-0.5765270830848372,-0.0730158057391000,0.7934814815838223,0.1679764843932411,-0.6874827610269619,-0.0989321057297238,0.6995454184236457,0.2575856396749071,-0.6945111613692966,-0.0086229337723868,0.6717362056491336,0.2575856396749071,-0.6945111613692966,-0.0086229337723868,0.6717362056491336,0.1117037992276963,-0.6298401471771902,0.1174178595869002,0.7596293151873112,0.1908506340309010,-0.9789641077367446,-0.0366541021591649,0.0621432864282742,0.1915827467378738,-0.8193632829167014,0.5369898118678423,-0.0598481721565088,-0.0508874912132900,-0.8379847775132041,0.4911709203427459,-0.2322565454488236,0.4599106378387439,-0.1814622569859053,0.2808923457246057,-0.8225892927856937,0.4586720378523561,-0.2348426254464001,0.1750293245341520,-0.8389479355233715,0.4586720378523561,-0.2348426254464001,0.1750293245341520,-0.8389479355233715,0.1326179242513045,-0.9897881576154739,0.0319159387414808,0.0413915699833857,0.0972547567456274,-0.8871094856587457,-0.4401545007788286,0.0992083070552214,0.3288451726767390,-0.8281482588490540,-0.4521050417984313,-0.0404022889564833,-0.2918319173385185,-0.3675076878711012,-0.5053326316980884,-0.7241623869818454,-0.2716211428368167,-0.4029506780366390,-0.4156927675507284,-0.7687992123043891,-0.2716211428368167,-0.4029506780366390,-0.4156927675507284,-0.7687992123043891,0.1112004645439617,-0.6299292074854865,0.1180248343563042,0.7595352452105693
-0.9484218414304477,-0.3986476499269979,0.0686197712091603,0.1053802597864095,-0.6334376187225390,0.1251718500127722,0.7562961007428560,-0.9198352274354406,0.4364760885595213,-0.0362908454533326,0.8694008231686137,-0.2956260641491705,0.2488347937844678,-0.8911198237958400,-0.3157562160080569,0.0066062439138446,0.8995610616168700,-0.2965925935545985,0.2610541774710767,0.0146161802850058,-1.6040452880749965,1.2129524224275960,0.5943126158969380,-2.1896888245743962,0.2394792943294214,-1.6637257762952806,-0.9515222575628896,-0.5779226183718719,-2.1719307606847202,-0.2167158093312789,0.0015876972742072,-0.0390156145129692,-0.0093104028254916,-0.0012391491685017,0.0804692727567893,-0.2792830097190089,0.0230762197670282,0.0614845326717487,-0.3901915669965124,-0.4354361161269495,0.2228656831604060,0.0003499846971711,-0.0181705804271491,0.1336998622480940,-0.0132369086692079,-1.1148117754388556,0.0674106471034250,0.0054289835843038,0.0014475572949512,1.5569779375223358,1.7511969815558015,-1.0288971498266404,-0.4902946866921109,0.0382005042684389,-0.0025384188842185,0.0073363130192161,1.4985982814384258,-0.9750559761628206,0.0023870901228341,-0.0158276702777171,-0.0003815941892429,0.0000000000000000,0.0000000000000000,0.1053802597864095,-0.6334376187225390,0.1251718500127722,0.7562961007428560,0.1053802597864095,-0.6334376187225390,0.1251718500127722,0.7562961007428560,0.0753209729826231,-0.9040090814610470,0.1538707633887742,0.3916862517871426,0.1584811363068334,-0.8491168102028679,0.3462791847928443,0.3660260895687694,0.1734933449216251,-0.8461771015585948,0.3397429037882126,0.3721009693501952,0.0143638887688916,-0.6109279631530566,0.3812071092017771,0.6937159666831352,0.0703498059934340,-0.7064335988939567,0.3749347759320638,0.5961764746676873,0.1438001081360882,-0.6544364577091847,0.4597145186640827,0.5828353224115322,0.1438001081360882,-0.6544364577091847,0.4597145186640827,0.5828353224115322,0.2178811220577005,-0.8747186619130500,-0.0153177442422322,0.4326204408754284,0.1471595592632658,-0.8614336059479860,-0.1526417810793531,0.4614939797330124,0.1433523789195695,-0.8620753382374472,-0.1506014482521418,0.4621638350685270,0.1945666501165915,-0.5754548357124060,-0.0733111138910756,0.7909620922001670,0.1815986215263837,-0.6860098615678164,-0.1012553278462899,0.6972515823389454,0.2708048839670401,-0.6933533187010077,-0.0111061708906915,0.6676844638255737,0.2708048839670401,-0.6933533187010077,-0.0111061708906915,0.6676844638255737,0.1017355663116941,-0.6340331935417662,0.1295192997292884,0.7555637200343217,0.1923347045670402,-0.9783338127528105,-0.0173749850479072,0.0746218609942375,0.2005168677101944,-0.8132031512285635,0.5441870763926688,-0.0485185169067060,-0.0362952397168140,-0.8352421489430418,0.5023646469210734,-0.2206421757660439,0.4761881893604635,-0.1901742224148970,0.2726514277144667,-0.8140883074997181,0.4735403107083697,-0.2452307191741513,0.1675102249995310,-0.8291934593495993,0.4735403107083697,-0.2452307191741513,0.1675102249995310,-0.8291934593495993,0.1346407753485766,-0.9891446099450343,0.0472458687855810,0.0351088324060530,0.1034684789961157,-0.9003168561647137,-0.4123939742604210,0.0930324801002992,0.3470579898744239,-0.8355696026591783,-0.4236270517898467,-0.0437528486861155,-0.2586301392977904,-0.3690481311673984,-0.5083330675770499,-0.7338333736866722,-0.2386645211892839,-0.4010361057249282,-0.4177082856384960,-0.7795698020956321,-0.2386645211892839,-0.4010361057249282,-0.4177082856384960,-0.7795698020956321,0.1012319659472016,-0.6341137950210486,0.1301193503638255,0.7554606135963438
-0.9487532576665448,-0.3987249139421009,0.0685169224434406,0.1058296947304493,-0.6352529821319159,0.1253352182824075,0.7546819246966695,-0.9182688429883968,0.4293878823877960,-0.0415835986732550,0.8735555825500332,-0.2956121406422200,0.2484718449805642,-0.8896313527374532,-0.3158796759938128,-0.0112529848985425,0.9000691726521297,-0.2964994861474647,0.2610785607839706,0.0444406723710120,-1.5716324215322757,1.1916733371556985,0.5861118235479643,-2.1890663451083960,0.2394306136399345,-1.6628210146351505,-0.9225163774519237,-0.5959860655056937,-2.1718646053905091,-0.2170307345313869,0.0015793586502576,-0.0293135357502817,-0.0066182374706086,-0.0008946044298295,0.0541402503803438,-0.2112972080954153,0.0571560299897151,0.1025806107783238,-0.3314303791472987,-0.1355570808926327,0.1922525523953492,0.0009654467569798,-0.0181313852151562,0.0382558036930213,-0.0103268554965622,-0.7219254708279812,0.0077231146153422,0.0040293823885238,0.0010673748218052,1.4467441371559717,1.4255531925792555,-1.1145025012878085,-0.2844513930466633,0.0342484543418916,-0.0018708977545619,0.0960601106795999,1.4071169281249278,-0.8336901743486790,0.0031201307463387,-0.0156682447380960,-0.0005242677353999,0.0000000000000000,0.0000000000000000,0.1058296947304493,-0.6352529821319159,0.1253352182824075,0.7546819246966695,0.1058296947304493,-0.6352529821319159,0.1253352182824075,0.7546819246966695,0.0756488371928116,-0.9047013117701226,0.1536183061308365,0.3901207581432806,0.1571476492186828,-0.8510890496659427,0.3431187506327955,0.3649952997614549,0.1746931759271314,-0.8476616355602795,0.3355066570312569,0.3720044743971171,0.0164388507495169,-0.6108503470734086,0.3779049970744396,0.6955425442433409,0.0719134638098007,-0.7066220446299211,0.3713635366466040,0.5979990496775338,0.1454717959142685,-0.6551494842720085,0.4560753704879985,0.5844761468920990,0.1454717959142685,-0.6551494842720085,0.4560753704879985,0.5844761468920990,0.2183791588417203,-0.8753324905790301,-0.0149065671292578,0.4311396156429103,0.1478544617429745,-0.8620945943621188,-0.1523879430220146,0.4601194229065200,0.1520808671718873,-0.8613590664327726,-0.1546427876770664,0.4593664950056496,0.2042070224722919,-0.5757785062120085,-0.0730922288159850,0.7883122032824185,0.1911704311564580,-0.6859051267646645,-0.1024541272557696,0.6946158471685357,0.2799605626067472,-0.6934056596301086,-0.0122996872613114,0.6638218076194260,0.2799605626067472,-0.6934056596301086,-0.0122996872613114,0.6638218076194260,0.0926113233870399,-0.6373142226364743,0.1409845024155226,0.7519156165983093,0.1933916262074296,-0.9773109711579060,0.0005834997890545,0.0863863652160060,0.2085049876803437,-0.8079602400805427,0.5498520939912886,-0.0372638604388629,-0.0235783514162520,-0.8329407074186186,0.5118242763498805,-0.2090209305509489,0.4901615872222494,-0.1990052722778853,0.2651992477691198,-0.8061066176381778,0.4861270796739948,-0.2554818945201158,0.1607329132195584,-0.8201063312693058,0.4861270796739948,-0.2554818945201158,0.1607329132195584,-0.8201063312693058,0.1368018514669256,-0.9882255715029412,0.0615785239400039,0.0300592523572636,0.1090028438413101,-0.9118141593920929,-0.3859749130643539,0.0879584291103666,0.3635862709537869,-0.8416147987863067,-0.3967663806762903,-0.0454531979385609,-0.2275234641293993,-0.3713715120102301,-0.5105238777017802,-0.7414051818230921,-0.2076551893992240,-0.4001060029659242,-0.4191058501897400,-0.7881273977238328,-0.2076551893992240,-0.4001060029659242,-0.4191058501897400,-0.7881273977238328,0.0921076865366804,-0.6373872054529280,0.1415786247585639,0.7518039753933481
-0.9490169069176984,-0.3987656088780083,0.0684344917550010,0.1062063118750038,-0.6366716736638544,0.1260534116881048,0.7533126420509385,-0.9162259562452852,0.4227102550035313,-0.0426271532404213,0.8769983246824704,-0.2955896708517776,0.2481077559959567,-0.8895277632971481,-0.3163633335278759,-0.0220392200119759,0.9000594760766750,-0.2964334479318955,0.2610975491842616,0.0712069375805332,-1.5431516976504094,1.1693684683576504,0.5798568239209742,-2.1888793917611520,0.2393742665998394,-1.6590993203188684,-0.8949881119989440,-0.6109033837486840,-2.1718009809808736,-0.2173418805653113,0.0015706661783688,-0.0257173630104993,0.0019386959306855,-0.0012402347613848,-0.0160128036821676,-0.1834912967100337,0.0943384072886904,0.1120137228088523,-0.3398848484359011,-0.0135935711051381,0.1589787457326457,0.0012710320163372,-0.0183641953158981,-0.0087225330538707,-0.0402726763109856,-0.4019749164160912,-0.0040612297918373,0.0029268887291178,0.0008349485294364,1.2709475249170563,1.2906007411362832,-1.1526277644047276,-0.2443327289286112,0.0019596801477367,-0.0024755050725164,0.2689388751794212,1.3415638696680769,-0.6693291632008578,0.0027365990322772,-0.0154665651706320,-0.0005116964102947,0.0000000000000000,0.0000000000000000,0.1062063118750038,-0.6366716736638544,0.1260534116881048,0.7533126420509385,0.1062063118750038,-0.6366716736638544,0.1260534116881048,0.7533126420509385,0.0762178095326843,-0.9050300650625636,0.1539164047092547,0.3891287283204217,0.1562790425138472,-0.8524858149834331,0.3406429414472035,0.3644271978944275,0.1744001532211132,-0.8489639511978500,0.3328039651373552,0.3715996729167577,0.0166575400062124,-0.6109799813223480,0.3753617175680481,0.6967995190645941,0.0717511903261429,-0.7069288302339621,0.3688165659802652,0.5992309540814362,0.1453569561421778,-0.6558520188058725,0.4534668232469656,0.5857451023642005,0.1453569561421778,-0.6558520188058725,0.4534668232469656,0.5857451023642005,0.2191546218212428,-0.8759666308076295,-0.0142304245887604,0.4294778323289131,0.1487844562075937,-0.8627949948336338,-0.1520027636672316,0.4586318156414408,0.1579367400298147,-0.8611666526681779,-0.1568636895593361,0.4569920845910497,0.2104464304574760,-0.5766326417896044,-0.0725433033513070,0.7860945016149961,0.1974259872939891,-0.6863986906978965,-0.1028261177639548,0.6923197284887963,0.2858704423065540,-0.6939435680596946,-0.0125975170082545,0.6607281718901217,0.2858704423065540,-0.6939435680596946,-0.0125975170082545,0.6607281718901217,0.0842894743270599,-0.6399420952286948,0.1518371697162149,0.7485418312723382,0.1942009123026615,-0.9760404704976808,0.0171521291188097,0.0966271704965638,0.2152427100407512,-0.8038020502170812,0.5539417475235635,-0.0268585217700294,-0.0133299086369337,-0.8311792449446421,0.5192466970465272,-0.1983588765728884,0.5012847290492385,-0.2072048484505071,0.2589776726240341,-0.7991935537045285,0.4959947933065034,-0.2647962838549388,0.1550922574872967,-0.8122921178596700,0.4959947933065034,-0.2647962838549388,0.1550922574872967,-0.8122921178596700,0.1390549832674428,-0.9870630361986692,0.0751028857851369,0.0270153797956136,0.1135595718443820,-0.9218857633934110,-0.3606390441085636,0.0846778764467478,0.3776292108154420,-0.8469833625023369,-0.3715182399294853,-0.0446044861290830,-0.1989675516245653,-0.3754885616766802,-0.5111265171599081,-0.7471077143936387,-0.1789390431803246,-0.4011941746637758,-0.4190629474345993,-0.7946133016310440,-0.1789390431803246,-0.4011941746637758,-0.4190629474345993,-0.7946133016310440,0.0837865531936360,-0.6400081360669987,0.1524253604669017,0.7484222797047876
-0.9492405176836570,-0.3987458153276150,0.0683683297941812,0.1063199150812228,-0.6378132932349146,0.1273096456835973,0.7521186959156593,-0.9141389157138660,0.4160759801226161,-0.0425817953009708,0.8799425828342387,-0.2955615038110346,0.2477384565365065,-0.8899626054912327,-0.3173534854197548,-0.0273405288281050,0.8998905548539295,-0.2963815817608239,0.2611112126652414,0.0947947240668928,-1.5177427261726619,1.1463616552906573,0.5748547048410453,-2.1893651527070426,0.2393105117149496,-1.6515568468299777,-0.8686958478207273,-0.6225013641283141,-2.1717521935415598,-0.2176489597368438,0.0015615353902467,-0.0231109535257303,0.0081585137690884,-0.0013914616199757,-0.0647840466573709,-0.1653538008820021,0.1103130588912956,0.1133514052336160,-0.3216446418492455,0.0116353402666712,0.1356045672396107,0.0015374280506145,-0.0185349336865434,-0.0194188320045227,-0.0621154983746859,-0.1646297749441089,-0.0103052168326727,0.0024372434913640,0.0005586664527107,1.1285256108488138,1.1085258973215912,-1.1942819324891829,-0.1709456836932561,-0.0236073887259386,-0.0023900674453564,0.4683919883061385,1.2816203170054650,-0.5049117407131251,0.0018123896204625,-0.0152628767189183,-0.0005723765965367,0.0000000000000000,0.0000000000000000,0.1063199150812228,-0.6378132932349146,0.1273096456835973,0.7521186959156593,0.1063199150812228,-0.6378132932349146,0.1273096456835973,0.7521186959156593,0.0768140868019974,-0.9051455682111081,0.1548304587690684,0.3883794863969077,0.1554910692150513,-0.8535411719653049,0.3387158667304262,0.3640900393851921,0.1736370035904417,-0.8500354085740658,0.3308835618837775,0.3712223910670784,0.0162233426498790,-0.6110673534830295,0.3733236447025923,0.6978273059765461,0.0710165337504406,-0.7071583067682854,0.3668656327251645,0.6002444407304822,0.1446451076984833,-0.6564044594735866,0.4514382005207493,0.5868684090259682,0.1446451076984833,-0.6564044594735866,0.4514382005207493,0.5868684090259682,0.2199506516089376,-0.8765620543421105,-0.0130774770067174,0.4278897700804283,0.1496042720849787,-0.8634930232000806,-0.1513666224836490,0.4572597798370219,0.1612522949789928,-0.8613938336819571,-0.1575282136768872,0.4551738377306832,0.2137153201312297,-0.5776894965528272,-0.0717161256721887,0.7845109335326810,0.2007838990115338,-0.6871918524961257,-0.1024854459811215,0.6906156073552933,0.2889826238114353,-0.6946857192274630,-0.0121515544861040,0.6585993731852869,0.2889826238114353,-0.6946857192274630,-0.0121515544861040,0.6585993731852869,0.0767057797152794,-0.6420482417453666,0.1619606391085008,0.7454254020420292,0.1947288808634000,-0.9745858585638578,0.0324134165026293,0.1058887986316943,0.2210115950493738,-0.8005854488944223,0.5567146165680771,-0.0169011707200216,-0.0047862888356970,-0.8299688162779608,0.5251275184439753,-0.1880689895177157,0.5103840449158009,-0.2151346541619109,0.2534254643585532,-0.7930956696948185,0.5039113760384802,-0.2736159144758714,0.1500467769457130,-0.8054151855861309,0.5039113760384802,-0.2736159144758714,0.1500467769457130,-0.8054151855861309,0.1412015159492692,-0.9857189986255934,0.0878742036328736,0.0264255932397812,0.1168628346950690,-0.9307386098330229,-0.3362877638000620,0.0835419532419435,0.3888384629734613,-0.8521030962902733,-0.3479193481106178,-0.0409522919413394,-0.1731852933457494,-0.3817986072612521,-0.5098368544377812,-0.7512010779539018,-0.1526982736263706,-0.4047134181865941,-0.4172397623330238,-0.7992504407878241,-0.1526982736263706,-0.4047134181865941,-0.4172397623330238,-0.7992504407878241,0.0762040983329265,-0.6421079790559461,0.1625430203484730,0.7452986281793029
-0.9493966487789033,-0.3987383074150380,0.0683192741917391,0.1064874816354509,-0.6387078383509645,0.1283064236594329,0.7511658772413088,-0.9125579287214862,0.4116833374654126,-0.0422170589928079,0.8830682027550997,-0.2955245326366762,0.2473674395625096,-0.8906198617132735,-0.3178187631826215,-0.0293411125972162,0.8994893421312538,-0.2963342622576981,0.2611176905217113,0.1168915545736506,-1.4949132264618230,1.1233904014609881,0.5708444325999646,-2.1905556789315663,0.2392360043841730,-1.6399595569740719,-0.8432352000179696,-0.6310727749187219,-2.1717244329331131,-0.2179519914438759,0.0015528653696469,-0.0138311133918035,-0.0007242349803506,-0.0003602942053442,0.0046477528894264,-0.1078165117514087,0.0675977182585099,0.0623930000352353,-0.1553838972715109,0.0161598443054758,0.1530406728469265,0.0021192089936715,-0.0184294436762190,-0.0412298729958858,-0.0064902798838094,-0.0585072095648896,-0.0247986122727480,0.0022564855087981,0.0002216140382667,1.0805784185030995,1.1493391413172223,-1.1175323063889264,-0.1954938639289298,-0.0894296346656764,-0.0045376805437005,0.6619046905995766,1.2654185289936848,-0.3621917699690340,0.0009337752901583,-0.0150620019451471,-0.0003569001136707,0.0000000000000000,0.0000000000000000,0.1064874816354509,-0.6387078383509645,0.1283064236594329,0.7511658772413088,0.1064874816354509,-0.6387078383509645,0.1283064236594329,0.7511658772413088,0.0773580165409253,-0.9052294015952969,0.1555230359217730,0.3877989853802493,0.1550441356217680,-0.8542794320799757,0.3373934441272067,0.3637768983792067,0.1730545879268880,-0.8508138113965017,0.3296340631632740,0.3708225348288383,0.0156535720530216,-0.6108628368685101,0.3719697187702988,0.6987417895996224,0.0702470690246011,-0.7070799089695858,0.3656116181052337,0.6011917300923967,0.1438894723603758,-0.6565651716543361,0.4500622493972108,0.5879302397239734,0.1438894723603758,-0.6565651716543361,0.4500622493972108,0.5879302397239734,0.2206820036278874,-0.8770636044783511,-0.0122405510260868,0.4265079786883271,0.1504132401391460,-0.8640770161024844,-0.1508685110730750,0.4560542290132446,0.1630226693933084,-0.8617870049087591,-0.1575160548900215,0.4538011237162764,0.2152909889893488,-0.5787863618305665,-0.0709752657214065,0.7833381447846781,0.2024541180337486,-0.6880870983267334,-0.1019805293936700,0.6893101238427165,0.2904710249449595,-0.6955076552616444,-0.0115319006051245,0.6570865242936496,0.2904710249449595,-0.6955076552616444,-0.0115319006051245,0.6570865242936496,0.0696928069057894,-0.6437625332229382,0.1711625185426692,0.7425739732377572,0.1948382361592154,-0.9730786796246634,0.0463246052834162,0.1140612814921200,0.2256452920446904,-0.7982714733871241,0.5583822530946813,-0.0074910869254872,0.0019151421619742,-0.8292492874405181,0.5296617890501065,-0.1783265003585686,0.5175539142190929,-0.2226504011412589,0.2487698577101081,-0.7878313922680578,0.5099894179473364,-0.2818148771934035,0.1458218591859327,-0.7995168253124906,0.5099894179473364,-0.2818148771934035,0.1458218591859327,-0.7995168253124906,0.1429134506320659,-0.9842706196032087,0.0999162743807165,0.0283519157770733,0.1186887658428120,-0.9385705542946093,-0.3128214013000341,0.0845048067420093,0.3971196348067590,-0.8572648286633739,-0.3258660152588938,-0.0347037359227231,-0.1501468510690668,-0.3902463770976136,-0.5065357967671356,-0.7540458705342236,-0.1289153840831959,-0.4106015673172020,-0.4134817163516787,-0.8023839772242529,-0.1289153840831959,-0.4106015673172020,-0.4134817163516787,-0.8023839772242529,0.0691927178987089,-0.6438164756402339,0.1717392905732107,0.7424407919540716
-0.9494923036369011,-0.3987645831647721,0.0682826105036889,0.1067947490817457,-0.6393458958905228,0.1288754993150078,0.7504817203988516,-0.9111289021349570,0.4088470432326795,-0.0419605809880422,0.8853810125489248,-0.2954809816827224,0.2470044823351320,-0.8912854121127851,-0.3186734050827221,-0.0299066327137307,0.8990327349509668,-0.2962925725805869,0.2611210950805590,0.1373747118116209,-1.4742091699898625,1.1006227521033998,0.5685789502157934,-2.1923832235432696,0.2391572065182329,-1.6251419542256755,-0.8184561416416035,-0.6366395692741439,-2.1717186113056730,-0.2182510547502851,0.0015441260302965,-0.0126622319537943,0.0040897686652111,-0.0008028587853652,-0.0335392271306442,-0.0943382236674953,0.0768780377570477,0.0819945742957747,-0.1452229973903050,0.0126915882219851,0.0860118109191148,0.0020930251721478,-0.0179812071926419,-0.0228414471809868,-0.0901983921157858,-0.0141198584921711,-0.0179803917841566,0.0020145547800687,0.0000798903367140,0.9709972336993768,0.9019354209763737,-1.1751874834772160,-0.0270961620684140,-0.0753655342468037,-0.0028658450627814,0.7988792843713032,1.2096195098972200,-0.2138690651203471,-0.0002559052064156,-0.0148649351757632,-0.0005554966448681,0.0000000000000000,0.0000000000000000,0.1067947490817457,-0.6393458958905228,0.1288754993150078,0.7504817203988516,0.1067947490817457,-0.6393458958905228,0.1288754993150078,0.7504817203988516,0.0778615515291690,-0.9052721220872046,0.1558076689734584,0.3874841081312341,0.1549534620967559,-0.8547444702409854,0.3364603027575033,0.3635873758053442,0.1728616363468117,-0.8513034356225847,0.3287539429182104,0.3705700476190938,0.0154010721274496,-0.6105580981516689,0.3711106402167585,0.6994701626779019,0.0698628876530496,-0.7068726036183919,0.3648005992779407,0.6019724428484988,0.1434974441431035,-0.6565412359714871,0.4491124140444360,0.5887785055049214,0.1434974441431035,-0.6565412359714871,0.4491124140444360,0.5887785055049214,0.2213429157545120,-0.8774447980520964,-0.0118922711908338,0.4253898375637706,0.1510863832471744,-0.8644567233131392,-0.1508819845490886,0.4551066963411196,0.1639833323537031,-0.8621032353460786,-0.1576638234425243,0.4528019402492485,0.2162037281278319,-0.5796895298842901,-0.0707415186150755,0.7824395404312021,0.2033935122135059,-0.6888331974222435,-0.1018798002638157,0.6883025581942207,0.2912724608559006,-0.6962343117214155,-0.0113336117170669,0.6559646987256265,0.2912724608559006,-0.6962343117214155,-0.0113336117170669,0.6559646987256265,0.0632888927167950,-0.6451068199005264,0.1793611916843772,0.7400413974191395,0.1945140422350080,-0.9715115838811819,0.0589315827728507,0.1218876462565526,0.2295401865032904,-0.7966042242924568,0.5592221373504891,0.0019009778009298,0.0071687642202776,-0.8289161756273230,0.5332599070134019,-0.1687615304949147,0.5233523991360246,-0.2299448777899004,0.2447833517533671,-0.7831403004578061,0.5147525135975605,-0.2896443325150008,0.1422153377410650,-0.7942989412671582,0.5147525135975605,-0.2896443325150008,0.1422153377410650,-0.7942989412671582,0.1441182450054576,-0.9827684488669189,0.1110991959360568,0.0324511329635779,0.1192003374078135,-0.9454756294934873,-0.2902631383069888,0.0872606677486273,0.4026505903351124,-0.8625458907133228,-0.3052799646165391,-0.0262912860102314,-0.1297034984733979,-0.4004959709378133,-0.5013689623671628,-0.7559160954240987,-0.1074843447734316,-0.4185115882823898,-0.4079136876223547,-0.8043019268609958,-0.1074843447734316,-0.4185115882823898,-0.4079136876223547,-0.8043019268609958,0.0627904524054290,-0.6451555255209473,0.1799329077767559,0.7399025987760242
-0.9495499323011506,-0.3987815756423407,0.0682570556173177,0.1070313181870677,-0.6397670565641744,0.1293813184367969,0.7500019231321398,-0.9100697176690142,0.4071684350557198,-0.0417203308118336,0.8870805241028574,-0.2954394949336419,0.2466471191038712,-0.8918656770402876,-0.3202873186903613,-0.0300552969625787,0.8985445215513493,-0.2962535957383147,0.2611184244413494,0.1558516729289122,-1.4547806839318751,1.0786686024926309,0.5678227813510132,-2.1950624107152619,0.2390633660836835,-1.6079962521941069,-0.7944407400942650,-0.6397494582300478,-2.1717338247043543,-0.2185462752353557,0.0015359683864141,-0.0055507837714676,-0.0012474542693276,-0.0001865208884375,0.0075836324442342,-0.0481129035447479,0.0442545832781446,0.0457250831973482,-0.0524745111186918,0.0108899407458564,0.0733135513887268,0.0020869131485320,-0.0177227575726866,-0.0281932467899276,-0.0905120183256048,-0.0047490576435839,-0.0232932420511078,0.0018796208011068,-0.0002137641610039,0.8902522289709391,0.9184495350307714,-1.0667317803763974,-0.0041763143498282,-0.1156945347086259,-0.0048304798756805,0.8982832439501857,1.1829322492661400,-0.1068072638672742,-0.0014143660120706,-0.0146760446891083,-0.0004253192771251,0.0000000000000000,0.0000000000000000,0.1070313181870677,-0.6397670565641744,0.1293813184367969,0.7500019231321398,0.1070313181870677,-0.6397670565641744,0.1293813184367969,0.7500019231321398,0.0782882906786761,-0.9052502903014330,0.1560927730656516,0.3873343538190976,0.1550021488391057,-0.8549786597002600,0.3359382880103143,0.3634986821999586,0.1728114019783425,-0.8515576281343930,0.3282790728091610,0.3704303924733566,0.0152393796355418,-0.6102441369740553,0.3706732949734666,0.6999794018331029,0.0696310159902825,-0.7066245234820479,0.3643932654568739,0.6025370133988509,0.1432314340545024,-0.6564255079535392,0.4485601649773341,0.5893929819756397,0.1432314340545024,-0.6564255079535392,0.4485601649773341,0.5893929819756397,0.2218754709503735,-0.8776991632032678,-0.0115731443322502,0.4245957096263445,0.1513715346358889,-0.8646367076893254,-0.1513047338109938,0.4545293167052319,0.1643433153390994,-0.8622651868684097,-0.1581157517053892,0.4522050765756399,0.2167073716861509,-0.5802814699328871,-0.0710438687775900,0.7818338054973843,0.2038490164288044,-0.6893157492510439,-0.1022491796300390,0.6876296107647386,0.2916357948413476,-0.6967608339172207,-0.0116377497620155,0.6552384804532715,0.2916357948413476,-0.6967608339172207,-0.0116377497620155,0.6552384804532715,0.0574777907505068,-0.6461067197515360,0.1867173101076710,0.7378204770596353,0.1939345490106243,-0.9699184114423935,0.0703286108726274,0.1292344858690483,0.2327878943598827,-0.7955247336102065,0.5593105010426853,0.0110434540467921,0.0109081066163103,-0.8289499919042789,0.5359111812965791,-0.1597564705833527,0.5277307676385019,-0.2366991207152848,0.2415513277850690,-0.7791833668563261,0.5181939692150106,-0.2967840101468934,0.1393000096798334,-0.7899302303960275,0.5181939692150106,-0.2967840101468934,0.1393000096798334,-0.7899302303960275,0.1449145255438605,-0.9812145972673132,0.1214754795289381,0.0382282914757838,0.1187344939255474,-0.9514935139165116,-0.2686977316466410,0.0914534960239565,0.4059202992812643,-0.8678158023867445,-0.2861119356258899,-0.0162605058859571,-0.1115750657415740,-0.4120321929383521,-0.4947758168982698,-0.7569526852451391,-0.0881866580684600,-0.4279119498885821,-0.4009717334168208,-0.8051932348709713,-0.0881866580684600,-0.4279119498885821,-0.4009717334168208,-0.8051932348709713,0.0569812992808559,-0.6461506954804850,0.1872842032010446,0.7376767838923100
-0.9495610918221403,-0.3987984336769581,0.0682442654624695,0.1072705228014082,-0.6399496080866012,0.1297847991044292,0.7497422490223834,-0.9091740476287675,0.4062433425340340,-0.0415162207695188,0.8881294470793243,-0.2953993794936639,0.2462965286211417,-0.8923910946277895,-0.3228123167453399,-0.0300970156480365,0.8981699024540054,-0.2962169525996513,0.2611129966229511,0.1725603644827982,-1.4381224521091120,1.0582627048195099,0.5683361577773693,-2.1959188236388973,0.2389603795360686,-1.5894190688142498,-0.7713751104108263,-0.6408625770032375,-2.1717786073536787,-0.2188377963132911,0.0015269860200345,-0.0013855694055919,-0.0007368871997966,-0.0000818897002520,0.0033884865610828,-0.0183485687012269,0.0415691564305211,0.0375451486768268,-0.0201266906573781,0.0097454947438606,0.0471541064662483,0.0019636010435133,-0.0174135147372032,-0.0246465128103645,-0.1331746287621491,0.0003033365581081,-0.0186885044767317,0.0018277219893454,-0.0003718457814650,0.8079028620448778,0.7785904160347926,-0.9853281541870539,0.0404298462549232,-0.0090483713874479,-0.0054849681322012,0.9546206646594936,1.1296687657946167,-0.0296980005257054,-0.0028903079884015,-0.0144966188345330,-0.0004505280767190,0.0000000000000000,0.0000000000000000,0.1072705228014082,-0.6399496080866012,0.1297847991044292,0.7497422490223834,0.1072705228014082,-0.6399496080866012,0.1297847991044292,0.7497422490223834,0.0786916709748859,-0.9051513960616384,0.1563130487066464,0.3873948914620345,0.1552295356518465,-0.8550035080664439,0.3357109175799528,0.3635532591973469,0.1729513745530813,-0.8515955786550405,0.3280888445151132,0.3704463558467339,0.0152433932750199,-0.6098860343504070,0.3705699756004598,0.7003460267962348,0.0696124270662916,-0.7063121143797272,0.3642918855162746,0.6029666070566242,0.1431622612091243,-0.6562066794848540,0.4483058939742210,0.5898467480565843,0.1431622612091243,-0.6562066794848540,0.4483058939742210,0.5898467480565843,0.2223373218498798,-0.8778227715076479,-0.0113661855626822,0.4241038869911590,0.1513518028334805,-0.8646067341067781,-0.1521749114960299,0.4543023480320589,0.1643454774547011,-0.8622312548985451,-0.1589941327452606,0.4519609417514405,0.2170770374364715,-0.5805069303054994,-0.0718757958219313,0.7814877693605031,0.2040937466405784,-0.6894750426182324,-0.1031228044102884,0.6872667570887998,0.2918295290362708,-0.6970324758521503,-0.0124849825901974,0.6548475996746207,0.2918295290362708,-0.6970324758521503,-0.0124849825901974,0.6548475996746207,0.0522475517171773,-0.6467709480889218,0.1933151974978014,0.7359257900523019,0.1932533826191566,-0.9683637616130858,0.0805147414374354,0.1358018104152960,0.2353949986061952,-0.7947429832160990,0.5591015909680079,0.0194472681116784,0.0134573924234327,-0.8290770761975282,0.5379818858309562,-0.1517418558957556,0.5308572366028117,-0.2433072568898778,0.2395249647248149,-0.7756416468735585,0.5204303842694571,-0.3036578280895682,0.1375513389067040,-0.7861448770640466,0.5204303842694571,-0.3036578280895682,0.1375513389067040,-0.7861448770640466,0.1453716787271874,-0.9796160256446635,0.1310443953089551,0.0452424997353623,0.1175634055672425,-0.9566720785630998,-0.2481909050297654,0.0967401386689977,0.4073794638391491,-0.8729459436658294,-0.2682931030859472,-0.0051149502456957,-0.0954841271789181,-0.4243726976352961,-0.4871502441789610,-0.7572814764372631,-0.0708027604349919,-0.4383029972084533,-0.3930473680743493,-0.8052274325944810,-0.0708027604349919,-0.4383029972084533,-0.3930473680743493,-0.8052274325944810,0.0517534400327288,-0.6468106735336552,0.1938773467846314,0.7357778934240077
-0.9495300999459650,-0.3988168724095483,0.0682441316318381,0.1075235650640679,-0.6399120323646218,0.1300703453281810,0.7496885880531330,-0.9085177136280550,0.4059914311568333,-0.0413884265258806,0.8888531765283078,-0.2953611761520998,0.2459534985774867,-0.8927749808820649,-0.3258658897809187,-0.0300552044334039,0.8978002365312786,-0.2961810358798565,0.2611046782650688,0.1878687674030819,-1.4234373407332583,1.0389321122164177,0.5692701959593636,-2.1958692298817279,0.2388503182749745,-1.5699468051365271,-0.7494046659256837,-0.6412651836479014,-2.1718514546727952,-0.2191257888347662,0.0015177154884747,0.0029347980562170,-0.0001304385186018,0.0000970333911727,-0.0010256417059880,0.0132481028332195,0.0362878578417447,0.0259686953023437,-0.0064224785516731,0.0034354915238901,0.0301960819036921,0.0018723155657968,-0.0169451565940834,-0.0155829937957524,-0.1623385141373697,0.0040784163506763,-0.0196822369030111,0.0017332556569522,-0.0004830615514454,0.7298955038234892,0.7291896240473452,-0.9354762871430362,0.0259312363038046,0.0048829213616925,-0.0060885774781988,0.9835438567812423,1.0771431252717090,-0.0157923043202448,-0.0042459912055034,-0.0143204831577826,-0.0004262040589665,0.0000000000000000,0.0000000000000000,0.1075235650640679,-0.6399120323646218,0.1300703453281810,0.7496885880531330,0.1075235650640679,-0.6399120323646218,0.1300703453281810,0.7496885880531330,0.0790726403273515,-0.9049895235953233,0.1564480330936762,0.3876409326625492,0.1556015112958785,-0.8548646222477418,0.3356910819569024,0.3637391164093687,0.1732606076160196,-0.8514611644325674,0.3280911737730097,0.3706087276413129,0.0153812078267155,-0.6094295192330857,0.3707107698799901,0.7006658294994171,0.0697624669668598,-0.7058960534592709,0.3644122043262565,0.6033636592067859,0.1432584336043229,-0.6558560918545229,0.4482613966522287,0.5902470061338223,0.1432584336043229,-0.6558560918545229,0.4482613966522287,0.5902470061338223,0.2227238980996433,-0.8778089871982986,-0.0112733688312864,0.4239320209236275,0.1510805777756019,-0.8643793031014000,-0.1533757712966652,0.4544215577721655,0.1640560939962342,-0.8620107415999932,-0.1601889063830406,0.4520648113498041,0.2173216328051278,-0.5804068459121274,-0.0731176833632533,0.7813789128923563,0.2041542839705470,-0.6893475845530710,-0.1043835046449823,0.6871863065903971,0.2918764271675745,-0.6970701727319827,-0.0137543687069294,0.6547611342258867,0.2918764271675745,-0.6970701727319827,-0.0137543687069294,0.6547611342258867,0.0475005127819325,-0.6471417367892145,0.1992790064713017,0.7343290484317663,0.1925182721131237,-0.9668588846716137,0.0896769570127326,0.1416991722455598,0.2374895002238707,-0.7942757713735041,0.5585553316337828,0.0272153963027490,0.0152067686474073,-0.8293543624009678,0.5395241237236486,-0.1444085027760384,0.5330191825114681,-0.2498639959074259,0.2382675512469530,-0.7724552470187254,0.5217311112998579,-0.3103836942714196,0.1365361883331072,-0.7828259570988347,0.5217311112998579,-0.3103836942714196,0.1365361883331072,-0.7828259570988347,0.1455321937956696,-0.9779666476098874,0.1399146610529215,0.0531554734166098,0.1158692870075065,-0.9610742954784356,-0.2287598627065164,0.1028563664218036,0.4077246793513371,-0.8776901239935327,-0.2517468567049181,0.0066447145356094,-0.0810229562079494,-0.4369998450057978,-0.4790994187243462,-0.7569215038630007,-0.0549865930405817,-0.4491417335923407,-0.3847571589795394,-0.8044936956530170,-0.0549865930405817,-0.4491417335923407,-0.3847571589795394,-0.8044936956530170,0.0470091348038189,-0.6471776166201237,0.1998365132335920,0.7341775274206729
-0.9494653027855607,-0.3988340496209539,0.0682547837003454,0.1077785742306160,-0.6396969533298834,0.1302626837687538,0.7498021205989234,-0.9079275627286646,0.4059608102947286,-0.0413714819030258,0.8893174932536714,-0.2953239109109082,0.2456190037927811,-0.8928998324728944,-0.3292948811849953,-0.0299298707865500,0.8974896952312992,-0.2961451618648283,0.2610932925371521,0.2020507626600462,-1.4109741821670090,1.0193836107080694,0.5706379801775835,-2.1956731713046782,0.2387549552401978,-1.5501199096935541,-0.7286558763959794,-0.6415477613647624,-2.1719512617800638,-0.2194102270496086,0.0015075908137627,0.0057889753863345,-0.0007416970082222,0.0002190826021656,0.0044953184875903,0.0330698468144789,0.0284053651608161,0.0346843461797402,0.0003913530424064,-0.0005313112939492,0.0177524788382336,0.0018509494921338,-0.0165648473611319,0.0020407511110388,-0.1794380170667564,0.0080315199155475,-0.0114189288118081,0.0018941258014160,-0.0006360931289209,0.6952108359743593,0.5169685354070409,-1.0273573733714738,0.1256540375621617,0.0148536406615438,-0.0032476416854654,0.9945938448723805,1.0020227624685389,-0.0133354344109444,-0.0055855137690189,-0.0141410852281631,-0.0005941798186442,0.0000000000000000,0.0000000000000000,0.1077785742306160,-0.6396969533298834,0.1302626837687538,0.7498021205989234,0.1077785742306160,-0.6396969533298834,0.1302626837687538,0.7498021205989234,0.0794315051576725,-0.9047601521008501,0.1565188831121439,0.3880741454775884,0.1560322921640024,-0.8546331038266369,0.3356953253232390,0.3640945347046851,0.1736759162249544,-0.8512229405259978,0.3280926748728038,0.3709600764779211,0.0156648112468811,-0.6088919295113486,0.3708945144786699,0.7010295935223978,0.0700632202514061,-0.7054065785875775,0.3645535246706191,0.6038157266116867,0.1435133635139936,-0.6554281221136730,0.4482317371705712,0.5906828260822355,0.1435133635139936,-0.6554281221136730,0.4482317371705712,0.5906828260822355,0.2230274076660436,-0.8776620033589269,-0.0112449273669523,0.4240775104839582,0.1505846203168725,-0.8639773748411721,-0.1547906208206746,0.4548705657574808,0.1635035621571259,-0.8616259149279057,-0.1615837773603600,0.4525019898083744,0.2174170066493528,-0.5799982283476602,-0.0746496963406204,0.7815109232566517,0.2040244457102807,-0.6889506988778590,-0.1059091945806608,0.6873894111576047,0.2917705059558721,-0.6968751974438320,-0.0153226031938027,0.6549810293995088,0.2917705059558721,-0.6968751974438320,-0.0153226031938027,0.6549810293995088,0.0431632889611031,-0.6472753229104131,0.2047092413196685,0.7329841153501256,0.1917675203477677,-0.9654129105915713,0.0979659357772397,0.1469891343945833,0.2391456707566501,-0.7943334450864644,0.5573632482741111,0.0344954438839725,0.0162950490389655,-0.8300067968510374,0.5403102334799323,-0.1374337664286307,0.5342103922850125,-0.2563698685467368,0.2373098239466785,-0.7697907473686718,0.5220897560191559,-0.3169519668677822,0.1357629221049664,-0.7800847174121690,0.5220897560191559,-0.3169519668677822,0.1357629221049664,-0.7800847174121690,0.1454453224437740,-0.9762672416797757,0.1481614081571481,0.0616127270543995,0.1138351849968329,-0.9647711681418694,-0.2103951595600989,0.1095080846905384,0.4074448145363211,-0.8819117475651699,-0.2363762611518903,0.0186186943114809,-0.0678688911774990,-0.4495249612510324,-0.4710321698085529,-0.7559429990601416,-0.0404631175726183,-0.4600172680287472,-0.3765115586022312,-0.8031101390659883,-0.0404631175726183,-0.4600172680287472,-0.3765115586022312,-0.8031101390659883,0.0426749789618949,-0.6473077006596794,0.2052621386006717,0.7328294762728634
-0.9493750034888975,-0.3988506196468061,0.0682730952289653,0.1080336192995339,-0.6393380083854134,0.1303701475946115,0.7500528466388062,-0.9073608993478971,0.4059624445729472,-0.0413878099602623,0.8895634647809439,-0.2952881807152369,0.2452908902423539,-0.8928655096795949,-0.3329676127253573,-0.0297268329304377,0.8973130476342411,-0.2961080839438320,0.2610791780894912,0.2151321096582980,-1.4003995445784692,0.9996085871601864,0.5721885979867691,-2.1954978920617907,0.2386684724901938,-1.5305125204072016,-0.7091191908079201,-0.6417908275279492,-2.1720760057035062,-0.2196911421545732,0.0014975393084146,0.0084758831061988,-0.0008134307820740,0.0002706375003642,0.0053497361043071,0.0529723985737566,0.0221672154668637,0.0281136427615643,-0.0072265747998013,0.0001223243240166,0.0083228100653244,0.0016823168621522,-0.0162921268198839,0.0042246043950467,-0.1958807560848833,0.0115296560223336,-0.0065421205807965,0.0019380626201843,-0.0007293401563219,0.6226950260822605,0.4833622812194783,-0.9971598597947214,0.0853434342286042,0.0079492353306502,-0.0040312986864623,0.9672761894998344,0.9467052241609151,-0.0114333112391983,-0.0067571592338006,-0.0139671075543475,-0.0005073317982034,0.0000000000000000,0.0000000000000000,0.1080336192995339,-0.6393380083854134,0.1303701475946115,0.7500528466388062,0.1080336192995339,-0.6393380083854134,0.1303701475946115,0.7500528466388062,0.0797710161904239,-0.9044579359929934,0.1565290575579462,0.3887043621253350,0.1564949536645764,-0.8543322098881301,0.3356515737909608,0.3646420513830496,0.1741397581917062,-0.8509110059176270,0.3280343321777550,0.3715094635912814,0.0160595150295048,-0.6082811354702470,0.3710434886201194,0.7014719393964783,0.0704689710195520,-0.7048566141999023,0.3646440765922533,0.6043558347102140,0.1438850817053650,-0.6549448593176773,0.4481466059544743,0.5911928061871815,0.1438850817053650,-0.6549448593176773,0.4481466059544743,0.5911928061871815,0.2232589227587927,-0.8774090305973883,-0.0112775078400845,0.4244781080946965,0.1499185555805226,-0.8634393611240320,-0.1563529942746707,0.4555772574829863,0.1627451104376796,-0.8611138906522494,-0.1631121342031336,0.4532012003846341,0.2173896042726958,-0.5793064245113927,-0.0763760384533941,0.7818647755361240,0.2037446393842942,-0.6883059489206994,-0.1076088342927173,0.6878541861359158,0.2915490187292563,-0.6964570683882918,-0.0170965619189413,0.6554803041591311,0.2915490187292563,-0.6964570683882918,-0.0170965619189413,0.6554803041591311,0.0391737237101749,-0.6472169429456112,0.2096857046034533,0.7318521390416036,0.1910722184820823,-0.9640712396321212,0.1054490222066736,0.1514547983861123,0.2403259755064970,-0.7950522998579713,0.5553779720701107,0.0411165918662183,0.0165418619227756,-0.8311520503327219,0.5401361120948244,-0.1310176188263568,0.5341924969399126,-0.2626534424933216,0.2366956386356397,-0.7678715517652520,0.5212948660324684,-0.3231664222681572,0.1352518089459117,-0.7781529890345785,0.5212948660324684,-0.3231664222681572,0.1352518089459117,-0.7781529890345785,0.1451591400515665,-0.9745266156624739,0.1558406544419581,0.0702879068406379,0.1116176307559318,-0.9678325254869899,-0.1931026587619341,0.1164176545588382,0.4067533940665208,-0.8856016774923392,-0.2221029702132234,0.0305223829440942,-0.0558513359408763,-0.4617053268716309,-0.4631166692003691,-0.7544744993177286,-0.0270928487490091,-0.4706738490862011,-0.3684710914340529,-0.8012247875037584,-0.0270928487490091,-0.4706738490862011,-0.3684710914340529,-0.8012247875037584,0.0386887679988718,-0.6472461132335312,0.2102340056566341,0.7316948209468096
-0.9492621890020181,-0.3988606659736686,0.0682995762340168,0.1082577695497632,-0.6388303196795152,0.1304451782954432,0.7504399599233440,-0.9067954890677182,0.4059333116729033,-0.0414033457678696,0.8897215492039706,-0.2952545744371415,0.2449676828593877,-0.8927670784084595,-0.3367218163819918,-0.0294385869942209,0.8971926785672752,-0.2960683737631755,0.2610622141409565,0.2271365896211207,-1.3916212472224092,0.9797877314858440,0.5738556019910344,-2.1953698258800505,0.2385926325797217,-1.5115584801956385,-0.6908320064472895,-0.6420098617107997,-2.1722242834162993,-0.2199685845545453,0.0014876093207207,0.0116135139418171,-0.0007398324790782,0.0003759493061841,0.0050088579612661,0.0765693715191385,0.0161170619973439,0.0268295506520101,0.0006429148342360,-0.0010392291434381,0.0074663959727297,0.0016548090573913,-0.0160489228280005,0.0035050430072048,-0.1820347044757219,0.0169051376513853,-0.0057782998672486,0.0019999529015104,-0.0009092838769963,0.5766834794136844,0.4237224110594552,-0.9697156598744694,0.0566186744696208,0.0034003731989262,-0.0040553937227267,0.9273481054064349,0.8900457252350865,-0.0103557896131326,-0.0079218383712099,-0.0137950898001076,-0.0004608588287359,0.0000000000000000,0.0000000000000000,0.1082577695497632,-0.6388303196795152,0.1304451782954432,0.7504399599233440,0.1082577695497632,-0.6388303196795152,0.1304451782954432,0.7504399599233440,0.0800853608698953,-0.9040782303946290,0.1565388582855648,0.3895182590681828,0.1569587262233833,-0.8539658533604403,0.3355654662226241,0.3653793883561336,0.1746014695287890,-0.8505339777349752,0.3279305264766919,0.3722470273372631,0.0164913140779004,-0.6075673609567023,0.3711497540304681,0.7020240726237360,0.0709055669498490,-0.7042216469681502,0.3646868573617830,0.6050188167194261,0.1443037335512288,-0.6543819453773804,0.4480054704521613,0.5918207503055549,0.1443037335512288,-0.6543819453773804,0.4480054704521613,0.5918207503055549,0.2234248743903361,-0.8770698797466168,-0.0113302989838019,0.4250898444680334,0.1491180286374924,-0.8627989598320039,-0.1579807094129505,0.4564908146956106,0.1618157547194051,-0.8605079273757502,-0.1646902523869946,0.4541132999778684,0.2172319888936360,-0.5784124875969341,-0.0782143254654662,0.7823885073831449,0.2033197376493291,-0.6874854227424805,-0.1093997348667292,0.6885176655757583,0.2912086494763187,-0.6958764872179525,-0.0189848099679866,0.6561958655751059,0.2912086494763187,-0.6958764872179525,-0.0189848099679866,0.6561958655751059,0.0355384636775542,-0.6469628579827132,0.2142264679409533,0.7309467138060227,0.1904397925617831,-0.9628145233153204,0.1121858772165979,0.1553551030872855,0.2411863060991225,-0.7962482229788700,0.5527985571225352,0.0472407493219196,0.0162974913430247,-0.8326577115389964,0.5392624051321950,-0.1249463308849326,0.5333569237472346,-0.2687995684772160,0.2362048678843029,-0.7664753383280567,0.5197182210385159,-0.3291511445710615,0.1348081321326023,-0.7767749109356199,0.5197182210385159,-0.3291511445710615,0.1348081321326023,-0.7767749109356199,0.1447337065805508,-0.9727663158183850,0.1629236752660814,0.0789539424371863,0.1093423134602620,-0.9703164945634191,-0.1769302956851646,0.1233929873780406,0.4057930648069671,-0.8887687404387093,-0.2089142211171311,0.0421540364447120,-0.0448918978427240,-0.4733756705104675,-0.4554844032980525,-0.7526181969824153,-0.0148189501474698,-0.4809418081853766,-0.3607601144389476,-0.7989540134988404,-0.0148189501474698,-0.4809418081853766,-0.3607601144389476,-0.7989540134988404,0.0350569417316850,-0.6469891288469556,0.2147704269928234,0.7307870700002842
-0.9491240644936497,-0.3988743754433598,0.0683342957965738,0.1084996837773284,-0.6381827717352014,0.1304002644699929,0.7509636073118009,-0.9061862907584971,0.4059530938965749,-0.0414139471972873,0.8898658789544137,-0.2952215580520782,0.2446490989570725,-0.8926396795531998,-0.3402432782734122,-0.0289480861927545,0.8970894338236742,-0.2960271873613277,0.2610434832815587,0.2382410620179523,-1.3845717856917681,0.9602380326159130,0.5757924618507341,-2.1952644106941164,0.2385315118628585,-1.4935317403469688,-0.6738046698859812,-0.6422096844176012,-2.1723941320782525,-0.2202425892891078,0.0014775935151750,0.0138113573218850,-0.0011076781555854,0.0004195201046028,0.0079533968504285,0.0926834979556432,0.0095521995193875,0.0316680789711048,0.0009811122475631,0.0002024891086670,0.0070715956869056,0.0016494165833186,-0.0158425536813189,0.0063887512537347,-0.1696967978852694,0.0333076670257701,-0.0049217974571452,0.0020751962515233,-0.0009561705263320,0.5343216279195896,0.3215463182844475,-0.9604393080654139,0.1010893930678489,0.0051611413972956,-0.0027758520831238,0.8761488783746081,0.8223077050476616,-0.0095116742666228,-0.0089820364021918,-0.0136237392344175,-0.0005017375323555,0.0000000000000000,0.0000000000000000,0.1084996837773284,-0.6381827717352014,0.1304002644699929,0.7509636073118009,0.1084996837773284,-0.6381827717352014,0.1304002644699929,0.7509636073118009,0.0803820530102416,-0.9036258328698805,0.1564484740986606,0.3905418731407366,0.1574591629625819,-0.8535377574674577,0.3353938989531678,0.3663206807177825,0.1750984995156518,-0.8500944693919734,0.3277370704668400,0.3731867109348360,0.0169962856744173,-0.6067152704446392,0.3711902452437197,0.7027271936665536,0.0714049800342563,-0.7034722446654673,0.3646538094098656,0.6058512433712671,0.1448066031951409,-0.6537136251170482,0.4477768373510683,0.5926090177674381,0.1448066031951409,-0.6537136251170482,0.4477768373510683,0.5926090177674381,0.2235388793536031,-0.8766556162380313,-0.0115103645379691,0.4258788694498203,0.1482873157744053,-0.8620787425260305,-0.1596176671243429,0.4575514331820453,0.1607777515504512,-0.8598368455359550,-0.1662384968927237,0.4551877368910647,0.2169639735248781,-0.5773829099008211,-0.0800709525050545,0.7830352815242050,0.2027830899265002,-0.6865483591996340,-0.1111923634186792,0.6893233111084528,0.2907753083870013,-0.6951805323278304,-0.0208906360538783,0.6570672178933478,0.2907753083870013,-0.6951805323278304,-0.0208906360538783,0.6570672178933478,0.0322352548889583,-0.6465371759316306,0.2183298006110390,0.7302620534066799,0.1898690218481502,-0.9616577343370594,0.1182002598685965,0.1587225727460901,0.2417648246507519,-0.7978101131648021,0.5497780668372063,0.0528476122289588,0.0156193859730224,-0.8344266160061808,0.5378277389464763,-0.1192878053365968,0.5318455807160707,-0.2747076134847103,0.2358575849144852,-0.7655372002748321,0.5175105306730645,-0.3348244570380048,0.1344596431233677,-0.7758840364273687,0.5175105306730645,-0.3348244570380048,0.1344596431233677,-0.7758840364273687,0.1441878728694153,-0.9710119518740414,0.1694025642246532,0.0874552335156164,0.1070653323432900,-0.9722905202321872,-0.1619030071207642,0.1302903494588088,0.4046400906110474,-0.8914552283708570,-0.1967892086102327,0.0533664712633876,-0.0349380618127362,-0.4844308296033282,-0.4482014441503716,-0.7504808915809403,-0.0036036411709940,-0.4907123837410944,-0.3534358418204085,-0.7964116246829551,-0.0036036411709940,-0.4907123837410944,-0.3534358418204085,-0.7964116246829551,0.0317572621620078,-0.6465608307184855,0.2188696225335734,0.7301004429615201
-0.9489674987277098,-0.3988893370380917,0.0683753246754776,0.1087480806322577,-0.6374228779526698,0.1302930543762654,0.7515914113417211,-0.9054974893897690,0.4059683248123127,-0.0413886074147755,0.8900090808689802,-0.2951879537639883,0.2443341943258870,-0.8924861838262180,-0.3434731340308492,-0.0280151200844420,0.8969965518231946,-0.2959853091431129,0.2610238878806804,0.2485017382304789,-1.3790783669546935,0.9414996581613633,0.5783578334648758,-2.1951290710101574,0.2384872054775426,-1.4766841438954446,-0.6581440865274836,-0.6423906581658104,-2.1725854201226058,-0.2205132057787285,0.0014672332525276,0.0158340356140474,-0.0013339903335696,0.0004596102900309,0.0092975687609661,0.1080369512081751,0.0067963510398147,0.0350064492479228,0.0005347099397830,0.0022555330312135,0.0072739187867333,0.0017094835407692,-0.0156709029371943,0.0067302540589430,-0.1540024379510478,0.0585763988984764,-0.0045585249890004,0.0020917690881949,-0.0010028392806470,0.4939986749165953,0.2575608557514004,-0.8968870701831581,0.1207234400702142,0.0063837977645650,-0.0022942176351226,0.8115585033336268,0.7526044324476937,-0.0084961956821731,-0.0100715961573083,-0.0134558915205468,-0.0005015964587330,0.0000000000000000,0.0000000000000000,0.1087480806322577,-0.6374228779526698,0.1302930543762654,0.7515914113417211,0.1087480806322577,-0.6374228779526698,0.1302930543762654,0.7515914113417211,0.0806743768590423,-0.9031001151507275,0.1563101847923999,0.3917511366458488,0.1579922170354262,-0.8530480071901696,0.3351593490922964,0.3674449176422775,0.1756122786712856,-0.8495956513511398,0.3274832667114487,0.3743023735018388,0.0175427775050102,-0.6057346130746455,0.3711835305526537,0.7035628018359037,0.0719384376038074,-0.7026149910312071,0.3645679958406198,0.6068337597580529,0.1453624207447557,-0.6529437934481943,0.4474841358199316,0.5935420098208682,0.1453624207447557,-0.6529437934481943,0.4474841358199316,0.5935420098208682,0.2236168880227865,-0.8761770965034243,-0.0117558349043475,0.4268149286277793,0.1474580640822489,-0.8613039152963404,-0.1611833415296502,0.4587282586081298,0.1595582954590222,-0.8591446126921251,-0.1676197177293876,0.4564157261320336,0.2164602977599957,-0.5762633125897324,-0.0818544984415776,0.7838146305993794,0.2020242534103755,-0.6855414969362262,-0.1128779006513171,0.6902735954366002,0.2901401910851712,-0.6944013898605853,-0.0226996527880491,0.6581110127023033,0.2901401910851712,-0.6944013898605853,-0.0226996527880491,0.6581110127023033,0.0292321135642886,-0.6459717903401268,0.2220739094992614,0.7297596236714187,0.1894058187941203,-0.9606069770739309,0.1235759743007829,0.1615198129624549,0.2421138843209936,-0.7995819431868532,0.5465395703487894,0.0578280311916120,0.0143827328960483,-0.8363229607848665,0.5359821767667006,-0.1143684766310454,0.5297196247657487,-0.2800595379023472,0.2358675529785908,-0.7650688020170803,0.5147706302916030,-0.3398845854434568,0.1344222312333196,-0.7755129467116405,0.5147706302916030,-0.3398845854434568,0.1344222312333196,-0.7755129467116405,0.1435868805351669,-0.9692765651340396,0.1753362435080241,0.0956187729090552,0.1048786917194208,-0.9738191348499071,-0.1480410436525143,0.1369693470002557,0.4034019494371553,-0.8936903621498857,-0.1857043305817769,0.0640180083561188,-0.0259199745583677,-0.4947656154562449,-0.4413597208000714,-0.7481555570443763,0.0066081717473311,-0.4998756040234519,-0.3465827363418901,-0.7937009004896718,0.0066081717473311,-0.4998756040234519,-0.3465827363418901,-0.7937009004896718,0.0287578860672057,-0.6459930760988152,0.2226095794479906,0.7295963985377980
-0.9487921693760837,-0.3989064688495594,0.0684231368822020,0.1090160380537592,-0.6365473942268106,0.1301519054683805,0.7523186823767372,-0.9047771422966043,0.4059753864436341,-0.0413266316222669,0.8901562200441417,-0.2951532107898160,0.2440227603860195,-0.8923564509488467,-0.3463704469941172,-0.0265811745696817,0.8969076903767044,-0.2959434974821974,0.2610032820477749,0.2579620182728439,-1.3744136274231127,0.9245033203237032,0.5809051603550112,-2.1949881080177245,0.2384492766132639,-1.4612353652157237,-0.6438863419389006,-0.6425534635915315,-2.1727971657631087,-0.2207804902233981,0.0014569783140232,0.0178923148210259,-0.0015440534976329,0.0005039929515516,0.0102720898894250,0.1234268121378032,0.0063357290467021,0.0365254084662105,0.0001760642927399,0.0038600449708062,0.0074530935723302,0.0017649870968582,-0.0154942491174889,0.0056567312088739,-0.1373234810873682,0.0821991027946109,-0.0043410364933677,0.0020918856652735,-0.0010553693656931,0.4564108796844545,0.2174575830345476,-0.8045498690368510,0.1245664460887999,0.0072613557071580,-0.0018210064882908,0.7391144344669246,0.6804298113163282,-0.0077426164540767,-0.0110437026803342,-0.0132899294818214,-0.0005085380413977,0.0000000000000000,0.0000000000000000,0.1090160380537592,-0.6365473942268106,0.1301519054683805,0.7523186823767372,0.1090160380537592,-0.6365473942268106,0.1301519054683805,0.7523186823767372,0.0809845040449279,-0.9025068608356319,0.1561439496113212,0.3931182306240568,0.1585730072935705,-0.8524991419902390,0.3348802468965819,0.3687208083391351,0.1761566381393072,-0.8490400606424161,0.3271888550692247,0.3755626011496229,0.0181336148365171,-0.6046389561866045,0.3711534454306114,0.7045055178062992,0.0725121158916557,-0.7016593558655871,0.3644526047251797,0.6079395038030000,0.1459738978282519,-0.6520790623155973,0.4471514835648987,0.5945923548012957,0.1459738978282519,-0.6520790623155973,0.4471514835648987,0.5945923548012957,0.2236877932246845,-0.8756371669155034,-0.0120545557233383,0.4278761628845148,0.1466728322624032,-0.8604835021284266,-0.1626465584090060,0.4600014346484476,0.1581664366991380,-0.8584451965390537,-0.1687833330468431,0.4577853310521457,0.2157069322443492,-0.5750742236077870,-0.0835161936048078,0.7847198239686559,0.2010364894859352,-0.6844844283632227,-0.1144061410400485,0.6913585409292126,0.2892952673602852,-0.6935519511117526,-0.0243595748830766,0.6593182467545846,0.2892952673602852,-0.6935519511117526,-0.0243595748830766,0.6593182467545846,0.0265299343161680,-0.6452699003014639,0.2255038979428803,0.7294319093395127,0.1890253479141721,-0.9596076903015838,0.1284234786263368,0.1641033476121010,0.2424218057699610,-0.8011880751480414,0.5435413299731732,0.0623871696649491,0.0131478390177112,-0.8380402478671551,0.5342599093008028,-0.1099182723564229,0.5276942733233229,-0.2849157490509845,0.2359600545763205,-0.7646467305160126,0.5121895930680079,-0.3444676054032626,0.1344705909778104,-0.7751912988047854,0.5121895930680079,-0.3444676054032626,0.1344705909778104,-0.7751912988047854,0.1429972707924704,-0.9675786064260183,0.1807416660357357,0.1033241070187277,0.1028600751692813,-0.9749633928851428,-0.1353598610688559,0.1433314183334638,0.4021709790240610,-0.8955056318587803,-0.1756442726753311,0.0740084888130468,-0.0177823729673969,-0.5043117878739051,-0.4350393024937533,-0.7457172474261436,0.0158614883220603,-0.5083595940343144,-0.3402743741908356,-0.7909059910068410,0.0158614883220603,-0.5083595940343144,-0.3402743741908356,-0.7909059910068410,0.0260595270383234,-0.6452890691003685,0.2260355921557609,0.7292673237084701
-0.9486015650943538,-0.3989256098162593,0.0684764277861466,0.1093020366182137,-0.6355803290510258,0.1299911561485249,0.7531221743101654,-0.9041080036124803,0.4059225159542825,-0.0412335441003282,0.8901941677009813,-0.2951144455548568,0.2437303792927576,-0.8921835622809824,-0.3489691708136493,-0.0247535736560832,0.8968252563793065,-0.2959013098966003,0.2609816922606583,0.2667144484332961,-1.3708858211506088,0.9090566923999437,0.5842655900001129,-2.1948040896707099,0.2384244072374683,-1.4472225534903811,-0.6310920692593258,-0.6427042426888396,-2.1730252063636164,-0.2210444383364606,0.0014464978280386,0.0187579690064289,-0.0015386245484816,0.0005010150365570,0.0097751648737947,0.1308369263456789,0.0083556853313706,0.0098835327646194,-0.0178939413661543,0.0076619249182956,-0.0283435992114129,0.0027268418413127,-0.0104865282492070,0.0168011446748187,-0.1306943799967059,0.0978370195393748,-0.0038998038873661,0.0021276767166236,-0.0010935955608251,0.4200423755832507,0.1402318812798427,-0.7635827850690656,0.2234373653452263,0.0111590948093449,-0.0005525593735284,0.6730015839315651,0.6117048395017800,-0.0070215862904582,-0.0115711697913566,-0.0131180971642203,-0.0005430440125223,0.0000000000000000,0.0000000000000000,0.1093020366182137,-0.6355803290510258,0.1299911561485249,0.7531221743101654,0.1093020366182137,-0.6355803290510258,0.1299911561485249,0.7531221743101654,0.0813131709375731,-0.9018635083522959,0.1559610089863502,0.3945966855037250,0.1591898814069251,-0.8519086772965830,0.3345642383285136,0.3701039821943257,0.1767249141913768,-0.8484445282395396,0.3268604405062961,0.3769249787908280,0.0187675936972293,-0.6034762669799578,0.3711027085467515,0.7055118371282056,0.0731250320591090,-0.7006460571781128,0.3643105441107542,0.6091187566450780,0.1466357312958500,-0.6511581519038920,0.4467886874111933,0.5957104097779581,0.1466357312958500,-0.6511581519038920,0.4467886874111933,0.5957104097779581,0.2237546276490835,-0.8750409046446037,-0.0123838817098701,0.4290500218834283,0.1459341392424552,-0.8596260023933532,-0.1639911013947803,0.4613602515129733,0.1566460174348857,-0.8577386910994531,-0.1697334880483759,0.4592786801580485,0.2147452797167368,-0.5738228312490141,-0.0850405584568867,0.7857352776820494,0.1998630400944575,-0.6833818404411669,-0.1157678580067885,0.6925617867107348,0.2882812711959395,-0.6926356645427489,-0.0258606456930414,0.6606670658398353,0.2882812711959395,-0.6926356645427489,-0.0258606456930414,0.6606670658398353,0.0240940336631457,-0.6444600588301332,0.2286675400065661,0.7292474657219227,0.1887594370631528,-0.9586798118988284,0.1327848999831291,0.1663462158081755,0.2426775329879294,-0.8026329092171804,0.5408134839734196,0.0663988221054478,0.0116589000209772,-0.8395786986132255,0.5326195903985332,-0.1062452389941459,0.5256129951865598,-0.2890291294345536,0.2363680134483195,-0.7644104289240261,0.5096454320690653,-0.3483161096838263,0.1348250998309660,-0.7750868427224342,0.5096454320690653,-0.3483161096838263,0.1348250998309660,-0.7750868427224342,0.1424489751381863,-0.9659317233721847,0.1856732608416456,0.1104972193032603,0.1010333163069550,-0.9757862827917971,-0.1238538829576828,0.1493104650976990,0.4009924898897549,-0.8969506085480559,-0.1665832980920953,0.0832744479059944,-0.0104831973060852,-0.5130403666093146,-0.4292717775004944,-0.7432398171823067,0.0241927153638827,-0.5161317484698393,-0.3345352404686828,-0.7881046273365930,0.0241927153638827,-0.5161317484698393,-0.3345352404686828,-0.7881046273365930,0.0236275723848908,-0.6444773290882282,0.2291953035150071,0.7290817669926777
-0.9484372039493985,-0.3989434332734179,0.0685292301887210,0.1096174157529870,-0.6347168159448439,0.1300116533521745,0.7538007400587439,-0.9046999635104661,0.4049484504828867,-0.0410623605018128,0.8891956858732089,-0.2950671346793275,0.2435782138576149,-0.8914394292907017,-0.3518848075181663,-0.0225213404795481,0.8967699519007313,-0.2958568876848653,0.2609596311333134,0.2742010169054279,-1.3671835332830784,0.8947327782514526,0.5875898061747400,-2.1946863980930118,0.2383952009750065,-1.4343166222801620,-0.6190860300047640,-0.6428198644572339,-2.1732516386478142,-0.2213047221905300,0.0014365947272553,0.0117650464598889,0.0008849920651101,0.0011942061161294,-0.0080783473280584,0.0775946353482909,0.0330558946916630,-0.0356024635368312,-0.0644018648146300,0.0061079357288776,-0.0380607350767101,0.0016181141687688,-0.0077356495890393,0.0757983181237838,-0.1648108947469119,0.1206510719580511,-0.0011966326338367,0.0023805021324541,-0.0010889617670986,0.3295709127645133,0.1895599943665387,-0.7174890816410437,0.1614197517025000,0.0045445570012387,-0.0013631799383035,0.6387952074762188,0.5903517970352461,-0.0058434881627548,-0.0105101444051615,-0.0129215978758313,-0.0005262164296716,0.0000000000000000,0.0000000000000000,0.1096174157529870,-0.6347168159448439,0.1300116533521745,0.7538007400587439,0.1096174157529870,-0.6347168159448439,0.1300116533521745,0.7538007400587439,0.0816824288484502,-0.9015096866914650,0.1559289659873426,0.3953408949058931,0.1595382386314562,-0.8517158349247279,0.3340863573552487,0.3708287917381107,0.1769952987341027,-0.8482599703352620,0.3264006219170318,0.3776113358534420,0.0193911307825674,-0.6033597244081428,0.3707946679885954,0.7057565736146780,0.0736874912954877,-0.7005516725409304,0.3639160004566669,0.6093953169645344,0.1471806622991961,-0.6511476218600571,0.4463342646876486,0.5959281427797298,0.1471806622991961,-0.6511476218600571,0.4463342646876486,0.5959281427797298,0.2238841867618434,-0.8743975430094787,-0.0124700340117676,0.4302897929869127,0.1451879113598591,-0.8587431430768999,-0.1651871035755360,0.4628108743598122,0.1549519286747063,-0.8570351306607099,-0.1704436905287600,0.4609008927874897,0.2135239548242317,-0.5725094219771900,-0.0864214820359753,0.7868747104248992,0.1984540594011376,-0.6822355114912952,-0.1169492973398503,0.6938973663439976,0.2870507505893315,-0.6916525128369589,-0.0271888354733041,0.6621777973460207,0.2870507505893315,-0.6916525128369589,-0.0271888354733041,0.6621777973460207,0.0220533298009982,-0.6437352444322220,0.2315744341302539,0.7290348874901178,0.1886339482302328,-0.9577855305918438,0.1366913963521457,0.1684623789671598,0.2429963315596488,-0.8040117909131613,0.5381474709783650,0.0701079339358558,0.0101302618889402,-0.8410653811690826,0.5309484360781277,-0.1029570814425023,0.5234899698411377,-0.2927611194757067,0.2368076873389356,-0.7643109953521805,0.5071078735820591,-0.3517809165909420,0.1352053761283761,-0.7751201826423459,0.5071078735820591,-0.3517809165909420,0.1352053761283761,-0.7751201826423459,0.1420382539074573,-0.9643681865791929,0.1900670407249506,0.1170198922018823,0.0995492263247305,-0.9763666867318122,-0.1133118365234825,0.1547852456862961,0.4000286786135256,-0.8980544838401215,-0.1582840954066472,0.0917678891697380,-0.0037353275320282,-0.5209379858049005,-0.4240922442716278,-0.7407802849849721,0.0318838096787718,-0.5231487780703459,-0.3293965214770112,-0.7853640622811293,0.0318838096787718,-0.5231487780703459,-0.3293965214770112,-0.7853640622811293,0.0215905920702774,-0.6437509305729811,0.2320984217248341,0.7288682379918315
-0.9483360660112808,-0.3989430895792654,0.0685752828994482,0.1098149821779922,-0.6343070631799829,0.1303313371739527,0.7540616432624603,-0.9052614991775176,0.4037763430004294,-0.0408695439249605,0.8888724920136368,-0.2950418771691566,0.2433809631774257,-0.8895025217635592,-0.3550197251965785,-0.0195143104253310,0.8967857212193606,-0.2958030879732598,0.2609360571677455,0.2798452828727774,-1.3627200094154697,0.8813526290642941,0.5896562370941716,-2.1946644735914838,0.2383575602603285,-1.4219961150663472,-0.6076578760142216,-0.6429360602113262,-2.1734605165355059,-0.2215612604209853,0.0014266841508082,0.0054191128581361,0.0016950229869289,0.0010492861886872,-0.0129850097621019,0.0260926585811589,0.0377366445967926,-0.0177765895295570,-0.0493775829966555,0.0139281882808963,-0.0056906728707802,0.0011698615644376,-0.0116240278478892,0.1050203105371575,-0.1430689101772154,0.1739905729234977,0.0022479113255587,0.0029263171736085,-0.0012604036732321,0.2526613841238633,0.2207024768078877,-0.6358368115088706,0.0954883066905062,0.0013701007294246,-0.0018040973216282,0.5916966179105165,0.5462116144679718,-0.0059133948199457,-0.0106361947270223,-0.0127537811567239,-0.0004906716253328,0.0000000000000000,0.0000000000000000,0.1098149821779922,-0.6343070631799829,0.1303313371739527,0.7540616432624603,0.1098149821779922,-0.6343070631799829,0.1303313371739527,0.7540616432624603,0.0820168185920731,-0.9013940606508922,0.1561695223201439,0.3954403484593202,0.1596628548558838,-0.8517549686478987,0.3337868266753847,0.3709549844669331,0.1770455427042451,-0.8483122241519765,0.3261320241275775,0.3777024609415924,0.0196238998704031,-0.6035046043290642,0.3705699986599938,0.7057442675648369,0.0738799495771322,-0.7006852008604899,0.3636605208205475,0.6093710100932790,0.1473122890682195,-0.6513534596715791,0.4460351955644773,0.5958945916696209,0.1473122890682195,-0.6513534596715791,0.4460351955644773,0.5958945916696209,0.2239484251619458,-0.8737777819747867,-0.0119849252292532,0.4315273481043296,0.1442971074038084,-0.8579550970287607,-0.1659647618860654,0.4642704966820148,0.1528103287071701,-0.8564797762721214,-0.1705672397913830,0.4625994087622810,0.2116480049342292,-0.5712691392740159,-0.0874602873137574,0.7881671083364746,0.1964485886616008,-0.6811809381462198,-0.1176950800267780,0.6953764086137744,0.2852470554727210,-0.6907036124281131,-0.0280735130510729,0.6639085140197165,0.2852470554727210,-0.6907036124281131,-0.0280735130510729,0.6639085140197165,0.0204397106942717,-0.6434182146454217,0.2340398538964334,0.7285743380584911,0.1884854938900883,-0.9569673391610364,0.1400760531416947,0.1704858636611863,0.2432460642184411,-0.8054520383584015,0.5354015341675861,0.0736448461029635,0.0090156040289715,-0.8425839471322286,0.5292277753262363,-0.0994433142162369,0.5215260974914582,-0.2966439608698918,0.2368198302947600,-0.7641526405724927,0.5047070830701457,-0.3554013612834509,0.1351669344402230,-0.7750422778989075,0.5047070830701457,-0.3554013612834509,0.1351669344402230,-0.7750422778989075,0.1416317174801105,-0.9629628770546412,0.1937976196600731,0.1228227854771735,0.0983118980307505,-0.9767803006787058,-0.1037075897766382,0.1596237787246277,0.3992271290252410,-0.8989102352217527,-0.1506797935636243,0.0993664343501377,0.0024957038586332,-0.5279449808545408,-0.4194295911762684,-0.7384759215427791,0.0389594465964031,-0.5293453826362811,-0.3247745012568901,-0.7828136117466847,0.0389594465964031,-0.5293453826362811,-0.3247745012568901,-0.7828136117466847,0.0199804125340280,-0.6434326412498339,0.2345598744450738,0.7284070871357196
-0.9482712631683792,-0.3989437501778406,0.0685973865425701,0.1099784724894486,-0.6341484895160219,0.1306390109297207,0.7541179467807009,-0.9054333239660473,0.4030915391075240,-0.0404357665621249,0.8888440110030920,-0.2950307459038173,0.2431141108707519,-0.8874917377216017,-0.3574819249818057,-0.0156925233862220,0.8968463858714064,-0.2957418313501577,0.2609092905532813,0.2842456135578363,-1.3582395453813618,0.8699379559980401,0.5911646339822162,-2.1946357346763223,0.2383203521967209,-1.4110021186053987,-0.5975353943655595,-0.6430536149200567,-2.1736822710492745,-0.2218146384233664,0.0014171137011320,0.0027403345645210,0.0009668015443306,0.0004465729828782,-0.0070120295799190,0.0064080512692085,0.0311363125366215,-0.0031401877958319,-0.0215060669608787,0.0282469231436528,0.0008212010262112,-0.0001087380681239,-0.0146637940911092,0.0936878257540252,-0.1077371415388938,0.1993625734651527,0.0034048251955731,0.0031298118548020,-0.0013903403785852,0.1957849108332144,0.2170080890908365,-0.5178040521515722,0.0697039301478303,0.0018031320797820,-0.0019122559983287,0.5122969480695544,0.4692720721570816,-0.0058030431286964,-0.0115059192089921,-0.0126002756092808,-0.0004686229507425,0.0000000000000000,0.0000000000000000,0.1099784724894486,-0.6341484895160219,0.1306390109297207,0.7541179467807009,0.1099784724894486,-0.6341484895160219,0.1306390109297207,0.7541179467807009,0.0823034939381120,-0.9013342942450397,0.1563858254600185,0.3954315345272355,0.1598045958514006,-0.8517766412885924,0.3336713798666882,0.3709480485967753,0.1770158472144278,-0.8483668695411575,0.3260932458696248,0.3776271170057940,0.0196214513595714,-0.6036009802121753,0.3705218128712170,0.7056872122407152,0.0738679562922781,-0.7007679733052974,0.3636137238884573,0.6093052046575320,0.1472147061197835,-0.6514994477547202,0.4459138506323164,0.5958499288341157,0.1472147061197835,-0.6514994477547202,0.4459138506323164,0.5958499288341157,0.2239877893927028,-0.8732744411698676,-0.0114476350120482,0.4325392147020393,0.1435679696083172,-0.8573443629215612,-0.1664329934674491,0.4654556264077511,0.1504611190999333,-0.8561615327553721,-0.1701724474010828,0.4641015186515701,0.2093624463720719,-0.5703081362278118,-0.0881168330364859,0.7893994043176632,0.1940948215745282,-0.6803908271595985,-0.1180017391957877,0.6967575705378444,0.2830841603315188,-0.6899597353054863,-0.0284895032132312,0.6655879130762863,0.2830841603315188,-0.6899597353054863,-0.0284895032132312,0.6655879130762863,0.0191717149143672,-0.6433288556514520,0.2359962234849932,0.7280564616389699,0.1882731891562919,-0.9562654587683896,0.1428593803612824,0.1723391309430073,0.2434022458714827,-0.8067467440933015,0.5329278760635302,0.0768304400221044,0.0081134770529662,-0.8439280815311555,0.5277063828089019,-0.0961537219040378,0.5198269695841538,-0.3002365828456472,0.2367468640780979,-0.7639298648196121,0.5026006674635053,-0.3587626535962075,0.1350570343270534,-0.7748816199450262,0.5026006674635053,-0.3587626535962075,0.1350570343270534,-0.7748816199450262,0.1411936886269563,-0.9617597666854315,0.1968285023769095,0.1278320543884110,0.0972355205918523,-0.9770441039946401,-0.0954365077528695,0.1637740680708611,0.3985055011215611,-0.8995592498351671,-0.1441274586543159,0.1058952183702997,0.0078470185159232,-0.5339090364140208,-0.4153875701148505,-0.7364324352783105,0.0450390508272903,-0.5346113732645175,-0.3207617305348224,-0.7805601038364116,0.0450390508272903,-0.5346113732645175,-0.3207617305348224,-0.7805601038364116,0.0187155735871054,-0.6433422871783497,0.2365123746995338,0.7278889513156681
-0.9482285444816345,-0.3989477181351303,0.0686038033112134,0.1101175052082525,-0.6341000775150406,0.1308688274713501,0.7540985192522291,-0.9054282426023841,0.4028906299449662,-0.0397926550675719,0.8888895618577713,-0.2950447434799093,0.2427994967085239,-0.8858489729902109,-0.3593321212577981,-0.0117501400732703,0.8969136459032347,-0.2956792666221699,0.2608807386511720,0.2876114028312310,-1.3541797372076119,0.8608705681830620,0.5924719140941079,-2.1945765022666333,0.2382853369220798,-1.4017423448270205,-0.5891358522934065,-0.6431691514969031,-2.1739217499705177,-0.2220649645161998,0.0014076350575793,0.0012961696129969,0.0003817833520728,0.0000706030309318,-0.0025906073529919,-0.0018900022996116,0.0232872405169294,0.0023574785182672,-0.0038249694546201,0.0320844001446799,0.0033328666850875,-0.0010349803139591,-0.0164314293659471,0.0718970817071033,-0.0814327477436286,0.1914121197661193,0.0032104512073253,0.0031069047536219,-0.0014499101819114,0.1471318577341557,0.1859752607608117,-0.4026856897462666,0.0657726756890765,0.0035272212663924,-0.0017490410945920,0.4217868500552068,0.3787065834586038,-0.0056849999299964,-0.0123628848017019,-0.0124477836134362,-0.0004704445829133,0.0000000000000000,0.0000000000000000,0.1101175052082525,-0.6341000775150406,0.1308688274713501,0.7540985192522291,0.1101175052082525,-0.6341000775150406,0.1308688274713501,0.7540985192522291,0.0825308571661353,-0.9012994832432807,0.1565316168528857,0.3954058067937801,0.1599783900998211,-0.8517527754895431,0.3337066301634467,0.3708962242081828,0.1769195807932945,-0.8483957436155579,0.3262494844500218,0.3774723805035607,0.0194598536101179,-0.6036792787216843,0.3706218804515633,0.7055721538369322,0.0737250304229415,-0.7008322093204250,0.3637360087496376,0.6091756316589432,0.1469644588742856,-0.6516177492754885,0.4459416761317683,0.5957615111315303,0.1469644588742856,-0.6516177492754885,0.4459416761317683,0.5957615111315303,0.2240218542581212,-0.8729035257490860,-0.0110185905643558,0.4332807798778336,0.1430261270338401,-0.8568973161097700,-0.1667601998292249,0.4663277306599839,0.1482218155964023,-0.8560138881768995,-0.1695860827721097,0.4653075081702257,0.2070933169770096,-0.5696255056846273,-0.0885522679107800,0.7904414191986973,0.1917899981189233,-0.6798473245518716,-0.1180920941901961,0.6979100724384054,0.2809393636545497,-0.6894321975996084,-0.0286595939178905,0.6670344417935355,0.2809393636545497,-0.6894321975996084,-0.0286595939178905,0.6670344417935355,0.0182022635587322,-0.6433330792514935,0.2374812013746586,0.7275946026021493,0.1880286460630218,-0.9556858883382471,0.1450503533241790,0.1739830626566099,0.2435068099903362,-0.8077738711524700,0.5309204227110560,0.0795569690221873,0.0073454517571749,-0.8449920939129120,0.5265150544926231,-0.0933611426439625,0.5184641134327597,-0.3032643900901736,0.2367402695924377,-0.7636620440606682,0.5008928906397824,-0.3616045834908153,0.1350295024779810,-0.7746712017143186,0.5008928906397824,-0.3616045834908153,0.1350295024779810,-0.7746712017143186,0.1407652916120431,-0.9607715225599480,0.1991936793572476,0.1320041371296310,0.0963145938945125,-0.9771865262686898,-0.0886934796756213,0.1672227811779756,0.3978619760045135,-0.9000306733608682,-0.1388072501891854,0.1112797481767634,0.0121556372338820,-0.5387749678077085,-0.4120525882704858,-0.7347015986418125,0.0499524738502430,-0.5389116481261915,-0.3174385653867356,-0.7786602231239018,0.0499524738502430,-0.5389116481261915,-0.3174385653867356,-0.7786602231239018,0.0177491673312425,-0.6433457393322175,0.2379935785625045,0.7274271670106525
-0.9482017082011635,-0.3989536248392864,0.0686024230008199,0.1102284490884634,-0.6341026657998946,0.1310297091260994,0.7540521955165636,-0.9053530711077977,0.4028537503692862,-0.0392585547142872,0.8889698545853811,-0.2950664014525432,0.2424661635267604,-0.8846591456165610,-0.3607427251901771,-0.0082017859768730,0.8969691059141872,-0.2956184975053827,0.2608515376964952,0.2900318065502948,-1.3506586779834482,0.8541452724579127,0.5934162011021223,-2.1944985593999582,0.2382496737043756,-1.3943132974108172,-0.5825292396668666,-0.6432810790308353,-2.1741767590804644,-0.2223122363890006,0.0013982278490174,0.0004424364184912,-0.0000050020380815,-0.0001056083845941,-0.0000813413086803,-0.0053519806343602,0.0167129104371960,0.0049492657967299,-0.0010487793275422,0.0210202655805917,0.0043949095689811,-0.0010625799466186,-0.0167044321858680,0.0500054669484586,-0.0623317895689744,0.1639979621808674,0.0024612390094003,0.0029869058207317,-0.0014634829860323,0.1017284166098076,0.1581667167111949,-0.2904627339061902,0.0443934881142828,0.0046876740466903,-0.0017002623301746,0.3314542034928549,0.2903974772040025,-0.0055725777945243,-0.0130527980378566,-0.0122947134801880,-0.0004752354666041,0.0000000000000000,0.0000000000000000,0.1102284490884634,-0.6341026657998946,0.1310297091260994,0.7540521955165636,0.1102284490884634,-0.6341026657998946,0.1310297091260994,0.7540521955165636,0.0827011741085283,-0.9012806858730809,0.1566233874832538,0.3953767261315352,0.1601315764670646,-0.8517230774669149,0.3337747137589488,0.3708370504461397,0.1768361962118402,-0.8484122124185077,0.3264236854608976,0.3773238066947088,0.0192951811338860,-0.6037304551452241,0.3707440609174448,0.7054686915870850,0.0735840358826097,-0.7008742010128260,0.3638802720453175,0.6090582005310214,0.1467111629148234,-0.6517161764241026,0.4459815281110748,0.5956864415504513,0.1467111629148234,-0.6517161764241026,0.4459815281110748,0.5956864415504513,0.2240561012560139,-0.8726518708846488,-0.0107112982942003,0.4337774127595057,0.1426329091969657,-0.8565838224249767,-0.1670334542223235,0.4669259401065503,0.1462848375206630,-0.8559677201493798,-0.1690233172938374,0.4662093162784434,0.2051064015209226,-0.5691703695935932,-0.0888791287794728,0.7912502479615620,0.1897802126518987,-0.6794949815865059,-0.1181169181923577,0.6987978495396898,0.2790523807643787,-0.6890856577136033,-0.0287400886901360,0.6681801646451555,0.2790523807643787,-0.6890856577136033,-0.0287400886901360,0.6681801646451555,0.0175038842305976,-0.6433740092666338,0.2385470914214962,0.7272267757799931,0.1877838957862663,-0.9552247689578475,0.1466873370913147,0.1754014663274500,0.2435940416528589,-0.8085157385945992,0.5294089482983299,0.0817949190213681,0.0067847991548876,-0.8457687130032863,0.5256746588090520,-0.0910791067763645,0.5174901356914857,-0.3057047838738619,0.2367433364557995,-0.7633486341262558,0.4996383256877633,-0.3639088526228077,0.1350291690479565,-0.7744023592376896,0.4996383256877633,-0.3639088526228077,0.1350291690479565,-0.7744023592376896,0.1403837392142016,-0.9599970918892835,0.2009450394647717,0.1353479975576288,0.0955545782589647,-0.9772433857541637,-0.0834786818362563,0.1699882268051887,0.3973122643598156,-0.9003574137149700,-0.1347248931051532,0.1155365541098243,0.0154222088191025,-0.5425741543059258,-0.4094400379609305,-0.7333036873416784,0.0537027440590679,-0.5422780496115108,-0.3148172829183319,-0.7771361596052404,0.0537027440590679,-0.5422780496115108,-0.3148172829183319,-0.7771361596052404,0.0170537825012006,-0.6433860973516466,0.2390557929737238,0.7270597128728314
-0.9481874346059038,-0.3989608903216246,0.0685961291644116,0.1103126977231554,-0.6341409831755895,0.1311330609193707,0.7539896832928508,-0.9052059094644347,0.4028408255463558,-0.0389264309938724,0.8890568488746829,-0.2950885888261896,0.2421342038438755,-0.8838683957779658,-0.3618148630105203,-0.0053106498199081,0.8970099983672883,-0.2955601974487420,0.2608224020717940,0.2916274015620867,-1.3479694096608275,0.8493257663377977,0.5943283605721175,-2.1943913294330430,0.2382171442278130,-1.3886135818219780,-0.5776385472666831,-0.6433921761013904,-2.1744441629938214,-0.2225564493562392,0.0013886508684724,-0.0001646450970868,-0.0002924766172908,-0.0002002275344499,0.0015733880815267,-0.0074537100125865,0.0113195479250753,0.0086470072925602,-0.0004270830884764,0.0140872492838773,0.0041267505200460,-0.0012183748612094,-0.0164794528453954,0.0310229906649191,-0.0469227729802849,0.1280033590746426,0.0016051616522366,0.0028416511533619,-0.0014475291314618,0.0607949056908335,0.1276438213732054,-0.1929212694160959,0.0271613262499224,0.0053020870241766,-0.0017755330920583,0.2474607034474826,0.2096482406334567,-0.0054798019471892,-0.0136253205426049,-0.0121422508141412,-0.0004743863297130,0.0000000000000000,0.0000000000000000,0.1103126977231554,-0.6341409831755895,0.1311330609193707,0.7539896832928508,0.1103126977231554,-0.6341409831755895,0.1311330609193707,0.7539896832928508,0.0828219888567263,-0.9012700879676661,0.1566721001551840,0.3953562946628472,0.1602432341342056,-0.8517053127533057,0.3338142876811510,0.3707939960165616,0.1768007131020106,-0.8484228554822276,0.3265293606085268,0.3772250559050802,0.0192014773726271,-0.6037516538863736,0.3708250514184570,0.7054105364514172,0.0735072365476460,-0.7008932819153665,0.3639733529640889,0.6089898947216729,0.1465276673776441,-0.6517979898496573,0.4459679077354789,0.5956522881605109,0.1465276673776441,-0.6517979898496573,0.4459679077354789,0.5956522881605109,0.2240898770445244,-0.8725016927998026,-0.0105095671748966,0.4340668981452576,0.1423565415461104,-0.8563801349497722,-0.1672803616810254,0.4672953671269447,0.1447395740954303,-0.8559805933245407,-0.1685803484539583,0.4668279615207113,0.2035237834551439,-0.5688968586296941,-0.0891456547583125,0.7918254138679064,0.1881790605937732,-0.6792886707809526,-0.1181419457611461,0.6994269250997290,0.2775368876312855,-0.6888839342898029,-0.0288017825313894,0.6690161869524206,0.2775368876312855,-0.6888839342898029,-0.0288017825313894,0.6690161869524206,0.0170420506170036,-0.6434386111608714,0.2392501319226121,0.7269495832264775,0.1875796113352581,-0.9548952407454466,0.1478078987988938,0.1764703761702385,0.2436426623613893,-0.8090784637621183,0.5282652129583957,0.0834635089833039,0.0062619299529122,-0.8463520703434220,0.5250244370691053,-0.0894332250281615,0.5166891133501952,-0.3075023891324479,0.2368426487105076,-0.7631383888751875,0.4986330552913741,-0.3655974496347868,0.1351261282523850,-0.7742380192517344,0.4986330552913741,-0.3655974496347868,0.1351261282523850,-0.7742380192517344,0.1400632527779104,-0.9594248028221721,0.2021543362759677,0.1379128611686761,0.0949454449692212,-0.9772472671917061,-0.0796875568196380,0.1721134350771489,0.3968603936665317,-0.9005738360842375,-0.1317945582888342,0.1187383177614446,0.0177228753506682,-0.5453882953817600,-0.4075091960616520,-0.7322388695467272,0.0563742483012370,-0.5447830462798280,-0.3128558784276663,-0.7759861957198690,0.0563742483012370,-0.5447830462798280,-0.3128558784276663,-0.7759861957198690,0.0165949855078959,-0.6434502966646735,0.2397551585733460,0.7267831768248398
