base_x,base_y,base_z,base_qx,base_qy,base_qz,base_qw,J00_HIP_PITCH_L,J01_HIP_ROLL_L,J02_HIP_YAW_L,J03_KNEE_PITCH_L,J04_ANKLE_PITCH_L,J05_ANKLE_ROLL_L,J06_HIP_PITCH_R,J07_HIP_ROLL_R,J08_HIP_YAW_R,J09_KNEE_PITCH_R,J10_ANKLE_PITCH_R,J11_ANKLE_ROLL_R,J12_WAIST_YAW,J13_SHOULDER_PITCH_L,J14_SHOULDER_ROLL_L,J15_SHOULDER_YAW_L,J16_ELBOW_PITCH_L,J17_ELBOW_YAW_L,J18_SHOULDER_PITCH_R,J19_SHOULDER_ROLL_R,J20_SHOULDER_YAW_R,J21_ELBOW_PITCH_R,J22_ELBOW_YAW_R,J23_HEAD_YAW,base_vx,base_vy,base_vz,base_wx,base_wy,base_wz,dJ00_HIP_PITCH_L,dJ01_HIP_ROLL_L,dJ02_HIP_YAW_L,dJ03_KNEE_PITCH_L,dJ04_ANKLE_PITCH_L,dJ05_ANKLE_ROLL_L,dJ06_HIP_PITCH_R,dJ07_HIP_ROLL_R,dJ08_HIP_YAW_R,dJ09_KNEE_PITCH_R,dJ10_ANKLE_PITCH_R,dJ11_ANKLE_ROLL_R,dJ12_WAIST_YAW,dJ13_SHOULDER_PITCH_L,dJ14_SHOULDER_ROLL_L,dJ15_SHOULDER_YAW_L,dJ16_ELBOW_PITCH_L,dJ17_ELBOW_YAW_L,dJ18_SHOULDER_PITCH_R,dJ19_SHOULDER_ROLL_R,dJ20_SHOULDER_YAW_R,dJ21_ELBOW_PITCH_R,dJ22_ELBOW_YAW_R,dJ23_HEAD_YAW,left_foot_contact,right_foot_contact,base_quat_x,base_quat_y,base_quat_z,base_quat_w,LINK_BASE_qx,LINK_BASE_qy,LINK_BASE_qz,LINK_BASE_qw,LINK_HIP_PITCH_L_qx,LINK_HIP_PITCH_L_qy,LINK_HIP_PITCH_L_qz,LINK_HIP_PITCH_L_qw,LINK_HIP_ROLL_L_qx,LINK_HIP_ROLL_L_qy,LINK_HIP_ROLL_L_qz,LINK_HIP_ROLL_L_qw,LINK_HIP_YAW_L_qx,LINK_HIP_YAW_L_qy,LINK_HIP_YAW_L_qz,LINK_HIP_YAW_L_qw,LINK_KNEE_PITCH_L_qx,LINK_KNEE_PITCH_L_qy,LINK_KNEE_PITCH_L_qz,LINK_KNEE_PITCH_L_qw,LINK_ANKLE_PITCH_L_qx,LINK_ANKLE_PITCH_L_qy,LINK_ANKLE_PITCH_L_qz,LINK_ANKLE_PITCH_L_qw,LINK_ANKLE_ROLL_L_qx,LINK_ANKLE_ROLL_L_qy,LINK_ANKLE_ROLL_L_qz,LINK_ANKLE_ROLL_L_qw,LINK_FOOT_L_qx,LINK_FOOT_L_qy,LINK_FOOT_L_qz,LINK_FOOT_L_qw,LINK_HIP_PITCH_R_qx,LINK_HIP_PITCH_R_qy,LINK_HIP_PITCH_R_qz,LINK_HIP_PITCH_R_qw,LINK_HIP_ROLL_R_qx,LINK_HIP_ROLL_R_qy,LINK_HIP_ROLL_R_qz,LINK_HIP_ROLL_R_qw,LINK_HIP_YAW_R_qx,LINK_HIP_YAW_R_qy,LINK_HIP_YAW_R_qz,LINK_HIP_YAW_R_qw,LINK_KNEE_PITCH_R_qx,LINK_KNEE_PITCH_R_qy,LINK_KNEE_PITCH_R_qz,LINK_KNEE_PITCH_R_qw,LINK_ANKLE_PITCH_R_qx,LINK_ANKLE_PITCH_R_qy,LINK_ANKLE_PITCH_R_qz,LINK_ANKLE_PITCH_R_qw,LINK_ANKLE_ROLL_R_qx,LINK_ANKLE_ROLL_R_qy,LINK_ANKLE_ROLL_R_qz,LINK_ANKLE_ROLL_R_qw,LINK_FOOT_R_qx,LINK_FOOT_R_qy,LINK_FOOT_R_qz,LINK_FOOT_R_qw,LINK_TORSO_YAW_qx,LINK_TORSO_YAW_qy,LINK_TORSO_YAW_qz,LINK_TORSO_YAW_qw,LINK_SHOULDER_PITCH_L_qx,LINK_SHOULDER_PITCH_L_qy,LINK_SHOULDER_PITCH_L_qz,LINK_SHOULDER_PITCH_L_qw,LINK_SHOULDER_ROLL_L_qx,LINK_SHOULDER_ROLL_L_qy,LINK_SHOULDER_ROLL_L_qz,LINK_SHOULDER_ROLL_L_qw,LINK_SHOULDER_YAW_L_qx,LINK_SHOULDER_YAW_L_qy,LINK_SHOULDER_YAW_L_qz,LINK_SHOULDER_YAW_L_qw,LINK_ELBOW_PITCH_L_qx,LINK_ELBOW_PITCH_L_qy,LINK_ELBOW_PITCH_L_qz,LINK_ELBOW_PITCH_L_qw,LINK_ELBOW_YAW_L_qx,LINK_ELBOW_YAW_L_qy,LINK_ELBOW_YAW_L_qz,LINK_ELBOW_YAW_L_qw,LINK_ELBOW_END_L_qx,LINK_ELBOW_END_L_qy,LINK_ELBOW_END_L_qz,LINK_ELBOW_END_L_qw,LINK_SHOULDER_PITCH_R_qx,LINK_SHOULDER_PITCH_R_qy,LINK_SHOULDER_PITCH_R_qz,LINK_SHOULDER_PITCH_R_qw,LINK_SHOULDER_ROLL_R_qx,LINK_SHOULDER_ROLL_R_qy,LINK_SHOULDER_ROLL_R_qz,LINK_SHOULDER_ROLL_R_qw,LINK_SHOULDER_YAW_R_qx,LINK_SHOULDER_YAW_R_qy,LINK_SHOULDER_YAW_R_qz,LINK_SHOULDER_YAW_R_qw,LINK_ELBOW_PITCH_R_qx,LINK_ELBOW_PITCH_R_qy,LINK_ELBOW_PITCH_R_qz,LINK_ELBOW_PITCH_R_qw,LINK_ELBOW_YAW_R_qx,LINK_ELBOW_YAW_R_qy,LINK_ELBOW_YAW_R_qz,LINK_ELBOW_YAW_R_qw,LINK_ELBOW_END_R_qx,LINK_ELBOW_END_R_qy,LINK_ELBOW_END_R_qz,LINK_ELBOW_END_R_qw,LINK_HEAD_YAW_qx,LINK_HEAD_YAW_qy,LINK_HEAD_YAW_qz,LINK_HEAD_YAW_qw
0.5115030000000000,-1.1391050000000000,0.5731960000000000,0.0840030020069157,-0.2483450059332106,0.1060280025331150,0.9591800229157702,-0.6214640000000000,0.2880880000000000,-0.0730470000000000,-0.2549090000000000,-0.7706769999999999,0.2757480000000000,-0.8269020000000000,0.3262100000000000,0.0603150000000000,0.9494220000000000,-0.6520940000000000,0.1323440000000000,-0.0413370000000000,-0.0239640000000000,0.3352270000000000,0.0013990000000000,0.0822990000000000,-0.0198790000000000,0.0143930000000000,-0.0166300000000000,0.0155950000000000,-0.3566240000000000,-0.0398580000000000,-0.0000350000000000,-1.7832732103917786,-2.1626173466156056,-1.6852539453683986,-2.5422539875615384,-3.5606267259141551,-0.1472083692705610,-5.6951470000000004,2.6134610000000000,2.5542300000000000,-4.6511920000000000,2.8842669999999999,-0.8213190000000000,-1.5156240000000001,0.9541420000000000,-4.2632060000000003,2.0377800000000001,0.2686770000000000,-0.2245030000000000,-2.6512389999999999,3.0325739999999999,1.6207410000000000,-0.5120560000000000,-1.1683840000000001,0.1610760000000000,-1.2412859999999999,0.0925150000000000,0.6737150000000000,-1.5398190000000000,-0.4154630000000000,-0.0003220000000000,0.0000000000000000,0.0000000000000000,0.0840030020069157,-0.2483450059332106,0.1060280025331150,0.9591800229157702,0.0840030020069157,-0.2483450059332106,0.1060280025331150,0.9591800229157702,0.0916412509638083,-0.5263810110740297,0.1520461619455302,0.8315087954676752,0.2100522674346237,-0.4991039140865393,0.2260316064739190,0.8097425768501303,0.2281371509715557,-0.4911009188115125,0.1963128058025399,0.8174561824140814,0.2512399167746143,-0.5910240483910904,0.1657220009370181,0.7484018284637750,0.2951072069953224,-0.8289889134662521,0.0591355540677864,0.4713725744828164,0.3570910816869263,-0.8129947137865083,0.1725086309726406,0.4263406231815112,0.3570910816869263,-0.8129947137865083,0.1725086309726406,0.4263406231815112,0.1438968891381222,-0.5909246452208444,-0.0352474656208888,0.7930065353666983,0.2707576682559261,-0.5888053813407492,0.0611763276623526,0.7591152514068845,0.2528803471132862,-0.5967017865392017,0.0840380588545344,0.7569254340083643,0.1865058306539462,-0.1847448460536879,0.1903324471136119,0.9459695960042399,0.2376435723603036,-0.4780065476987376,0.1205669847346589,0.8369581083094662,0.2924662559881923,-0.4689880604380364,0.1519106863174599,0.8194124917630777,0.2924662559881923,-0.4689880604380364,0.1519106863174599,0.8194124917630777,0.0891176134652907,-0.2465558705210471,0.0861819556024048,0.9611664393903924,0.0903272802861150,-0.2579648205697449,0.0843869694630907,0.9582139495798255,0.2489200221392618,-0.2402713688525701,0.1262405583655963,0.9297159852941350,0.2487577690170576,-0.2404859287655390,0.1268786447941920,0.9296170716561856,0.2428208618494306,-0.2027439724804018,0.1394130680432207,0.9383479669783177,0.2466904550528075,-0.1995064170709955,0.1308979022609560,0.9392586162058955,0.2466904550528075,-0.1995064170709955,0.1308979022609560,0.9392586162058955,0.0886077377328673,-0.2396058910669012,0.0863854655471257,0.9629513160706028,0.0805978266875184,-0.2403158949008093,0.0843901792259058,0.9636547922578350,0.0786839119665099,-0.2404639929530766,0.0919262696959639,0.9630864296782994,0.0905655174602013,-0.4080556118317850,0.0871499771305002,0.9042640024826304,0.1024513671778585,-0.4069580544123663,0.0712036045251516,0.9048861287559417,0.1024513671778585,-0.4069580544123663,0.0712036045251516,0.9048861287559417,0.0891219281793784,-0.2465543109250577,0.0861651351765197,0.9611679474274367
0.4793003586085172,-1.1757388329771805,0.5400735323347501,0.0639736631993941,-0.2815610722630476,0.1083927092106918,0.9512527285600291,-0.7143905015324795,0.3207653874906360,-0.0375167081577391,-0.3013107668310802,-0.7227979040412368,0.2660975364416395,-0.8317566952182691,0.3343250120751174,-0.0063229810763587,0.9654548917345945,-0.6494611561051190,0.1307445062288391,-0.0597469768304470,-0.0056205107077630,0.3777375930248395,0.0550503330030801,0.0127520512358101,0.0150055656047379,-0.0053594702060003,-0.0357312359804164,-0.0298410023139158,-0.4392601521457898,-0.0742143758779678,-0.0000993369983731,-1.8056811096592209,-1.9847851261192020,-1.6335465281248525,-1.1497370923085661,-4.3040690566688040,-0.6792948058857283,-4.0481881595049485,0.9101049728235795,1.2618605677398278,-0.3512749252647936,2.0238044034538634,-0.2569994277984209,0.3637598600772093,-0.0893995569311702,-2.7296317551433855,0.3158597189663804,0.1252466955095430,-0.0215854748483490,0.2332644202123922,-0.8382676944893849,2.4475694971782893,4.4580295755751518,-5.1100470167027865,2.6196310713351965,-1.1727743900954031,-1.8256619657165767,-3.9921864939586973,-5.7115683073831249,-2.4288938050043081,-0.0037275036152135,0.0000000000000000,0.0000000000000000,0.0639736631993941,-0.2815610722630476,0.1083927092106918,0.9512527285600291,0.0639736631993941,-0.2815610722630476,0.1083927092106918,0.9512527285600291,0.0710328699305846,-0.5876949772622830,0.1654817716879858,0.7887868712961158,0.1953889369484776,-0.5539597236933567,0.2567065008640995,0.7674982477229731,0.2064394331685653,-0.5499372442282098,0.2412906042013315,0.7724834187009327,0.2402425198668022,-0.6594077795059120,0.2076581972638001,0.6814271678501532,0.2983686262872663,-0.8585696230270481,0.1086947932987216,0.4025168408556229,0.3492205180144239,-0.8365055721070090,0.2218440522281019,0.3592891233013861,0.3492205180144239,-0.8365055721070090,0.2218440522281019,0.3592891233013861,0.1303085563412496,-0.6223362628406227,-0.0253933263446446,0.7714093822834810,0.2569092416766205,-0.6178794754825863,0.0785633428937584,0.7389522288158188,0.2571760543896267,-0.6177684693556931,0.0782442125673093,0.7389860881763811,0.1915279828174526,-0.2044398118342929,0.1886231999240075,0.9412452834333169,0.2417137205796783,-0.4941662311251653,0.1176271951345594,0.8267636036158437,0.2952237981934880,-0.4854233800776329,0.1496681766230885,0.8092011418433227,0.2952237981934880,-0.4854233800776329,0.1496681766230885,0.8092011418433227,0.0724202810651486,-0.2795077277778049,0.0797087839657664,0.9540845050422068,0.0726116240836975,-0.2813759460712865,0.0794479617911901,0.9535424219129647,0.2480862635543721,-0.2617756288656363,0.1302225855690424,0.9235631024328252,0.2421829381550170,-0.2687546514041907,0.1510885927352293,0.9199405409919185,0.2402699394648551,-0.2583615192773493,0.1545267987510311,0.9228440550894900,0.2381161912244938,-0.2599431317446944,0.1585736648821895,0.9222714570783010,0.2381161912244938,-0.2599431317446944,0.1585736648821895,0.9222714570783010,0.0725136318503618,-0.2809491932382832,0.0796900528701970,0.9536555035693831,0.0572083674600496,-0.2821912228163483,0.0751735822820160,0.9546958934576284,0.0603342620867704,-0.2822055240908489,0.0647174158267659,0.9552651333947869,0.0683565712207183,-0.4790077569141738,0.0630294599581439,0.8728724048590285,0.0911386702696733,-0.4778139235366405,0.0369141450479578,0.8729404006868831,0.0911386702696733,-0.4778139235366405,0.0369141450479578,0.8729404006868831,0.0724331218520038,-0.2795044004230333,0.0796649522896452,0.9540881659362631
0.4424288621370783,-1.2124853194323351,0.4994229184325344,0.0519041287574534,-0.3234758098314142,0.1059787661473751,0.9388492227177485,-0.8070708782273238,0.3254082165757757,-0.0230208858851668,-0.2234647550619260,-0.6849396916572310,0.2633798457455942,-0.8240366876351953,0.3125124366955265,-0.0618866608200168,0.9693759728674034,-0.6361709826835300,0.1306693809070355,-0.0327479964295752,-0.0724929064238107,0.4286742807429858,0.1655995486264577,-0.1235723883423096,0.0791361309020870,-0.0459901223018287,-0.0944192771443509,-0.1349935227737768,-0.5785697298524909,-0.1322831370434021,-0.0001684973012858,-1.9370133707339614,-1.8065258009161937,-1.8164930577300331,-0.0576244464603677,-4.5026544284689889,-0.7263781670181955,-5.3553925267173428,-0.1185257228631112,0.4116191821619096,7.7751495363844043,2.0126466417794755,-0.0726225955838924,0.2659353426386436,-2.0370697252542853,-3.0853065504661985,0.1631222061749350,1.3477791331097473,0.0036566669137326,2.2670551484311252,-5.5138601588737091,2.4622228742979333,6.1392872981112587,-8.1556109264157115,3.5955828064389057,-2.9327511683970511,-3.8800047567532805,-6.1266832220836855,-7.8277989604659304,-3.2196148819465500,-0.0029819782683412,0.0000000000000000,0.0000000000000000,0.0519041287574534,-0.3234758098314142,0.1059787661473751,0.9388492227177485,0.0519041287574534,-0.3234758098314142,0.1059787661473751,0.9388492227177485,0.0550733846084714,-0.6550052260372884,0.1724662833843771,0.7336146517533493,0.1732669442054829,-0.6183844002462493,0.2763642498093163,0.7149839865375410,0.1806268732446367,-0.6162748032201911,0.2678207278696165,0.7182279285165467,0.2112690073893890,-0.6975086810685858,0.2443755636954062,0.6396308546491616,0.2813850046347598,-0.8725397791388094,0.1586710080053739,0.3664973727131651,0.3270969382448413,-0.8441300357847704,0.2719313105308874,0.3263517090958877,0.3270969382448413,-0.8441300357847704,0.2719313105308874,0.3263517090958877,0.1221215600863561,-0.6543693728436657,-0.0203585659434487,0.7459708957050459,0.2381844435697295,-0.6493974701843197,0.0830462102765181,0.7173941897717686,0.2561806160463050,-0.6425110080010705,0.0630313879716874,0.7194290379807773,0.1973340330233339,-0.2334542648378035,0.1751020939859016,0.9358940337033563,0.2423386595587811,-0.5155420866821592,0.1042757785430295,0.8152391630386162,0.2950442135343655,-0.5076346746568851,0.1377102691063679,0.7976790275095227,0.2950442135343655,-0.5076346746568851,0.1377102691063679,0.7976790275095227,0.0579246915816461,-0.3224521177373948,0.0884602285565269,0.9406615490364042,0.0612323050348129,-0.3510354732509020,0.0848271423187006,0.9304993590893449,0.2555407930306314,-0.3253471648753921,0.1567506614403469,0.8968151178157256,0.2306765473535929,-0.3482371696399392,0.2236085774763008,0.8806352299682397,0.2433514443739137,-0.3941055331043877,0.2079305858682145,0.8615252606616576,0.2231866970161766,-0.4059059821951854,0.2344102123094648,0.8546811594145519,0.2231866970161766,-0.4059059821951854,0.2344102123094648,0.8546811594145519,0.0592779556654074,-0.3412935320437979,0.0884675928690381,0.9339048848620276,0.0187692227123195,-0.3448052692220626,0.0736010619466439,0.9355960272873128,0.0401230464658412,-0.3466103144713865,0.0161218868620485,0.9370120147620058,0.0362593375818317,-0.5934296422911818,0.0204446730352186,0.8038087679496718,0.0834943469030120,-0.5928859578121242,-0.0209869643434999,0.8006712698680299,0.0834943469030120,-0.5928859578121242,-0.0209869643434999,0.8006712698680299,0.0579508960009507,-0.3224474093256861,0.0883837838305825,0.9406687347986161
0.4049969717249622,-1.2450961414130917,0.4522549712471362,0.0509606841822323,-0.3665212638848631,0.0965798630882038,0.9239791674241283,-0.9161583182135765,0.3278021956033118,-0.0135759606328857,-0.0049203619464337,-0.6316156772972520,0.2625846599935778,-0.8221939293381566,0.2509183959861970,-0.1299598352519308,0.9728089972560066,-0.5879648880015780,0.1307864890982827,0.0340474478197369,-0.2343665657210524,0.4672850118584455,0.2905484608046505,-0.3121455034307924,0.1558887263511680,-0.1370107345553354,-0.1952238444253486,-0.2706808249522012,-0.7464944960567491,-0.2004252526177243,-0.0001923775461961,-1.9331836914284766,-1.6867659648303708,-2.0465900500199226,1.5137241104283743,-4.4650259829413237,-1.2225123471823116,-4.9228357907431954,0.5219042042550530,0.6094310391176297,12.1172817817981677,3.2835415331674764,-0.0227694581230752,-0.0280971282714132,-3.7312240901056239,-3.3861144061154271,0.1575466599843280,3.1917423208210871,0.0064649213071830,4.0790128688655605,-10.0269395711176639,1.4018795131684543,6.0438884420429630,-10.2028842062724170,3.9086357036100199,-6.1273833220254881,-5.8969185585317820,-7.0914141930481458,-8.6102370388920058,-3.4478286702205034,0.0007591722078652,0.0000000000000000,0.0000000000000000,0.0509606841822323,-0.3665212638848631,0.0965798630882038,0.9239791674241283,0.0509606841822323,-0.3665212638848631,0.0965798630882038,0.9239791674241283,0.0451282489009744,-0.7260419948550856,0.1699796443436445,0.6647807032148180,0.1526560789653401,-0.6887257435231482,0.2858092160739935,0.6485877456216577,0.1577466433549382,-0.6875776499762303,0.2810035695305865,0.6506842288502801,0.1618260568707658,-0.6969895844850136,0.2786742487140513,0.6405923114904886,0.2410784235841655,-0.8627624710181317,0.2138415377349661,0.3896073780410303,0.2900172956280931,-0.8273345743182137,0.3249689012749802,0.3546867400656527,0.2900172956280931,-0.8273345743182137,0.3249689012749802,0.3546867400656527,0.1218987622791119,-0.6873491792827859,-0.0266944142683751,0.7155272222221667,0.2130652616869856,-0.6850602445870715,0.0620801683321879,0.6938600062320970,0.2548300171049236,-0.6706459623629640,0.0192519868623452,0.6963655767988611,0.2162967464437361,-0.2674939542683740,0.1361054521086415,0.9290522094123805,0.2466702958344837,-0.5278136307589338,0.0668037556487046,0.8100023423232975,0.2990688852365968,-0.5223207467963588,0.1011484456123479,0.7921539189448219,0.2990688852365968,-0.5223207467963588,0.1011484456123479,0.7921539189448219,0.0462120352647721,-0.3671502090545042,0.1085320807736081,0.9226515914639027,0.0599973461436582,-0.4632181368455132,0.0967807559053317,0.8788986070301181,0.2606726541253187,-0.4285072632689985,0.2007961213319352,0.8414940346639577,0.2005490043264574,-0.4677999353225183,0.3131338658697935,0.8018045269399223,0.2477969734961478,-0.5774393704567389,0.2732109476480819,0.7283654381269830,0.1951662846948752,-0.6013994794412169,0.3146660026760151,0.7079647549180190,0.1951662846948752,-0.6013994794412169,0.3146660026760151,0.7079647549180190,0.0514373232199273,-0.4240193665314977,0.1090574032717744,0.8975902524971034,-0.0309859919444984,-0.4322254502702708,0.0697646080818683,0.8985287574146198,0.0250003144029465,-0.4398468597570191,-0.0452525090586496,0.8965834789162356,-0.0034689095358814,-0.7305429108549257,-0.0315264026161156,0.6821298322198864,0.0793086610292452,-0.7321862633815688,-0.0804338402493856,0.6716723973365442,0.0793086610292452,-0.7321862633815688,-0.0804338402493856,0.6716723973365442,0.0462476295059315,-0.3671457271672391,0.1084426310876813,0.9226621090901601
0.3701272398458775,-1.2734568873096330,0.3990576664753532,0.0636676609337680,-0.4090387096726111,0.0766354055021852,0.9070616172918488,-0.9876727119032130,0.3468940837778658,-0.0012321546173357,0.2186396873635474,-0.5555040180648320,0.2622977337742105,-0.8294409011546109,0.1703456110339470,-0.1836782774952920,0.9738309593851802,-0.5143489467109883,0.1309038913870249,0.1211923751708516,-0.4717142528705584,0.4866118546489650,0.3952565871447799,-0.5211206189217825,0.2301857678264902,-0.3106578241488187,-0.3233900581219156,-0.4059889248707832,-0.9150304422830370,-0.2654460764812829,-0.0001312412988272,-1.8015324329763716,-1.6253630534322343,-2.2724857020985767,3.0245899158600977,-4.1497642493769735,-1.4743537798235837,-2.5551460851272325,1.1640641271562988,0.5368403520036364,10.1279924887273562,4.0567495083150158,-0.0099636308702490,-0.7463944896133347,-4.1351685486134482,-1.9759821749520494,-0.0769236105329859,3.8845573453675706,0.0052129635296690,4.3430025534938306,-13.2034482870050418,0.8147125061239240,4.4524972692118938,-10.4246837785718807,3.4870391286597258,-10.9594880507456853,-6.5354774429470792,-6.2021026660273098,-8.2170672409778209,-3.0315891585294601,0.0044092099003128,0.0000000000000000,0.0000000000000000,0.0636676609337680,-0.4090387096726111,0.0766354055021852,0.9070616172918488,0.0636676609337680,-0.4090387096726111,0.0766354055021852,0.9070616172918488,0.0411155773871566,-0.7817661330181851,0.1493111774161330,0.6040342662966419,0.1440576875392237,-0.7445961254158556,0.2811204803127908,0.5880435938136332,0.1449160496299968,-0.7444295439348773,0.2804423277830927,0.5883673116890059,0.1164317180181296,-0.6825047288909821,0.2934147502974417,0.6591955206072658,0.1934356917629883,-0.8389006492828948,0.2494618083092831,0.4433927604054611,0.2497625564245891,-0.7990699444421081,0.3570332156277425,0.4142863408755524,0.2497625564245891,-0.7990699444421081,0.3570332156277425,0.4142863408755524,0.1306509677743734,-0.7202923572663907,-0.0490100663677565,0.6794904400194859,0.1907335620096624,-0.7217929445986366,0.0154276268225263,0.6651297931842786,0.2547392856827506,-0.7017636659724600,-0.0443248733138081,0.6638305198290081,0.2458671101982841,-0.3095268432107999,0.0800385044037430,0.9150608369215210,0.2581946848450566,-0.5352199205964125,0.0138673278682323,0.8041659272391036,0.3102343918671801,-0.5331671591298454,0.0488410340886158,0.7855583720624243,0.3102343918671801,-0.5331671591298454,0.0488410340886158,0.7855583720624243,0.0405693551302370,-0.4119713151224593,0.1275123825698641,0.9013181209938838,0.0733815714472452,-0.5998742928778704,0.1029268278748298,0.7900455973042528,0.2609417218442384,-0.5576086818666341,0.2439583100840280,0.7493105622162715,0.1521929035370984,-0.6062668696708792,0.3798405985267791,0.6819082948338724,0.2502596752911255,-0.7537518905539596,0.3194111237922413,0.5169184813945908,0.1567154437310526,-0.7874354484916498,0.3537814304928594,0.4798170313706674,0.1567154437310526,-0.7874354484916498,0.3537814304928594,0.4798170313706674,0.0547345238005341,-0.5374673477069354,0.1285028742727057,0.8316369360224779,-0.0744422976436879,-0.5508692347929043,0.0439001674957479,0.8301049366038338,0.0350294512290966,-0.5649546914582145,-0.1180188901141385,0.8158864355547099,-0.0359781439031368,-0.8633660299185663,-0.0999078806319851,0.4932779003072855,0.0860587206490429,-0.8673753252559511,-0.1369784497888756,0.4706281398629075,0.0860587206490429,-0.8673753252559511,-0.1369784497888756,0.4706281398629075,0.0405982053239730,-0.4119684730460384,0.1274492630760335,0.9013270484579748
0.3397442917737352,-1.2987752000948953,0.3417983270023606,0.0865462599821313,-0.4464038511935482,0.0522885287874433,0.8891002509728132,-1.0212329399878761,0.3701521798779662,0.0066762361856337,0.3945051519434374,-0.4762022885620765,0.2621420767559686,-0.8554855863327457,0.0897021211968663,-0.2056743476519950,0.9657802005705504,-0.4396425704626447,0.1309940791538327,0.2017057781243918,-0.7630573440699944,0.5091065723394833,0.4631710031233510,-0.7222875675215519,0.2929838012031671,-0.5853831125725082,-0.4434954379880097,-0.5033280877463335,-1.0756788492348328,-0.3196661882224572,-0.0000409604949166,-1.6073672362884708,-1.5802049688708713,-2.4830859014590221,3.7189341395962927,-3.4778413224268485,-1.2410819453484496,-1.0950783557694259,1.1068668048842811,0.2996704236361263,7.7556280174046179,3.7575261818823749,-0.0065991041120141,-1.7302940628487600,-3.8863464099982652,-0.4664690104930249,-0.7084921117912691,3.4804182246900064,0.0040528453468408,3.7247041190643344,-15.6046768618839593,1.5273673026684336,2.5298213991679281,-9.6936631721480442,2.8531755209444993,-15.8022543174880798,-5.3577689831427300,-3.5835594215665254,-7.9474131606218110,-2.4492711895777735,0.0041125653470096,0.0000000000000000,0.0000000000000000,0.0865462599821313,-0.4464038511935482,0.0522885287874433,0.8891002509728132,0.0865462599821313,-0.4464038511935482,0.0522885287874433,0.8891002509728132,0.0438335281667770,-0.8195167320978750,0.1171126399309617,0.5592455428418484,0.1453984557204883,-0.7842638671913490,0.2650532611345299,0.5417898526680972,0.1430148434971240,-0.7847020318868340,0.2666982352098798,0.5409820024992545,0.0902181725743739,-0.6687531668188340,0.2888630738981909,0.6791082444980401,0.1567772313534248,-0.8119403563814026,0.2588476267106306,0.4991709762743320,0.2206752867259043,-0.7711431621963593,0.3627498581285522,0.4743977040985285,0.2206752867259043,-0.7711431621963593,0.3627498581285522,0.4743977040985285,0.1474276008228176,-0.7521431786879029,-0.0820247908073223,0.6370382052608000,0.1782878408663383,-0.7552461527137159,-0.0452843942750501,0.6290993707241269,0.2545345605447932,-0.7330726177384607,-0.1093362363925399,0.6211781403284128,0.2761842912442464,-0.3601812682473758,0.0215520850529505,0.8908014362940242,0.2740997988365785,-0.5485070138709878,-0.0401441823676049,0.7889219230279487,0.3251440799929094,-0.5499583533891595,-0.0041604304003125,0.7692917701379197,0.3251440799929094,-0.5499583533891595,-0.0041604304003125,0.7692917701379197,0.0428480921622936,-0.4526927152886136,0.1382630584589561,0.8798390041298749,0.0995566558590399,-0.7359548174349071,0.0940402143399034,0.6630350043967689,0.2623673591920452,-0.6889800208204001,0.2752809222032349,0.6170010645143580,0.1033105265352692,-0.7392380659080905,0.4041680631999419,0.5286796702244941,0.2513461082923092,-0.8738402960780729,0.3318441070457724,0.2512125781394943,0.1220543194812973,-0.9123393494068213,0.3343816689212724,0.2023080673362317,0.1220543194812973,-0.9123393494068213,0.3343816689212724,0.2023080673362317,0.0711673186463564,-0.6762277016958671,0.1364088844009249,0.7204470309969425,-0.0851760832731105,-0.6897450261876306,-0.0119619034356721,0.7189254109807732,0.0862754286555263,-0.7005863311155548,-0.1864617000839882,0.6833501133870844,-0.0427904008537574,-0.9517001893391597,-0.1836889282584900,0.2422686707806656,0.1095022609983279,-0.9550095705224836,-0.1859756491659620,0.2034183692885559,0.1095022609983279,-0.9550095705224836,-0.1859756491659620,0.2034183692885559,0.0428592251365405,-0.4526916613966084,0.1382414207012197,0.8798424041413230
0.3139125591315244,-1.3223561304690035,0.2840416122986446,0.1133380192913293,-0.4760620119238360,0.0284903287188898,0.8716121587929105,-1.0332271309032346,0.3901935376884949,0.0112365078365016,0.5274530004071708,-0.4106285751387656,0.2620276636783043,-0.8965494473534905,0.0165266804042282,-0.2074494386435345,0.9442757276777091,-0.3809678102801265,0.1310637420555544,0.2677637741620489,-1.0961735035035558,0.5535882651636220,0.4934546314694674,-0.9071695540184821,0.3435900118228155,-0.9326338642264999,-0.5302866047152148,-0.5418682148835565,-1.2347002114036720,-0.3628140041005742,0.0000243535583938,-1.4212585415678558,-1.5427272900854145,-2.5506590614053843,3.7004011854679768,-2.7602353315939556,-0.9705147914399996,-0.2448766687663421,0.9254422056830669,0.1767489233697377,5.8149610892171655,2.8300849596466535,-0.0050650039530285,-2.2197233565908712,-3.4436210171054995,0.1308920388478333,-1.3358885811269767,2.4250031701749326,0.0033233287986557,2.9367825881249416,-17.4009066139741719,2.8359682419124570,0.7155648968860262,-8.9156291519947484,2.2839479133622853,-18.1450793415782314,-3.5131592154456590,-0.7321541867644974,-7.9639201941662980,-1.9341606426502287,0.0026973541859293,0.0000000000000000,0.0000000000000000,0.1133380192913293,-0.4760620119238360,0.0284903287188898,0.8716121587929105,0.1133380192913293,-0.4760620119238360,0.0284903287188898,0.8716121587929105,0.0513140214935646,-0.8441487650467833,0.0821039617262377,0.5272937256757430,0.1520928935028948,-0.8124431917883363,0.2434425151405015,0.5074835501617415,0.1476697499059275,-0.8132587737614781,0.2462003716309858,0.5061513497675005,0.0799892478962100,-0.6572602187135498,0.2757221395708248,0.6968414646590015,0.1352392778980131,-0.7870725321573929,0.2532416153441979,0.5459815483098632,0.2054095998067500,-0.7472421734283131,0.3538977548232256,0.5236338507854915,0.2054095998067500,-0.7472421734283131,0.3538977548232256,0.5236338507854915,0.1672764662627673,-0.7800367005714046,-0.1188480119833518,0.5911315248266865,0.1741851992897350,-0.7813745653060232,-0.1097082170283587,0.5891327627603794,0.2542509947028943,-0.7591067952873103,-0.1701919057797067,0.5745850852992013,0.3038849789365194,-0.4135975553581898,-0.0355355129003487,0.8575128040451583,0.2914354492164984,-0.5703233824891313,-0.0931355573361618,0.7623138371339044,0.3407275390160757,-0.5751980099924073,-0.0555899447286645,0.7415940611290572,0.3407275390160757,-0.5751980099924073,-0.0555899447286645,0.7415940611290572,0.0502077299993841,-0.4867850959737379,0.1420538789800240,0.8604302119596202,0.1305273306791445,-0.8528630272289952,0.0698101103169013,0.5007133124145136,0.2611246838769627,-0.8021709896544666,0.2979437834112959,0.4467271032224184,0.0628463273193786,-0.8483195538678788,0.3935594057399855,0.3485904012181901,0.2482022284011774,-0.9142392534166718,0.3178950645265633,-0.0387939335266392,0.0990414807523723,-0.9530617626159270,0.2712396684130060,-0.0910664812595897,0.0990414807523723,-0.9530617626159270,0.2712396684130060,-0.0910664812595897,0.0934377328996343,-0.8121813949678633,0.1297226773067771,0.5610728996583193,-0.0548666161009571,-0.8180960425901933,-0.0847670716602102,0.5661475630063667,0.1636436212266961,-0.8125184164851130,-0.2315932175334074,0.5093124480089430,-0.0281010906141882,-0.9627206584092334,-0.2663477547400565,-0.0379227652382624,0.1354602616952906,-0.9619400511009785,-0.2182479512369279,-0.0932184926405386,0.1354602616952906,-0.9619400511009785,-0.2182479512369279,-0.0932184926405386,0.0502031155543146,-0.4867855718922782,0.1420620353573129,0.8604288653318680
0.2905033933526671,-1.3455641116438988,0.2291071276649106,0.1390055375974856,-0.4989900977331975,0.0067500347487350,0.8553600294100369,-1.0300348416957021,0.4069055743909339,0.0136274874528763,0.6269639477566852,-0.3660520872186336,0.2619404363362719,-0.9405825099943947,-0.0468215052247409,-0.2015333904627556,0.9142720795671802,-0.3461474882135203,0.1311323221982502,0.3157517828108993,-1.4551663650844273,0.6252560555480248,0.4947074931060267,-1.0804409623532916,0.3841095670167513,-1.2909566576720570,-0.5850608828338930,-0.5408440186836025,-1.3927683123496537,-0.3968067563742085,0.0000761085383272,-1.3589115968554364,-1.5291927437475783,-2.4829826996385345,3.3770309243141634,-2.2541817234243093,-0.8264841888490800,0.5294493384921002,0.7537736276775858,0.0850256527869715,4.3503033542169316,1.7404742523325043,-0.0038542911407834,-2.1103333787057577,-2.9557982236297748,0.4323033932972324,-1.5611067915479877,1.1858000492854721,0.0034616108341071,1.9397511370073142,-18.2100406907792980,4.1944376530472356,-0.4251351892528100,-8.5050868804312572,1.8315420642930846,-17.2950869057253840,-2.2793638600877917,0.4325616120132289,-7.7904633398637486,-1.5224297299977037,0.0026295769277755,0.0000000000000000,0.0000000000000000,0.1390055375974856,-0.4989900977331975,0.0067500347487350,0.8553600294100369,0.1390055375974856,-0.4989900977331975,0.0067500347487350,0.8553600294100369,0.0604810984883006,-0.8592026918448066,0.0488209953266618,0.5056968276226389,0.1610466153044089,-0.8317837202656979,0.2207908466377233,0.4831679132982096,0.1554461736547137,-0.8328485196577825,0.2240369245706334,0.4816713473198101,0.0799186219821154,-0.6468302831608752,0.2607087845383021,0.7122180342500903,0.1264549845786534,-0.7666672785014960,0.2415888932674091,0.5812617548060001,0.2012846635119149,-0.7285493949368679,0.3396464167515769,0.5597683225762540,0.2012846635119149,-0.7285493949368679,0.3396464167515769,0.5597683225762540,0.1852693451645732,-0.8018994152349788,-0.1544693673255726,0.5466002306495369,0.1740506845638181,-0.7985722181268949,-0.1708387252119804,0.5502752961988235,0.2538370367290484,-0.7769028170536251,-0.2255569780245687,0.5302007367999235,0.3274701244354940,-0.4618320344669060,-0.0898471432665622,0.8193912254773044,0.3069330483056195,-0.5969028601949441,-0.1452628493758137,0.7269097495151204,0.3538976436468387,-0.6051374389051029,-0.1058442249395698,0.7052390643629507,0.3538976436468387,-0.6051374389051029,-0.1058442249395698,0.7052390643629507,0.0598232929080123,-0.5145238874378858,0.1395097793677709,0.8439332700766122,0.1571273363007014,-0.9365769137949755,0.0324501028483614,0.3115793246646129,0.2442975869984524,-0.8825293169679136,0.3152321831931791,0.2491773752934716,0.0256777903994251,-0.9192104331505119,0.3628325044545169,0.1508157961843340,0.2347906729659346,-0.8683007843216477,0.2936741884710743,-0.3235468418335605,0.0871113828089942,-0.9040474641474584,0.1907370697672168,-0.3724636355005289,0.0871113828089942,-0.9040474641474584,0.1907370697672168,-0.3724636355005289,0.1112413031360989,-0.9134874831895408,0.1089312115006259,0.3758988982341225,-0.0009912544456838,-0.9064535030911612,-0.1570587072298688,0.3920122786746207,0.2384538478825138,-0.8802570602457115,-0.2559939601821015,0.3205532134730293,-0.0139077338200803,-0.8920466939035752,-0.3376234324444619,-0.3001161253583535,0.1397420871013395,-0.8880162266626080,-0.2362324080036676,-0.3689086332484695,0.1397420871013395,-0.8880162266626080,-0.2362324080036676,-0.3689086332484695,0.0598050660201193,-0.5145260063367848,0.1395396753565886,0.8439283274560856
0.2663121727379477,-1.3695754265875442,0.1778590422764571,0.1627862808052912,-0.5182231312360699,-0.0128910275319397,0.8395113069176827,-1.0095214058410347,0.4191203069563077,0.0151918809381538,0.7022523761957803,-0.3418875158006323,0.2618673046183357,-0.9784986648416067,-0.1015010436068638,-0.1878628892017062,0.8846524996499913,-0.3342704059225203,0.1311949906186046,0.3450517162059425,-1.8142559098545856,0.7217912324765168,0.4775418005322612,-1.2475069947847794,0.4166150269639869,-1.6059238524209998,-0.6299768650139140,-0.5353200933035199,-1.5427636341221751,-0.4235161007053590,0.0001228734658336,-1.4612051459856936,-1.5548099754574594,-2.3999687663737737,3.1690266793716972,-2.1181454963882311,-0.6765225187768181,1.4188107744313625,0.4749759435430437,0.0874940109828153,3.3565231479935367,0.8151042154367114,-0.0036355964445600,-1.7046120856687079,-2.5618119228932614,0.9370483263967622,-1.3683463137534917,0.2102100953252810,0.0026775516557221,1.1699397309795154,-17.4440947503928463,5.2600335631838266,-1.0758966334168056,-8.2123356357868804,1.4662826992218658,-14.2811460863752462,-2.4593101418466410,0.0000354078158516,-7.2064243817273415,-1.1927967315154573,0.0017690251256526,0.0000000000000000,0.0000000000000000,0.1627862808052912,-0.5182231312360699,-0.0128910275319397,0.8395113069176827,0.1627862808052912,-0.5182231312360699,-0.0128910275319397,0.8395113069176827,0.0713067382482607,-0.8668259577119671,0.0178361760027685,0.4931632376229234,0.1721172345752415,-0.8442453691104350,0.1973705319272768,0.4676219492544178,0.1657734713014725,-0.8455138922069247,0.2008760497748685,0.4661268356623571,0.0873905403075160,-0.6360404487732857,0.2453465398681139,0.7263749144648255,0.1280381970644123,-0.7508303424598982,0.2268000248081783,0.6069775660442954,0.2061912780693766,-0.7147914029526874,0.3228896168605724,0.5850646993595489,0.2061912780693766,-0.7147914029526874,0.3228896168605724,0.5850646993595489,0.2008186157922937,-0.8179809039218914,-0.1868363962719140,0.5056394816452903,0.1762288101807655,-0.8080314290419242,-0.2260216977044817,0.5147259545714811,0.2519781625680322,-0.7877045064274424,-0.2737634205365075,0.4910012278181082,0.3451005288412929,-0.5006558756614966,-0.1390864113724640,0.7816036651210193,0.3171126248392961,-0.6238500697866959,-0.1946252501669354,0.6872930129079774,0.3614811896863242,-0.6352656921195338,-0.1533147024629316,0.6650289105952861,0.3614811896863242,-0.6352656921195338,-0.1533147024629316,0.6650289105952861,0.0720355233774581,-0.5383915585689208,0.1304500323661736,0.8294143729699462,0.1727637925168064,-0.9785663614623195,-0.0141723444856759,0.1111741555460943,0.2006624753040406,-0.9222675557799386,0.3274378333203442,0.0440634981706241,-0.0188522456598835,-0.9440984967832114,0.3255178236822641,-0.0485877316863345,0.2065021227743116,-0.7440162805012310,0.2769132372595683,-0.5719402999170835,0.0819189591181533,-0.7744351048276181,0.1210784593629509,-0.6155319319303667,0.0819189591181533,-0.7744351048276181,0.1210784593629509,-0.6155319319303667,0.1191482994286370,-0.9699028960417129,0.0778824231150104,0.1975509634572751,0.0526363867299846,-0.9468660390687382,-0.2241026631672324,0.2246154741144191,0.2969693140884575,-0.9029869372887278,-0.2762850954993165,0.1417404796827244,-0.0158967689169134,-0.7621782394637082,-0.4000881441625760,-0.5086856602328704,0.1117144933294490,-0.7599616640331415,-0.2531972742093138,-0.5881065222500917,0.1117144933294490,-0.7599616640331415,-0.2531972742093138,-0.5881065222500917,0.0720033986590516,-0.5383958558050774,0.1304995213883720,0.8294065878390832
0.2390600095718429,-1.3954101594935016,0.1282905864081085,0.1858810987198091,-0.5369458382118629,-0.0301513930125610,0.8223310023737885,-0.9746811063163895,0.4254083342833095,0.0170305344105047,0.7621628479826001,-0.3327384058868625,0.2617967094170021,-1.0072539659702029,-0.1481507589494297,-0.1616324622009564,0.8615004262372303,-0.3330455640294396,0.1312310211288898,0.3673962968262495,-2.1331439575689939,0.8338055174064316,0.4613773304013274,-1.4056859170510794,0.4424636104171797,-1.8511053005268603,-0.6934944378135326,-0.5490073010954629,-1.6779451964767511,-0.4442959900429549,0.0001278522215475,-1.6498433321144712,-1.6259841014971570,-2.4378759263205030,3.0043757376803004,-2.3342488307982689,-0.5163800752350969,1.9012372954353813,0.2075328427280529,0.0708588651256454,2.7374558340723296,0.2158351331894349,-0.0032982892503151,-1.2015670893420598,-2.1253942870891898,1.6147222852270922,-0.9616702946361029,-0.0095756649965987,0.0010334677217857,1.1830801053129647,-14.3655943571926485,5.8623251724132475,-0.3646314898831047,-7.5754628975431393,1.1587724910796779,-10.5845800188863386,-3.8703890770994920,-1.3433679341980560,-6.3628350176919195,-0.9211597021804796,-0.0011094230643619,0.0000000000000000,0.0000000000000000,0.1858810987198091,-0.5369458382118629,-0.0301513930125610,0.8223310023737885,0.1858810987198091,-0.5369458382118629,-0.0301513930125610,0.8223310023737885,0.0850775377057980,-0.8698575461657378,-0.0109706322304656,0.4857873065292102,0.1856169691377257,-0.8526059225286275,0.1727299807853954,0.4569177555918690,0.1784106841899952,-0.8541429307379563,0.1765821765548898,0.4554428795802737,0.1005667669130215,-0.6255034775358685,0.2299955710501106,0.7387379523758963,0.1373114596253425,-0.7393387915412220,0.2101361472130924,0.6247931769892838,0.2176897938173518,-0.7055847773286074,0.3048428628741969,0.6015248162998460,0.2176897938173518,-0.7055847773286074,0.3048428628741969,0.6015248162998460,0.2158068619117212,-0.8299237138260234,-0.2153778847811310,0.4671898910809642,0.1816631975026136,-0.8122933969404823,-0.2744821329530672,0.4814950453011477,0.2479286750795534,-0.7945775305867129,-0.3131952895344016,0.4572599157738210,0.3562305390780288,-0.5303461204262631,-0.1807200053713408,0.7477787608882538,0.3213499993530506,-0.6469511715284602,-0.2372637672065306,0.6495338823685131,0.3632467516900277,-0.6611157944808137,-0.1943342992348093,0.6270660920633185,0.3632467516900277,-0.6611157944808137,-0.1943342992348093,0.6270660920633185,0.0853361552693620,-0.5617653928804860,0.1196053169408717,0.8141449208372864,0.1766077410030665,-0.9794935407013061,-0.0590861060140295,-0.0768826483565236,0.1311778193108653,-0.9215158543217111,0.3372051221930195,-0.1410447287968078,-0.0780717248121756,-0.9249795427693963,0.2941216422222387,-0.2276183446461754,0.1656992772433941,-0.5684078384997469,0.2833070373817850,-0.7544490713249101,0.0799634155461215,-0.5930414120467091,0.0870530765440191,-0.7964480508081276,0.0799634155461215,-0.5930414120467091,0.0870530765440191,-0.7964480508081276,0.1186887418714501,-0.9907918592277223,0.0459535330049262,0.0461816743461292,0.0962538542335217,-0.9485687115857351,-0.2898234547239749,0.0833964030257397,0.3431716168948106,-0.8888957202127818,-0.3031621398384155,-0.0137969893018493,-0.0341234020294286,-0.6033227447232787,-0.4597831249545626,-0.6507201680757450,0.0588288810999874,-0.6087473949533212,-0.2805069133942064,-0.7397848629325454,0.0588288810999874,-0.6087473949533212,-0.2805069133942064,-0.7397848629325454,0.0852996203767002,-0.5617709415748685,0.1196582650374401,0.8141371405198927
0.2107787985141031,-1.4125447301634961,0.0998249558086514,0.2069963892450921,-0.5832669233609328,-0.0124063149575534,0.7853650579837006,-0.8282666259662707,0.3386769210734300,0.0626391715778250,0.8424151197925061,-0.3316715026724229,0.2617331168740968,-0.9991849557592741,-0.3368271948703526,-0.1051708324949213,0.8947099389125595,-0.3388838177267192,0.1399969398614075,0.3282700931843954,-2.3237525012257665,0.9677711145816120,0.4798239460648427,-1.5416777238477943,0.4621313466397726,-2.0256550752688653,-0.7911029603231564,-0.5697186715068597,-1.7757969914041898,-0.4597842338717341,0.0002025546574670,-1.8892422381934080,-0.6111610350276139,-0.5596457190816974,0.8676721032716874,-8.3378127523201986,2.2788961254248945,8.1221155423157914,-4.2372198960494449,3.8356468691656183,5.1245724180623569,0.0344113737179539,-0.0052265829258645,0.7703786577639136,-10.4556194081290172,2.0729521300619540,1.5634053447428597,-0.5020206717671167,1.4785729694018657,-3.5791432156908245,-3.9443040214482128,5.8469977174737036,1.4565659786630243,-5.9508024555766044,0.6767384963695773,-7.5556898570182565,-4.6820150745036111,-1.5811120728030359,-3.7198238857167785,-0.6739226631993764,0.0624480380257380,0.0000000000000000,0.0000000000000000,0.2069963892450921,-0.5832669233609328,-0.0124063149575534,0.7853650579837006,0.2069963892450921,-0.5832669233609328,-0.0124063149575534,0.7853650579837006,0.1220376972503718,-0.8648830476011216,-0.0099543089788358,0.4868110785045652,0.2042788010967867,-0.8536060675014332,0.1395652385796290,0.4584194554416411,0.1807441496408306,-0.8588973742091747,0.1521101166234843,0.4544110092944377,0.1038429208038193,-0.6019513226498070,0.2121852563387208,0.7627900562746950,0.1374517202748644,-0.7196343081608980,0.1921274571790232,0.6529322532309076,0.2214829964630186,-0.6884080089211935,0.2843956935986368,0.6294114592168403,0.2214829964630186,-0.6884080089211935,0.2843956935986368,0.6294114592168403,0.2482937538501938,-0.8499971669179855,-0.2043232166070605,0.4172613703492370,0.1795666133067463,-0.8072747373496593,-0.3354857061788119,0.4511237865290292,0.2234008018571110,-0.7962592240640077,-0.3596301072250857,0.4321221075111277,0.3566302743351131,-0.5321214813064827,-0.2281591105364604,0.7332155186840147,0.3131910455684134,-0.6478269372217960,-0.2848738339491551,0.6333076086047769,0.3558163451972742,-0.6658110214562101,-0.2398510487083634,0.6103784781849632,0.3558163451972742,-0.6658110214562101,-0.2398510487083634,0.6103784781849632,0.1067278113542619,-0.6096367634345579,0.1188680016726114,0.7764165049320677,0.1865513386463435,-0.9482439536627000,-0.0945286097119613,-0.2389484135484346,0.0557132712127500,-0.8854316280332746,0.3522968716725850,-0.2979828479943619,-0.1493650665356253,-0.8690907231699280,0.2712566010274628,-0.3857346862777692,0.1182239782398747,-0.3674453335077678,0.3140604442857322,-0.8673944057852534,0.0803001502729601,-0.3871898219766934,0.0930052208970653,-0.9137756598365301,0.0803001502729601,-0.3871898219766934,0.0930052208970653,-0.9137756598365301,0.1250344177471689,-0.9865781694043045,0.0149246778165042,-0.1039575106740867,0.1552111170378029,-0.9178548079743944,-0.3620798003636252,-0.0484796740377228,0.3987089639713724,-0.8371256138601110,-0.3368493097407104,-0.1636594366219553,-0.0475581835651825,-0.4230039178420332,-0.5309982716226245,-0.7326982599952440,0.0041393956725677,-0.4380804977647688,-0.3335282081891855,-0.8347618086758350,0.0041393956725677,-0.4380804977647688,-0.3335282081891855,-0.8347618086758350,0.1067041395106968,-0.6096409071401917,0.1188981492851747,0.7764118887865692
0.1889304475076720,-1.4234749681939980,0.0940871103524241,0.2196915414470630,-0.6229426506028429,0.0115424250771419,0.7506962455613175,-0.7543764001099433,0.2962092325080397,0.1327217406597061,0.9405387572806370,-0.3294600691896203,0.2617018888575225,-1.0355720867712552,-0.4684667054849373,-0.0235679461037246,0.9081175737330645,-0.3454419520555125,0.1666771112997120,0.2313210336439561,-2.1470738915314218,1.0103012217860230,0.5777049351248430,-1.6504953347074016,0.4694990410928093,-1.8820590558299972,-0.7449270837189200,-0.6317991252327976,-1.8380788187295580,-0.4643987291091704,0.0012233262786657,-1.0859560714745218,-0.4951400228459876,0.0225653460768922,-0.2371111003082018,-3.4699272523128371,1.3945350777161878,1.1572900466954497,-0.6329624400145020,3.0917255510183610,3.9419927614418850,0.1675349200577027,-0.0007611065985626,-2.9770923978163966,-3.5297183968819597,6.2328451718418485,-0.2047458670767163,-0.1643092125057526,0.7443478415138042,-4.6511633104488705,12.4352656245158659,0.5528852832592139,5.8674099841452527,-4.7564432604716940,0.3642050305646005,14.5674120695372942,5.1741091073514847,-3.4197564303159633,-2.5208271974237677,-0.0677792346444797,0.0153343621182495,0.0000000000000000,0.0000000000000000,0.2196915414470630,-0.6229426506028429,0.0115424250771419,0.7506962455613175,0.2196915414470630,-0.6229426506028429,0.0115424250771419,0.7506962455613175,0.1487171471258061,-0.8677357863413742,0.0041099660507031,0.4742372016537104,0.2173522536691934,-0.8575460118960542,0.1326541525908381,0.4469627625501964,0.1626973576627398,-0.8695727310026846,0.1606488236853671,0.4376811519298088,0.0730963032774297,-0.5799392590579160,0.2166458058424019,0.7819155843576895,0.1076674533667688,-0.7004249367596129,0.2017081907792649,0.6761112580214620,0.1949650776828123,-0.6681184855911113,0.2913742875986006,0.6562829665791916,0.1949650776828123,-0.6681184855911113,0.2913742875986006,0.6562829665791916,0.2760903723462793,-0.8712295970628801,-0.1901015285964205,0.3586007589571590,0.1867769906397866,-0.8046779101187873,-0.3842825300998016,0.4122314323223093,0.2012436283248748,-0.8011823670826972,-0.3916468586052318,0.4052413538609567,0.3526892899092175,-0.5421098325379156,-0.2636219349372102,0.7157029199807754,0.3021871930283347,-0.6569463014641508,-0.3202642036918312,0.6119928898246026,0.3516466652347822,-0.6811286992718180,-0.2649741462899184,0.5849760846867753,0.3516466652347822,-0.6811286992718180,-0.2649741462899184,0.5849760846867753,0.1433368531925797,-0.6448073090779377,0.1015587827501630,0.7438843285906920,0.1923020616520152,-0.9494092870102649,-0.1205624568691970,-0.2170405879477605,0.0634058371516474,-0.8893700474355510,0.3534603499576184,-0.2829600670543880,-0.1807603312131621,-0.8667038922314089,0.2594369589568463,-0.3858011536761644,0.1067288123500461,-0.3181454026381242,0.3248576857635724,-0.8842284475150706,0.0805727910939242,-0.3370956724527294,0.0984087665472955,-0.9328398831608877,0.0805727910939242,-0.3370956724527294,0.0984087665472955,-0.9328398831608877,0.1324331020684953,-0.9857827989399247,-0.0200691521203365,-0.1014444474767145,0.1605068042664729,-0.9089228440719065,-0.3821384056554615,-0.0454650220664694,0.4242267180277483,-0.8147843511512358,-0.3527820646126331,-0.1780532721353772,-0.0614065538352025,-0.3752365710036653,-0.5612840430560126,-0.7351101780945449,-0.0199375231248725,-0.3962062806792486,-0.3619786682092664,-0.8435606214632173,-0.0199375231248725,-0.3962062806792486,-0.3619786682092664,-0.8435606214632173,0.1429523105753420,-0.6448926703139470,0.1020023642983715,0.7438236339039395
0.1723107785977342,-1.4348665797190874,0.0954666922769228,0.2220140429551834,-0.6369462781274458,0.0253563158111315,0.7378118057870678,-0.7544118540699027,0.3056153562027143,0.1786743962763715,0.9904738980202931,-0.3266326286027866,0.2616630804437166,-1.0862544276523931,-0.4941096747413112,0.1118061681808706,0.8926876570678678,-0.3475497108635988,0.1719347087445249,0.1489870682755544,-1.9488316623146591,1.0217920378355192,0.6657931983295454,-1.7204558507890708,0.4772345832723449,-1.6114895902397102,-0.6649227128893020,-0.6785751669550733,-1.8605005049369343,-0.4658132895215065,0.0012926092692570,-0.8460237652704758,-0.5554495926621767,0.1680489191052565,-0.4644598991292739,-1.3775542487288721,0.5368829630478533,-0.9243770851761648,1.2995194148226941,1.5282476987302520,1.4552662142655421,0.0920550496718242,-0.0027239567637575,-1.9160968742911750,0.4015505768861538,6.6819507872009813,-1.1115482319159380,-0.0831302536689817,0.0419144811324238,-3.5391458691604747,7.1209479450333628,1.0111633608729467,3.1315974752244626,-2.4538011057556570,0.3893872078123754,11.5729719013858379,2.4804100979130754,-1.8182575730127450,-0.3604297252413862,-0.1323033698002495,-0.0018119126885467,0.0000000000000000,0.0000000000000000,0.2220140429551834,-0.6369462781274458,0.0253563158111315,0.7378118057870678,0.2220140429551834,-0.6369462781274458,0.0253563158111315,0.7378118057870678,0.1549034951947191,-0.8753805841992545,0.0149507908019651,0.4577010092165266,0.2222094507398304,-0.8630962187310204,0.1469000018749039,0.4290783922120411,0.1456631194487097,-0.8792578566145164,0.1839625604221417,0.4145427041657431,0.0410724418312228,-0.5777513524925506,0.2310260213192878,0.7817566160183289,0.0781090973222900,-0.6972326737143919,0.2212666647285493,0.6773526634630447,0.1658098539976114,-0.6624069630366246,0.3103374832913544,0.6613733847852319,0.1658098539976114,-0.6624069630366246,0.3103374832913544,0.6613733847852319,0.2878312492550690,-0.8834647838181061,-0.1871237010887155,0.3187912611668546,0.2009792095657524,-0.8107193756506926,-0.3978182973424715,0.3795814188898249,0.1608473850460404,-0.8196259314205318,-0.3786606090482348,0.3986948638020004,0.3088482795634186,-0.5664301508103751,-0.2717875610318575,0.7140736279488309,0.2572309432682383,-0.6813133340723478,-0.3210731691472548,0.6054390164948827,0.3082405580897667,-0.7063541687808637,-0.2614184908856593,0.5811298643310870,0.3082405580897667,-0.7063541687808637,-0.2614184908856593,0.5811298643310870,0.1716862533553008,-0.6523148219215404,0.0827941783578439,0.7335900268817299,0.1981608564142255,-0.9622272350595440,-0.1347319588588001,-0.1292219886742031,0.1098846882041654,-0.9055921534603903,0.3520465938185414,-0.2095027509843452,-0.1815471617683880,-0.8880495362526086,0.2631356728684421,-0.3304062149528079,0.1227513682108701,-0.3406385705495070,0.3230371260391245,-0.8743823426034689,0.0899737191663668,-0.3628490679083059,0.0937381834423134,-0.9227450551167315,0.0899737191663668,-0.3628490679083059,0.0937381834423134,-0.9227450551167315,0.1478558151401276,-0.9881241260729292,-0.0347257474236777,0.0233129120387041,0.1319761020723946,-0.9217986829276956,-0.3576064236200028,0.0706197027765824,0.4217029015308733,-0.8276622720497796,-0.3635156934632863,-0.0706977147561683,-0.0801575172500182,-0.4587521141069571,-0.5600691135112401,-0.6851597319760141,-0.0167954528979365,-0.4823673684456562,-0.3670376234491778,-0.7951874103590579,-0.0167954528979365,-0.4823673684456562,-0.3670376234491778,-0.7951874103590579,0.1712634412959131,-0.6524259576114310,0.0832696127708706,0.7335362125343758
0.1573207717579827,-1.4495186158429130,0.0943834668774287,0.2184873758641918,-0.6382667377922246,0.0278690261501107,0.7376328052611917,-0.7991945355556842,0.3471704911049101,0.1863313894007574,0.9971335931257048,-0.3258472743316655,0.2616192632370061,-1.1084364711407118,-0.4530920011957663,0.2226306100427039,0.8683226736527313,-0.3496116873625630,0.1695092533320209,0.0934457227973924,-1.8695119505867501,1.0573019477011409,0.7087875261988142,-1.7497859376137921,0.4847496035035564,-1.4292016749213861,-0.6458084599183064,-0.7173838230735954,-1.8632558809360606,-0.4703868686900078,0.0012249514998183,-0.7085621110193201,-0.7807433876119203,-0.1531886546599509,-0.4882849883216300,0.4526872644265184,-0.3541734800874682,-2.8936105543391712,2.2713091495736393,-0.4152981911962991,-0.4625891769347072,0.0100998812124906,-0.0016534653923136,-0.6631870050104909,2.6222817535662464,4.4476077285305911,-1.0329219962971208,-0.1206163555328511,-0.2248364382673407,-2.4013599311830061,2.0035306018207111,2.3376979132644333,1.6803896873937398,-0.8040087034539325,0.3544126657873619,7.1372845124323678,0.0457082815367620,-1.9436461395671503,-0.1023935360397209,-0.2879141623999693,-0.0033407205327678,0.0000000000000000,0.0000000000000000,0.2184873758641918,-0.6382667377922246,0.0278690261501107,0.7376328052611917,0.2184873758641918,-0.6382667377922246,0.0278690261501107,0.7376328052611917,0.1480924273737559,-0.8858432759481603,0.0179271664851889,0.4393505890673102,0.2208238518682184,-0.8698197935382556,0.1686808217012904,0.4076728266702685,0.1385777904455824,-0.8866486580264308,0.2060375268266287,0.3901267624174424,0.0230737762651220,-0.5918152874278841,0.2472303931851434,0.7668763910181595,0.0628723559465536,-0.7083749912487700,0.2402130998162743,0.6607190063163698,0.1485184215427522,-0.6709898708181420,0.3305602135912480,0.6468731072725242,0.1485184215427522,-0.6709898708181420,0.3305602135912480,0.6468731072725242,0.2868563292798152,-0.8877911012853730,-0.1876070582469798,0.3071546817590918,0.2095810622040024,-0.8219621481254168,-0.3843795973704009,0.3642888010080201,0.1207113229855903,-0.8396277574547997,-0.3433300976810226,0.4032101802296562,0.2542029539051032,-0.5913765181553974,-0.2604373968855319,0.7196019971510688,0.2050707726316934,-0.7074420390393620,-0.3006538835319318,0.6058704332852345,0.2557553559752230,-0.7304078421353911,-0.2395232356789716,0.5862782629494159,0.2557553559752230,-0.7304078421353911,-0.2395232356789716,0.5862782629494159,0.1868820558445469,-0.6482254694064903,0.0640564713331185,0.7353744668510050,0.1950057975552663,-0.9658361204355339,-0.1495162267245591,-0.0823299783063340,0.1272563003171194,-0.9102339790830131,0.3559053482523379,-0.1691488115172142,-0.1866718542593039,-0.8944025839648294,0.2729182568178400,-0.3011864235319062,0.1328270119703230,-0.3529553401451079,0.3306556322513567,-0.8651279475398665,0.0959469285303318,-0.3778797085366689,0.0987846137276054,-0.9155559583512770,0.0959469285303318,-0.3778797085366689,0.0987846137276054,-0.9155559583512770,0.1556307810453472,-0.9792449355410386,-0.0446357959358912,0.1219264611543026,0.1088899521446508,-0.9144553843663076,-0.3531067091759545,0.1650150910078594,0.4130151430838098,-0.8225448859851379,-0.3907763160753698,0.0115009963794098,-0.1080550763419844,-0.5199083849733228,-0.5651622110080892,-0.6313565133580290,-0.0268468573199238,-0.5492997253105230,-0.3788617402148895,-0.7443203878889608,-0.0268468573199238,-0.5492997253105230,-0.3788617402148895,-0.7443203878889608,0.1864828325135242,-0.6483404315339912,0.0645093148670600,0.7353348803854154
0.1434898417614464,-1.4639549565960490,0.0934483096800371,0.2130755556206562,-0.6372981019992299,0.0300397043003496,0.7399645619559593,-0.8405427640155856,0.3766283344089871,0.1733770750479456,0.9829719262503638,-0.3262210280404201,0.2615779717976159,-1.1211851400658428,-0.4260695878616899,0.2931552387766225,0.8622020807181897,-0.3514238488938954,0.1641099698219736,0.0414717283411559,-1.8480602912383313,1.1123953074670812,0.7426353685269340,-1.7559000367558135,0.4908365659224483,-1.3439740629577537,-0.6672671408315733,-0.7521108301605131,-1.8675388428629247,-0.4774026081461944,0.0011901743841592,-0.6571009741947130,-0.6746107281338958,-0.0084921539528126,-0.3759687502578116,0.2074673818190996,-0.2161313224297854,-2.0197389914610944,1.6815758378799799,-0.8300172121848589,-0.7846749519591849,-0.0201612895482319,-0.0024601183995681,-0.2923462573118534,1.6547799632050761,3.0112070167553964,-0.2546771242888343,-0.0454509545083898,-0.2989871929668761,-2.2371308693033516,0.0606916680814959,3.0375924280583995,1.5332434396016486,-0.0077649442877463,0.2780806641218505,2.4374291738805591,-1.8505632905327325,-2.0040137561973217,-0.4535969820129732,-0.3857016343816567,-0.0016924589157084,0.0000000000000000,0.0000000000000000,0.2130755556206562,-0.6372981019992299,0.0300397043003496,0.7399645619559593,0.2130755556206562,-0.6372981019992299,0.0300397043003496,0.7399645619559593,0.1394992713877133,-0.8950680665916070,0.0216428372054058,0.4229949137376942,0.2155639531913300,-0.8755090290688622,0.1873477948982460,0.3897652188820705,0.1382134178687361,-0.8909999601670124,0.2206989166946938,0.3718979836907054,0.0174937113788895,-0.6094349254786551,0.2598171102359530,0.7488511940950993,0.0594476417792543,-0.7229375698900231,0.2535289699345120,0.6399611779884291,0.1424029120165516,-0.6836979873979898,0.3456482758274442,0.6267421655630476,0.1424029120165516,-0.6836979873979898,0.3456482758274442,0.6267421655630476,0.2835740818264135,-0.8903921405837607,-0.1857118553514810,0.3038069829429281,0.2123396542040279,-0.8303862081240142,-0.3711412165050419,0.3572461532628335,0.0913486515193551,-0.8522234491350612,-0.3162103847440399,0.4066713773920666,0.2151895145670550,-0.6041291638978694,-0.2490523165416728,0.7257371216726357,0.1683523316396155,-0.7216647938366496,-0.2828269364574090,0.6089879652196150,0.2178776631078856,-0.7424845498102067,-0.2225035818640048,0.5930751834881213,0.2178776631078856,-0.7424845498102067,-0.2225035818640048,0.5930751834881213,0.1983799734929477,-0.6420244927818638,0.0470294847996862,0.7390792679710365,0.1891677344631882,-0.9655928845405400,-0.1667077106602687,-0.0636748676414446,0.1275034592387447,-0.9091772832674476,0.3654555336280079,-0.1535636298517475,-0.2007612254363763,-0.8902267625126665,0.2824680626525438,-0.2956400433784621,0.1323126530060538,-0.3518897492511671,0.3470078555725643,-0.8592162209812965,0.0951206355982290,-0.3778447955431459,0.1130533481248895,-0.9140045490270270,0.0951206355982290,-0.3778447955431459,0.1130533481248895,-0.9140045490270270,0.1590839535300721,-0.9698479822262106,-0.0579213731947495,0.1753063080103615,0.0933055997236456,-0.8980887606776918,-0.3706704358934296,0.2175639468275768,0.4058544520936032,-0.8069560615501865,-0.4265197730060822,0.0467435736551274,-0.1413390641353301,-0.5373118418210728,-0.5787599356228594,-0.5969557693045764,-0.0524394293441522,-0.5752683315973628,-0.3957374859871632,-0.7139385793580606,-0.0524394293441522,-0.5752683315973628,-0.3957374859871632,-0.7139385793580606,0.1979967910368465,-0.6421427675789735,0.0474705438664230,0.7390510701231364
0.1306735777583440,-1.4775383611092860,0.0932092292667446,0.2097419842966281,-0.6350298291781744,0.0299643750582015,0.7428644239056151,-0.8779249349775395,0.4039071028613577,0.1513138498793857,0.9658875172279163,-0.3269453127027263,0.2615414715812493,-1.1261300752923464,-0.4003950352612468,0.3382557835872618,0.8614501368381623,-0.3519459918281470,0.1583015763982559,0.0084329823828926,-1.8625084382307813,1.1738900473571849,0.7752862801021349,-1.7546414506156793,0.4959844615691853,-1.2836066639895776,-0.6963212718593177,-0.7655720382531331,-1.8605408112362427,-0.4807521126975721,0.0011250457428682,-0.5832342049827506,-0.6733497804780558,-0.0346425864798793,-0.1497351699861403,0.5997180977654075,-0.2538355378429176,-1.7492280627167376,1.2606240195349119,-1.2942629741664817,-0.8258084720001542,-0.0495942119258359,-0.0013894336683306,-0.1397893334924822,1.1097157665303137,1.6597468214836184,0.1029119447452219,-0.0173504608161915,-0.2707093237430961,-1.4828906498764274,-0.8169466231120888,2.6558054182589035,1.7724040144139608,0.1975778883401652,0.2062569187999945,2.3015060120580726,-1.4238178715061043,-0.3396391690179461,0.3725663167006003,-0.1532151325288751,-0.0017213963635327,0.0000000000000000,0.0000000000000000,0.2097419842966281,-0.6350298291781744,0.0299643750582015,0.7428644239056151,0.2097419842966281,-0.6350298291781744,0.0299643750582015,0.7428644239056151,0.1326759461811474,-0.9021044132604743,0.0227728165463651,0.4099830724645306,0.2117424334148312,-0.8794582616339359,0.2021488056885188,0.3753054333394137,0.1435072399014710,-0.8931334526040777,0.2304022954613230,0.3586545555008787,0.0198748908637169,-0.6238273107978640,0.2707111641051038,0.7329119596818695,0.0636538685550337,-0.7347578148783438,0.2638706703594842,0.6216521598267110,0.1441736240319990,-0.6940754285710149,0.3574298206008056,0.6080437393253185,0.1441736240319990,-0.6940754285710149,0.3574298206008056,0.6080437393253185,0.2805358332233291,-0.8910037189967259,-0.1853825040218563,0.3050333526260376,0.2138791804744059,-0.8359435255454978,-0.3597953893006047,0.3549667535082471,0.0715465405001252,-0.8598993977694738,-0.2955936861582725,0.4099737686261440,0.1884063031134432,-0.6102580182083990,-0.2387417008008796,0.7314988834292122,0.1437057323332539,-0.7288836801412594,-0.2680358133696588,0.6133792025081721,0.1919170354348944,-0.7478515043601317,-0.2093627088363356,0.6000443609308227,0.1919170354348944,-0.7478515043601317,-0.2093627088363356,0.6000443609308227,0.2061193199032899,-0.6362149085689156,0.0341977334806067,0.7426815812325221,0.1825551810423801,-0.9641168636576852,-0.1819190712945847,-0.0637003185609502,0.1171325543183837,-0.9045218582134530,0.3800737866571410,-0.1538313668568072,-0.2222555907561894,-0.8783749362878172,0.2915761243439070,-0.3066647801616209,0.1248614793745568,-0.3372767477798755,0.3699191476605492,-0.8566293425802775,0.0911651822991533,-0.3633015957271549,0.1341784760543937,-0.9174404594534643,0.0911651822991533,-0.3633015957271549,0.1341784760543937,-0.9174404594534643,0.1613270442456231,-0.9616006065670577,-0.0681784389917323,0.2113044218692230,0.0799182133898396,-0.8812034078458771,-0.3909022641201958,0.2535528605145126,0.3931929250034514,-0.7937159519864038,-0.4589710166345073,0.0689921530250522,-0.1726282589748223,-0.5481213796050687,-0.5871306821649722,-0.5701227933381111,-0.0783451881794053,-0.5940206523033691,-0.4075073733763954,-0.6891583539144561,-0.0783451881794053,-0.5940206523033691,-0.4075073733763954,-0.6891583539144561,0.2057603064958234,-0.6363311089311077,0.0346167818395869,0.7426621671341017
0.1190367037681391,-1.4899121334199683,0.0941244331948436,0.2079045520097816,-0.6320170791146837,0.0287301511160952,0.7459924177750068,-0.9076301011941527,0.4270547355459493,0.1226392274734084,0.9510739652454407,-0.3281883829793290,0.2615211940785396,-1.1259207846255221,-0.3819051510067188,0.3602010400291532,0.8653423375740651,-0.3522061597816024,0.1537849620190066,-0.0181328523420850,-1.8821473483209015,1.2196377335567550,0.8098648510337138,-1.7482999190677242,0.4991433267958200,-1.2552619321818821,-0.7275666141629218,-0.7679712511591922,-1.8563851664642745,-0.4839115665672117,0.0010950610758638,-0.5282822150131165,-0.5738563682912069,0.0778158759059628,-0.1645646615148543,0.4384920439118229,-0.0746332549013510,-1.1783258226361149,0.7896458891518346,-1.5545607247744775,-0.6654519848625083,-0.0852654435699342,-0.0003435232852968,-0.0086164703618173,0.3649618290330296,0.5709351124710690,0.4013389315173659,-0.0120055491402016,-0.1798481139150745,-1.2651130343504233,-1.0596681131881811,1.9226493208432198,1.7636389742342480,0.4127568936145967,0.1274081454002822,1.5527017795897760,-1.3549829056758176,0.7193395218782331,0.3797773751858072,-0.0730100841491874,-0.0019465199348656,0.0000000000000000,0.0000000000000000,0.2079045520097816,-0.6320170791146837,0.0287301511160952,0.7459924177750068,0.2079045520097816,-0.6320170791146837,0.0287301511160952,0.7459924177750068,0.1275657001937626,-0.9070384258015805,0.0224504564714988,0.4006298332097669,0.2092775862392655,-0.8818505307361426,0.2134534382875368,0.3646644526430802,0.1534549679924584,-0.8932575437465856,0.2359445423352760,0.3505320331730693,0.0282231677085988,-0.6331891488429766,0.2800387599313023,0.7210084933814135,0.0735676582010352,-0.7424145665140619,0.2716726963207472,0.6079493047683880,0.1522092820889257,-0.7006535164864036,0.3661558306700636,0.5931668331485878,0.1522092820889257,-0.7006535164864036,0.3661558306700636,0.5931668331485878,0.2779309275813160,-0.8903280566732557,-0.1859204159169939,0.3090371335931387,0.2140957524636580,-0.8387303817250155,-0.3518263724136294,0.3562478901308669,0.0608854142502748,-0.8634805213686887,-0.2825577254325048,0.4133466914671475,0.1736577365602842,-0.6108906124762910,-0.2310603652788103,0.7370663183990447,0.1304945718087979,-0.7305648714054640,-0.2579090316341342,0.6186510056552867,0.1777408680881142,-0.7482540913105858,-0.2008927942140000,0.6067669106676326,0.1777408680881142,-0.7482540913105858,-0.2008927942140000,0.6067669106676326,0.2128287385850794,-0.6303759347177907,0.0229096154380359,0.7461938477911991,0.1759508894659899,-0.9624009315051005,-0.1958604077097555,-0.0668164068624519,0.1062678874317449,-0.9018522161431854,0.3888951433326752,-0.1553392539916286,-0.2457999032463075,-0.8673266587104492,0.2942713280598251,-0.3173818837554834,0.1101544000236514,-0.3256702619038159,0.3904265389818297,-0.8540327899592600,0.0796350411329041,-0.3497430493352637,0.1538943505764640,-0.9206815891099804,0.0796350411329041,-0.3497430493352637,0.1538943505764640,-0.9206815891099804,0.1622358433149738,-0.9557857499202456,-0.0789038197232784,0.2322225626986923,0.0693632338802838,-0.8657215752313197,-0.4126479936901818,0.2746571121746857,0.3788213882467603,-0.7829377792959835,-0.4869932138134732,0.0796266240493387,-0.2018308790019329,-0.5505833905688650,-0.5921499227160436,-0.5527030806304434,-0.1046274820620662,-0.6039458864935221,-0.4145523516059763,-0.6726431475625541,-0.1046274820620662,-0.6039458864935221,-0.4145523516059763,-0.6726431475625541,0.2124823293593890,-0.6304927840578769,0.0233196283589929,0.7461811468364451
0.1083911887153453,-1.5011303499897708,0.0958866339838183,0.2076579552526646,-0.6284947284372104,0.0270574682383710,0.7490930805710647,-0.9292037416595755,0.4465417355805391,0.0903680719415243,0.9390978584016691,-0.3296942061675457,0.2615151960539674,-1.1215262571301632,-0.3673701585150702,0.3662581838999283,0.8706564338836899,-0.3523890677877713,0.1512194908474757,-0.0355035838462082,-1.9091981068603234,1.2573598733058182,0.8387805066826616,-1.7374637915268585,0.5009222418682130,-1.2482230765796087,-0.7614623232285905,-0.7629890652842266,-1.8589332822063991,-0.4869251810483798,0.0010626364513074,-0.4733243812080256,-0.5510721428980352,0.0773464600251495,0.1096093079270191,0.5833459645002265,-0.0567826627221179,-1.0600677735641388,1.0038468816642094,-1.6701989515796867,-0.5442116094965991,-0.0643023670229817,0.0000410735250458,0.2880589135470947,0.8983510321691454,0.1109860842636839,0.1809866424504131,-0.0071456365065406,-0.0849049509010796,-0.5036297335177552,-1.5542644616807142,1.7274231065473449,1.3007287394202136,0.6418515792433780,0.0688503095834885,0.5023272513321506,-1.6025203812168187,0.7129495314816217,-0.1410471313387837,-0.0933787769470016,-0.0023902196308323,0.0000000000000000,0.0000000000000000,0.2076579552526646,-0.6284947284372104,0.0270574682383710,0.7490930805710647,0.2076579552526646,-0.6284947284372104,0.0270574682383710,0.7490930805710647,0.1246992180057143,-0.9097244186772701,0.0212053134702355,0.3954768283625401,0.2088111251990860,-0.8826708599777239,0.2212246283831281,0.3582593065588420,0.1672402260060284,-0.8914822712012704,0.2377616680799534,0.3475046131076730,0.0414002845556726,-0.6373707843974898,0.2877254254344213,0.7136235556606982,0.0880374023247476,-0.7457984008886196,0.2770366759016212,0.5994037380841624,0.1654392807875278,-0.7033103194323075,0.3719128515427609,0.5828080900346717,0.1654392807875278,-0.7033103194323075,0.3719128515427609,0.5828080900346717,0.2762802535090173,-0.8885409993248687,-0.1869743430882981,0.3149677905222288,0.2137787623059688,-0.8391304479631672,-0.3468783702620724,0.3603250315095935,0.0574882726167491,-0.8640233598829835,-0.2755066434658198,0.4174384044314305,0.1682689740761036,-0.6075346651355618,-0.2255977935300690,0.7427602699231826,0.1261218559741233,-0.7283184786892040,-0.2515990650378148,0.6247746645932289,0.1730076608192253,-0.7452594806053863,-0.1958014363988395,0.6134480038029295,0.1730076608192253,-0.7452594806053863,-0.1958014363988395,0.6134480038029295,0.2184669085100421,-0.6248197019454056,0.0141336052320991,0.7494483245361626,0.1700175839040609,-0.9604473081266351,-0.2079140506519183,-0.0735305175912459,0.0945446450004287,-0.8997675626732109,0.3951020340460139,-0.1592922658372145,-0.2681224077763896,-0.8565162674534575,0.2941122275897198,-0.3286156655091177,0.0929914233760483,-0.3156488597346007,0.4081958108690524,-0.8515248513788064,0.0654400515457822,-0.3369239633272444,0.1715851840366540,-0.9234491687194555,0.0654400515457822,-0.3369239633272444,0.1715851840366540,-0.9234491687194555,0.1625239618741620,-0.9522693887233378,-0.0885198171319974,0.2427616425470116,0.0611339415354760,-0.8518841777014250,-0.4346793007569702,0.2856744553993831,0.3636428706883781,-0.7743493770914314,-0.5110837249863776,0.0833086481085563,-0.2302228352197778,-0.5471459750259754,-0.5940992254166453,-0.5428396066202084,-0.1318864774857577,-0.6077477819243352,-0.4173378104368443,-0.6626294157387133,-0.1318864774857577,-0.6077477819243352,-0.4173378104368443,-0.6626294157387133,0.2181334058595946,-0.6249362105856676,0.0145335901002781,0.7494406745738553
0.0986001159338284,-1.5114473137161433,0.0977318992020669,0.2087925798871198,-0.6239853122949509,0.0250574336215460,0.7526088716222750,-0.9443300501372233,0.4616408578272030,0.0569011812163429,0.9305642254298397,-0.3309822016927679,0.2615259927037201,-1.1145927570683825,-0.3559600809228564,0.3634680847010492,0.8766415009233984,-0.3525279991568498,0.1503156369545628,-0.0443729281781369,-1.9415249866879549,1.2891511090338952,0.8627275273927456,-1.7224767269371957,0.5018817955555729,-1.2532263947455682,-0.7972889746477563,-0.7520493266858966,-1.8674844512597681,-0.4892834717065497,0.0010265836365634,-0.4230980756401015,-0.5160685717827821,0.0676693000328690,0.2288278539001666,0.6945846619269097,0.0155463880102804,-0.7672991282274186,0.8552014778545541,-1.6511198415489103,-0.3805897567231408,-0.0448075776310449,0.0006744841609179,0.4243330775443945,0.8625087700289511,-0.1661024902602380,0.1555983996356308,-0.0048492347797837,-0.0262929993280019,-0.0857778595114825,-1.7587024713484083,1.4798917756727310,1.0773147317747236,0.8270309671079711,0.0366823783576164,-0.3034750111006683,-1.7995752015122590,0.6561700973426442,-0.6033366850149913,-0.0951083044043609,-0.0022190580919846,0.0000000000000000,0.0000000000000000,0.2087925798871198,-0.6239853122949509,0.0250574336215460,0.7526088716222750,0.2087925798871198,-0.6239853122949509,0.0250574336215460,0.7526088716222750,0.1236701634300638,-0.9106088289505558,0.0191961483468170,0.3938638841060761,0.2101932403551474,-0.8822607934979056,0.2262583119589237,0.3553053197391596,0.1835444696975180,-0.8881873302845564,0.2368494946411041,0.3483346248274806,0.0576524396929489,-0.6372093866304421,0.2940449823849072,0.7100548866966307,0.1052922098165239,-0.7454490095646095,0.2805348570503184,0.5954154168904702,0.1820295200891119,-0.7025060109774705,0.3753389620351475,0.5766031754465344,0.1820295200891119,-0.7025060109774705,0.3753389620351475,0.5766031754465344,0.2754368295349932,-0.8855768192230713,-0.1885716129322779,0.3229999953352581,0.2135849851357810,-0.8379069549860239,-0.3430998261952091,0.3668458779588696,0.0584849290304306,-0.8627201888015070,-0.2710773338107672,0.4228598680469009,0.1679722856026790,-0.6018100354411724,-0.2206552041060003,0.7489467760880244,0.1266783814011747,-0.7238121676068571,-0.2466900798881607,0.6318168549466004,0.1737783646197131,-0.7402971083808011,-0.1916252614192306,0.6205167447371046,0.1737783646197131,-0.7402971083808011,-0.1916252614192306,0.6205167447371046,0.2225309715907125,-0.6192188450448196,0.0084194958337092,0.7529788182373780,0.1649568032284505,-0.9585069340208923,-0.2172828377190607,-0.0827156510901688,0.0824030031974688,-0.8973378726382991,0.4009141011019076,-0.1651132064089915,-0.2881742922226784,-0.8455217479560624,0.2934726858172019,-0.3404736901942943,0.0758143504008013,-0.3066999211154965,0.4238435382732425,-0.8488486306315575,0.0510031387811251,-0.3249962300974336,0.1876319575442276,-0.9255108744715266,0.0510031387811251,-0.3249962300974336,0.1876319575442276,-0.9255108744715266,0.1624285688609805,-0.9503733356738784,-0.0956460070350831,0.2475062104193007,0.0541417222700886,-0.8395469511783775,-0.4555420426137859,0.2910516072588812,0.3480306016331979,-0.7675332296340207,-0.5317028002353206,0.0840212708563826,-0.2580939310132805,-0.5406956962208256,-0.5930588228122935,-0.5378818825233699,-0.1596775559529114,-0.6082951018588735,-0.4164919641448463,-0.6565170149982209,-0.1596775559529114,-0.6082951018588735,-0.4164919641448463,-0.6565170149982209,0.2222117279864099,-0.6193334798967682,0.0088076634682502,0.7529743778432850
0.0896996652163306,-1.5208358445664145,0.0996118332223437,0.2108593218248700,-0.6188057846198322,0.0234975938012468,0.7563501903259762,-0.9534788082832029,0.4726635056312222,0.0254013486295351,0.9254807811089244,-0.3318657100253933,0.2615495849973623,-1.1057292668575873,-0.3481069790905506,0.3558795319795042,0.8830427596163384,-0.3526287468805142,0.1499261168006338,-0.0468827674832208,-1.9761626196236117,1.3153227539108538,0.8835410652652533,-1.7042732877846201,0.5024384127046853,-1.2679186983358623,-0.8364021434152558,-0.7399120590422161,-1.8843173471082677,-0.4913127730920260,0.0009906550153449,-0.3725889110450523,-0.4818173696735450,0.0400647560762174,0.2882312785113640,0.8567384177471600,0.0894705579193890,-0.4026882321216928,0.4823509573445676,-1.5232451965552183,-0.2039673612968076,-0.0353487157720944,0.0014767794315478,0.4568981416297388,0.3784844606886024,-0.4567296043932516,0.2942620797588290,-0.0043904704750061,-0.0168292621805081,0.0465482939397409,-1.7704862877801519,1.1625950390539648,1.0084430036317460,0.9669107985652395,0.0235173995478833,-0.6157340031014390,-1.9787672229199174,0.7747481100555964,-1.0151767966477019,-0.0697574897077567,-0.0020056936687638,0.0000000000000000,0.0000000000000000,0.2108593218248700,-0.6188057846198322,0.0234975938012468,0.7563501903259762,0.2108593218248700,-0.6188057846198322,0.0234975938012468,0.7563501903259762,0.1243567018776608,-0.9099341744215785,0.0172518367102502,0.3952942992859278,0.2132820440487346,-0.8807125321055170,0.2293976099318507,0.3552927553950906,0.2007337070559069,-0.8836570451102118,0.2344278896221732,0.3519939914912972,0.0749129160488202,-0.6334495534110332,0.2993969131273315,0.7095711428054617,0.1233260843209446,-0.7419294958266074,0.2829154175847893,0.5952227874009549,0.1998906296561434,-0.6987019954529182,0.3772479712799125,0.5740585561516957,0.1998906296561434,-0.6987019954529182,0.3772479712799125,0.5740585561516957,0.2754892239763932,-0.8817207118627277,-0.1899166736287103,0.3325746996134468,0.2135908251037709,-0.8353810420933079,-0.3400562764617180,0.3753387840093002,0.0619612077570913,-0.8600251942767103,-0.2680548915321858,0.4297255508673607,0.1704997532976609,-0.5941450926101304,-0.2159223246134732,0.7558432329433462,0.1299842646728155,-0.7175077901258691,-0.2424803230749183,0.6399140215432395,0.1775547874417103,-0.7336559428570774,-0.1880507736764668,0.6283789951030375,0.1775547874417103,-0.7336559428570774,-0.1880507736764668,0.6283789951030375,0.2253342925984948,-0.6136829061156471,0.0057276440284050,0.7566934263058406,0.1612370879163613,-0.9566459517451181,-0.2240227025280642,-0.0929782406907679,0.0709723804130443,-0.8945234447144647,0.4064301355638732,-0.1720618289458906,-0.3057971663192547,-0.8346399377258615,0.2924230793706047,-0.3526372216251373,0.0589584562376482,-0.2988422549851341,0.4371913647624399,-0.8462156448864721,0.0366138113187793,-0.3140641117302954,0.2015935041275046,-0.9270292452977772,0.0366138113187793,-0.3140641117302954,0.2015935041275046,-0.9270292452977772,0.1622087216470478,-0.9499950905505274,-0.1003621533330584,0.2472349019250248,0.0484007046414263,-0.8283099455254100,-0.4758843011021119,0.2917089952306227,0.3337884125571283,-0.7611721619051278,-0.5501317808549614,0.0809769058226753,-0.2860060961346560,-0.5292738965235044,-0.5907645453693167,-0.5376494279428043,-0.1889689674774812,-0.6039264465957812,-0.4136860541550578,-0.6545436769462415,-0.1889689674774812,-0.6039264465957812,-0.4136860541550578,-0.6545436769462415,0.2250290598596428,-0.6137948964418778,0.0061039720686914,0.7566904841780246
0.0817939963705864,-1.5292337448706870,0.1016647873336410,0.2131589145530464,-0.6134675272818777,0.0234389951737963,0.7600470272440173,-0.9572357866538557,0.4797764795401096,-0.0018813417368996,0.9229327186243448,-0.3323739437257147,0.2615820767669535,-1.0955862732277535,-0.3446365950945064,0.3452830952477482,0.8895372695669896,-0.3530172188486311,0.1496258144067824,-0.0456051505035843,-2.0109819449073143,1.3363485466950744,0.9026108202158899,-1.6837041077756565,0.5028575062057955,-1.2904676956010446,-0.8791336144760026,-0.7305552687843635,-1.9096352936667491,-0.4931953890625199,0.0009588551777657,-0.3227515931210968,-0.3977655443690912,0.0940244476680319,0.0532494403620634,0.6467758828526197,0.2958751802745694,-0.1824611651209470,0.4283096736982988,-1.2351110767367155,-0.1036142466004455,-0.0184504853650209,0.0015316625277287,0.4978984684527804,0.3906529741428276,-0.5084153328097210,-0.0044309774710173,-0.1620150089942996,-0.0090510380674101,0.2803661914145019,-1.7686683867929354,0.9614454754986215,0.9109951551019390,1.0637649082454645,0.0200199721138412,-1.2452810371718139,-2.1719711571469005,0.3290442724531949,-1.4519973912914339,-0.0920103584423730,-0.0015686741964143,0.0000000000000000,0.0000000000000000,0.2131589145530464,-0.6134675272818777,0.0234389951737963,0.7600470272440173,0.2131589145530464,-0.6134675272818777,0.0234389951737963,0.7600470272440173,0.1265485588353161,-0.9079802135866148,0.0165802727917219,0.3991021029085934,0.2175958878487974,-0.8781396201790350,0.2314601071080341,0.3576996727432813,0.2173373188076212,-0.8782036510914770,0.2315654182394378,0.3576315060767261,0.0914652625975432,-0.6270307663689048,0.3041252354028745,0.7113187506005532,0.1405091920470011,-0.7360494727065634,0.2848073384258038,0.5978069259029190,0.2172732905536771,-0.6926193455588322,0.3783681916473098,0.5743764191879541,0.2172732905536771,-0.6926193455588322,0.3783681916473098,0.5743764191879541,0.2764734262050333,-0.8774474967508694,-0.1898491451526464,0.3429367829978169,0.2134260444949871,-0.8317676897623740,-0.3378155084316299,0.3853472668407881,0.0669326981333283,-0.8561005665936717,-0.2663741772608225,0.4377860567528460,0.1750290024723069,-0.5844503308692564,-0.2116601915437490,0.7635329870778529,0.1351821160355026,-0.7093358546465967,-0.2390836336827580,0.6491590382348491,0.1833299392260830,-0.7252232535009692,-0.1853903211163893,0.6372376282056726,0.1833299392260830,-0.7252232535009692,-0.1853903211163893,0.6372376282056726,0.2272615067014239,-0.6083842021737358,0.0058901879600909,0.7603855441833571,0.1592572376403610,-0.9548687791714119,-0.2284193775580907,-0.1033795665440387,0.0611332643378343,-0.8914422767811389,0.4114370725245691,-0.1797579664745689,-0.3210119951701591,-0.8241891986983236,0.2906374830193463,-0.3649565962824456,0.0423779278919882,-0.2920338743904121,0.4479826717564579,-0.8439382994283717,0.0222297856611686,-0.3040657050321669,0.2130095965688696,-0.9282654768019315,0.0222297856611686,-0.3040657050321669,0.2130095965688696,-0.9282654768019315,0.1623367002891074,-0.9507238235073834,-0.1028001014568684,0.2433169667228393,0.0439895935219830,-0.8176768343047345,-0.4958308623769082,0.2891734189335691,0.3217070770627398,-0.7544297703616386,-0.5672275409077048,0.0747876660662125,-0.3141262080607255,-0.5128406366579491,-0.5880301131867345,-0.5408694785133054,-0.2198866914284541,-0.5946995803627468,-0.4099884312324590,-0.6556612984648151,-0.2198866914284541,-0.5946995803627468,-0.4099884312324590,-0.6556612984648151,0.2269688498956298,-0.6084934437278920,0.0062559298698705,0.7603826230646572
0.0749377705371300,-1.5366848942178568,0.1034286964225669,0.2157860125066171,-0.6076719941112381,0.0242674094448573,0.7639255442896257,-0.9578794310100043,0.4845486273063926,-0.0238641253956270,0.9222382579976879,-0.3326962471620925,0.2616196867187003,-1.0907479209322799,-0.3391702299387482,0.3353105647590253,0.8802412726597090,-0.3704389613740604,0.1504624171553510,-0.0411018918368289,-2.0447991963740639,1.3521644515605680,0.9204365543298784,-1.6618558556509999,0.5032401200266597,-1.3184921509080478,-0.9238428756097102,-0.7244315492510859,-1.9412779550164245,-0.4948273163115300,0.0009292843048335,-0.2650905649130958,-0.3603264638026237,0.0496937536662618,0.0589063343402552,0.7430342202451721,0.3319753464150146,-0.0021830125060842,0.1907699149141399,-1.0010300805735726,-0.0129501551082187,-0.0146268490097331,0.0020388917930182,0.0770518915953429,0.3456635176561176,-0.4170974897193955,-0.5709477539533091,-1.1420593953434686,0.0213249623406220,0.2694923979346662,-1.6409346941903331,0.6327502126183294,0.8674403451289795,1.0860963895499169,0.0187240904280754,-1.2404445057203479,-2.2169495212186092,0.3827891239484074,-1.6179913114731039,-0.0554571368761728,-0.0016173029501157,0.0000000000000000,0.0000000000000000,0.2157860125066171,-0.6076719941112381,0.0242674094448573,0.7639255442896257,0.2157860125066171,-0.6076719941112381,0.0242674094448573,0.7639255442896257,0.1298301067196965,-0.9050864585364826,0.0165991584181925,0.4045826416232507,0.2230332908095930,-0.8747154344399929,0.2330878337424732,0.3616616121519384,0.2325813186316965,-0.8722252405660152,0.2291206521925800,0.3641878453242841,0.1063380110686512,-0.6190709038512722,0.3086787495756314,0.7142554675794626,0.1559775720699886,-0.7287843071291620,0.2868123777816493,0.6018995685699193,0.2331538558696185,-0.6851477964854691,0.3794211424493928,0.5764125025766119,0.2331538558696185,-0.6851477964854691,0.3794211424493928,0.5764125025766119,0.2782309721747545,-0.8733427251623802,-0.1899669621510388,0.3518132513418784,0.2147268754183711,-0.8286374153348228,-0.3349253591625624,0.3937986879994854,0.0730848785784823,-0.8528811157734006,-0.2643304323011855,0.4442767442031553,0.1788562514908230,-0.5818812450859084,-0.2079000197691539,0.7656384523389024,0.1377806307732085,-0.7121928450315067,-0.2371254408558894,0.6461960805889841,0.1859456613160014,-0.7279968937635355,-0.1829416461219676,0.6340166305567884,0.1859456613160014,-0.7279968937635355,-0.1829416461219676,0.6340166305567884,0.2283903267892394,-0.6030478540296275,0.0083580342198142,0.7642651945779982,0.1587760617184386,-0.9532532654174659,-0.2308614368419019,-0.1131431446240256,0.0531704228876861,-0.8882893184270639,0.4158495855692915,-0.1875742921622662,-0.3338221544695111,-0.8145142027821600,0.2882623614239621,-0.3768742411438558,0.0264725014508875,-0.2864960939941875,0.4562731115918712,-0.8420415918654364,0.0081791527204048,-0.2953172025676959,0.2218534585453547,-0.9292480262340249,0.0081791527204048,-0.2953172025676959,0.2218534585453547,-0.9292480262340249,0.1626502000467863,-0.9523660848859844,-0.1034341638724794,0.2363157348288155,0.0409151064423006,-0.8076029038475210,-0.5152449277713550,0.2839474743112850,0.3126746352276204,-0.7469311366335368,-0.5831729268000799,0.0650982876889668,-0.3415777267283807,-0.4912737021525027,-0.5856842155572350,-0.5467621108156193,-0.2515713513543253,-0.5803506124639560,-0.4063602920337378,-0.6593757159986442,-0.2515713513543253,-0.5803506124639560,-0.4063602920337378,-0.6593757159986442,0.2281091252096613,-0.6031542776244876,0.0087143791717731,0.7642612144908413
0.0691107488078541,-1.5433322454135647,0.1048918580507859,0.2175168787216162,-0.6023509336818150,0.0265600682806390,0.7675638885049105,-0.9561548847614919,0.4874600958935342,-0.0413667695720353,0.9223873093347770,-0.3329719879088337,0.2616614498272019,-1.0901901989398086,-0.3320710783020560,0.3288243179323916,0.8708931408205077,-0.3931226230660154,0.1506046626443255,-0.0368814295144251,-2.0754780323215090,1.3622769461134498,0.9366890429550360,-1.6412470826831738,0.5036035176544059,-1.3490190129624251,-0.9674850299071414,-0.7224608650045572,-1.9717199957966189,-0.4964612216952904,0.0009031831791929,-0.2349568764920646,-0.2794480673471941,0.0888637307968753,-0.2384705723542870,0.4123241306929654,0.4451271696233132,0.1362636053732955,0.1206516560198035,-0.7590800945435567,0.0315814192725438,-0.0130643067345224,0.0020934459854075,0.0047619340629763,0.3532081906713153,-0.2531499019028539,-0.3673087347874789,-1.0458028445926641,-0.0003118551711589,0.1774961367655091,-1.4469435333751552,0.3859086755841055,0.7799816307826625,0.9754604777775600,0.0178586845008986,-1.4970872648239886,-2.1275543429598058,0.0436275079566703,-1.3887350088591541,-0.0828800331187608,-0.0013133209243676,0.0000000000000000,0.0000000000000000,0.2175168787216162,-0.6023509336818150,0.0265600682806390,0.7675638885049105,0.2175168787216162,-0.6023509336818150,0.0265600682806390,0.7675638885049105,0.1331776134457491,-0.9018783452410210,0.0183135555689306,0.4105408473521674,0.2282707014603242,-0.8708318444899560,0.2353122065564801,0.3662957151299378,0.2455749647974212,-0.8661111656061897,0.2279677966515997,0.3709111337865810,0.1184780384283032,-0.6105823159551504,0.3134315460441423,0.7175742859087165,0.1687773199153272,-0.7210469335362626,0.2894660531524190,0.6064774851488817,0.2464534391656456,-0.6771224559174676,0.3810570245802899,0.5792766403314896,0.2464534391656456,-0.6771224559174676,0.3810570245802899,0.5792766403314896,0.2801302044901244,-0.8702886534148289,-0.1892353480515395,0.3582104288229713,0.2169338616271584,-0.8269278094334093,-0.3307608731401685,0.3996590327576056,0.0784476505153392,-0.8513024541626972,-0.2607737829670916,0.4484719966533292,0.1812001155553026,-0.5824067488116591,-0.2032818680480125,0.7659277897976335,0.1382558022497160,-0.7201090454643493,-0.2346110246741019,0.6381895979143491,0.1858759568356667,-0.7357184636036697,-0.1797712784926004,0.6259798386627292,0.1858759568356667,-0.7357184636036697,-0.1797712784926004,0.6259798386627292,0.2286932288474250,-0.5981969967456272,0.0122656243011410,0.7679253314120809,0.1593559111644626,-0.9518853938648157,-0.2316519266850880,-0.1218904236880605,0.0471202121929160,-0.8855060958554514,0.4190791958483802,-0.1950160696271094,-0.3443965495446498,-0.8061391774580405,0.2850421881099794,-0.3876617007475568,0.0115985835629529,-0.2821299988280219,0.4620282092902358,-0.8407128347067692,-0.0051615001933101,-0.2878050736432087,0.2280358082004998,-0.9301297052988505,-0.0051615001933101,-0.2878050736432087,0.2280358082004998,-0.9301297052988505,0.1630431079484166,-0.9544470794849036,-0.1026254481240620,0.2278502464571726,0.0389538817706839,-0.7983395860253244,-0.5330620184601789,0.2774551945000650,0.3062376286046005,-0.7392208102284842,-0.5973935045255806,0.0537783348795685,-0.3659759497316165,-0.4683827201597917,-0.5839901413534023,-0.5528424246345323,-0.2806821927843969,-0.5640498686537141,-0.4034808634126340,-0.6635272753890873,-0.2806821927843969,-0.5640498686537141,-0.4034808634126340,-0.6635272753890873,0.2284222790442984,-0.5983005116764963,0.0126134201847807,0.7679196974912762
0.0639724619300440,-1.5493334066482349,0.1057213569942519,0.2180804022652102,-0.5974347758049929,0.0297397755541760,0.7711213734274709,-0.9539338073222634,0.4895362445360421,-0.0549176281717855,0.9227124190096689,-0.3332237156034245,0.2617043448310074,-1.0902996673643355,-0.3236882008057028,0.3246562061627369,0.8643523173057956,-0.4101421363160723,0.1505192743462873,-0.0338470760690503,-2.1024885938495834,1.3675151003252577,0.9519936434780973,-1.6234738179298736,0.5039573549206791,-1.3778540952429748,-1.0072761329897491,-0.7228571922811470,-1.9968271410582223,-0.4982230652008021,0.0008792707947200,-0.2097148886130835,-0.2447490234433662,0.0409642238328898,-0.3583333720789905,0.4215745568965755,0.4132688856355821,0.2424991615298650,-0.0532501928709437,-0.5557908682044784,0.0431009162654477,-0.0128348726355224,0.0022487534360446,-0.0179198879491040,0.1757633617648241,-0.2127772348081075,-0.2079229797602568,-0.7135017713698175,-0.0049459820699349,-0.0013918216023548,-1.2313184805497943,0.1608337449666925,0.7837393772200387,0.8194209816514233,0.0173706392086456,-1.3057821709449282,-1.9077526978671553,0.0704101190415046,-1.0222120702297830,-0.0927204254726496,-0.0011318608075105,0.0000000000000000,0.0000000000000000,0.2180804022652102,-0.5974347758049929,0.0297397755541760,0.7711213734274709,0.2180804022652102,-0.5974347758049929,0.0297397755541760,0.7711213734274709,0.1358898715657618,-0.8987233636674268,0.0213333890118049,0.4163834109536756,0.2327619939427689,-0.8667531537915891,0.2385325308647787,0.3710297242639236,0.2559932331062245,-0.8601782606156132,0.2284655971741087,0.3773119339167496,0.1275383486491937,-0.6023120468405310,0.3185326264484325,0.7207573334642314,0.1785945927859505,-0.7134954807893310,0.2929727562691118,0.6108969916482653,0.2567757649610585,-0.6691699005863063,0.3835628777293654,0.5823721915630445,0.2567757649610585,-0.6691699005863063,0.3835628777293654,0.5823721915630445,0.2815462308476503,-0.8677999971892509,-0.1872878377237214,0.3641128267647139,0.2191232035691641,-0.8262230619679471,-0.3248215219981594,0.4047609817864064,0.0825305347727548,-0.8507927111231187,-0.2550392456398465,0.4519905493628759,0.1818059877266101,-0.5830930616907227,-0.1969844887628734,0.7669068883650217,0.1380472238747309,-0.7265944598069493,-0.2297809173253924,0.6326169338481452,0.1852251156529600,-0.7418154819451299,-0.1744951854223083,0.6204457087790165,0.1852251156529600,-0.7418154819451299,-0.1744951854223083,0.6204457087790165,0.2281585744904183,-0.5936590250975877,0.0166871116756802,0.7715142040886903,0.1603034468267578,-0.9508675703476619,-0.2312398940838933,-0.1291579652234618,0.0427099221766050,-0.8832612323304480,0.4212726200655513,-0.2013823169815872,-0.3532366386680389,-0.7991075833962424,0.2814102360646754,-0.3968113233000620,-0.0017655958068457,-0.2786315677492354,0.4659827522576891,-0.8397746166224597,-0.0172546192441957,-0.2813934857582094,0.2323153575374932,-0.9308864371875920,-0.0172546192441957,-0.2813934857582094,0.2323153575374932,-0.9308864371875920,0.1632224771734841,-0.9565620338550609,-0.1008841402414074,0.2194763964078436,0.0375498777316470,-0.7901478289597588,-0.5485024546484349,0.2709270608801561,0.3018474671153251,-0.7318411042784257,-0.6095169010114342,0.0422593429434810,-0.3859662457252967,-0.4469774516550667,-0.5831742994867557,-0.5578072707403465,-0.3051150565087788,-0.5482657265988615,-0.4016414554234070,-0.6670784336298352,-0.3051150565087788,-0.5482657265988615,-0.4016414554234070,-0.6670784336298352,0.2278968868752705,-0.5937595322568542,0.0170271682440921,0.7715067740132093
0.0593832381779323,-1.5545173717377381,0.1061014125180058,0.2173934601110511,-0.5932698563429070,0.0342557137807673,0.7743368176247221,-0.9510501466425526,0.4904478866626443,-0.0640551770235251,0.9234130038079990,-0.3334604176753668,0.2617457925456319,-1.0898456846839439,-0.3169346630377238,0.3201191938540214,0.8617258663281573,-0.4183922475901811,0.1503508431894020,-0.0335316000125874,-2.1254942693530050,1.3690582972603513,0.9668809633219705,-1.6090481629225664,0.5043053505077711,-1.4049577327022691,-1.0417201227064854,-0.7253821206186772,-2.0157611560775313,-0.5003131328662614,0.0008588351742989,-0.1854180441912933,-0.2203415972265947,-0.0203365385127867,-0.4092058852190962,0.4828451014895740,0.3424265518858788,0.1290318656444472,0.0192399879063749,-0.3706542755643211,0.0309894692577215,-0.0115633724998528,0.0020466574439767,0.0464197347781571,0.3071925370960297,-0.2571586608274040,-0.1019765793023049,-0.2472274768562732,-0.0084229832325191,-0.0385155954606823,-1.0680143433626426,0.0264440323125016,0.7510717216875479,0.6597142669109980,0.0173717450982808,-1.1953474120105771,-1.5813098973016804,-0.0867755167094484,-0.8305338399314545,-0.1004938328177660,-0.0009857067381702,0.0000000000000000,0.0000000000000000,0.2173934601110511,-0.5932698563429070,0.0342557137807673,0.7743368176247221,0.2173934601110511,-0.5932698563429070,0.0342557137807673,0.7743368176247221,0.1380998383215935,-0.8956802859456631,0.0260694741814232,0.4219071491925085,0.2363889800313589,-0.8625598931737608,0.2427204622685757,0.3757625021259222,0.2635719811618250,-0.8546456165795425,0.2307053478248789,0.3832567328734179,0.1332105177336067,-0.5944492811780824,0.3239600357045792,0.7238334790117780,0.1851238242899177,-0.7063252857320348,0.2973622646686083,0.6151499361675918,0.2638163482308337,-0.6614801736961393,0.3869931595263790,0.5857313451513962,0.2638163482308337,-0.6614801736961393,0.3869931595263790,0.5857313451513962,0.2826541370386859,-0.8658952596733170,-0.1834539432430680,0.3696981049434311,0.2206465262924588,-0.8259982564065338,-0.3180516159831891,0.4097379167454725,0.0859622729120556,-0.8506282953131503,-0.2485663307696866,0.4552546211255110,0.1819401553174953,-0.5826679062987268,-0.1899276521193206,0.7689755378508126,0.1385858340549536,-0.7295045398470144,-0.2235367973193783,0.6313860888442857,0.1856196572635425,-0.7442342353766065,-0.1681100125114706,0.6191928370258788,0.1856196572635425,-0.7442342353766065,-0.1681100125114706,0.6191928370258788,0.2272863780959131,-0.5895506265591024,0.0212989733216038,0.7748014679847074,0.1616654145619966,-0.9500917262072335,-0.2301682419670059,-0.1349540140821140,0.0399178457216649,-0.8816005367866068,0.4224123593778827,-0.2067724782830612,-0.3607277223005355,-0.7933417528314559,0.2772013590077317,-0.4045290844209450,-0.0138055660030987,-0.2755749274081589,0.4684080518359727,-0.8393222043450007,-0.0281678644328180,-0.2756385244040262,0.2349555496623296,-0.9316790568433631,-0.0281678644328180,-0.2756385244040262,0.2349555496623296,-0.9316790568433631,0.1634808947335215,-0.9585478529146341,-0.0986936321563822,0.2114700397258522,0.0369875331136778,-0.7832123945649213,-0.5613668714444736,0.2647215575632080,0.2993447551710707,-0.7250870202238455,-0.6194026796194838,0.0313345039003324,-0.4011193564138364,-0.4283494867339686,-0.5835121925055182,-0.5613675269574282,-0.3241042388767706,-0.5341902417481775,-0.4010516913294110,-0.6698916097735158,-0.3241042388767706,-0.5341902417481775,-0.4010516913294110,-0.6698916097735158,0.2270326125201037,-0.5896483967556301,0.0216324484424521,0.7747922290718955
0.0552862834267170,-1.5587832211373143,0.1060877800114085,0.2156523993182172,-0.5897651266870816,0.0401269820381623,0.7772135892562460,-0.9470265763084983,0.4894547114144078,-0.0683754115446089,0.9245959742311818,-0.3336865428902689,0.2617847480615252,-1.0890710120869374,-0.3134808720704102,0.3160580777879544,0.8597542337832820,-0.4221467122447710,0.1502036511784611,-0.0372882363630188,-2.1443497374772531,1.3691938638393069,0.9817654699647719,-1.5972956923666299,0.5046488336601387,-1.4299907704588977,-1.0701486818436325,-0.7293100605148273,-2.0300151965360906,-0.5024886363699270,0.0008422992279785,-0.1696962968763465,-0.1522581109246569,-0.0196683190157914,-0.5882618509453581,0.3094396383552892,0.4016208925762655,0.2030508440795805,-0.0671659526827531,-0.1172102290764299,0.0654856427844030,-0.0109371810597335,0.0018574438248183,0.0392117435707175,0.1370681289754664,-0.1755091677508975,-0.1074472958891059,-0.1299236106074839,-0.0069988841727722,-0.2707287179935917,-0.8527463127278000,-0.0058875403752360,0.7371084842211311,0.5312088098980757,0.0171224186432434,-1.1766600631867803,-1.2794649150528847,-0.1962200287606177,-0.6217510684759820,-0.1075188031441068,-0.0008028172827609,0.0000000000000000,0.0000000000000000,0.2156523993182172,-0.5897651266870816,0.0401269820381623,0.7772135892562460,0.2156523993182172,-0.5897651266870816,0.0401269820381623,0.7772135892562460,0.1399516588059012,-0.8927629423582850,0.0324479002917664,0.4270070206869092,0.2392674311225884,-0.8582831547785682,0.2478478640313758,0.3803584610895770,0.2683650492546479,-0.8496346730867359,0.2347475329439482,0.3885803885994203,0.1355175322508793,-0.5871868602204622,0.3297896334595003,0.7266948378100099,0.1884006732695356,-0.6997087850665319,0.3027067726303879,0.6190972558621134,0.2675918794423057,-0.6542151094292584,0.3914413936849946,0.5892120263207022,0.2675918794423057,-0.6542151094292584,0.3914413936849946,0.5892120263207022,0.2836144685818773,-0.8644583891330616,-0.1778009753227240,0.3750484499938379,0.2215360381948590,-0.8260640847855282,-0.3106760711668786,0.4147532886098517,0.0886268157927634,-0.8506499726174461,-0.2414537817910131,0.4585193375062738,0.1812109543446093,-0.5820802728700615,-0.1825300831212831,0.7713805252382049,0.1389755906793563,-0.7306913648383441,-0.2164264919414224,0.6324045288673477,0.1860382845290663,-0.7448715558799873,-0.1609865283317816,0.6201930825364712,0.1860382845290663,-0.7448715558799873,-0.1609865283317816,0.6201930825364712,0.2264513749221253,-0.5857035400130447,0.0258409646277251,0.7778196336935551,0.1633853245486006,-0.9494985250345209,-0.2288910303046554,-0.1391642300502974,0.0385671128497616,-0.8802910428649992,0.4231149165986821,-0.2111256142910599,-0.3670471865587860,-0.7885273161541764,0.2729668583426116,-0.4110840896514205,-0.0243697395286371,-0.2728169003584570,0.4698773774053713,-0.8391616679024141,-0.0377216599292986,-0.2704726220171373,0.2365625287974367,-0.9324482865447906,-0.0377216599292986,-0.2704726220171373,0.2365625287974367,-0.9324482865447906,0.1639738226363310,-0.9602766921915415,-0.0964617652719747,0.2041479555722171,0.0372908982965880,-0.7776052023605889,-0.5716348021136062,0.2591779141410788,0.2986730751818218,-0.7190644879591140,-0.6271226605059411,0.0213968455030649,-0.4121198274327527,-0.4123752712688455,-0.5848508759868059,-0.5639621763382817,-0.3384073871145207,-0.5218025359888716,-0.4015517468622781,-0.6722787728121119,-0.3384073871145207,-0.5218025359888716,-0.4015517468622781,-0.6722787728121119,0.2262042157376083,-0.5857990395779655,0.0261691652031017,0.7778086607930258
0.0517060728174905,-1.5621503888840174,0.1056612089964328,0.2129422462632203,-0.5868187434203057,0.0470664516738068,0.7797974809229803,-0.9435854860038178,0.4881877711388019,-0.0694783605856156,0.9259707481866398,-0.3338949033412759,0.2618127578972055,-1.0881114577018396,-0.3107124836321488,0.3128857403128050,0.8585367720680953,-0.4236448794310503,0.1500413269186686,-0.0441471718345311,-2.1593283078096555,1.3684833839839288,0.9961577703077948,-1.5882479012849109,0.5049919560758439,-1.4515072129144295,-1.0922501594621672,-0.7331022040394328,-2.0406407645088485,-0.5045759048472074,0.0008261412718632,-0.1496261134999172,-0.0996254585858964,-0.0391896316692300,-0.7059240408503267,0.2240629344682318,0.4067595303592321,0.0419269479192406,0.0689280591336425,-0.0314192569223101,0.0528389856605882,-0.0095789747855270,0.0008555731162123,0.0662874997846401,0.3480632680854991,-0.1485217133216167,-0.0760729787877813,-0.0141935738572314,-0.0099794324106875,-0.2901536475575194,-0.6874525867464656,-0.0940921293605103,0.6828362215606546,0.3660073843423056,0.0174437906505699,-1.0642009365868781,-0.9522424391997654,-0.3049215561820812,-0.5363226658523614,-0.1006546110398243,-0.0008856225357380,0.0000000000000000,0.0000000000000000,0.2129422462632203,-0.5868187434203057,0.0470664516738068,0.7797974809229803,0.2129422462632203,-0.5868187434203057,0.0470664516738068,0.7797974809229803,0.1413064610698744,-0.8901082440811735,0.0401693042140919,0.4314234867014022,0.2413563777094637,-0.8540320163375823,0.2540385290712370,0.3845007669129589,0.2708466082191170,-0.8451424145118204,0.2405430518119787,0.3930845382793770,0.1349188745933143,-0.5806471360974957,0.3361781406297764,0.7291296581424712,0.1889038213654524,-0.6937298879654994,0.3090860579714805,0.6225110421386566,0.2685451730578720,-0.6474487921249199,0.3969954788973750,0.5925269119106276,0.2685451730578720,-0.6474487921249199,0.3969954788973750,0.5925269119106276,0.2843473093739196,-0.8634617886377709,-0.1706867521865703,0.3800610212087990,0.2219691199849207,-0.8265467016271424,-0.3025240120037247,0.4195586752333725,0.0903514488477339,-0.8510501488682697,-0.2333914044555418,0.4616044975178232,0.1793060172145075,-0.5816534995224776,-0.1745974918871566,0.7739795052264894,0.1385936572684365,-0.7313671461785334,-0.2083908110919820,0.6344029992899261,0.1857587433053580,-0.7449304907083150,-0.1529810336936422,0.6222291030068497,0.1857587433053580,-0.7449304907083150,-0.1529810336936422,0.6222291030068497,0.2256736412262333,-0.5820412747638314,0.0300699629491949,0.7806376620783951,0.1652387375302153,-0.9491217815362247,-0.2275403147435115,-0.1417371108755518,0.0384331178759067,-0.8792582162065181,0.4236882583379027,-0.2142805274173659,-0.3722278151939737,-0.7845974121521884,0.2691577164378418,-0.4164222353837241,-0.0331674648737404,-0.2703978272666968,0.4707816010058977,-0.8391362335387645,-0.0456471769710568,-0.2660295651015572,0.2375449743985851,-0.9331221736002347,-0.0456471769710568,-0.2660295651015572,0.2375449743985851,-0.9331221736002347,0.1646301965537487,-0.9616367440547566,-0.0942975596837451,0.1981404580193868,0.0380161395612665,-0.7733361497411682,-0.5792999713292315,0.2547891596091101,0.2988639080783406,-0.7141891413364668,-0.6327978878115694,0.0134561519922669,-0.4198427454122933,-0.3998751110575209,-0.5863662932453986,-0.5656912009454063,-0.3486855825935422,-0.5120236554372335,-0.4023210331004309,-0.6740830268513653,-0.3486855825935422,-0.5120236554372335,-0.4023210331004309,-0.6740830268513653,0.2254326822690468,-0.5821346439080872,0.0303931102093873,0.7806251475444463
0.0486536878102117,-1.5646253937604884,0.1047865040492676,0.2093388837979724,-0.5844061256447662,0.0548020986294240,0.7820763658524050,-0.9400495970073588,0.4858228104579189,-0.0695216427346804,0.9275295451442011,-0.3340933538541792,0.2618228929185131,-1.0868682043115616,-0.3098416060684498,0.3100922898828579,0.8584136502628190,-0.4240608861532012,0.1498681773384220,-0.0540520887430572,-2.1702803488895110,1.3653276483885650,1.0102064990967048,-1.5828967548911497,0.5053388530034074,-1.4701723925408117,-1.1090281784212035,-0.7362653500290471,-2.0479669512863250,-0.5065504735934702,0.0008089460203352,-0.1252006497142347,-0.0585497491595276,-0.0718249312977432,-0.7694252303250847,0.2043801522916291,0.3682871392164152,0.1078975434156033,-0.0432065262753772,0.0058802430481103,0.0644061963220713,-0.0093041712225536,0.0003088729918965,0.0899616518526243,0.1259317210326753,-0.1817484097766142,0.0587838494087855,0.0454860710750359,-0.0109747365606843,-0.4757757812345178,-0.4766638566659941,-0.2469897451976037,0.6777585923062851,0.1685692522812428,0.0176678413778916,-0.8462617455998531,-0.7194715039928019,-0.1747320819332452,-0.3247260918967813,-0.0935966675401829,-0.0009275051011575,0.0000000000000000,0.0000000000000000,0.2093388837979724,-0.5844061256447662,0.0548020986294240,0.7820763658524050,0.2093388837979724,-0.5844061256447662,0.0548020986294240,0.7820763658524050,0.1420876353118852,-0.8877592775626149,0.0489518099605843,0.4350842324131787,0.2425835941605880,-0.8499106347590192,0.2610837557574850,0.3881241879182735,0.2719796377915865,-0.8409649004917538,0.2474349029946972,0.3969648366639773,0.1325916377299425,-0.5746152275844093,0.3429524926244588,0.7311773968298534,0.1877660441255750,-0.6881843305231348,0.3161342551301114,0.6254641257731639,0.2678059461934676,-0.6410284028481009,0.4032630987162830,0.5956017420551901,0.2678059461934676,-0.6410284028481009,0.4032630987162830,0.5956017420551901,0.2847694144647409,-0.8628418751227943,-0.1623478222451685,0.3847771611364702,0.2219337070477405,-0.8274207263770839,-0.2936458043541360,0.4241373749422234,0.0913416541537478,-0.8517842044665952,-0.2245412343659259,0.4644368690221461,0.1764896111868327,-0.5812944642980016,-0.1661730449177517,0.7767462147074706,0.1375578221125358,-0.7317683115029938,-0.1995993719673799,0.6369874995366407,0.1848660793433295,-0.7446591768236214,-0.1442479857123894,0.6248998013269901,0.1848660793433295,-0.7446591768236214,-0.1442479857123894,0.6248998013269901,0.2247794216228209,-0.5786428082814279,0.0340208861692000,0.7832555721751083,0.1671633997163732,-0.9490148877124691,-0.2259342101745631,-0.1427615962650712,0.0395849525573382,-0.8787646064573946,0.4236133742752870,-0.2162348424836304,-0.3763599483021370,-0.7818469621087244,0.2653507946106696,-0.4203064036567361,-0.0402948045418669,-0.2682795663743596,0.4709732052509472,-0.8393965945419178,-0.0520228416106576,-0.2622393735275496,0.2377241506536921,-0.9338154866560164,-0.0520228416106576,-0.2622393735275496,0.2377241506536921,-0.9338154866560164,0.1652683659454469,-0.9627703555002615,-0.0921025844778168,0.1930718097499731,0.0390264987362787,-0.7704314258282056,-0.5846751761396334,0.2511320148822034,0.2997940881181979,-0.7105233520501953,-0.6365773828677739,0.0070218617153388,-0.4247243063175707,-0.3902260838019608,-0.5879757852830588,-0.5671131660122299,-0.3555410836444590,-0.5043207137840688,-0.4031911519066583,-0.6757869860491799,-0.3555410836444590,-0.5043207137840688,-0.4031911519066583,-0.6757869860491799,0.2245448210654113,-0.5787338864224295,0.0343384155773901,0.7832417157268429
0.0461535388631112,-1.5662157368891836,0.1035331006984005,0.2049003102675273,-0.5825076635797298,0.0631009106493872,0.7840401519044635,-0.9371542592267365,0.4838043627507333,-0.0692285835193093,0.9289097807423649,-0.3342789925559772,0.2618269554623858,-1.0848241481261833,-0.3092255530890972,0.3077735460319970,0.8586588862232331,-0.4234904110992033,0.1496814301535049,-0.0658207697996924,-2.1775460723781355,1.3590774484610866,1.0235292586354483,-1.5815825264787204,0.5057097145330478,-1.4863223040257374,-1.1214910209987097,-0.7394101533310635,-2.0525575382518180,-0.5083659529410481,0.0007918286739358,-0.1057996320417110,-0.0036042399489182,-0.0846203498665014,-0.8835567509194002,0.1045819269641144,0.3777954471952552,0.1061399185792421,-0.0695578482399606,0.0125721122675576,0.0494074978991043,-0.0091458542170087,0.0001830774680216,0.1122840014694842,0.0858125801070653,-0.0793358167480398,-0.0603341750765934,0.0185000597658428,-0.0086974749156480,-0.6219858020098747,-0.2857018105737514,-0.3491898942111315,0.6422914908921583,-0.0094804039837740,0.0200509196859327,-0.9206591815673909,-0.5236523807650170,-0.3251787718143561,-0.2421593919451632,-0.0884445349510640,-0.0007020258635489,0.0000000000000000,0.0000000000000000,0.2049003102675273,-0.5825076635797298,0.0631009106493872,0.7840401519044635,0.2049003102675273,-0.5825076635797298,0.0631009106493872,0.7840401519044635,0.1422349418001064,-0.8857400875485887,0.0585575984896895,0.4379551647139920,0.2430329408133751,-0.8459047565287856,0.2690903898570837,0.3911144265405485,0.2721724305125974,-0.8369838920237873,0.2553887238681015,0.4001958673982053,0.1289597095772864,-0.5690929969732217,0.3502436659182491,0.7326881523444511,0.1854270264132885,-0.6830485160539861,0.3239105587745446,0.6278084839394386,0.2657942597639130,-0.6349205490714114,0.4103038163800671,0.5982307966891743,0.2657942597639130,-0.6349205490714114,0.4103038163800671,0.5982307966891743,0.2847865457567754,-0.8624901830420784,-0.1529148970448763,0.3893897042472003,0.2213875706516337,-0.8286288623168320,-0.2839832567559498,0.4286201838210211,0.0916913953995707,-0.8527783627140166,-0.2148913521761892,0.4671011227307965,0.1728303668927419,-0.5809014167262814,-0.1572109077327385,0.7797229885125671,0.1359263345369576,-0.7318107975909874,-0.1900253583335090,0.6402088341305612,0.1834202766669026,-0.7439718027473595,-0.1347688279884469,0.6282517981087696,0.1834202766669026,-0.7439718027473595,-0.1347688279884469,0.6282517981087696,0.2235984831186746,-0.5755892924854253,0.0377570180327203,0.7856685639074742,0.1691136057445019,-0.9492059047391105,-0.2238933766081371,-0.1424096017532091,0.0419762924213289,-0.8789065893164829,0.4226621593384646,-0.2170665731842965,-0.3794782620857301,-0.7804029442932635,0.2613848304801448,-0.4226647176399591,-0.0457701562004461,-0.2664186967292874,0.4704273395167169,-0.8400144576551519,-0.0568530352441076,-0.2590532440158907,0.2370534536346736,-0.9345933924805215,-0.0568530352441076,-0.2590532440158907,0.2370534536346736,-0.9345933924805215,0.1658237336956849,-0.9636915758290783,-0.0896698137734091,0.1891040996835690,0.0399904292252988,-0.7687308023248030,-0.5880434357963318,0.2483115719097421,0.3009550661204095,-0.7081006225338289,-0.6387601235348891,0.0022496945031800,-0.4272932996803943,-0.3835403446844506,-0.5894261035864105,-0.5682377217842161,-0.3594553450844662,-0.4988968868571986,-0.4039199114766748,-0.6773052903138130,-0.3594553450844662,-0.4988968868571986,-0.4039199114766748,-0.6773052903138130,0.2233701774064615,-0.5756779300288059,0.0380686240630836,0.7856535270620885
0.0442103966478327,-1.5668481468633495,0.1020904018063724,0.1995578680171730,-0.5813320754372560,0.0723642617240013,0.7854890763119461,-0.9338307500061118,0.4809973382349705,-0.0686971089758018,0.9301239677194756,-0.3344616870995420,0.2618288569337411,-1.0820948460375672,-0.3112251263352678,0.3053042466797414,0.8599608429440319,-0.4224721658284993,0.1494847481099019,-0.0810440390435093,-2.1809127088016309,1.3513038029461604,1.0361030782960645,-1.5835467997688841,0.5061218449104755,-1.5007252511548896,-1.1311267963478218,-0.7421069809760861,-2.0547046245625453,-0.5099978259775145,0.0007763780308397,-0.0885124286100596,0.0671820485575182,-0.0643199987905547,-1.0446091701640994,-0.1034947825281352,0.4329430297493641,0.1589076695592519,-0.1209234464771550,0.0368317680139674,0.0633164608141241,-0.0087457411918086,0.0000359204981331,0.1574080340388739,-0.1131233006839598,-0.0837144842727095,0.0242947782256185,0.0387572626098450,-0.0095216599318680,-0.8142314290537279,-0.0853628369137349,-0.4388222952553863,0.6014564932992095,-0.1826763867750076,0.0212171336138453,-0.5986266579387962,-0.4260229853897182,-0.0761135727746205,-0.0373590398215561,-0.0792968832799908,-0.0008391346067922,0.0000000000000000,0.0000000000000000,0.1995578680171730,-0.5813320754372560,0.0723642617240013,0.7854890763119461,0.1995578680171730,-0.5813320754372560,0.0723642617240013,0.7854890763119461,0.1419083343975566,-0.8839569633167010,0.0693598097365743,0.4400810475648035,0.2426932839989649,-0.8419618648472081,0.2780124355955843,0.3935851543173616,0.2714953025293710,-0.8331207071365325,0.2643171863231525,0.4029101798900372,0.1241429802676080,-0.5639881209506318,0.3579969200029228,0.7337193776542048,0.1819976845330970,-0.6782440862898416,0.3323403633414005,0.6296123292404272,0.2626303950974160,-0.6290563474802537,0.4180350097633431,0.6004665834814956,0.2626303950974160,-0.6290563474802537,0.4180350097633431,0.6004665834814956,0.2845605304229342,-0.8625161502693485,-0.1420140018057533,0.3936028688171331,0.2201684429202748,-0.8301150824798992,-0.2738814269419012,0.4329246707658512,0.0913094214073753,-0.8539483491293829,-0.2048267244017911,0.4695538515998834,0.1683769191308147,-0.5805008536740760,-0.1481236327225741,0.7827690345285465,0.1335704537993152,-0.7317448537495801,-0.1801397550202674,0.6436288305724732,0.1812651222079716,-0.7431546177209586,-0.1249883054040345,0.6318560699583201,0.1812651222079716,-0.7431546177209586,-0.1249883054040345,0.6318560699583201,0.2224779117731709,-0.5729519206642003,0.0411253823758709,0.7877425837827307,0.1711210988213085,-0.9495956237374070,-0.2217610750058898,-0.1407399961957719,0.0454108786385626,-0.8794748838512738,0.4212288590348379,-0.2168594685326690,-0.3816353475425207,-0.7800188167833829,0.2576110717597572,-0.4237471447416969,-0.0495854541208511,-0.2647943381072770,0.4694351327138213,-0.8408661590407333,-0.0601276532145161,-0.2564702884095453,0.2358341689929012,-0.9354089486515873,-0.0601276532145161,-0.2564702884095453,0.2358341689929012,-0.9354089486515873,0.1662741558657372,-0.9645950188332095,-0.0875070372272487,0.1850726159349526,0.0413087474330879,-0.7677521961821512,-0.5904723509018983,0.2453417116256004,0.3028388301505549,-0.7061635031366640,-0.6400122483571656,-0.0024640908271922,-0.4280541205093094,-0.3778486958885382,-0.5914328861248852,-0.5693919336804150,-0.3614236806550777,-0.4939927378388662,-0.4052229445352599,-0.6790717659028184,-0.3614236806550777,-0.4939927378388662,-0.4052229445352599,-0.6790717659028184,0.2222550005178168,-0.5730384274763536,0.0414318332961899,0.7877265252420861
0.0428113134794408,-1.5667089198199458,0.1002656531132434,0.1934402567775708,-0.5804424166308456,0.0818414395306646,0.7867461133104637,-0.9320598289965683,0.4798772877944797,-0.0682891236778634,0.9307484586358544,-0.3346330194608894,0.2618298119461274,-1.0783952813951219,-0.3121491805854441,0.3025385012577542,0.8615934010872082,-0.4207521288718014,0.1492625980308769,-0.0974896702807807,-2.1817453156814257,1.3408828031425017,1.0468515661804800,-1.5893533749869582,0.5065788925344664,-1.5109866253887134,-1.1375638095897689,-0.7437422667742372,-2.0551977284297211,-0.5115968521720762,0.0007600956224842,-0.0661476074269185,0.1069135567085183,-0.0901713530079460,-1.1139204842498198,-0.1369814570670789,0.4002338915328558,0.0875563526038839,-0.0662822727667492,0.0155147076048339,0.0194400937827823,-0.0085795040280992,0.0000595161080680,0.1984932912652625,-0.0814833283107004,-0.1117662603255687,0.0426174958505005,0.0629103939399805,-0.0106247186823560,-0.8939217048198845,-0.0115187926593685,-0.5829113443732618,0.4745788731723438,-0.3791600131171836,0.0228522045245469,-0.4522583254362842,-0.2518374694562102,-0.0590639505830427,0.0024581970734796,-0.0817791553642657,-0.0008023039921569,0.0000000000000000,0.0000000000000000,0.1934402567775708,-0.5804424166308456,0.0818414395306646,0.7867461133104637,0.1934402567775708,-0.5804424166308456,0.0818414395306646,0.7867461133104637,0.1408156863282218,-0.8825540359735193,0.0806500195374781,0.4413217538478805,0.2416849103955555,-0.8380861091773626,0.2881279675222340,0.3951991295822268,0.2701674297730364,-0.8293428013787719,0.2744624669310659,0.4048091302541937,0.1182762197900464,-0.5594984845500885,0.3665116938055751,0.7339219031491704,0.1776593209244180,-0.6739049051853448,0.3416976024977783,0.6305014614599058,0.2584454963302060,-0.6235326021338632,0.4267460214949539,0.6019143233393237,0.2584454963302060,-0.6235326021338632,0.4267460214949539,0.6019143233393237,0.2837389027142073,-0.8626338310319637,-0.1303328225071769,0.3979553543087076,0.2184668366797127,-0.8319108292496734,-0.2627701338445649,0.4372052952648117,0.0905133331961128,-0.8553424595245164,-0.1938329427925557,0.4718319655731896,0.1631811744615189,-0.5801915729670252,-0.1383321275020812,0.7858841297927817,0.1306851965304085,-0.7315548631811997,-0.1693672123101199,0.6473512253468320,0.1785959999126807,-0.7421480695877815,-0.1143416514525418,0.6358031915344764,0.1785959999126807,-0.7421480695877815,-0.1143416514525418,0.6358031915344764,0.2209829397056986,-0.5705252600240029,0.0441156056229127,0.7897602682929143,0.1728635722552123,-0.9502704241179046,-0.2192486932929845,-0.1379649119278687,0.0495991852380639,-0.8805640292941661,0.4191549340961246,-0.2155366612894842,-0.3828024624776675,-0.7808380951338426,0.2541437950855097,-0.4232789568692517,-0.0515165706090172,-0.2634867242489219,0.4680869090433447,-0.8419117736909890,-0.0616502719337911,-0.2546290217254125,0.2341554006452229,-0.9362342407828957,-0.0616502719337911,-0.2546290217254125,0.2341554006452229,-0.9362342407828957,0.1665522885935724,-0.9651598869674889,-0.0850332524837204,0.1830193260975143,0.0418160017597081,-0.7675523718470574,-0.5912931742469318,0.2438998986424081,0.3037748625714133,-0.7055078641904013,-0.6402793701018764,-0.0046706163578860,-0.4279335081301646,-0.3755034089549431,-0.5923759180674137,-0.5700533958993814,-0.3616882654762666,-0.4920513379649698,-0.4054714633328995,-0.6801911289088758,-0.3616882654762666,-0.4920513379649698,-0.4054714633328995,-0.6801911289088758,0.2207656390734920,-0.5706093800235861,0.0444163827054144,0.7897434095837322
0.0419135682196085,-1.5657737646329815,0.0981679472289365,0.1864305616638798,-0.5799864347722716,0.0919121621767190,0.7876620694192666,-0.9309655744136921,0.4791871142487640,-0.0680425058562213,0.9309486632121003,-0.3348053097872650,0.2618310406599180,-1.0735304738343796,-0.3137997864075107,0.2993082635393137,0.8635370563741886,-0.4188538606096501,0.1490270175683727,-0.1161370074438114,-2.1817204201525575,1.3273432864446506,1.0545968059356885,-1.5991125349362179,0.5070804966480985,-1.5186805247937927,-1.1409135407534412,-0.7452811536068985,-2.0549906622477363,-0.5131624904391349,0.0007433799681958,-0.0480851748676876,0.1457644030063489,-0.1086902024621402,-1.1968966800708001,-0.1822246541360434,0.3726172291063024,0.0258079092845904,-0.0125786458924608,0.0083654297636602,0.0036754598389897,-0.0087529784740833,0.0000889253240878,0.2910651015343046,-0.0833224905521408,-0.2181183669641578,0.1491287508016581,0.1230360016588040,-0.0127522473011525,-0.9643680952665020,0.0160864770326679,-0.7562146267713012,0.3266560511384193,-0.5782988983694458,0.0283493487542512,-0.3311109346835748,-0.0954119008969531,-0.1077601486017613,0.0136750904530374,-0.0746734355012510,-0.0008640813417003,0.0000000000000000,0.0000000000000000,0.1864305616638798,-0.5799864347722716,0.0919121621767190,0.7876620694192666,0.1864305616638798,-0.5799864347722716,0.0919121621767190,0.7876620694192666,0.1390629522342558,-0.8814474352111858,0.0928080993156299,0.4416996388689228,0.2399143080997116,-0.8342406024460600,0.2993418473407827,0.3960785281103740,0.2681588198404322,-0.8255950007977975,0.2856927429652985,0.4060337407364524,0.1113982019973626,-0.5555147115205072,0.3756593358789374,0.7333988745853373,0.1724309358375824,-0.6699438753369400,0.3518480757477935,0.6305915539057545,0.2532739644610890,-0.6182801569588829,0.4362929199744152,0.6026860164441030,0.2532739644610890,-0.6182801569588829,0.4362929199744152,0.6026860164441030,0.2824037618355771,-0.8628929182054548,-0.1174544980420219,0.4023286814306021,0.2161049791886086,-0.8339613412126400,-0.2507752554823616,0.4414961954201456,0.0891621948377266,-0.8568797953499740,-0.1820435064908004,0.4739908027348642,0.1571415705391851,-0.5800045306126087,-0.1280478896828257,0.7889898663640121,0.1270675528072771,-0.7314421771681704,-0.1579353420464104,0.6510780338912850,0.1751923461938361,-0.7411712802409592,-0.1030357421180016,0.6398096678132259,0.1751923461938361,-0.7411712802409592,-0.1030357421180016,0.6398096678132259,0.2192283072956662,-0.5684008868065190,0.0468080249721724,0.7916238942553754,0.1743162585762298,-0.9510348938384567,-0.2165585203561891,-0.1350884153389924,0.0539372027690007,-0.8822528474457761,0.4159265262170792,-0.2138359560978248,-0.3830685171643899,-0.7828796552199464,0.2504661415095121,-0.4214554170461117,-0.0519688947085732,-0.2623051418226691,0.4661058303815057,-0.8433508175371192,-0.0617605288653025,-0.2532289299327452,0.2317201938335351,-0.9372120879977729,-0.0617605288653025,-0.2532289299327452,0.2317201938335351,-0.9372120879977729,0.1666418020148198,-0.9655815176868762,-0.0824074796334543,0.1819116538961313,0.0420426965075981,-0.7682408944493966,-0.5907153189935237,0.2430920641903850,0.3047277592520743,-0.7058294414491099,-0.6394631016261930,-0.0057213620282273,-0.4267017710525215,-0.3748802446188516,-0.5928612785896972,-0.5708816910044870,-0.3604599593628053,-0.4914712683169922,-0.4051644209925230,-0.6814443499485833,-0.3604599593628053,-0.4914712683169922,-0.4051644209925230,-0.6814443499485833,0.2190165320253214,-0.5684825217557368,0.0471029444170582,0.7916064007984555
0.0413047354112302,-1.5642773482154662,0.0957456028754460,0.1784225111313926,-0.5797425628817627,0.1023847672124149,0.7884042920657611,-0.9307942030353927,0.4790947885058127,-0.0679613783922041,0.9307814031921776,-0.3349882893913114,0.2618336468706474,-1.0663454458693764,-0.3150300065418375,0.2955080295165352,0.8643869240054826,-0.4168984595463979,0.1487812376341816,-0.1362638160387997,-2.1800839269902945,1.3101525250628177,1.0608227042276424,-1.6129491429472833,0.5078433603137603,-1.5254289577420559,-1.1416781303709940,-0.7496648723195245,-2.0546732443438867,-0.5145526231793637,0.0007254814810240,-0.0424182685101243,0.1757768950142212,-0.1258415023111292,-1.3042603117561957,-0.2243858492842877,0.3458541780010463,0.0009127825526026,-0.0010395342600422,0.0009387178876799,-0.0207997036737923,-0.0094594416656217,0.0001405850041138,0.3976988509912501,-0.0593879005482990,-0.2330692168269222,0.0880066027772994,0.1088628853068590,-0.0130230536471804,-1.0318358816125492,0.1477798778629278,-0.9469504359445970,0.3184215804918043,-0.7810461735906880,0.0478017426909261,-0.2846668300829089,-0.0116365919129126,-0.2507094406634586,0.0512306285087336,-0.0663427748109688,-0.0009373458070417,0.0000000000000000,0.0000000000000000,0.1784225111313926,-0.5797425628817627,0.1023847672124149,0.7884042920657611,0.1784225111313926,-0.5797425628817627,0.1023847672124149,0.7884042920657611,0.1364899893038410,-0.8805699256605728,0.1057266761014374,0.4413490215266294,0.2373087717928232,-0.8303403082934387,0.3116351976919199,0.3963622368652916,0.2653826539443307,-0.8217983497988571,0.2979888425003813,0.4067212423744578,0.1034211658653341,-0.5518567227231599,0.3853950774469084,0.7322764876165291,0.1662204370407701,-0.6662072115013974,0.3627617256261041,0.6300338467687905,0.2470445605609743,-0.6131502221028021,0.4466261561652886,0.6029435022135485,0.2470445605609743,-0.6131502221028021,0.4466261561652886,0.6029435022135485,0.2802369923508922,-0.8629966150966044,-0.1032865496808356,0.4074751024356681,0.2128758452308734,-0.8361249450407758,-0.2373317199485313,0.4463772009232477,0.0872645390876093,-0.8583740148793101,-0.1689204456692706,0.4764922180190318,0.1499848322409765,-0.5799302969115945,-0.1168493339515635,0.7921689428251733,0.1225411418276223,-0.7313816312805044,-0.1453715422868604,0.6549287691636329,0.1708862485315578,-0.7401643319259389,-0.0906020840048432,0.6440076972998220,0.1708862485315578,-0.7401643319259389,-0.0906020840048432,0.6440076972998220,0.2168925783997173,-0.5664747488902475,0.0492920680998158,0.7934949655336808,0.1754348056467618,-0.9520301401325970,-0.2133335744503589,-0.1317195021969967,0.0586737929021363,-0.8845388966893584,0.4116594975853609,-0.2113877582023588,-0.3826587684630285,-0.7860401721182668,0.2466307403613580,-0.4181942044594269,-0.0510582041419057,-0.2611879533056077,0.4636891566223798,-0.8450835928289331,-0.0605609279370756,-0.2521883744978686,0.2286539168313472,-0.9383233899318544,-0.0605609279370756,-0.2521883744978686,0.2286539168313472,-0.9383233899318544,0.1662588257949045,-0.9660282498203263,-0.0794492595689033,0.1812049628137449,0.0419889823734936,-0.7699398114246788,-0.5888254844011932,0.2423100515089490,0.3067019836896993,-0.7067868601598200,-0.6374436743139454,-0.0071964979930550,-0.4239295366659199,-0.3742984167832572,-0.5936322573347553,-0.5725252712216372,-0.3578086853214771,-0.4905160039008561,-0.4050207197447238,-0.6836118863822647,-0.3578086853214771,-0.4905160039008561,-0.4050207197447238,-0.6836118863822647,0.2166865496083383,-0.5665535905048874,0.0495806415642960,0.7934769866145627
0.0407200574479859,-1.5625020637851166,0.0930290157102516,0.1696184405528340,-0.5797492192830260,0.1133980112766478,0.7888354190854061,-0.9456079733918902,0.4754866841794047,-0.0666654455583084,0.9194015428015546,-0.3326939977703784,0.2626916249850693,-1.0574812968679363,-0.3158721662729672,0.2914578502669246,0.8648971497708879,-0.4152239987053930,0.1485181133673895,-0.1573487773662219,-2.1747787339277180,1.2885515321563141,1.0690143537220052,-1.6305501781857450,0.5091331908647697,-1.5289400286933841,-1.1412261979095413,-0.7534868799171436,-2.0535236328524702,-0.5157522583068737,0.0007107610136760,-0.0493609125089430,0.1783568263321517,-0.1343053398693325,-1.2669040567211389,-0.3019621959255724,0.3299168486125674,-1.0839375225149523,-0.1893424842877507,0.1629619948382182,-0.8120741403492373,0.0787590401106670,0.0332792710401909,0.5123160280802393,0.0093289207204206,-0.2599387078639615,0.0956577054727080,0.0955254564059145,-0.0138857096238536,-0.9734659227719826,0.3812446811514443,-1.2051567513840959,0.4600049673919339,-0.9661184685472078,0.0770053206798261,-0.0759329625774861,0.0745312253533936,-0.1066907474317188,0.0494234518105988,-0.0519952505180482,-0.0005627647632249,0.0000000000000000,0.0000000000000000,0.1696184405528340,-0.5797492192830260,0.1133980112766478,0.7888354190854061,0.1696184405528340,-0.5797492192830260,0.1133980112766478,0.7888354190854061,0.1326828131941713,-0.8826304910993581,0.1193388226383647,0.4348757669448551,0.2314424149953146,-0.8296369602409749,0.3240074885077813,0.3913515940099541,0.2590966544424639,-0.8214207210154069,0.3107196050893991,0.4019828973430833,0.0940190341479533,-0.5572047246971015,0.3934948164183051,0.7251518085511737,0.1579057726364480,-0.6696335235273539,0.3724829073907635,0.6228267775538809,0.2380964729315243,-0.6150973437856081,0.4569549537950375,0.5967893241736426,0.2380964729315243,-0.6150973437856081,0.4569549537950375,0.5967893241736426,0.2774731024389454,-0.8629688825278187,-0.0879178415059657,0.4129937509896812,0.2090596735303363,-0.8383985499250052,-0.2225594539668646,0.4514966376807357,0.0848732634196070,-0.8598922053196367,-0.1545123887709754,0.4790697716443038,0.1418054108375717,-0.5800327212403560,-0.1047319176965387,0.7952889369048843,0.1171599511817591,-0.7315679248479002,-0.1317235550928340,0.6585824338733387,0.1657068397212281,-0.7393255194832115,-0.0770746383282948,0.6480729277149648,0.1657068397212281,-0.7393255194832115,-0.0770746383282948,0.6480729277149648,0.2141084029901685,-0.5648337493491807,0.0518242840557159,0.7952576129451761,0.1766584405091345,-0.9533225695132309,-0.2093905141780555,-0.1269782911596387,0.0647286850784358,-0.8874898263181998,0.4062389901926588,-0.2077062549779329,-0.3821572079643460,-0.7901537381654391,0.2420844459803961,-0.4135312073815517,-0.0496850756650729,-0.2601264692272250,0.4608564702663098,-0.8470400976796861,-0.0589284457387761,-0.2512724191013170,0.2248741663034274,-0.9395856634767921,-0.0589284457387761,-0.2512724191013170,0.2248741663034274,-0.9395856634767921,0.1657943840077299,-0.9663141758041935,-0.0759252061651882,0.1816163509713090,0.0414097786207061,-0.7721664678202703,-0.5859067069639429,0.2423994780176320,0.3084148166498217,-0.7084406600524010,-0.6347724025496704,-0.0074919301047831,-0.4204957193775423,-0.3753459965844552,-0.5939547063722341,-0.5740353121642074,-0.3541276817473799,-0.4909109270454862,-0.4044664445901479,-0.6855705229428796,-0.3541276817473799,-0.4909109270454862,-0.4044664445901479,-0.6855705229428796,0.2139073406584622,-0.5649099240120304,0.0521073473633015,0.7952391160625257
0.0403178048403703,-1.5607508217486143,0.0905246750760564,0.1621404786053795,-0.5806387752107667,0.1224050990104807,0.7884072993419037,-0.9661553924727754,0.4735945006129650,-0.0618581690536418,0.9049434869376048,-0.3322435524134164,0.2628564287915553,-1.0453269533330742,-0.3136122982136200,0.2859502147160251,0.8658888577767537,-0.4138261038996097,0.1482395340937823,-0.1736815985124836,-2.1647364641397595,1.2617389802712620,1.0787363534997512,-1.6514520932814369,0.5109064608855296,-1.5288827132020950,-1.1388883182216050,-0.7540020963018291,-2.0528208856593104,-0.5164494070093151,0.0006991546121856,-0.0399969176137514,0.1550165847290090,-0.1179198708617520,-0.9807304364683496,-0.3523412500976263,0.2202676011938727,-0.9286321302701488,-0.0377808328514372,0.2705884446598681,-0.6171767097924827,-0.0028182435768402,-0.0044073398891796,0.6401776704075789,0.1775281635930859,-0.2946298694878650,0.0360552349949092,0.0448882782506066,-0.0141324781153194,-0.7066874745253101,0.5897748349275178,-1.4394563362148114,0.5077012253940864,-1.1013209538597328,0.0976600851235614,0.0634689195653627,0.1473192856743249,0.0150130352911156,0.0193664321816180,-0.0248916218000487,-0.0005955745893983,0.0000000000000000,0.0000000000000000,0.1621404786053795,-0.5806387752107667,0.1224050990104807,0.7884072993419037,0.1621404786053795,-0.5806387752107667,0.1224050990104807,0.7884072993419037,0.1287972800777071,-0.8870203020698858,0.1304477329659058,0.4237801709902071,0.2246323086416075,-0.8316529272200619,0.3349254185134327,0.3817311863003154,0.2504660767230812,-0.8242408688304066,0.3228544642039673,0.3919932773711985,0.0838659744846356,-0.5694812907198792,0.3999184403965709,0.7132480626503919,0.1488403800583804,-0.6795816192688685,0.3805454005891545,0.6092623097701183,0.2274032486284090,-0.6238481329566689,0.4663255152403049,0.5845013116799557,0.2274032486284090,-0.6238481329566689,0.4663255152403049,0.5845013116799557,0.2746303458699327,-0.8625386401491562,-0.0742190464592101,0.4184456960224247,0.2058336412276598,-0.8403289188669784,-0.2081554244393480,0.4562358376227073,0.0837425044922798,-0.8611082235622548,-0.1408813517439160,0.4812818976292640,0.1351187247061374,-0.5797667085074384,-0.0927539355586571,0.7981291884016137,0.1131759405959227,-0.7313973453858099,-0.1185393133017930,0.6619649241725409,0.1618941879070671,-0.7381681804879843,-0.0640420404931715,0.6517642413376489,0.1618941879070671,-0.7381681804879843,-0.0640420404931715,0.6517642413376489,0.2114903699223620,-0.5645376387015689,0.0541264892957674,0.7960146990325461,0.1781601291131559,-0.9546486721358858,-0.2052327917499974,-0.1215910456163452,0.0718541623424895,-0.8913761226782855,0.3986517201008092,-0.2033774651571597,-0.3819944439305196,-0.7953081508432481,0.2356858716117808,-0.4074522793298645,-0.0490986162609165,-0.2593709104343788,0.4571314233597498,-0.8493214459077283,-0.0581347216474147,-0.2503895784140712,0.2199033304150647,-0.9410461935702011,-0.0581347216474147,-0.2503895784140712,0.2199033304150647,-0.9410461935702011,0.1654930363521873,-0.9665309047746885,-0.0724392294718282,0.1821609811893971,0.0411279764347404,-0.7748707042098071,-0.5822412074118835,0.2426500725393127,0.3094841819330146,-0.7109473195769292,-0.6314543642266740,-0.0062318391121503,-0.4170121494063528,-0.3780143123022676,-0.5932334073830863,-0.5755694322206412,-0.3500531786524214,-0.4927063213690768,-0.4029970567575484,-0.6872384049535082,-0.3500531786524214,-0.4927063213690768,-0.4029970567575484,-0.6872384049535082,0.2112926711886193,-0.5646116622800300,0.0544052287317730,0.7959956966001784
0.0401029202062477,-1.5590959975767240,0.0882682774147975,0.1558148218824957,-0.5821105516977060,0.1295733885288943,0.7874514485789330,-0.9812078944004737,0.4732324612612993,-0.0566575801043177,0.8956256876298463,-0.3325830130735462,0.2626653480714258,-1.0318413069658638,-0.3099483312550578,0.2775805515439749,0.8675646867301534,-0.4126391388597826,0.1479557929793287,-0.1859382837364996,-2.1513643125083179,1.2314872031276793,1.0894283303251728,-1.6741461143333940,0.5130243503573735,-1.5267198118595025,-1.1359035555827754,-0.7530940046131152,-2.0526070309484106,-0.5168749931778530,0.0006872386621869,-0.0350639282618119,0.1393354567932740,-0.1093219777806371,-0.8257304858905836,-0.3719962875179901,0.1622734316596614,-0.5588686989441790,-0.0087250778312472,0.2272580654947179,-0.3056568124150855,-0.0348227987628224,-0.0131680643696362,0.6668333622847221,0.1972790604766913,-0.4422364113850028,0.0706743594224705,0.0422307326327516,-0.0142402380935729,-0.5522771654392210,0.7233965098558263,-1.5642288379596194,0.5539814775575702,-1.1586292048799816,0.1120229947894201,0.1359833877394181,0.1473701501656302,0.0520062385402547,0.0063883854935219,-0.0196283321951085,-0.0006251715913716,0.0000000000000000,0.0000000000000000,0.1558148218824957,-0.5821105516977060,0.1295733885288943,0.7874514485789330,0.1558148218824957,-0.5821105516977060,0.1295733885288943,0.7874514485789330,0.1254738629413266,-0.8905814207882174,0.1394114364885392,0.4143494829749693,0.2191105323328492,-0.8330838575366161,0.3442994365212776,0.3733895538761879,0.2428075514530057,-0.8264881318111407,0.3334979859335659,0.3830678194667139,0.0743388156864801,-0.5789118989775262,0.4057710612484341,0.7033381829233265,0.1404655600540566,-0.6873260910860894,0.3878734846609770,0.5978347855787323,0.2175531954063245,-0.6306066149410865,0.4745506219396162,0.5742887876127881,0.2175531954063245,-0.6306066149410865,0.4745506219396162,0.5742887876127881,0.2717141310674326,-0.8619143346966454,-0.0623354333144927,0.4235438635799186,0.2029910124265775,-0.8419245666592757,-0.1947948938182339,0.4604482840362941,0.0841817312088517,-0.8619488170425532,-0.1290073871977918,0.4830266731537957,0.1306018145078340,-0.5791549253978159,-0.0816862036587677,0.8005311377869889,0.1110932933388945,-0.7308959488560225,-0.1067134012017173,0.6648771631850016,0.1599401277962627,-0.7367848433803431,-0.0523901957926036,0.6548454149418258,0.1599401277962627,-0.7367848433803431,-0.0523901957926036,0.6548454149418258,0.2088701838401383,-0.5652470251303127,0.0563502008579061,0.7960488061338911,0.1798551679212973,-0.9560080085086757,-0.2007581938824952,-0.1157452108223815,0.0796628687201810,-0.8957741981763355,0.3896713366739063,-0.1984909635313074,-0.3820007274357724,-0.8010972022425537,0.2282421820923673,-0.4002801807626872,-0.0489955045956303,-0.2590111648306531,0.4529174778567628,-0.8516915024082121,-0.0579126728797608,-0.2497294718989755,0.2142486176673022,-0.9425385100952809,-0.0579126728797608,-0.2497294718989755,0.2142486176673022,-0.9425385100952809,0.1652379974154856,-0.9667587565062390,-0.0688679931286595,0.1825680981197500,0.0410560244205093,-0.7778522342574272,-0.5781965024278400,0.2427943761698884,0.3103255876354231,-0.7138785652297478,-0.6277388464392307,-0.0044005039928812,-0.4134924263759979,-0.3812221094309576,-0.5919810690314471,-0.5772799412062464,-0.3458582889336916,-0.4949190787673091,-0.4010659736547749,-0.6889000175818880,-0.3458582889336916,-0.4949190787673091,-0.4010659736547749,-0.6889000175818880,0.2086755882869164,-0.5653188940493594,0.0566242329390042,0.7960293607198098
0.0399257288815804,-1.5575433673922561,0.0860886055245892,0.1499089969999451,-0.5837451327026461,0.1360546993343990,0.7862938582066302,-0.9917711300298411,0.4717359499489535,-0.0529120086066338,0.8891591387038068,-0.3331229820024630,0.2625191646409639,-1.0189921186469981,-0.3069644084195527,0.2664800640630035,0.8697114073290968,-0.4115098083085524,0.1476699477943414,-0.1964197084225036,-2.1358817166369315,1.1995418028778451,1.1012644638199249,-1.6974583558607252,0.5153883397749101,-1.5239232030715419,-1.1333084276851506,-0.7519894755531844,-2.0525603003722317,-0.5172493670238142,0.0006750837962362,-0.0368291749016287,0.1305915654384428,-0.1088290915069954,-0.7811472621284983,-0.3761440928156381,0.1524399378231564,-0.5517389759647147,-0.1213807813416773,0.1670885730136217,-0.3692416463062534,-0.0186524583957530,-0.0029901963695586,0.6148957635493895,0.1423445659299038,-0.5525254419042925,0.0780310329728548,0.0424981907775191,-0.0144687228945190,-0.4930377102508723,0.8174096310459192,-1.6281507759263318,0.6232243286302637,-1.1720711083407156,0.1230339871464678,0.1454669429368532,0.1199489161654163,0.0629877177847452,-0.0035163975585307,-0.0178894192071163,-0.0005905733747067,0.0000000000000000,0.0000000000000000,0.1499089969999451,-0.5837451327026461,0.1360546993343990,0.7862938582066302,0.1499089969999451,-0.5837451327026461,0.1360546993343990,0.7862938582066302,0.1225439087323808,-0.8930375110615892,0.1476071203497712,0.4070370158739390,0.2143147239518650,-0.8337743498548953,0.3523126334167944,0.3671039920191651,0.2364338062753414,-0.8277738354337323,0.3424154939547495,0.3763524440218354,0.0660332580341490,-0.5851892449778200,0.4108392922829026,0.6959915461499295,0.1332260871732409,-0.6924697459101952,0.3942082253665299,0.5893524715727849,0.2092179632561116,-0.6349164059611226,0.4814515877935912,0.5668451022134765,0.2092179632561116,-0.6349164059611226,0.4814515877935912,0.5668451022134765,0.2687630540326774,-0.8613289746634371,-0.0513365048435275,0.4280693652466993,0.2000942160705032,-0.8433294873828306,-0.1825333258200526,0.4641543551134845,0.0858111093278753,-0.8624840712211308,-0.1189867540366227,0.4843550689004631,0.1279458263427789,-0.5782271515776084,-0.0717722762751453,0.8025783245629017,0.1105794512807804,-0.7300307190994737,-0.0964032109148540,0.6674831496381419,0.1595265178372628,-0.7351537787341529,-0.0422770802738860,0.6575050267512258,0.1595265178372628,-0.7351537787341529,-0.0422770802738860,0.6575050267512258,0.2061448390597009,-0.5663350533602961,0.0586937367762905,0.7958165353444709,0.1817217836581912,-0.9574201736382197,-0.1959103673965801,-0.1092837243197047,0.0880053990659870,-0.9002812882348133,0.3801682035588548,-0.1929269001262811,-0.3821375223147656,-0.8070836606946666,0.2205691610951792,-0.3923469432181149,-0.0490788722418925,-0.2590358865523895,0.4487090858057827,-0.8539038763776763,-0.0579771540556461,-0.2493868008657633,0.2084951863724389,-0.9439145249550256,-0.0579771540556461,-0.2493868008657633,0.2084951863724389,-0.9439145249550256,0.1650138581489689,-0.9669992134079985,-0.0650916172515985,0.1828825558949702,0.0410197583837559,-0.7808480983141467,-0.5741085652795097,0.2428847093870325,0.3111198466321431,-0.7168481406305538,-0.6239605873587462,-0.0025238322129754,-0.4099990170529075,-0.3844340069814934,-0.5906205646175924,-0.5790325111274842,-0.3416966679202300,-0.4971228131863235,-0.3990417480660341,-0.6905635228147607,-0.3416966679202300,-0.4971228131863235,-0.3990417480660341,-0.6905635228147607,0.2059533310074268,-0.5664047252473311,0.0589628248277816,0.7957966435923002
0.0397326285395918,-1.5561256044686786,0.0839872947302592,0.1444070817685541,-0.5854808704764408,0.1419739124935118,0.7849854477711833,-1.0010436964007445,0.4694507981665005,-0.0497219092290169,0.8831627983151968,-0.3336227219611499,0.2624506242515547,-1.0072436050230735,-0.3044735037973070,0.2540552125410864,0.8719205157721795,-0.4103489423153135,0.1473801416196702,-0.2050705744435250,-2.1186023259636317,1.1663475707238626,1.1141229111021236,-1.7209570841942006,0.5179288517242150,-1.5208993096754615,-1.1311117060060532,-0.7504807742570252,-2.0527142870471597,-0.5175924536777700,0.0006633572374392,-0.0361714754224834,0.1179726921163722,-0.1030392651929970,-0.6943742266577327,-0.3745975910361316,0.1237095761280846,-0.4142819368542007,-0.1232540172826817,0.1462934300225542,-0.2686258082537127,-0.0267899233853216,-0.0026391481433031,0.5644343932765460,0.1089277367040702,-0.6528704232108866,0.1081685649542699,0.0633434345879448,-0.0145904650169831,-0.3923162340290887,0.8974265725557850,-1.6801386738923441,0.6596155369634379,-1.1736586467128680,0.1299787727286383,0.1508435249614590,0.0991457154076758,0.0842274139184491,-0.0108920978512908,-0.0166187692195980,-0.0005820419531795,0.0000000000000000,0.0000000000000000,0.1444070817685541,-0.5854808704764408,0.1419739124935118,0.7849854477711833,0.1444070817685541,-0.5854808704764408,0.1419739124935118,0.7849854477711833,0.1198179072781157,-0.8952899117810349,0.1551235759179456,0.4000453963652500,0.2096177361023141,-0.8346172150111683,0.3591955656038440,0.3611828550317384,0.2304215003996833,-0.8291148430918462,0.3500520098704913,0.3700514822345299,0.0586056752388790,-0.5912497512259651,0.4149648807918651,0.6890524321228566,0.1266817599171144,-0.6974366209751512,0.3994774200941956,0.5813361181467678,0.2016613264218542,-0.6391677609748718,0.4873034196193583,0.5597612526635160,0.2016613264218542,-0.6391677609748718,0.4873034196193583,0.5597612526635160,0.2658931788884870,-0.8608733614846593,-0.0412274650662579,0.4318543377469882,0.1972766129202314,-0.8446460158846927,-0.1713935711740721,0.4672036917716253,0.0881187397209469,-0.8628905155726045,-0.1105075705297536,0.4852248166576490,0.1265349903185130,-0.5773657678770189,-0.0629740554473845,0.8041591475879539,0.1110452311623594,-0.7291359556887648,-0.0874402199819661,0.6696147569217960,0.1600528041967941,-0.7335952996764398,-0.0335107481458948,0.6596196373062890,0.1600528041967941,-0.7335952996764398,-0.0335107481458948,0.6596196373062890,0.2033532444021573,-0.5677047762260568,0.0611925409486079,0.7953704910125177,0.1837607226588708,-0.9588502709804398,-0.1907332089405671,-0.1022692410056030,0.0967578002367873,-0.9047819252802662,0.3703277829682291,-0.1867215277928887,-0.3824569297643766,-0.8131124494284762,0.2128392338301210,-0.3837633411390922,-0.0493787451109324,-0.2594812729348605,0.4446485817886975,-0.8558731490359278,-0.0583688413867949,-0.2493992458008546,0.2028333362075486,-0.9451199565515720,-0.0583688413867949,-0.2493992458008546,0.2028333362075486,-0.9451199565515720,0.1648406053718706,-0.9672720702366644,-0.0611492407520235,0.1829565175558523,0.0411056527900896,-0.7838334780698989,-0.5700522486240334,0.2428082325709535,0.3118894796614983,-0.7198200780809620,-0.6201479914836823,-0.0006901642944138,-0.4065520001230314,-0.3875468430545072,-0.5891854437484361,-0.5808471645014782,-0.3376111717478981,-0.4992295686843700,-0.3969468709189998,-0.6922584171607054,-0.3376111717478981,-0.4992295686843700,-0.3969468709189998,-0.6922584171607054,0.2031646072168031,-0.5677723111716552,0.0614568078908280,0.7953501152354919
0.0395273073084557,-1.5548443904520812,0.0819881064256890,0.1393240560711701,-0.5872863991754470,0.1473032223795765,0.7835721111805916,-1.0086977912432733,0.4667741262917068,-0.0471625703562249,0.8780402156759811,-0.3341338813623984,0.2624217068006380,-0.9967323660713163,-0.3025236481022828,0.2407782648046141,0.8742484018256932,-0.4088401191228823,0.1470871317365886,-0.2119562112637027,-2.0999346298047366,1.1323045680819643,1.1276506491948677,-1.7443548299897842,0.5205891026142818,-1.5179084477993767,-1.1292917217688041,-0.7485888325381564,-2.0530876407220440,-0.5179119468042213,0.0006519485435815,-0.0370173360629450,0.1065269167225482,-0.0983929368899440,-0.6289191816657521,-0.3710695811172348,0.1027586161884258,-0.3432473307225746,-0.1386568324301259,0.1139591570431608,-0.2269604204213335,-0.0270787351578528,-0.0013753163445415,0.4954072134352099,0.1167422645229312,-0.5701335491232697,0.0324605395624609,0.0553415524182364,-0.0152883346392220,-0.3075651918332205,0.9598131755291927,-1.7187021036231558,0.6861678091564793,-1.1666577166435930,0.1351335264775026,0.1484214920919670,0.0859909650652045,0.1007779191632213,-0.0253872147360637,-0.0155202454967220,-0.0005772518510636,0.0000000000000000,0.0000000000000000,0.1393240560711701,-0.5872863991754470,0.1473032223795765,0.7835721111805916,0.1393240560711701,-0.5872863991754470,0.1473032223795765,0.7835721111805916,0.1173071893694952,-0.8971966453586067,0.1619359733356484,0.3937688959520921,0.2052447251360003,-0.8353702045990486,0.3651598296240223,0.3559347171897508,0.2249795578680663,-0.8302728313449128,0.3566241513757702,0.3644865412158651,0.0519654040966189,-0.5964559191522876,0.4184449588417501,0.6829668730657457,0.1208145040589476,-0.7017069023693612,0.4039807451005424,0.5742915952407788,0.1949140269512850,-0.6428197994465155,0.4923166914541242,0.5535481034678393,0.1949140269512850,-0.6428197994465155,0.4923166914541242,0.5535481034678393,0.2631378975795911,-0.8605682373556188,-0.0320603857614842,0.4349171040288736,0.1945427187886749,-0.8458921485216641,-0.1614683639290836,0.4696249259630285,0.0910520921957335,-0.8631859086379169,-0.1036215039400715,0.4856770403847733,0.1263556207377012,-0.5764446407177489,-0.0553367570427904,0.8054090120030717,0.1124870119011363,-0.7279770719667519,-0.0798409151098371,0.6715813302338693,0.1615390355748025,-0.7318761637607916,-0.0261241258925269,0.6614982622431465,0.1615390355748025,-0.7318761637607916,-0.0261241258925269,0.6614982622431465,0.2004903564655447,-0.5693154874240678,0.0638350949661414,0.7947380533195073,0.1859139809096514,-0.9602706990968750,-0.1852572540129415,-0.0948468554771893,0.1057221187718031,-0.9091927112812286,0.3602897160085273,-0.1799521266725843,-0.3829320188824036,-0.8190927285728629,0.2052339131473398,-0.3746054081402732,-0.0498068949947444,-0.2603656541395549,0.4408279429765253,-0.8575545020851743,-0.0590087013233465,-0.2498132277790809,0.1973907304780354,-0.9461227319518744,-0.0590087013233465,-0.2498132277790809,0.1973907304780354,-0.9461227319518744,0.1646915055727076,-0.9675923223582370,-0.0570636869606210,0.1827171073984314,0.0413319632700521,-0.7868164579755812,-0.5660486093215905,0.2424881484858551,0.3126491630621069,-0.7227955068994222,-0.6162922291014239,0.0010219548769277,-0.4031355263560777,-0.3904946495521730,-0.5876891085268808,-0.5827668382634816,-0.3336043472455144,-0.5011734426441267,-0.3947842052582279,-0.6940307998682472,-0.3336043472455144,-0.5011734426441267,-0.3947842052582279,-0.6940307998682472,0.2003044349392631,-0.5693809274995498,0.0640946144801803,0.7947171654985523
0.0393107694559478,-1.5536965756186718,0.0801002091490475,0.1346592455747581,-0.5891527037312648,0.1520566250085716,0.7820772097807108,-1.0149544006300959,0.4639895600994051,-0.0451617394394928,0.8736628600095818,-0.3346444457986720,0.2624091322254017,-0.9873187782934396,-0.3010907667842272,0.2267170977497363,0.8770789294160758,-0.4070070002628904,0.1467949970359763,-0.2171296898999540,-2.0801930408149172,1.0977534097529615,1.1415242894835804,-1.7674289060542063,0.5233232283230660,-1.5150474372355529,-1.1277106734504716,-0.7462376070450565,-2.0537697326396960,-0.5182131263033516,0.0006410607483080,-0.0380283066660259,0.0953967425204703,-0.0935298852848758,-0.5672155687957153,-0.3671519276735956,0.0863649326153999,-0.2489896783424160,-0.1208209907906685,0.1013348355109619,-0.1741148209220422,-0.0302896823366851,-0.0018363759387723,0.4500339469187335,0.0481985001528693,-0.7727844460576662,0.1991291719521675,0.1100386450568012,-0.0141371712935310,-0.2154115872136025,1.0074725148083556,-1.7355964905905439,0.6940754231194958,-1.1444036696592270,0.1376339249757629,0.1405753638278013,0.0760412649938642,0.1285332206680767,-0.0403076073871186,-0.0146955498152384,-0.0005333250210471,0.0000000000000000,0.0000000000000000,0.1346592455747581,-0.5891527037312648,0.1520566250085716,0.7820772097807108,0.1346592455747581,-0.5891527037312648,0.1520566250085716,0.7820772097807108,0.1149805286597230,-0.8988589701312719,0.1680541399133575,0.3880590623882697,0.2011648744319772,-0.8360946329898656,0.3703179806774320,0.3512022937956118,0.2200759721437255,-0.8313170926335423,0.3622573644982063,0.3595108619320477,0.0460763298601643,-0.6010372788957774,0.4213559106916734,0.6775620692817512,0.1155941839254394,-0.7054690747998669,0.4078011970198271,0.5680224932631004,0.1889151632015763,-0.6460526727614397,0.4965927665679234,0.5480169972936415,0.1889151632015763,-0.6460526727614397,0.4965927665679234,0.5480169972936415,0.2605233347474182,-0.8604166596759422,-0.0238119970906622,0.4373142492518791,0.1919667035644293,-0.8471062405835483,-0.1526265265861712,0.4714498332476708,0.0942461779791289,-0.8634569219418605,-0.0979430925086847,0.4857642972850630,0.1269065942419861,-0.5756469177477446,-0.0486816985297175,0.8063221655477943,0.1144410899255722,-0.7268013955302346,-0.0733377690585521,0.6732640938156933,0.1635138873940070,-0.7302228221412941,-0.0198324718375199,0.6630569445485958,0.1635138873940070,-0.7302228221412941,-0.0198324718375199,0.6630569445485958,0.1975791323195935,-0.5711361546990867,0.0665930336950728,0.7939340949541507,0.1881319186486103,-0.9616541352482482,-0.1795398105098276,-0.0871387502069649,0.1147350438998022,-0.9134626771299975,0.3501416240444124,-0.1726923573970476,-0.3835538975518177,-0.8249573844288712,0.1978666427450270,-0.3649390541417797,-0.0503119749262146,-0.2616963804214598,0.4373060962635279,-0.8589220499114483,-0.0598506267743175,-0.2506531379844516,0.1922513952852854,-0.9469056488922905,-0.0598506267743175,-0.2506531379844516,0.1922513952852854,-0.9469056488922905,0.1645588245031185,-0.9679597308970473,-0.0528781969633990,0.1821489745394339,0.0417175930408684,-0.7898170307304937,-0.5620775767814001,0.2419039025697849,0.3134073201289739,-0.7257933873106934,-0.6123667083605221,0.0026124925537997,-0.3997543687186491,-0.3932558094000963,-0.5861075861793732,-0.5848283598513478,-0.3296871888915112,-0.5029339341649846,-0.3925204918816086,-0.6959105393649125,-0.3296871888915112,-0.5029339341649846,-0.3925204918816086,-0.6959105393649125,0.1973957510527675,-0.5711995607481998,0.0668479336758525,0.7939126734286638
0.0390919859867925,-1.5526681552211883,0.0783282978154936,0.1304097005128766,-0.5910743163736226,0.1562566398195620,0.7805179850893237,-1.0199973678384890,0.4611790452202020,-0.0437092784986072,0.8699046535851411,-0.3352792088796708,0.2624032785972611,-0.9788032354811563,-0.3004582081651843,0.2114248674928673,0.8806594061587523,-0.4048719019875802,0.1465095682308670,-0.2207840307629493,-2.0596516269107035,1.0629322824986793,1.1554859223841418,-1.7900432786384388,0.5260991872565213,-1.5123678825789499,-1.1262817937071912,-0.7434336373837274,-2.0547525622531415,-0.5184984787399213,0.0006306691757011,-0.0366630280268985,0.0848639955423155,-0.0868825256971013,-0.4956654619454676,-0.3599115888038169,0.0664600266964115,-0.2248818909516480,-0.1398162439404511,0.0611377866666347,-0.1707731483362450,-0.0379814110744394,-0.0004334765369916,0.4062754213227466,0.0206606720568826,-0.7585721644297354,0.1671857983352646,0.1022166727360390,-0.0143260512658002,-0.1519350746120068,1.0417764569563881,-1.7458880826232490,0.6965982268017609,-1.1200800112909466,0.1394368841914235,0.1304370496614051,0.0693239805352780,0.1483090798172115,-0.0553805642013421,-0.0139184515915644,-0.0005157084269636,0.0000000000000000,0.0000000000000000,0.1304097005128766,-0.5910743163736226,0.1562566398195620,0.7805179850893237,0.1304097005128766,-0.5910743163736226,0.1562566398195620,0.7805179850893237,0.1128289196487559,-0.9002916253011943,0.1734986558105363,0.3829397351220775,0.1974125051154312,-0.8367567836304169,0.3747864447975788,0.3469892054063385,0.2157018054369825,-0.8322297418734185,0.3670925138655338,0.3551189577260184,0.0408647312335292,-0.6049905777743370,0.4238092216388199,0.6728314931685231,0.1109911547145013,-0.7087537102603743,0.4110537023066848,0.5624802179519417,0.1836242490787454,-0.6488857158346675,0.5002442361223268,0.5431253696545476,0.1836242490787454,-0.6488857158346675,0.5002442361223268,0.5431253696545476,0.2580546279226786,-0.8603862875769981,-0.0164152979470646,0.4391739782255659,0.1894095173630613,-0.8482358117732836,-0.1450173557976371,0.4728530520944897,0.0981949656728633,-0.8635610611641161,-0.0939460935507373,0.4855864226522080,0.1288644219644008,-0.5743467002606890,-0.0431518311166461,0.8072532118999103,0.1175500646023463,-0.7249906125160432,-0.0681916570331217,0.6752188474758948,0.1666631115039865,-0.7280373495911334,-0.0149367977032622,0.6648021637588895,0.1666631115039865,-0.7280373495911334,-0.0149367977032622,0.6648021637588895,0.1946462561850861,-0.5731390515551469,0.0694379271266211,0.7929708927898653,0.1903736852070587,-0.9629779317993925,-0.1736393898407273,-0.0792510261371427,0.1236623261156851,-0.9175574778004986,0.3399491282078587,-0.1650166484411931,-0.3843002000679611,-0.8306615362243662,0.1908195680162172,-0.3548276496092251,-0.0508427306026149,-0.2634764362171215,0.4341095177669926,-0.8599675057159463,-0.0608473134241705,-0.2519371745799310,0.1874599638050487,-0.9474618865600630,-0.0608473134241705,-0.2519371745799310,0.1874599638050487,-0.9474618865600630,0.1644408122905734,-0.9683702816598009,-0.0486353987396578,0.1812534547002362,0.0422703692363700,-0.7928345550519665,-0.5581395638440243,0.2410535448239148,0.3141580563493119,-0.7288162289878350,-0.6083707049690183,0.0040872154671916,-0.3964081578161873,-0.3958375825917626,-0.5844381799016926,-0.5870308292567644,-0.3258570946776916,-0.5045185104422287,-0.3901517882611777,-0.6978967033780682,-0.3258570946776916,-0.5045185104422287,-0.3901517882611777,-0.6978967033780682,0.1944652203397617,-0.5732005020432305,0.0696883837502711,0.7929489212464274
0.0388679657221691,-1.5517431707853295,0.0766551097962614,0.1264965952553473,-0.5930358177820653,0.1600026056194528,0.7789135359019944,-1.0240987884483919,0.4583849584554680,-0.0427751383725981,0.8667963521505371,-0.3362322902818080,0.2623990040786064,-0.9711527696972853,-0.3004737904024106,0.1960192083700202,0.8841582547167153,-0.4028250023794017,0.1462272445325088,-0.2231519445475650,-2.0385275213646765,1.0279445470232711,1.1693162399442412,-1.8121614727054987,0.5288972295866404,-1.5098514270726953,-1.1249382950357585,-0.7403122177086410,-2.0559911049629229,-0.5187683882635697,0.0006205278750123,-0.0369215274598324,0.0768043137675317,-0.0826928127599581,-0.4506113540240800,-0.3550289576552488,0.0544642855428034,-0.2007454666006892,-0.1453785520254877,0.0313200240068955,-0.1558902165611558,-0.0566253543656039,0.0003800623683079,0.3630679203836070,-0.0108322740073010,-0.7439457188362509,0.1506720108287033,0.0921942717318952,-0.0142833781275928,-0.0946054094600295,1.0675661150773479,-1.7517126626644997,0.6882080328350604,-1.0941881913896212,0.1403278414774110,0.1224083829810026,0.0664776614135925,0.1623219517127252,-0.0681187971899656,-0.0131401952244638,-0.0004982619046285,0.0000000000000000,0.0000000000000000,0.1264965952553473,-0.5930358177820653,0.1600026056194528,0.7789135359019944,0.1264965952553473,-0.5930358177820653,0.1600026056194528,0.7789135359019944,0.1108048901159689,-0.9015727433444608,0.1783915852881081,0.3782397481533721,0.1938899895539718,-0.8374127331356115,0.3786778097876959,0.3431467655501054,0.2117805950523250,-0.8330680603805294,0.3712416897345883,0.3511782939421414,0.0362281744261168,-0.6084617515330231,0.4258625740957523,0.6686575239116479,0.1069515932036300,-0.7117352850737445,0.4138028145734566,0.5574598383231620,0.1789610205917459,-0.6514834950579387,0.5033578657724658,0.5386771461096538,0.1789610205917459,-0.6514834950579387,0.5033578657724658,0.5386771461096538,0.2557194887190523,-0.8604808294646730,-0.0097396482095550,0.4405512733675940,0.1869057573616479,-0.8493318145747942,-0.1384109366146508,0.4738608648555089,0.1022568502400034,-0.8636213464029460,-0.0910171555615774,0.4851984995954082,0.1313594196951663,-0.5731406480843660,-0.0385394458299025,0.8079413416120662,0.1209881316204550,-0.7232484809031902,-0.0640504335232660,0.6768833347362753,0.1701197270346823,-0.7259951885323754,-0.0110367291862786,0.6662345347626121,0.1701197270346823,-0.7259951885323754,-0.0110367291862786,0.6662345347626121,0.1916869398351851,-0.5752816587379266,0.0723547779875233,0.7918787257647082,0.1925996741633156,-0.9642339073905248,-0.1675789517805357,-0.0712434717761719,0.1324145995092497,-0.9214657378566515,0.3297432746816212,-0.1569606339033535,-0.3851498066470899,-0.8361873805507266,0.1841455363296036,-0.3442974186619850,-0.0513403639909585,-0.2657007993648200,0.4312484071249844,-0.8606927811910213,-0.0619421569759621,-0.2536764099992505,0.1830350413427778,-0.9477919718164451,-0.0619421569759621,-0.2536764099992505,0.1830350413427778,-0.9477919718164451,0.1643268916556770,-0.9688133432270150,-0.0443407049686545,0.1800868694462769,0.0429587853790960,-0.7958761824575330,-0.5542079883298751,0.2399773960749840,0.3149214556309212,-0.7318622407385487,-0.6042950362865424,0.0054448584829389,-0.3930657203369309,-0.3982503568048219,-0.5827021233133078,-0.5893676512050900,-0.3220813439552027,-0.5059309051834399,-0.3877000104541821,-0.6999901634666755,-0.3220813439552027,-0.5059309051834399,-0.3877000104541821,-0.6999901634666755,0.1915081547886073,-0.5753412000136101,0.0726008604642835,0.7918562023980158
0.0386647534004800,-1.5509557760105519,0.0752047727641656,0.1232895459809223,-0.5950845312344858,0.1628541466226376,0.7772725490232255,-1.0259854851955215,0.4577282779123447,-0.0410070371364713,0.8645681072476570,-0.3375583025342792,0.2623912008202279,-0.9639884140231426,-0.3000136414686974,0.1806603071856605,0.8879484861981874,-0.4007842379613598,0.1459485827457413,-0.2227449830321283,-2.0168592204988984,0.9939159829005851,1.1828911892255298,-1.8329322977981961,0.5316405280924983,-1.5072959863051107,-1.1236286028032798,-0.7365262480065725,-2.0576520765128903,-0.5190220114249270,0.0006132350085784,-0.0278606969838115,0.0365664173526697,-0.0441082910582266,-0.1217405429963932,-0.3114726183365464,-0.0235010270809861,0.1077153522520436,0.2145608943385678,0.2203550407124075,-0.0621544619111635,-0.0675674020068933,-0.0007609895961947,0.3699622179315310,0.1320098204196689,-0.8163543507682540,0.2557653036199774,0.1206976629686299,-0.0136250313331109,0.2561767577906882,1.1002293985001588,-1.5588786773271175,0.6777999836514876,-0.9118231793742609,0.1285696180171072,0.1438262401032676,0.0588984804944558,0.2513031480406603,-0.1154476821118264,-0.0122392789208726,-0.0000576352280009,0.0000000000000000,0.0000000000000000,0.1232895459809223,-0.5950845312344858,0.1628541466226376,0.7772725490232255,0.1232895459809223,-0.5950845312344858,0.1628541466226376,0.7772725490232255,0.1090261203162140,-0.9026646466134912,0.1821765012024854,0.3743281491586705,0.1910346756329324,-0.8378787573922934,0.3820352467338381,0.3398735218718600,0.2083565049921401,-0.8337401430966928,0.3749102198750928,0.3477172236886978,0.0320963839603780,-0.6113293884264011,0.4277147744420317,0.6650611044910626,0.1034592767408663,-0.7143216719532116,0.4162526686948528,0.5529687539442333,0.1749097046274521,-0.6537285536395324,0.5061232195562495,0.5346820176605144,0.1749097046274521,-0.6537285536395324,0.5061232195562495,0.5346820176605144,0.2536377713827207,-0.8606552561499763,-0.0042886303273108,0.4414997379833208,0.1847469269948402,-0.8503316878935893,-0.1329732411152901,0.4744709798051904,0.1065825541025929,-0.8636177196138145,-0.0892347551936648,0.4846047379004143,0.1345698192294695,-0.5719451242968010,-0.0348374242166861,0.8084281615700997,0.1249350188309190,-0.7215021289005163,-0.0609419678318920,0.6783155575530588,0.1740672807490149,-0.7240252548958948,-0.0081655204448574,0.6673989334134740,0.1740672807490149,-0.7240252548958948,-0.0081655204448574,0.6673989334134740,0.1888128094854030,-0.5776466345759997,0.0752547263077088,0.7905762548328921,0.1947871040595979,-0.9653873740783264,-0.1615001334673236,-0.0632685463106682,0.1408299059931743,-0.9251096317762115,0.3197299553290125,-0.1487005798177784,-0.3861222214715334,-0.8414013677260489,0.1779510430359650,-0.3335967547159810,-0.0518460601310402,-0.2683349723710046,0.4287801319556736,-0.8610783513081812,-0.0631673567207531,-0.2558326848437866,0.1790661037359824,-0.9478896839312826,-0.0631673567207531,-0.2558326848437866,0.1790661037359824,-0.9478896839312826,0.1642424544301058,-0.9692849429728689,-0.0401272658754271,0.1786082809452555,0.0438340383715209,-0.7988870283667772,-0.5503662544595691,0.2386526323749410,0.3156575634229141,-0.7348915042743575,-0.6002082833035896,0.0066930003017027,-0.3898315147910310,-0.4004480959332722,-0.5808853622740983,-0.5918149275194367,-0.3184710665662784,-0.5071523597018980,-0.3851586924551456,-0.7021577069541969,-0.3184710665662784,-0.5071523597018980,-0.3851586924551456,-0.7021577069541969,0.1886356507470411,-0.5777045116060545,0.0754971728483183,0.7905531389028578
0.0386442122147750,-1.5506730281667804,0.0747574205678147,0.1232375259562576,-0.5973421063150849,0.1621407014800870,0.7756966630989102,-1.0212674558810568,0.4626923862082700,-0.0377548299817184,0.8646397334697316,-0.3387618718298295,0.2623326513951690,-0.9575717038874240,-0.2974458111402932,0.1626618564493107,0.8928394872207672,-0.3983364186861269,0.1456797172746739,-0.2146703329842786,-1.9956222020604155,0.9659391437376212,1.1960919527043794,-1.8482527844188292,0.5339716526266872,-1.5047922970605376,-1.1231896387313500,-0.7308399169685184,-2.0605967619109831,-0.5192558950241303,0.0006109597782420,-0.0147170609248912,-0.0063950693532147,-0.0068521332443232,0.1689915807202117,-0.2314048489274009,-0.0676997032253065,0.2818203556846363,0.1869890808546811,0.0671806788377041,0.0384913178099831,-0.0774217051869699,-0.0043153690880440,0.2750726772739407,0.0762100180329575,-0.9726989016561377,0.2312637975685694,0.1242398144834450,-0.0129871569866176,0.4510591453328766,1.0269328099312980,-1.3088422489262501,0.6335491867536628,-0.6849017906115206,0.1078507674714071,0.1028185131231865,0.0068964441813850,0.2878554401169519,-0.1738743215948421,-0.0112168941811262,-0.0002376234757448,0.0000000000000000,0.0000000000000000,0.1232375259562576,-0.5973421063150849,0.1621407014800870,0.7756966630989102,0.1232375259562576,-0.5973421063150849,0.1621407014800870,0.7756966630989102,0.1084837791067067,-0.9030292129702540,0.1813972759674727,0.3739846767778484,0.1912804212330291,-0.8374507488944914,0.3834618291070848,0.3391829436260312,0.2071103140603635,-0.8336769603274684,0.3769677200084388,0.3463861742342062,0.0301305809136725,-0.6118727684878531,0.4290588446965611,0.6637863896348488,0.1019944247592151,-0.7149696926071921,0.4178474379921216,0.5511977816851538,0.1732120502671477,-0.6541754373294698,0.5077722323819999,0.5331223526160281,0.1732120502671477,-0.6541754373294698,0.5077722323819999,0.5331223526160281,0.2528197761277821,-0.8607667148639343,-0.0035238372161092,0.4417583116957995,0.1845351269053286,-0.8507326791109784,-0.1310941018468500,0.4743574939764937,0.1139711070495162,-0.8630236909420369,-0.0916530638155610,0.4835291216916643,0.1423642326910280,-0.5698748511052525,-0.0334980984410518,0.8086117465934408,0.1329145893790673,-0.7186808469173978,-0.0610197449934487,0.6797853653361630,0.1820425221427841,-0.7212160083814843,-0.0085462424054342,0.6683075273606610,0.1820425221427841,-0.7212160083814843,-0.0085462424054342,0.6683075273606610,0.1867829935018871,-0.5806179407486781,0.0777521324885544,0.7886377660958933,0.1970051212374482,-0.9662267988570595,-0.1562973704778239,-0.0562662186251733,0.1481558685495140,-0.9278888156125616,0.3115211721680571,-0.1415158781426897,-0.3874123122473735,-0.8453474079670712,0.1728836843148819,-0.3246701277607933,-0.0529517803402015,-0.2711234706857563,0.4271109158212759,-0.8609671527929644,-0.0650253574250092,-0.2580482888227613,0.1761879846500824,-0.9477027896932332,-0.0650253574250092,-0.2580482888227613,0.1761879846500824,-0.9477027896932332,0.1644670548728240,-0.9697999598164728,-0.0368053649261261,0.1763065254438477,0.0453147124890635,-0.8012413802038151,-0.5476119498298618,0.2368121193787516,0.3159884955566724,-0.7374004826868183,-0.5969357390560075,0.0077150662172525,-0.3878510055403477,-0.4017671366948616,-0.5789383546449981,-0.5941255312594270,-0.3162856339450508,-0.5078288137275984,-0.3825616192011018,-0.7040737896145753,-0.3162856339450508,-0.5078288137275984,-0.3825616192011018,-0.7040737896145753,0.1866054797033696,-0.5806750164467529,0.0779932292275080,0.7886139590534167
0.0386552933665387,-1.5506065269127116,0.0745304478354261,0.1238279370646973,-0.5993163507152590,0.1609748167537969,0.7743214204312883,-1.0155542903773718,0.4644405146422018,-0.0382024153841309,0.8655750957403711,-0.3408870403250713,0.2622593012922081,-0.9527244056608065,-0.2975814497154985,0.1420232917688691,0.8974112943171654,-0.3956667021314529,0.1454359881743118,-0.2055322635996185,-1.9750261118356551,0.9410852941516066,1.2071415513007144,-1.8610241565654979,0.5358843545083187,-1.5039307555803427,-1.1231346725117890,-0.7262643800646528,-2.0649258549565248,-0.5194754136614780,0.0006024332556626,-0.0138747277918937,-0.0096022790106810,-0.0069117170452623,0.1564857131721641,-0.2125116980647049,-0.0473188443292419,0.2863253493495227,0.0252914290813193,-0.0766189760243722,0.0544898626858693,-0.1289537073512407,-0.0030300106962944,0.2351211676815785,-0.0720437600492289,-1.0755126084205113,0.2399333064083646,0.1448026516229305,-0.0113996650133615,0.4675165654369615,1.0609783552417877,-1.1949470157060527,0.4681810953704340,-0.6103008443084833,0.0872503561442584,-0.0808243618789957,0.0180325500567461,0.0814917929193168,-0.2735511364708932,-0.0114882296843717,-0.0005404236265309,0.0000000000000000,0.0000000000000000,0.1238279370646973,-0.5993163507152590,0.1609748167537969,0.7743214204312883,0.1238279370646973,-0.5993163507152590,0.1609748167537969,0.7743214204312883,0.1083695917852959,-0.9030681473852822,0.1799501157046001,0.3746223546617361,0.1916672470725780,-0.8374240262077005,0.3829296584153141,0.3396314818087902,0.2075632492386790,-0.8336263136656485,0.3763994031882982,0.3468546612187829,0.0305862900664034,-0.6113304454641082,0.4287464192445214,0.6644667586069524,0.1028130001402728,-0.7151074577653663,0.4173589584005372,0.5512370730396586,0.1740084976657131,-0.6543951666800364,0.5072811273195901,0.5330608468376712,0.1740084976657131,-0.6543951666800364,0.5072811273195901,0.5330608468376712,0.2525209417269786,-0.8609488031245557,-0.0037748232961260,0.4415722852453469,0.1843053089613561,-0.8508861102917564,-0.1313008690187806,0.4741143977946011,0.1225417883390424,-0.8619507698873790,-0.0968118939314260,0.4823399606031358,0.1524000857995995,-0.5675807539348480,-0.0341064003406262,0.8083706173945397,0.1427148425192408,-0.7154900757258736,-0.0634153484625658,0.6809441378276661,0.1918185643960625,-0.7182066890470034,-0.0112564066640255,0.6687735666652719,0.1918185643960625,-0.7182066890470034,-0.0112564066640255,0.6687735666652719,0.1849284734486172,-0.5833651566046073,0.0803236902807215,0.7867875561721430,0.1992410288045561,-0.9669448141526288,-0.1512503597683128,-0.0494375110032503,0.1550138009880824,-0.9300685360255596,0.3046825614339918,-0.1345800005815189,-0.3879743526227066,-0.8489420076349803,0.1692253929798629,-0.3164429423300384,-0.0531713463755847,-0.2743468698398805,0.4256282199174209,-0.8606667307056751,-0.0661461667448036,-0.2609383393944931,0.1737032876833580,-0.9472924762221042,-0.0661461667448036,-0.2609383393944931,0.1737032876833580,-0.9472924762221042,0.1648075904936754,-0.9703511298147257,-0.0336482169137083,0.1735653781186869,0.0470665567962478,-0.8033981208264669,-0.5452201180135305,0.2346725838208616,0.3167011012494320,-0.7395306799057383,-0.5939098493682141,0.0081164505160238,-0.3862498669889602,-0.4019703994237150,-0.5772588865348394,-0.5966598831450856,-0.3147653672702851,-0.5075295046931756,-0.3802291059252864,-0.7062311182894448,-0.3147653672702851,-0.5075295046931756,-0.3802291059252864,-0.7062311182894448,0.1847524304821631,-0.5834209335148057,0.0805611053131627,0.7867632821111874
0.0386502913739227,-1.5505656596968806,0.0742819345204255,0.1242610966886325,-0.6010825359184389,0.1600695480453442,0.7730696635182092,-1.0103764590705180,0.4640540176190909,-0.0405704600307965,0.8666287993105722,-0.3436132109968489,0.2622197943887457,-0.9486863047912356,-0.2994026897533985,0.1223560335269467,0.9011640377124415,-0.3932521328901561,0.1452040328526332,-0.1960401065926771,-1.9532941515582753,0.9168652432228770,1.2152339114887054,-1.8732956336205799,0.5375672057091815,-1.5038286964023593,-1.1233481062158250,-0.7228334904545085,-2.0702337518758203,-0.5196754698134129,0.0005901687538926,-0.0126693152115308,-0.0064332524935113,-0.0080135250619276,0.1134906095384574,-0.1803078962214573,-0.0454480434248596,0.2475865438085569,-0.0471485775629764,-0.1454444387819938,0.0511519128920589,-0.1398638847377191,-0.0014736549764597,0.1803501457013543,-0.0878308515136507,-0.8558085913411987,0.1233287739320865,0.0875018944370203,-0.0121406053195985,0.5153213608238734,1.1615360072378518,-1.1536989561173712,0.2856037589038395,-0.5844549591696265,0.0714344998526542,0.0315471244594901,-0.0460693923441193,0.1949401926146829,-0.2852092780978799,-0.0093072598942055,-0.0008776912472086,0.0000000000000000,0.0000000000000000,0.1242610966886325,-0.6010825359184389,0.1600695480453442,0.7730696635182092,0.1242610966886325,-0.6010825359184389,0.1600695480453442,0.7730696635182092,0.1082609271818876,-0.9030546891655367,0.1788182452104322,0.3752277111324757,0.1916596937519615,-0.8377175101621387,0.3817238656565102,0.3402687545851116,0.2084911359399468,-0.8336878980024953,0.3747939760868950,0.3478870656515248,0.0318751334158091,-0.6106005208165746,0.4276950480731309,0.6657536524135450,0.1044675472691612,-0.7153528104975367,0.4159634717665950,0.5516622864005865,0.1756930754176406,-0.6548316639335096,0.5059157491528751,0.5332698096830988,0.1756930754176406,-0.6548316639335096,0.5059157491528751,0.5332698096830988,0.2522604806973497,-0.8611653107337356,-0.0038803537136455,0.4412979722616779,0.1836643186867845,-0.8509666363145370,-0.1321988405228912,0.4739690585737067,0.1305561785657597,-0.8607159126665798,-0.1025612986740741,0.4812529292743370,0.1621858583444633,-0.5653301573413334,-0.0354891969545222,0.8079839586607005,0.1521217046497536,-0.7123456284051707,-0.0665035542047213,0.6819090628116303,0.2011935742055441,-0.7152932766493441,-0.0146473687078171,0.6690755776955104,0.2011935742055441,-0.7152932766493441,-0.0146473687078171,0.6690755776955104,0.1827904420657795,-0.5859425649547914,0.0832415987521366,0.7850667494556027,0.2015552613708222,-0.9676821016988221,-0.1456446051089213,-0.0418864616332922,0.1620612086049760,-0.9318762606622465,0.2987099525622333,-0.1269455147687864,-0.3869653180968900,-0.8529849103657212,0.1671825046580737,-0.3077736106536895,-0.0512903731234192,-0.2783856135825515,0.4238060127494837,-0.8603831770394580,-0.0654582949791745,-0.2651459774722107,0.1709225122852203,-0.9466775148078854,-0.0654582949791745,-0.2651459774722107,0.1709225122852203,-0.9466775148078854,0.1651188901154682,-0.9709800303369041,-0.0301427918967448,0.1703670886957082,0.0490233332503930,-0.8057740462285989,-0.5426223305769652,0.2321333788593021,0.3183048861666432,-0.7415102232900660,-0.5905813859254334,0.0076298621974394,-0.3842638270904249,-0.4010150703346300,-0.5760475183695157,-0.5997478479616705,-0.3132036996553905,-0.5060281826155365,-0.3782859428298035,-0.7090406662373891,-0.3132036996553905,-0.5060281826155365,-0.3782859428298035,-0.7090406662373891,0.1826170172893131,-0.5859966383288882,0.0834739450818700,0.7850420787168462
0.0386286584616093,-1.5505121425209374,0.0740197021758798,0.1245012164042127,-0.6026854462887490,0.1593364577699851,0.7719336714840968,-1.0058073738901898,0.4627071010490012,-0.0438257617929331,0.8676236988709960,-0.3462181861848596,0.2622026455181642,-0.9451334813476471,-0.3020158465762657,0.1046995719495234,0.9047719525872339,-0.3910247288549157,0.1449857494688011,-0.1855700841836574,-1.9294194272006779,0.8925885708518144,1.2202914561318325,-1.8853789234528602,0.5391052451199562,-1.5040148443442545,-1.1239878255938722,-0.7202337295931857,-2.0765413167622477,-0.5198642216020377,0.0005766643399712,-0.0127484904012748,-0.0042583830026948,-0.0094346732460085,0.0959416554583909,-0.1788138887081843,-0.0433545422775742,0.2180314350754986,-0.0775821686852561,-0.1727987252403160,0.0477166701163152,-0.1205150192977929,-0.0005165428791832,0.1705326752915993,-0.1292291981441900,-0.7942596142755417,0.1478718989554227,0.0953787724038049,-0.0110551700673701,0.5210599709246247,1.2196090369936550,-1.2819381276005752,0.2375283828715956,-0.6339492732882881,0.0829351274725747,-0.1209057621604097,0.0149106457120815,-0.0311948909120607,-0.3559464568273202,-0.0103716159568588,-0.0004604229231741,0.0000000000000000,0.0000000000000000,0.1245012164042127,-0.6026854462887490,0.1593364577699851,0.7719336714840968,0.1245012164042127,-0.6026854462887490,0.1593364577699851,0.7719336714840968,0.1080707109703164,-0.9030538805950867,0.1779391778429713,0.3757020883107960,0.1913645162914765,-0.8381636401423558,0.3803292975995843,0.3408972860485282,0.2095396067373431,-0.8338056242077735,0.3728288721629242,0.3490844687601659,0.0334381876336757,-0.6098705460764515,0.4263685053069628,0.6671954004026802,0.1063286828306426,-0.7156104768526368,0.4142492316437281,0.5522621032705608,0.1776115686910621,-0.6553160380359965,0.5042436621232652,0.5336228538663080,0.1776115686910621,-0.6553160380359965,0.5042436621232652,0.5336228538663080,0.2519489100120247,-0.8614183531004145,-0.0038655129491239,0.4409821147112011,0.1828039601674780,-0.8510510982780585,-0.1332987223055828,0.4738419471706757,0.1373388635218003,-0.8595599434011236,-0.1079405032778547,0.4802536704897962,0.1707001857387659,-0.5632884194794545,-0.0370750896167100,0.8075846957434264,0.1602388713635737,-0.7095107176346837,-0.0695458106967222,0.6827015642871933,0.2092730726638842,-0.7126845773879847,-0.0179658391748814,0.6693001589973435,0.2092730726638842,-0.7126845773879847,-0.0179658391748814,0.6693001589973435,0.1801123230382082,-0.5884639760802503,0.0867217097683099,0.7834213712941872,0.2040102781294871,-0.9684821025729637,-0.1390134464603243,-0.0331283129151551,0.1695776736021991,-0.9332478578287766,0.2938209610611973,-0.1181570620603827,-0.3839293581271791,-0.8576744081333963,0.1671991757810720,-0.2983911748346652,-0.0466196645217480,-0.2834385804421131,0.4214967471797224,-0.8601335187712158,-0.0623533514973747,-0.2710356340176512,0.1676563367798791,-0.9458028850596975,-0.0623533514973747,-0.2710356340176512,0.1676563367798791,-0.9458028850596975,0.1654323451311066,-0.9715744973781659,-0.0258367350510247,0.1673547081820251,0.0508054241870808,-0.8083650077427240,-0.5396022193160794,0.2297700329447666,0.3198775355463355,-0.7437392261443883,-0.5869204926530526,0.0073933112235482,-0.3822810612413881,-0.4001112160745529,-0.5744920367795157,-0.6031012391501323,-0.3116446873818142,-0.5045507511045746,-0.3759476808261769,-0.7120178857781037,-0.3116446873818142,-0.5045507511045746,-0.3759476808261769,-0.7120178857781037,0.1799423714922964,-0.5885159666450229,0.0869479524379756,0.7833962940379839
0.0386021576706942,-1.5504433033004139,0.0737532634233949,0.1246310101424859,-0.6041954169585602,0.1586917755006533,0.7708644043057025,-1.0015932988567364,0.4610149211734711,-0.0473801751888241,0.8685071720561084,-0.3484422943497846,0.2621912359142690,-0.9418370044476915,-0.3048575183045838,0.0899673875259710,0.9078778648124185,-0.3891622694651375,0.1447728919098688,-0.1737451873501455,-1.9029853955621587,0.8684401209493905,1.2219597538287876,-1.8969544535106808,0.5404790278049083,-1.5047765562944875,-1.1250230006941500,-0.7191452720751016,-2.0839591713153269,-0.5200389991833118,0.0005620116214118,-0.0124281601184044,-0.0025264283039055,-0.0095344637148477,0.0807912278070456,-0.1663903620537175,-0.0441225260807719,0.1948278557807634,-0.0863924185990477,-0.1813908842933333,0.0404807103157040,-0.0994853066813630,-0.0003845037629266,0.1494615743969688,-0.1383535308588612,-0.6606032053104443,0.1360981111337344,0.0803257839845397,-0.0106355756016010,0.6081253921399399,1.3553517342777828,-1.2516834869922551,0.0465381586600828,-0.5903566451737234,0.0718501938093151,-0.0073217513914711,-0.0565203758165945,0.0625614021820393,-0.3811915469219210,-0.0083105528446382,-0.0005759032085095,0.0000000000000000,0.0000000000000000,0.1246310101424859,-0.6041954169585602,0.1586917755006533,0.7708644043057025,0.1246310101424859,-0.6041954169585602,0.1586917755006533,0.7708644043057025,0.1078292759881155,-0.9030636578109208,0.1771954136858045,0.3760992722005130,0.1909347571153131,-0.8386612982659909,0.3789055442731420,0.3414992442673823,0.2105960167883133,-0.8339413482954167,0.3707733836449152,0.3503116373982167,0.0350698703100152,-0.6091777955278083,0.4249631613481829,0.6686395360201765,0.1081615374951954,-0.7158036876537132,0.4124617147242620,0.5529932155413324,0.1795211529507510,-0.6557441997917894,0.5024929151852380,0.5341091370415789,0.1795211529507510,-0.6557441997917894,0.5024929151852380,0.5341091370415789,0.2515930263382106,-0.8616764810567927,-0.0037744983344799,0.4406816813232498,0.1818286618135217,-0.8511310185305021,-0.1344492251347114,0.4737485967251088,0.1428034950133683,-0.8585411083772476,-0.1126927797008580,0.4793898877131515,0.1777528606786122,-0.5614870341662105,-0.0386836051229599,0.8072421010319604,0.1669129399304951,-0.7070307388654937,-0.0723365140748305,0.6833849819205680,0.2159075777503106,-0.7104110336284322,-0.0210047677484608,0.6695213819593887,0.2159075777503106,-0.7104110336284322,-0.0210047677484608,0.6695213819593887,0.1769424806411332,-0.5909960652216112,0.0907351460343322,0.7817813906145782,0.2065700519578759,-0.9692944702402820,-0.1313776761868146,-0.0231721771848042,0.1775161965382731,-0.9342514436392618,0.2897690526895372,-0.1081486760341924,-0.3790138697765930,-0.8629893545830348,0.1690433555896517,-0.2881357394082164,-0.0394374192574339,-0.2896186610837273,0.4186280389715502,-0.8598350342369266,-0.0571391721595721,-0.2786421789522524,0.1638149405524307,-0.9445942601802445,-0.0571391721595721,-0.2786421789522524,0.1638149405524307,-0.9445942601802445,0.1657038583339696,-0.9722561506175353,-0.0208915487920261,0.1637795839189938,0.0528390790947867,-0.8113379165036587,-0.5361429515232474,0.2269130945887828,0.3225839267836536,-0.7458880404062431,-0.5827115729445371,0.0061533825069300,-0.3795982643927793,-0.3979702708316304,-0.5735052306608921,-0.6071380169358409,-0.3097675349238084,-0.5017212050062256,-0.3740699084805956,-0.7158153465270545,-0.3097675349238084,-0.5017212050062256,-0.3740699084805956,-0.7158153465270545,0.1767760599436397,-0.5910458655583908,0.0909552777781829,0.7817558102639397
0.0385737167768448,-1.5503634824946866,0.0734950543672719,0.1246869465040548,-0.6056151816619877,0.1580837196428881,0.7698655432579644,-0.9976606245010821,0.4593208233082394,-0.0508665982780071,0.8693133214488435,-0.3502580740287968,0.2621784157486571,-0.9387426768843253,-0.3077721440567662,0.0781795001845159,0.9103084906473463,-0.3877551169883587,0.1445647062419369,-0.1606669370792415,-1.8742934541198861,0.8441424309281667,1.2204722191522523,-1.9079423308055534,0.5417001443599279,-1.5066342462102995,-1.1257885641719498,-0.7204645081594748,-2.0922279870653009,-0.5202175738472332,0.0005482241560951,-0.0121160290044941,-0.0016530227821265,-0.0093578556877414,0.0718688122277709,-0.1575187837790816,-0.0465275910447362,0.2086000700342445,-0.0826166909758964,-0.1628825583945382,0.0414919121555926,-0.0879138677859708,-0.0010841918989060,0.1657304578234763,-0.1527799875042145,-0.5233585184317148,0.1020628141806341,0.0583893343141094,-0.0103159600148842,0.7246250306476029,1.5253638045482576,-1.1257014157405474,-0.2160564459249606,-0.4669461550390948,0.0469510510861969,-0.1989155498966993,-0.0422038319389310,-0.2120633847177322,-0.4422019534281997,-0.0102210635263418,-0.0009471189098491,0.0000000000000000,0.0000000000000000,0.1246869465040548,-0.6056151816619877,0.1580837196428881,0.7698655432579644,0.1246869465040548,-0.6056151816619877,0.1580837196428881,0.7698655432579644,0.1075434120432854,-0.9030899033755799,0.1765248975339407,0.3764332630066116,0.1904418380366807,-0.8391616276550591,0.3775449320274274,0.3420518868489507,0.2115847407506715,-0.8340816677549918,0.3687815157637688,0.3514823788292939,0.0366345083601055,-0.6085432310083745,0.4235868525872410,0.6700053933412295,0.1098417814160774,-0.7159248350631947,0.4107343325592522,0.5537903228228036,0.1812881243473912,-0.6560929722060940,0.5007924452554479,0.5346807968942285,0.1812881243473912,-0.6560929722060940,0.5007924452554479,0.5346807968942285,0.2512072909408233,-0.8619465152621176,-0.0036775695136116,0.4403743603891314,0.1808107807902898,-0.8512178297044224,-0.1356227343896604,0.4736476980414555,0.1469583690513075,-0.8577106562369858,-0.1167585877812192,0.4786471561835853,0.1833200773767691,-0.5600585633289974,-0.0402874581657907,0.8069108225739531,0.1721191281357362,-0.7050692118173326,-0.0748621118101739,0.6838479922412579,0.2210637030705824,-0.7086348562191604,-0.0237396248631548,0.6696296812024740,0.2210637030705824,-0.7086348562191604,-0.0237396248631548,0.6696296812024740,0.1733138210401414,-0.5935308773134328,0.0952291469719224,0.7801376972554345,0.2091480732467394,-0.9700668394215410,-0.1228023257094173,-0.0121243272900530,0.1857179890626006,-0.9349203661271261,0.2864157697223741,-0.0969471216365063,-0.3723874652542076,-0.8688236447982464,0.1725358185172906,-0.2769556666501064,-0.0300227476440028,-0.2969582015188798,0.4151846427074314,-0.8593812737280692,-0.0501015991989889,-0.2879283990977212,0.1594168140753316,-0.9429598857537882,-0.0501015991989889,-0.2879283990977212,0.1594168140753316,-0.9429598857537882,0.1659547134037745,-0.9729556031502372,-0.0153210244567985,0.1599427822917386,0.0550084446251125,-0.8146889381748409,-0.5321271215672042,0.2238229915090882,0.3261537440527432,-0.7480692731049057,-0.5779248324088049,0.0043572883689055,-0.3762127105757329,-0.3951430071190335,-0.5729027324839995,-0.6116440627019554,-0.3074166025931856,-0.4980648903280196,-0.3724961733254905,-0.7201895572211989,-0.3074166025931856,-0.4980648903280196,-0.3724961733254905,-0.7201895572211989,0.1731505583594662,-0.5935785264207192,0.0954437274153374,0.7801114740914139
0.0385414892728399,-1.5502715055071261,0.0732149938957000,0.1246493657433157,-0.6070031841590875,0.1575803896623068,0.7688810641668794,-0.9941047040880937,0.4576248931291222,-0.0538173287227456,0.8703634287338278,-0.3516757365582576,0.2621602527549473,-0.9358095495173308,-0.3109377450395580,0.0688054335734131,0.9122988955534957,-0.3866665156490916,0.1443630488372572,-0.1465488213572963,-1.8435886078910262,0.8195754571772216,1.2163294750657734,-1.9182044662298428,0.5427478448444115,-1.5086690369250479,-1.1264699837685361,-0.7226917147146144,-2.1005515905683740,-0.5203980500203088,0.0005363388948346,-0.0113267298838818,0.0018071544464978,-0.0119147166952910,0.0431136834086593,-0.1537600156316959,-0.0408649071136548,0.1744980019906118,-0.0832490477005102,-0.1254106967853599,0.0567612710484638,-0.0574178620975027,-0.0006202642063597,0.1473459937489193,-0.1671531191452046,-0.4253166807704083,0.1037200852810679,0.0524596453086979,-0.0098286260331820,0.7112546835082407,1.5742855219056089,-1.2435485594663442,-0.2398320072485644,-0.5025871864012483,0.0465786650555860,-0.1622006956729885,0.0198831191056136,-0.1943636709190665,-0.4162979190331982,-0.0098655477294316,-0.0005270283555754,0.0000000000000000,0.0000000000000000,0.1246493657433157,-0.6070031841590875,0.1575803896623068,0.7688810641668794,0.1246493657433157,-0.6070031841590875,0.1575803896623068,0.7688810641668794,0.1072215190154127,-0.9031408078456383,0.1759896929388519,0.3766534946648487,0.1898884117127950,-0.8396522483844144,0.3763240526458294,0.3425006573430301,0.2123062388338627,-0.8342658857175147,0.3670168987685667,0.3524557970845315,0.0378166605996355,-0.6079583269009765,0.4223094164360646,0.6712758968727291,0.1110859604463608,-0.7159803620627950,0.4091885291906251,0.5546140803396093,0.1826241958651517,-0.6563548483999166,0.4992608979909008,0.5353365967350334,0.1826241958651517,-0.6563548483999166,0.4992608979909008,0.5353365967350334,0.2507902078961625,-0.8622245580984308,-0.0034658621193815,0.4400693932042242,0.1797027850547730,-0.8513115114840933,-0.1367914880500000,0.4735648933940232,0.1499502949835818,-0.8570526760801289,-0.1202185331730452,0.4780409226624299,0.1875699331596160,-0.5589328355432419,-0.0418939954938527,0.8066328152682911,0.1760221799804680,-0.7035346597113212,-0.0771607337890555,0.6841793594525731,0.2249126444904733,-0.7072676887969412,-0.0262147408498202,0.6697010572593651,0.2249126444904733,-0.7072676887969412,-0.0262147408498202,0.6697010572593651,0.1691769376954885,-0.5961287559843584,0.1003150050799156,0.7784256995990907,0.2117506625362292,-0.9707505952627946,-0.1131589036145197,-0.0000352867840151,0.1940996938332295,-0.9351092552379143,0.2841343633542122,-0.0846383670892563,-0.3639453252645337,-0.8749964375006359,0.1779019376362591,-0.2650960866639726,-0.0182789308625751,-0.3054113788759170,0.4111679524068343,-0.8586796173505010,-0.0411384428052011,-0.2988822690952874,0.1545362290857122,-0.9407951804957246,-0.0411384428052011,-0.2988822690952874,0.1545362290857122,-0.9407951804957246,0.1662226396518185,-0.9736800255927119,-0.0090249764434025,0.1556784880102352,0.0574217043750243,-0.8184487666290700,-0.5275185862520697,0.2203826341358107,0.3306428575176753,-0.7502907587286356,-0.5724815957631568,0.0019750066894777,-0.3718700133485529,-0.3917785362196403,-0.5728025784084549,-0.6165383020529774,-0.3043046976650194,-0.4936715839518407,-0.3713522083641505,-0.7251100299406636,-0.3043046976650194,-0.4936715839518407,-0.3713522083641505,-0.7251100299406636,0.1690167538944750,-0.5961741917111611,0.1005241616982710,0.7783987172107730
0.0385027599465736,-1.5501880764937057,0.0729355818270293,0.1246403893311729,-0.6084163993391579,0.1570676528035603,0.7678697876628091,-0.9903862360783320,0.4563335692749475,-0.0559598852419832,0.8711984719356135,-0.3528572658966341,0.2621420595457591,-0.9328767337864831,-0.3139918400532202,0.0620839680454822,0.9138293064134257,-0.3859755124447322,0.1441676123225376,-0.1307990810974344,-1.8108022094164746,0.7962087029842665,1.2098121479536812,-1.9266201801518490,0.5434585307760168,-1.5111486461921848,-1.1258720387459231,-0.7257177952643589,-2.1083552497277949,-0.5205835658675165,0.0005237152574528,-0.0128532251035354,-0.0020750067378066,-0.0096801504593751,0.0713705716922768,-0.1613900638602622,-0.0412872291989439,0.1920993767004837,-0.0572458032173394,-0.0903705703271551,0.0389087397468970,-0.0616253504620762,-0.0014978481843132,0.1476769105732590,-0.1542729478115597,-0.2937363297524395,0.0626416421033207,0.0254108382533044,-0.0088203774304311,0.8452922055161947,1.6732154549180531,-1.0784347190002117,-0.4139572560729908,-0.3305897858346564,0.0243492336781544,-0.0764541790812177,0.0291706557722683,-0.0951369463913540,-0.3618236537940333,-0.0086607278510881,-0.0009138298173694,0.0000000000000000,0.0000000000000000,0.1246403893311729,-0.6084163993391579,0.1570676528035603,0.7678697876628091,0.1246403893311729,-0.6084163993391579,0.1570676528035603,0.7678697876628091,0.1069215471090983,-0.9031960194652925,0.1754291979510344,0.3768677880797243,0.1894146130264351,-0.8400854135442331,0.3752265329396460,0.3429047262729882,0.2127675372023166,-0.8344767059604480,0.3655183851745308,0.3532349252574886,0.0386832736821730,-0.6075284213080082,0.4211618680803925,0.6723358554437378,0.1119777815695456,-0.7160682890992334,0.4078415025748348,0.5553129663160765,0.1835953099358348,-0.6566221777091749,0.4979315230194439,0.5359144300105769,0.1835953099358348,-0.6566221777091749,0.4979315230194439,0.5359144300105769,0.2504014060605767,-0.8625193907195581,-0.0032800151498329,0.4397143140452273,0.1786447502344149,-0.8514200960750870,-0.1379647703803785,0.4734296097067252,0.1518815533598730,-0.8565991597800098,-0.1230642101128232,0.4775197099623005,0.1905921496340318,-0.5581051927263189,-0.0434446608869244,0.8064153940682288,0.1787195661553353,-0.7024257404353110,-0.0791967343704888,0.6843867861905308,0.2275518467218994,-0.7063057119730729,-0.0283951544326702,0.6697358535216760,0.2275518467218994,-0.7063057119730729,-0.0283951544326702,0.6697358535216760,0.1646419753324007,-0.5988311628465048,0.1058929331219957,0.7765828642697237,0.2142944905822621,-0.9712793240724167,-0.1026079474246840,0.0128823546299064,0.2024533541618701,-0.9347964690245809,0.2829619722585582,-0.0714193471219831,-0.3542793114194901,-0.8811232632265971,0.1848911705348615,-0.2528304166023007,-0.0048526496435921,-0.3147300642258243,0.4069026848876703,-0.8575264681017430,-0.0308097522736910,-0.3111198580232987,0.1495992794254838,-0.9380166569436663,-0.0308097522736910,-0.3111198580232987,0.1495992794254838,-0.9380166569436663,0.1665289965324782,-0.9744098309024791,-0.0021476424342512,0.1509601350902349,0.0602627889624744,-0.8228891321187526,-0.5218549675611699,0.2165392928293625,0.3361467323021222,-0.7528175027321086,-0.5659246239858194,-0.0007084555778018,-0.3659419028777107,-0.3884791870699461,-0.5731739298752574,-0.6218055090163381,-0.2996725300278401,-0.4889640979797078,-0.3705884969054913,-0.7305988308195767,-0.2996725300278401,-0.4889640979797078,-0.3705884969054913,-0.7305988308195767,0.1644846139119603,-0.5988744053837043,0.1060969932756795,0.7765550118184854
0.0384599710666908,-1.5501251002936085,0.0726617215240836,0.1247191757746840,-0.6098812228488923,0.1565219055792577,0.7668056561373682,-0.9865415373085196,0.4553213010118923,-0.0572927327179540,0.8724676512312082,-0.3540941402149361,0.2621040987114869,-0.9299614157372592,-0.3172041762443452,0.0565961521667031,0.9150900373349572,-0.3854890566073805,0.1440153420153725,-0.1136754247806446,-1.7768576024561067,0.7738117725451577,1.2019795700547478,-1.9330633679868225,0.5438686520488897,-1.5147602404007405,-1.1235333863117880,-0.7303192704387794,-2.1151587653512087,-0.5207774386577791,0.0005112008308323,-0.0135715539235126,-0.0029251433871017,-0.0100674986770706,0.0739442350244481,-0.1672998509534920,-0.0377327115494263,0.1738312997868742,-0.0530243239630320,-0.0592845421314079,0.0531652335702281,-0.0609318155922561,-0.0015551279433513,0.1279950530488551,-0.1622202590046127,-0.2645822924859094,0.0682792610614148,0.0246316927188257,-0.0067250821211897,0.8566583963371996,1.7136427992717316,-1.1845268386368877,-0.3542068694930421,-0.3400917346728074,0.0172435944756805,-0.1001423720327384,0.1238277739796149,-0.1395946657079331,-0.2901149700638220,-0.0086918105118569,-0.0003260514197139,0.0000000000000000,0.0000000000000000,0.1247191757746840,-0.6098812228488923,0.1565219055792577,0.7668056561373682,0.1247191757746840,-0.6098812228488923,0.1565219055792577,0.7668056561373682,0.1066862711167330,-0.9032470539127468,0.1747928578155352,0.3771077511929806,0.1890645545213020,-0.8404701743961692,0.3741893497894501,0.3432882326533807,0.2130106232639991,-0.8347227049760586,0.3642241902583165,0.3538434956372757,0.0391891044741078,-0.6070770894990103,0.4201154608951700,0.6733681170153258,0.1125439621771933,-0.7161494253592877,0.4066529760989119,0.5559651195577984,0.1842317167867446,-0.6568673557106557,0.4967513657900008,0.5364904771915968,0.1842317167867446,-0.6568673557106557,0.4967513657900008,0.5364904771915968,0.2500800412967145,-0.8628257733169755,-0.0031529346985029,0.4392968436578873,0.1776364053658967,-0.8515211061303171,-0.1392482025444179,0.4732515730469699,0.1532455505969381,-0.8562468615527633,-0.1256759201729235,0.4770352988951359,0.1929965457565277,-0.5574991798079798,-0.0450662735881087,0.8061736964354260,0.1807880815711149,-0.7016176324505106,-0.0812053277248830,0.6844370403079225,0.2295662221790393,-0.7056419976537402,-0.0305119413280157,0.6696549426518681,0.2295662221790393,-0.7056419976537402,-0.0305119413280157,0.6696549426518681,0.1596788567040595,-0.6016748636192650,0.1120456447099598,0.7745552237974715,0.2167527115335520,-0.9716092815856372,-0.0911380807517836,0.0262205304365644,0.2105559573214216,-0.9338425911992067,0.2833174203765596,-0.0577532943647518,-0.3435937900092928,-0.8868593037484059,0.1935260464623794,-0.2407728227242069,0.0099562845553494,-0.3246122774370209,0.4025850100447482,-0.8558347103397198,-0.0193209457322130,-0.3242828684934883,0.1448589985823305,-0.9346032274646663,-0.0193209457322130,-0.3242828684934883,0.1448589985823305,-0.9346032274646663,0.1669047302540522,-0.9751577398032509,0.0053594994303345,0.1455385491424601,0.0637019771528122,-0.8280821032802896,-0.5150158948607513,0.2120865775443905,0.3429768764632445,-0.7555843207933609,-0.5580714664026117,-0.0039287109831670,-0.3579671843501064,-0.3851880243825521,-0.5743036128689984,-0.6274273193337518,-0.2930926030761147,-0.4837872489338559,-0.3704975110179192,-0.7367348356909724,-0.2930926030761147,-0.4837872489338559,-0.3704975110179192,-0.7367348356909724,0.1595248669543591,-0.6017157099600863,0.1122438702201888,0.7745265229857626
0.0384150745640340,-1.5500748349104354,0.0724014348613753,0.1247883178091470,-0.6112448831036517,0.1560367248579971,0.7658068353792328,-0.9829642352980932,0.4542762879507197,-0.0580530233819123,0.8738299083046582,-0.3552254787553374,0.2620689874865877,-0.9272809815208530,-0.3205244317162003,0.0515994267381647,0.9161978041497288,-0.3850683336057190,0.1439038331513668,-0.0956083030852379,-1.7425724415379813,0.7515974457373679,1.1932991388916705,-1.9382238246153911,0.5441185722764081,-1.5183206631763109,-1.1206304900738326,-0.7351593418726369,-2.1204135704682701,-0.5209733173611576,0.0005004360636535,-0.0141699360699430,-0.0033701385594092,-0.0106155596923975,0.0730154611022611,-0.1722030788251401,-0.0310197929913335,0.1724329187813130,-0.0528430278580853,-0.0263406283764076,0.0570649328504230,-0.0580756898178552,-0.0017875311899596,0.1282002014534359,-0.1627343213032083,-0.2310358790734823,0.0582458808605783,0.0211340172738737,-0.0055771710561580,0.9316019402007416,1.7145476702569447,-1.0877133314898511,-0.4760312918731912,-0.2319720217019349,0.0107935249034225,-0.1690587500053504,0.1464888759967703,-0.2374125764112452,-0.2257200707454483,-0.0092797694036024,-0.0005023182283824,0.0000000000000000,0.0000000000000000,0.1247883178091470,-0.6112448831036517,0.1560367248579971,0.7658068353792328,0.1247883178091470,-0.6112448831036517,0.1560367248579971,0.7658068353792328,0.1064754389629401,-0.9032992648875253,0.1742210489439890,0.3773068314464516,0.1887245228865603,-0.8408453082396389,0.3732046401813276,0.3436284601422763,0.2130264088134712,-0.8350194770635048,0.3630838294093387,0.3543054542256954,0.0394013647076404,-0.6066943747552995,0.4191153188439781,0.6743232293268278,0.1128074114117314,-0.7162573869902883,0.4055670178418091,0.5565655734514394,0.1845620699852612,-0.6571248900725498,0.4956774447424384,0.5370545521113295,0.1845620699852612,-0.6571248900725498,0.4956774447424384,0.5370545521113295,0.2497947324860093,-0.8631231726198767,-0.0030250517792497,0.4388756424895023,0.1766362325734502,-0.8516028179635673,-0.1405823690516703,0.4730844314608000,0.1544110355969144,-0.8559117654917002,-0.1282213909300347,0.4765832106639256,0.1951928619686573,-0.5569438313495213,-0.0467251500011401,0.8059342874673907,0.1826437136154340,-0.7008803433961073,-0.0832151842088190,0.6844583634048236,0.2313804799009840,-0.7050493786898057,-0.0326097569919176,0.6695558609099294,0.2313804799009840,-0.7050493786898057,-0.0326097569919176,0.6695558609099294,0.1544178389859535,-0.6044398749130816,0.1185440539146084,0.7724991106140227,0.2189565596948770,-0.9717085934739822,-0.0790907727700197,0.0398131133929432,0.2182414066768216,-0.9326167994540399,0.2840754236899890,-0.0435631431737631,-0.3328381280204952,-0.8921619045512149,0.2027653253786872,-0.2283684291390461,0.0250346445893469,-0.3349866973927789,0.3984285837514285,-0.8534704697820504,-0.0077338359693681,-0.3380183077893989,0.1404962995109387,-0.9305614440777792,-0.0077338359693681,-0.3380183077893989,0.1404962995109387,-0.9305614440777792,0.1673356594693200,-0.9757893712408343,0.0133294515585383,0.1402005911704126,0.0672074773660950,-0.8335887498195749,-0.5074173503928224,0.2077031142776901,0.3500624604596153,-0.7585707702604900,-0.5495271549104772,-0.0068239504220818,-0.3488230190501587,-0.3827841484109837,-0.5756060643194021,-0.6328320913360338,-0.2851518040514285,-0.4791860367234833,-0.3705962733122376,-0.7427836785111375,-0.2851518040514285,-0.4791860367234833,-0.3705962733122376,-0.7427836785111375,0.1542662887571095,-0.6044785716095664,0.1187377314341289,0.7724693649277247
0.0383696946374500,-1.5500338409290209,0.0721478272727252,0.1248498157557222,-0.6125507552994947,0.1555960581555665,0.7648424428431185,-0.9795715327528048,0.4532249339640346,-0.0583904587153153,0.8754224430523480,-0.3562853455610709,0.2620298752953758,-0.9248377873893567,-0.3236135509200185,0.0474801984627150,0.9172712543902066,-0.3846581931876514,0.1437976232523287,-0.0765101947219405,-1.7085637386863259,0.7301930611084997,1.1828809878884103,-1.9425219128934113,0.5443080079578736,-1.5227918699380141,-1.1176668226378157,-0.7414439580688277,-2.1242237783398283,-0.5211707120125275,0.0004905829321606,-0.0116348901379956,-0.0026794754656541,-0.0089382811414442,0.0600442696304030,-0.1434020651276215,-0.0322420545378314,0.1484819857060408,-0.0532332672934853,-0.0119328058632976,0.0882530199117430,-0.0453091716284568,-0.0016233276049146,0.0991197998216484,-0.1406575885277195,-0.1820981222269447,0.0495716027607378,0.0191438863093371,-0.0051878333932027,0.9257401738241593,1.7286968193395496,-1.1742471465402555,-0.4979106304276545,-0.2804719842777369,0.0100630084755085,-0.2080866606651806,0.1754555432682297,-0.3014998243414301,-0.1537039489670704,-0.0092093469291238,0.0000009935155268,0.0000000000000000,0.0000000000000000,0.1248498157557222,-0.6125507552994947,0.1555960581555665,0.7648424428431185,0.1248498157557222,-0.6125507552994947,0.1555960581555665,0.7648424428431185,0.1062828931599638,-0.9033449513002655,0.1736954886234166,0.3774940036791839,0.1883984358533929,-0.8412038585329753,0.3722610538278758,0.3439532025729474,0.2128638326006890,-0.8353483650629339,0.3620662806802367,0.3546690092912089,0.0393646660460445,-0.6063221104769628,0.4181547870133230,0.6752558741037991,0.1128212125180493,-0.7163581784686527,0.4045669003280314,0.5571606207423474,0.1846429001012898,-0.6573652499182372,0.4946861074458150,0.5376463361190388,0.1846429001012898,-0.6573652499182372,0.4946861074458150,0.5376463361190388,0.2495347187474281,-0.8634190793562200,-0.0028907170178708,0.4384421983550630,0.1757080099626744,-0.8516952026949937,-0.1418313947881555,0.4728909307586002,0.1552852585186562,-0.8556544346554301,-0.1304793024647873,0.4761482212185523,0.1970017482674934,-0.5564660106523466,-0.0482563059553306,0.8057339629826694,0.1841437647186266,-0.7002313005422411,-0.0850260771772663,0.6844981854293091,0.2328436980552189,-0.7045303657785328,-0.0345003152913076,0.6695001898556383,0.2328436980552189,-0.7045303657785328,-0.0345003152913076,0.6695001898556383,0.1487481086444849,-0.6071901715993991,0.1255171419287436,0.7703502727784415,0.2208994997076682,-0.9715787524181273,-0.0663783159986679,0.0532170841339227,0.2253060615464398,-0.9309058237477418,0.2859819929606093,-0.0294249153821550,-0.3213987631073147,-0.8969570279597554,0.2130441880789567,-0.2162940105330414,0.0410655656560197,-0.3452796188838098,0.3942276634272744,-0.8506939246811819,0.0047686366153890,-0.3519327777700909,0.1362228922607074,-0.9260474629628789,0.0047686366153890,-0.3519327777700909,0.1362228922607074,-0.9260474629628789,0.1678062079239516,-0.9763838403626026,0.0218406421627595,0.1343080757470544,0.0710331665904042,-0.8393429370068428,-0.4993053689557453,0.2028592415268106,0.3581145762624860,-0.7613620267549699,-0.5403463635838560,-0.0103740949295267,-0.3382223252585581,-0.3802172139127787,-0.5777441356048962,-0.6381631787523067,-0.2758545793784200,-0.4741077850709819,-0.3715511460763445,-0.7490499349311742,-0.2758545793784200,-0.4741077850709819,-0.3715511460763445,-0.7490499349311742,0.1485991662069555,-0.6072266398263640,0.1257060977332779,0.7703194614446990
0.0383260825635540,-1.5499989744642764,0.0719228288329379,0.1248835039263052,-0.6137065524837533,0.1551900293701060,0.7639924297201504,-0.9766041680747418,0.4521001626531255,-0.0585911035932233,0.8769271625075997,-0.3570895168509620,0.2620007652795022,-0.9228121330722080,-0.3263251859847269,0.0442582500580264,0.9183574084573725,-0.3842207656916936,0.1436858558502984,-0.0569363520826868,-1.6750476849837301,0.7094373506986930,1.1710207937952979,-1.9465392489887350,0.5444624531687104,-1.5278879688875358,-1.1145874502453710,-0.7486413840677604,-2.1268927033647818,-0.5213645511951045,0.0004835651545185,-0.0097879253518889,-0.0022567553178181,-0.0072980755415787,0.0486667206278469,-0.1166733244586820,-0.0301606547545247,0.1167914479690681,-0.0610567842112910,-0.0104990586602021,0.0528824491599817,-0.0304476496740775,-0.0007770556127209,0.0722822820407494,-0.1221172264822624,-0.1448016109572070,0.0530269073844767,0.0228155906551338,-0.0056917679626253,0.9219270184403391,1.7259809718043373,-1.1615349280451197,-0.5705061171316259,-0.2669182095760014,0.0079198489306299,-0.2418810670966937,0.1960872576959480,-0.3433757912086839,-0.1154324561580947,-0.0089882658622634,0.0001816972921723,0.0000000000000000,0.0000000000000000,0.1248835039263052,-0.6137065524837533,0.1551900293701060,0.7639924297201504,0.1248835039263052,-0.6137065524837533,0.1551900293701060,0.7639924297201504,0.1060881783555466,-0.9033891637355371,0.1732257500762283,0.3776587835188468,0.1880548468990694,-0.8415585684732875,0.3713466271200750,0.3442618667722306,0.2126157779454023,-0.8356913189579707,0.3611071164616051,0.3549876065833030,0.0392178313482562,-0.6059652779092325,0.4172119129350019,0.6761673338588911,0.1126779604696592,-0.7164011065454310,0.4036180072976697,0.5578222261168305,0.1845790184142072,-0.6575393797418005,0.4937408281307389,0.5383238288305526,0.1845790184142072,-0.6575393797418005,0.4937408281307389,0.5383238288305526,0.2492938848181450,-0.8637108802771691,-0.0028022306643207,0.4380048193643737,0.1748912777401433,-0.8518017654687269,-0.1429618464843623,0.4726612992033092,0.1558764940822360,-0.8554856663193432,-0.1323992316920235,0.4757281122260282,0.1984086115989683,-0.5560660247517436,-0.0496090798481209,0.8055827320373645,0.1852847038577818,-0.6996625846091338,-0.0865830033917834,0.6845766792245100,0.2339502512679130,-0.7040729722145179,-0.0361330676152691,0.6695094705479557,0.2339502512679130,-0.7040729722145179,-0.0361330676152691,0.6695094705479557,0.1428638742786567,-0.6097717077238805,0.1326724254490383,0.7682228878464001,0.2224601848370300,-0.9712041089679132,-0.0533686771158788,0.0665269057526052,0.2316998770381019,-0.9289431048745154,0.2883580151120345,-0.0151502477626609,-0.3097353421278038,-0.9012901914640703,0.2238238747078731,-0.2040658759283010,0.0575641163297046,-0.3555041121176750,0.3900509215112834,-0.8474452651391716,0.0177121844103194,-0.3659155459765924,0.1321085158045405,-0.9210534359026011,0.0177121844103194,-0.3659155459765924,0.1321085158045405,-0.9210534359026011,0.1682829942082673,-0.9768849318058906,0.0305779472461072,0.1282250093122000,0.0749641263210811,-0.8451481984954404,-0.4908805388555316,0.1978413478465270,0.3666634345709965,-0.7639393349619438,-0.5308042273050765,-0.0141947356989623,-0.3266986781970362,-0.3777230238090518,-0.5803720717294383,-0.6432429939807619,-0.2656429146087332,-0.4688967943579784,-0.3730536708206188,-0.7552486986723310,-0.2656429146087332,-0.4688967943579784,-0.3730536708206188,-0.7552486986723310,0.1427165487293723,-0.6098062059647983,0.1328580249008371,0.7681908116510128
0.0382847324297665,-1.5499690789040992,0.0717217701700803,0.1248981277200722,-0.6147402943039625,0.1548133449335673,0.7632349942721292,-0.9738619890446946,0.4509644968312056,-0.0587120993395768,0.8784947272414653,-0.3577051690315846,0.2619714993026408,-0.9210323936430898,-0.3286720532971723,0.0416550316303235,0.9194394826773513,-0.3837617536492983,0.1435692690450789,-0.0367022790576802,-1.6429836788943895,0.6912517356573674,1.1574083482744038,-1.9495648569327195,0.5445754784501603,-1.5336762330081326,-1.1114043966346854,-0.7566119057637256,-2.1288666997383041,-0.5215546681394297,0.0004752958830415,-0.0091549696246717,-0.0021307394078618,-0.0068203199836922,0.0450406926450794,-0.1094014276422270,-0.0297708393395279,0.1306396685451636,-0.0565100177877403,-0.0052127605300663,0.0733941135645826,-0.0285948882294917,-0.0015057877599627,0.0820597843585170,-0.1082618445635714,-0.1159656573066620,0.0582010858630811,0.0252550429098139,-0.0060615854132208,1.0294799962207191,1.5573952099293453,-0.8381707204213905,-0.7131090987857533,-0.1290995711702486,0.0048796557879049,-0.2442210012186864,0.1389690531597697,-0.3437238359751023,-0.0731787423881212,-0.0087032833806840,-0.0004894254102729,0.0000000000000000,0.0000000000000000,0.1248981277200722,-0.6147402943039625,0.1548133449335673,0.7632349942721292,0.1248981277200722,-0.6147402943039625,0.1548133449335673,0.7632349942721292,0.1058957326889312,-0.9034288340050283,0.1728007637261517,0.3778125616522652,0.1877045855019135,-0.8419046877786311,0.3704595237706704,0.3445623695726612,0.2123307996410823,-0.8360335796161886,0.3601882231027145,0.3552857008324825,0.0390321456272391,-0.6056320366656204,0.4162888614241874,0.6770449849353726,0.1124560369082102,-0.7164020006455604,0.4027077902164442,0.5585232751935453,0.1844430770924655,-0.6576660174054233,0.4928293826265461,0.5390504248052201,0.1844430770924655,-0.6576660174054233,0.4928293826265461,0.5390504248052201,0.2490697276921540,-0.8639941150940250,-0.0027471046253946,0.4375738717593000,0.1741792838090261,-0.8519198645524755,-0.1439650022811862,0.4724068157751777,0.1563002215485873,-0.8553806867536792,-0.1340403096717531,0.4753181217413925,0.1995429681980604,-0.5557220701885576,-0.0507855069458294,0.8054665833119999,0.1861935114028332,-0.6991473286011310,-0.0879121162554973,0.6846871176215200,0.2348258587246627,-0.7036522852847285,-0.0375364980811603,0.6695679866896317,0.2348258587246627,-0.7036522852847285,-0.0375364980811603,0.6695679866896317,0.1367879739890248,-0.6122043955419463,0.1399932301944837,0.7660918507273204,0.2236435853718811,-0.9706018377846302,-0.0401749125348567,0.0793825901185144,0.2373107999042591,-0.9265703672533830,0.2918035394508023,-0.0012779439403366,-0.2977179840008051,-0.9049731296079615,0.2353172156124828,-0.1923887853448202,0.0746515511919669,-0.3652163077427851,0.3859548606809683,-0.8438501288618101,0.0313394448236025,-0.3795715822956118,0.1282019687010028,-0.9157005560405322,0.0313394448236025,-0.3795715822956118,0.1282019687010028,-0.9157005560405322,0.1687791830536834,-0.9772936801939079,0.0395020632660344,0.1218615485643601,0.0790694165940219,-0.8510124328551255,-0.4821215505193961,0.1925738222351462,0.3757442087498859,-0.7662877799959866,-0.5208496391194302,-0.0183024929696099,-0.3143438232863240,-0.3751157624240395,-0.5834065846718477,-0.6481611547325996,-0.2546558385490974,-0.4633903201571312,-0.3750098907242426,-0.7614377170435662,-0.2546558385490974,-0.4633903201571312,-0.3750098907242426,-0.7614377170435662,0.1366421813690425,-0.6122369525107184,0.1401756613194525,0.7660584913861023
0.0382480840690189,-1.5499414316174560,0.0715390178102162,0.1249023800399441,-0.6156828117840069,0.1544596784394512,0.7625459189258554,-0.9714097343359279,0.4498257035551029,-0.0588044405628979,0.8797791012913866,-0.3582048743701284,0.2619442055237591,-0.9195084997313028,-0.3306348191874175,0.0395109807998489,0.9204168719893696,-0.3833144175992071,0.1434509795388935,-0.0164574972986250,-1.6122086881012860,0.6751078353742166,1.1427692389174955,-1.9520865827251610,0.5446554060697781,-1.5410120873477742,-1.1074979632442783,-0.7661834222094058,-2.1305149947453814,-0.5217497658301563,0.0004691933609520,-0.0089684060626628,-0.0022004415853056,-0.0066619611368193,0.0442907141834522,-0.1077171713099346,-0.0267535111693469,0.1045284767859551,-0.0583774503090222,-0.0056952048069996,0.0435369945994862,-0.0216517923364816,-0.0009545722789646,0.0622385283512185,-0.0863044060433535,-0.0816129582403802,0.0619939308739462,0.0299511603924484,-0.0070399337953375,0.9919277050945891,1.5433579239817468,-0.8044696341036526,-0.7482528638021858,-0.1248426927716106,0.0029717160705776,-0.3459458762469211,0.2137752031996105,-0.4489556793885418,-0.0687057236969498,-0.0095262682855914,-0.0000470521278640,0.0000000000000000,0.0000000000000000,0.1249023800399441,-0.6156828117840069,0.1544596784394512,0.7625459189258554,0.1249023800399441,-0.6156828117840069,0.1544596784394512,0.7625459189258554,0.1057097887034194,-0.9034600108734452,0.1724083281324970,0.3779693343584757,0.1873627203722819,-0.8422327338815386,0.3696060670975488,0.3448631440989439,0.2120369208603101,-0.8363618303096759,0.3593100619817425,0.3555777163318914,0.0388603868835705,-0.6053495624639853,0.4153952897909464,0.6778558333269809,0.1122312673360119,-0.7164118790832670,0.4018302117578987,0.5591874847125395,0.1842993241459239,-0.6577974192197311,0.4919512728318491,0.5397409189104896,0.1842993241459239,-0.6577974192197311,0.4919512728318491,0.5397409189104896,0.2488573729581871,-0.8642625747725453,-0.0027100950472952,0.4371645744530477,0.1735630701802596,-0.8520458805688305,-0.1448273460825721,0.4721426880742375,0.1566279081471248,-0.8553210042517179,-0.1354335224152526,0.4749225611417983,0.2004798707807438,-0.5554536181741394,-0.0517915245583980,0.8053550381371619,0.1869408378156410,-0.6987125984185879,-0.0890374289899089,0.6847818369428305,0.2355391051283250,-0.7032971408541683,-0.0387310032963264,0.6696225586144472,0.2355391051283250,-0.7032971408541683,-0.0387310032963264,0.6696225586144472,0.1305740019235923,-0.6145049709217666,0.1474220228464238,0.7639377055192161,0.2244631789061197,-0.9698013192725745,-0.0269415814431299,0.0915195806474005,0.2421152263982709,-0.9237573721126068,0.2965008687020896,0.0118224139933760,-0.2855195531206816,-0.9078780733924456,0.2474382181098973,-0.1816874152427342,0.0921527431997678,-0.3740122863788073,0.3820726379252963,-0.8400257025277618,0.0455971620576403,-0.3924710836503320,0.1246249350967026,-0.9101406335631684,0.0455971620576403,-0.3924710836503320,0.1246249350967026,-0.9101406335631684,0.1693009948811260,-0.9776418076962536,0.0484845361810173,0.1149039543617781,0.0835349048419646,-0.8569379498412825,-0.4730661735170953,0.1867824008539257,0.3857294705261222,-0.7682160129106080,-0.5104149590009994,-0.0230976774454399,-0.3009914312208809,-0.3718823432958858,-0.5871137278010748,-0.6529970533653974,-0.2428695136975332,-0.4570650210834342,-0.3776852965980787,-0.7677628426486558,-0.2428695136975332,-0.4570650210834342,-0.3776852965980787,-0.7677628426486558,0.1304298085902838,-0.6145355923760685,0.1476012719811214,0.7639030928355056
0.0382181431434715,-1.5499145024419956,0.0713877569420133,0.1248835547898966,-0.6164684550926502,0.1541380012964366,0.7619791454987858,-0.9692624124664785,0.4487543231434055,-0.0588279668208821,0.8811490767841719,-0.3585545353896333,0.2619244800631406,-0.9182259567950838,-0.3322139754568017,0.0378554077804505,0.9213680537616205,-0.3828279006766749,0.1433249521120918,0.0034114007762282,-1.5827991056204229,0.6610824084784929,1.1274216914822539,-1.9538783207572135,0.5447007075371656,-1.5494566024863994,-1.1027899767074638,-0.7767782773766687,-2.1319411865033504,-0.5219522367654570,0.0004653648404367,-0.0073945305245501,-0.0016902209401677,-0.0056681628120316,0.0380199098929360,-0.0924024836484874,-0.0251420462257676,0.1221471325205798,-0.0518128674751514,-0.0009991006649800,0.0597870498148238,-0.0183828321091014,-0.0012598993676503,0.0820251943206090,-0.0773965740532035,-0.0768491919382596,0.0442093274160742,0.0241330362857965,-0.0063008053555561,1.0229863252340872,1.3472765691320683,-0.5433245532972618,-0.7666388168987548,-0.0401890956137957,0.0022320621625660,-0.5929435976111609,0.2615916207642404,-0.7185863151965164,-0.0977700716102887,-0.0121368637147572,-0.0004827456886202,0.0000000000000000,0.0000000000000000,0.1248835547898966,-0.6164684550926502,0.1541380012964366,0.7619791454987858,0.1248835547898966,-0.6164684550926502,0.1541380012964366,0.7619791454987858,0.1055245989913430,-0.9034828106633281,0.1720682540541672,0.3781215225167161,0.1870290131683351,-0.8425309420901201,0.3688228366547973,0.3451542771224513,0.2117258937693016,-0.8366662333652393,0.3585127558685378,0.3558516035281553,0.0386412290983010,-0.6050546748809649,0.4145673716377544,0.6786380406312531,0.1119395671559768,-0.7163607642420478,0.4010346412939859,0.5598821351335346,0.1840956774192148,-0.6578553369565090,0.4911495532941924,0.5404694750791328,0.1840956774192148,-0.6578553369565090,0.4911495532941924,0.5404694750791328,0.2486554659624386,-0.8645037719940258,-0.0027056618471077,0.4368024345731981,0.1730467351432288,-0.8521685794704309,-0.1455431364279242,0.4718905964928096,0.1568213780263772,-0.8553031718486089,-0.1365493240283542,0.4745711977427797,0.2011747008396691,-0.5551964229731933,-0.0526061045959688,0.8053063202403659,0.1874901549187266,-0.6982802473641389,-0.0899227685697247,0.6849569575107509,0.2360568611909598,-0.7029268259507993,-0.0396898667785873,0.6697729093644389,0.2360568611909598,-0.7029268259507993,-0.0396898667785873,0.6697729093644389,0.1244626540349604,-0.6165535711776015,0.1546581792125346,0.7618737357471929,0.2248777049088245,-0.9687866767010024,-0.0139992587027341,0.1033751113050963,0.2462687045112349,-0.9207229373943231,0.3016834048362088,0.0246601090986931,-0.2733903733705193,-0.9102054874154897,0.2597751191388763,-0.1711740690158451,0.1096408813134526,-0.3825802406437386,0.3783518400453352,-0.8357398648790767,0.0598805228604981,-0.4051651599564108,0.1213558651570911,-0.9041726992845024,0.0598805228604981,-0.4051651599564108,0.1213558651570911,-0.9041726992845024,0.1698370889872741,-0.9778886752143201,0.0571885858338737,0.1077894602557800,0.0881507018512330,-0.8627986727677748,-0.4638051807949783,0.1808111122166961,0.3961225250667995,-0.7698060683022369,-0.4996973024409638,-0.0280743347735677,-0.2870932287358991,-0.3684413063478953,-0.5911077048455238,-0.6575866201976056,-0.2306000176579633,-0.4504200113380664,-0.3807175681729121,-0.7739506305487884,-0.2306000176579633,-0.4504200113380664,-0.3807175681729121,-0.7739506305487884,0.1243188918372809,-0.6165825747729418,0.1548358174228477,0.7618376541374930
0.0381934471105752,-1.5498879163111117,0.0712482493029347,0.1248682013690472,-0.6171945980426663,0.1538427812822172,0.7614533203559904,-0.9673925335474173,0.4477574074673255,-0.0588490177796367,0.8822103694355720,-0.3588795815061192,0.2619113589720346,-0.9170745958557075,-0.3334546068135211,0.0365523865781198,0.9221758840199191,-0.3823642049813297,0.1431981514366039,0.0229343686363329,-1.5551889211662910,0.6496811960941979,1.1116643884233630,-1.9544931091838393,0.5447111443769842,-1.5586296250098024,-1.0976521402601185,-0.7878683292760014,-2.1333606666484286,-0.5221536287663602,0.0004627094294226,-0.0065134615155990,-0.0015572719615061,-0.0052641581576190,0.0358337837998118,-0.0863036385562828,-0.0205309799751361,0.0834797442662400,-0.0501167936330478,-0.0020206311251580,0.0370332640259379,-0.0161753927804218,-0.0004706906201420,0.0538808010865991,-0.0558845202210849,-0.0620131991725041,0.0314012870682635,0.0210037552517671,-0.0061325505040112,0.9333467575614017,1.3937596710701114,-0.5637565386937475,-0.8049046811881089,-0.0091939220023567,-0.0007511887972591,-0.5856420184189055,0.3219988663831471,-0.6876252531314677,-0.0910192112426169,-0.0112559742669595,0.0000907766582104,0.0000000000000000,0.0000000000000000,0.1248682013690472,-0.6171945980426663,0.1538427812822172,0.7614533203559904,0.1248682013690472,-0.6171945980426663,0.1538427812822172,0.7614533203559904,0.1053567533244369,-0.9035049162673682,0.1717543846632412,0.3782581818792307,0.1867230513934197,-0.8428065570508168,0.3681002713426071,0.3454182967185985,0.2114361241493237,-0.8369487176250604,0.3577793542855904,0.3560976595225876,0.0384628572706545,-0.6048294306299271,0.4138017756835748,0.6793158756392905,0.1116934897522379,-0.7163523239535475,0.4002947230419969,0.5604712722504601,0.1839246655330809,-0.6579471988763180,0.4904100333595592,0.5410870540676674,0.1839246655330809,-0.6579471988763180,0.4904100333595592,0.5410870540676674,0.2484650875223676,-0.8647157409723836,-0.0026902742668847,0.4364911797750933,0.1726077242158756,-0.8522865747516472,-0.1461100433206232,0.4716630399765990,0.1569501707112768,-0.8553084097999853,-0.1374365069083433,0.4742629804316947,0.2017066529366154,-0.5550026002030608,-0.0532595125641779,0.8052639096907145,0.1879093637120114,-0.6979209285555366,-0.0906213029414886,0.6851162149348907,0.2364438126578974,-0.7026158794347664,-0.0404570022214349,0.6699167712433848,0.2364438126578974,-0.7026158794347664,-0.0404570022214349,0.6699167712433848,0.1183599662322654,-0.6184756728923834,0.1618551232798920,0.7597905497581959,0.2249999974316326,-0.9676461614319476,-0.0013283635202578,0.1141671707284575,0.2496906679905455,-0.9172902433121316,0.3080900319841512,0.0362451656750337,-0.2614597020423830,-0.9116753181196007,0.2724065411027630,-0.1621160538128854,0.1269567944314537,-0.3900193324805393,0.3750518177891494,-0.8313260651586591,0.0742961005858152,-0.4167532682390294,0.1186085382558746,-0.8981808378620840,0.0742961005858152,-0.4167532682390294,0.1186085382558746,-0.8981808378620840,0.1704316987353996,-0.9780602604979789,0.0657492950699982,0.1001408662764111,0.0931034404980704,-0.8685741285061236,-0.4544269207005720,0.1743757620767472,0.4072344183452668,-0.7708655520910147,-0.4886676515160919,-0.0336207596010973,-0.2725698409790894,-0.3642593555895876,-0.5956213134998536,-0.6620091045890543,-0.2179128263726075,-0.4429318150798441,-0.3843416434061392,-0.7801326223381795,-0.2179128263726075,-0.4429318150798441,-0.3843416434061392,-0.7801326223381795,0.1182169319487136,-0.6185030287450681,0.1620308311047089,0.7597530981873835
0.0381723521871498,-1.5498614438168175,0.0711296170447811,0.1248429009789014,-0.6178145635780081,0.1535778448707508,0.7610080555887324,-0.9657722528427882,0.4469213804545689,-0.0588072412661399,0.8834019308011923,-0.3591579793962468,0.2619073798583278,-0.9160286796402252,-0.3343834163468939,0.0355879614833600,0.9228943848042378,-0.3819026818958651,0.1430682352911171,0.0419136081281620,-1.5297652618262654,0.6408090679008238,1.0960022143222827,-1.9538903006962967,0.5446953377477141,-1.5677604520580661,-1.0923318075956667,-0.7986278518715324,-2.1345918445103229,-0.5223505716705489,0.0004598051777520,-0.0059239642172936,-0.0012337032304689,-0.0048516888352715,0.0329831508547265,-0.0799311257215200,-0.0198602461535979,0.0785770593897069,-0.0380138319842027,0.0033048094605193,0.0606248376588458,-0.0132328651105218,0.0000560518670209,0.0523291785235718,-0.0407985549187507,-0.0430300529209721,0.0313715011490963,0.0217748559894076,-0.0063958527143500,0.9153537388886017,1.2709101879238349,-0.4416614493247193,-0.7900236257810209,0.0430849331848219,-0.0021807191684165,-0.5787375318358802,0.3207793487418740,-0.6695098541593740,-0.0799961347933564,-0.0112612758978185,0.0000615328565772,0.0000000000000000,0.0000000000000000,0.1248429009789014,-0.6178145635780081,0.1535778448707508,0.7610080555887324,0.1248429009789014,-0.6178145635780081,0.1535778448707508,0.7610080555887324,0.1051963235331379,-0.9035308756644679,0.1714806750994832,0.3783649934964076,0.1864416984642915,-0.8430507845236137,0.3674765841869305,0.3456382905034907,0.2111490485032008,-0.8372044024778675,0.3571550102132239,0.3562936520167902,0.0382334058860893,-0.6045880151377155,0.4131365738815248,0.6799483141736746,0.1114058183996460,-0.7163074040687989,0.3996653170227811,0.5610348303554809,0.1837116849686836,-0.6579860852507254,0.4897784952109746,0.5416838137246351,0.1837116849686836,-0.6579860852507254,0.4897784952109746,0.5416838137246351,0.2482841269283040,-0.8648969641655726,-0.0026809919041255,0.4362350810916474,0.1722457158909492,-0.8523966601540872,-0.1465396877933462,0.4714631131030302,0.1570149136435840,-0.8553332507146708,-0.1381073302356302,0.4740018063790039,0.2020824088062139,-0.5548517711038614,-0.0537588859854236,0.8052404574607468,0.1882043371282198,-0.6976108013217253,-0.0911397018726907,0.6852823156246955,0.2367065637408129,-0.7023409815570124,-0.0410416983531973,0.6700766577816556,0.2367065637408129,-0.7023409815570124,-0.0410416983531973,0.6700766577816556,0.1124367586173978,-0.6201923574226995,0.1687976870495232,0.7577775108518455,0.2248295106734630,-0.9663872873449344,0.0108349737258637,0.1242171700401777,0.2525305419462606,-0.9136544524862314,0.3150513089159061,0.0469738180988855,-0.2499032937196824,-0.9125025763267028,0.2849703934671615,-0.1538806902517518,0.1437399226909551,-0.3969295487986853,0.3721106430184307,-0.8266313793146741,0.0883299448464237,-0.4277171196645605,0.1163341417153274,-0.8920326529116736,0.0883299448464237,-0.4277171196645605,0.1163341417153274,-0.8920326529116736,0.1710651404459688,-0.9780922798759329,0.0740011576821819,0.0927148231568059,0.0979676074880290,-0.8740962130956156,-0.4450803180810267,0.1681120715233392,0.4180655066856163,-0.7717010978946077,-0.4776957009003894,-0.0388003217672510,-0.2581714689856394,-0.3603309812581426,-0.5999373457756093,-0.6660212141449089,-0.2052591967843096,-0.4357125046545431,-0.3878640408264593,-0.7858656127207093,-0.2052591967843096,-0.4357125046545431,-0.3878640408264593,-0.7858656127207093,0.1122942099824443,-0.6202181836243847,0.1689718509727816,0.7577386941980195
0.0381514910130895,-1.5498337665832980,0.0710216217056063,0.1248126155142606,-0.6183794951606201,0.1533293651259347,0.7606041787707091,-0.9643714431437889,0.4462450032797533,-0.0587816343077694,0.8842751671315560,-0.3594360398866541,0.2619043767141503,-0.9150853310893067,-0.3350599677380113,0.0348934331373387,0.9235727171014037,-0.3814484786629146,0.1429358530391922,0.0600599927113899,-1.5060484683961191,0.6333321742217576,1.0806904230510332,-1.9525758679340532,0.5446483901836424,-1.5771831123870055,-1.0866150477743994,-0.8095026459548752,-2.1357608719355694,-0.5225485564067059,0.0004587035692924,-0.0046888109440634,-0.0005007955170904,-0.0034798047025552,0.0232072546849731,-0.0567300768944832,-0.0230221660507485,0.0623226748235280,-0.0295440496819239,0.0024206394661993,0.0497912122529952,-0.0131090640230834,-0.0001227306087063,0.0396470259907585,-0.0277056368842740,-0.0315161252800169,0.0303421154522476,0.0219350932533011,-0.0065692672598573,0.8580904346433231,1.2239701664103433,-0.4063941775746210,-0.7919650732854375,0.0724214109319591,-0.0041967101736805,-0.5288729781860576,0.3296312582994375,-0.6027138777660725,-0.0678190542189927,-0.0108285935704594,0.0002125643061273,0.0000000000000000,0.0000000000000000,0.1248126155142606,-0.6183794951606201,0.1533293651259347,0.7606041787707091,0.1248126155142606,-0.6183794951606201,0.1533293651259347,0.7606041787707091,0.1050392289206591,-0.9035651560844613,0.1712282177527213,0.3784411004939133,0.1861855122774671,-0.8432674231008720,0.3669457003175337,0.3458118869750836,0.2108878803884429,-0.8374313665910047,0.3566241306205672,0.3564466827085334,0.0380396087159700,-0.6044233836788027,0.4125620641847011,0.6804541899545203,0.1111680685845085,-0.7163139069418654,0.3991191916743613,0.5614623033526616,0.1835310729579861,-0.6580644924713206,0.4892370245490199,0.5421389146867955,0.1835310729579861,-0.6580644924713206,0.4892370245490199,0.5421389146867955,0.2481083201752715,-0.8650618250524509,-0.0026739581442530,0.4360081997446513,0.1719445273958802,-0.8525088442962001,-0.1468597344815506,0.4712705892408035,0.1570186751983799,-0.8553837651858849,-0.1386007454207503,0.4737653250969071,0.2023238800375543,-0.5547283813171298,-0.0541302000623618,0.8052399592475750,0.1883917093027118,-0.6973340181167504,-0.0915073486570586,0.6854635192225088,0.2368621604820438,-0.7020884490302395,-0.0414745394116660,0.6702596431612773,0.2368621604820438,-0.7020884490302395,-0.0414745394116660,0.6702596431612773,0.1067227615168834,-0.6217568987963257,0.1754492547433872,0.7558082891735026,0.2244110370946251,-0.9650511202704219,0.0224355154019838,0.1334641125680103,0.2548369349731351,-0.9099504053444956,0.3222068852460130,0.0568429370014411,-0.2389499786917225,-0.9127889168724863,0.2971496372487143,-0.1463604933065515,0.1596920019015203,-0.4032883435229757,0.3695411991332235,-0.8217641259207895,0.1017077605845914,-0.4379551301811439,0.1145231260703370,-0.8858528596668653,0.1017077605845914,-0.4379551301811439,0.1145231260703370,-0.8858528596668653,0.1717297324859200,-0.9780284661461660,0.0818614900024257,0.0852520665009109,0.1028751562936539,-0.8793720917798460,-0.4358276130953356,0.1617891160737263,0.4289444863822655,-0.7721481371338632,-0.4667521938612382,-0.0440030845359869,-0.2437399827647070,-0.3562143703690877,-0.6043338497440133,-0.6696885404409993,-0.1926045855279925,-0.4283108548887585,-0.3915604798657669,-0.7912860897458909,-0.1926045855279925,-0.4283108548887585,-0.3915604798657669,-0.7912860897458909,0.1065802898253712,-0.6217813368438729,0.1756224354580170,0.7557680670266385
