base_x,base_y,base_z,base_qx,base_qy,base_qz,base_qw,J00_HIP_PITCH_L,J01_HIP_ROLL_L,J02_HIP_YAW_L,J03_KNEE_PITCH_L,J04_ANKLE_PITCH_L,J05_ANKLE_ROLL_L,J06_HIP_PITCH_R,J07_HIP_ROLL_R,J08_HIP_YAW_R,J09_KNEE_PITCH_R,J10_ANKLE_PITCH_R,J11_ANKLE_ROLL_R,J12_WAIST_YAW,J13_SHOULDER_PITCH_L,J14_SHOULDER_ROLL_L,J15_SHOULDER_YAW_L,J16_ELBOW_PITCH_L,J17_ELBOW_YAW_L,J18_SHOULDER_PITCH_R,J19_SHOULDER_ROLL_R,J20_SHOULDER_YAW_R,J21_ELBOW_PITCH_R,J22_ELBOW_YAW_R,J23_HEAD_YAW,base_vx,base_vy,base_vz,base_wx,base_wy,base_wz,dJ00_HIP_PITCH_L,dJ01_HIP_ROLL_L,dJ02_HIP_YAW_L,dJ03_KNEE_PITCH_L,dJ04_ANKLE_PITCH_L,dJ05_ANKLE_ROLL_L,dJ06_HIP_PITCH_R,dJ07_HIP_ROLL_R,dJ08_HIP_YAW_R,dJ09_KNEE_PITCH_R,dJ10_ANKLE_PITCH_R,dJ11_ANKLE_ROLL_R,dJ12_WAIST_YAW,dJ13_SHOULDER_PITCH_L,dJ14_SHOULDER_ROLL_L,dJ15_SHOULDER_YAW_L,dJ16_ELBOW_PITCH_L,dJ17_ELBOW_YAW_L,dJ18_SHOULDER_PITCH_R,dJ19_SHOULDER_ROLL_R,dJ20_SHOULDER_YAW_R,dJ21_ELBOW_PITCH_R,dJ22_ELBOW_YAW_R,dJ23_HEAD_YAW,left_foot_contact,right_foot_contact,base_quat_x,base_quat_y,base_quat_z,base_quat_w,LINK_BASE_qx,LINK_BASE_qy,LINK_BASE_qz,LINK_BASE_qw,LINK_HIP_PITCH_L_qx,LINK_HIP_PITCH_L_qy,LINK_HIP_PITCH_L_qz,LINK_HIP_PITCH_L_qw,LINK_HIP_ROLL_L_qx,LINK_HIP_ROLL_L_qy,LINK_HIP_ROLL_L_qz,LINK_HIP_ROLL_L_qw,LINK_HIP_YAW_L_qx,LINK_HIP_YAW_L_qy,LINK_HIP_YAW_L_qz,LINK_HIP_YAW_L_qw,LINK_KNEE_PITCH_L_qx,LINK_KNEE_PITCH_L_qy,LINK_KNEE_PITCH_L_qz,LINK_KNEE_PITCH_L_qw,LINK_ANKLE_PITCH_L_qx,LINK_ANKLE_PITCH_L_qy,LINK_ANKLE_PITCH_L_qz,LINK_ANKLE_PITCH_L_qw,LINK_ANKLE_ROLL_L_qx,LINK_ANKLE_ROLL_L_qy,LINK_ANKLE_ROLL_L_qz,LINK_ANKLE_ROLL_L_qw,LINK_FOOT_L_qx,LINK_FOOT_L_qy,LINK_FOOT_L_qz,LINK_FOOT_L_qw,LINK_HIP_PITCH_R_qx,LINK_HIP_PITCH_R_qy,LINK_HIP_PITCH_R_qz,LINK_HIP_PITCH_R_qw,LINK_HIP_ROLL_R_qx,LINK_HIP_ROLL_R_qy,LINK_HIP_ROLL_R_qz,LINK_HIP_ROLL_R_qw,LINK_HIP_YAW_R_qx,LINK_HIP_YAW_R_qy,LINK_HIP_YAW_R_qz,LINK_HIP_YAW_R_qw,LINK_KNEE_PITCH_R_qx,LINK_KNEE_PITCH_R_qy,LINK_KNEE_PITCH_R_qz,LINK_KNEE_PITCH_R_qw,LINK_ANKLE_PITCH_R_qx,LINK_ANKLE_PITCH_R_qy,LINK_ANKLE_PITCH_R_qz,LINK_ANKLE_PITCH_R_qw,LINK_ANKLE_ROLL_R_qx,LINK_ANKLE_ROLL_R_qy,LINK_ANKLE_ROLL_R_qz,LINK_ANKLE_ROLL_R_qw,LINK_FOOT_R_qx,LINK_FOOT_R_qy,LINK_FOOT_R_qz,LINK_FOOT_R_qw,LINK_TORSO_YAW_qx,LINK_TORSO_YAW_qy,LINK_TORSO_YAW_qz,LINK_TORSO_YAW_qw,LINK_SHOULDER_PITCH_L_qx,LINK_SHOULDER_PITCH_L_qy,LINK_SHOULDER_PITCH_L_qz,LINK_SHOULDER_PITCH_L_qw,LINK_SHOULDER_ROLL_L_qx,LINK_SHOULDER_ROLL_L_qy,LINK_SHOULDER_ROLL_L_qz,LINK_SHOULDER_ROLL_L_qw,LINK_SHOULDER_YAW_L_qx,LINK_SHOULDER_YAW_L_qy,LINK_SHOULDER_YAW_L_qz,LINK_SHOULDER_YAW_L_qw,LINK_ELBOW_PITCH_L_qx,LINK_ELBOW_PITCH_L_qy,LINK_ELBOW_PITCH_L_qz,LINK_ELBOW_PITCH_L_qw,LINK_ELBOW_YAW_L_qx,LINK_ELBOW_YAW_L_qy,LINK_ELBOW_YAW_L_qz,LINK_ELBOW_YAW_L_qw,LINK_ELBOW_END_L_qx,LINK_ELBOW_END_L_qy,LINK_ELBOW_END_L_qz,LINK_ELBOW_END_L_qw,LINK_SHOULDER_PITCH_R_qx,LINK_SHOULDER_PITCH_R_qy,LINK_SHOULDER_PITCH_R_qz,LINK_SHOULDER_PITCH_R_qw,LINK_SHOULDER_ROLL_R_qx,LINK_SHOULDER_ROLL_R_qy,LINK_SHOULDER_ROLL_R_qz,LINK_SHOULDER_ROLL_R_qw,LINK_SHOULDER_YAW_R_qx,LINK_SHOULDER_YAW_R_qy,LINK_SHOULDER_YAW_R_qz,LINK_SHOULDER_YAW_R_qw,LINK_ELBOW_PITCH_R_qx,LINK_ELBOW_PITCH_R_qy,LINK_ELBOW_PITCH_R_qz,LINK_ELBOW_PITCH_R_qw,LINK_ELBOW_YAW_R_qx,LINK_ELBOW_YAW_R_qy,LINK_ELBOW_YAW_R_qz,LINK_ELBOW_YAW_R_qw,LINK_ELBOW_END_R_qx,LINK_ELBOW_END_R_qy,LINK_ELBOW_END_R_qz,LINK_ELBOW_END_R_qw,LINK_HEAD_YAW_qx,LINK_HEAD_YAW_qy,LINK_HEAD_YAW_qz,LINK_HEAD_YAW_qw
1.5828400000000000,-0.3421140000000000,0.7251339999999999,0.1878959481403497,0.1116159691937735,-0.3027759164332531,0.9276657439624348,0.1656950000000000,0.2789560000000000,0.0841250000000000,0.3368010000000000,0.9063920000000000,0.2944160000000000,-0.4032410000000000,0.3259900000000000,0.0984870000000000,0.9640600000000000,-0.2866360000000000,0.0443970000000000,0.2099180000000000,-0.2122260000000000,0.6496330000000000,0.0348870000000000,-0.0423170000000000,-0.0384990000000000,0.0115270000000000,-0.0432940000000000,0.0194510000000000,-0.2330430000000000,-0.0553310000000000,0.0003810000000000,0.5404163818710290,-2.8357593379879584,-1.4029631040128785,1.3904219119499814,2.0512301757127438,-0.7580735490127782,6.9623520000000001,5.4659360000000001,-0.0737530000000000,0.3098700000000000,-2.5089299999999999,-1.1903400000000000,-5.1901520000000003,0.4831540000000000,-2.1058910000000002,4.4997189999999998,-9.5930739999999997,-5.6748849999999997,-2.3191210000000000,-1.6078300000000001,3.5424780000000000,-0.1413970000000000,-1.1359269999999999,-0.0592500000000000,1.0024750000000000,-1.3035960000000000,0.5398960000000000,0.1733220000000000,-0.0439780000000000,0.0014540000000000,0.0000000000000000,0.0000000000000000,0.1878959481403497,0.1116159691937735,-0.3027759164332531,0.9276657439624348,0.1878959481403497,0.1116159691937735,-0.3027759164332531,0.9276657439624348,0.2090626925833852,0.1894086235668917,-0.3065870646980456,0.9090772990500408,0.3334179876785848,0.1449455846672768,-0.3299424683291458,0.8711837869076164,0.3392180566483263,0.1307971217799097,-0.2930172718399703,0.8842873409595354,0.3835308785902158,0.2771584708716363,-0.2320174060725257,0.8498559704275134,0.4464011048432407,0.6212818803695419,-0.0406701997479743,0.6427136326325126,0.5358442797940851,0.6085969990934698,-0.1313580325578803,0.5702856019477474,0.5358442797940851,0.6085969990934698,-0.1313580325578803,0.5702856019477474,0.1197376504396489,-0.0603480689242001,-0.3810693586191967,0.9147716379325863,0.2665944777489139,-0.1213859354423257,-0.3662256137657734,0.8832166432605638,0.2602962548271768,-0.1343615295103849,-0.3223065659843834,0.9001729370703886,0.3800514744878891,0.2982493132908540,-0.1649137334890021,0.8598905071971861,0.3526007343545983,0.1723751890844703,-0.2175049077292241,0.8936728324361175,0.3723504289120312,0.1675048337118448,-0.2212774759919599,0.8856260877993722,0.3723504289120312,0.1675048337118448,-0.2212774759919599,0.8856260877993722,0.1985555329117939,0.0913165497417633,-0.2039215025371717,0.9542814096986048,0.1752759060206323,-0.0087488935246977,-0.2301091855487193,0.9572103093661526,0.4715898103433136,-0.0817272766194238,-0.2152845388507350,0.8512204593221175,0.4698595101090443,-0.0908568286041787,-0.2009501851030203,0.8547491448156834,0.4655827187232253,-0.1082486919901530,-0.2119672854154247,0.8523994501536986,0.4713040748558992,-0.0993541193238860,-0.2269176412178832,0.8464689079356149,0.4713040748558992,-0.0993541193238860,-0.2269176412178832,0.8464689079356149,0.1996921642062853,0.0968760062929362,-0.2031213527567404,0.9536665009391980,0.1790029723859832,0.1012499340223764,-0.2009768528996850,0.9577654678134863,0.1800999835066759,0.1000925860390458,-0.1915618170799530,0.9596090560212207,0.1570788997490945,-0.0131818497561293,-0.2041227995348823,0.9661709687217181,0.1627651303407957,-0.0118090213192235,-0.2302852925040635,0.9593418282431679,0.1627651303407957,-0.0118090213192235,-0.2302852925040635,0.9593418282431679,0.1985729251115995,0.0912787232560222,-0.2037397082295425,0.9543202394290476
1.5931234076478795,-0.3920327428199307,0.6987240679595310,0.1997229639731937,0.1323746863711513,-0.3016197400988203,0.9228289183010155,0.2615365904068246,0.3622410650529479,0.0384904461424685,0.3597196463200400,0.8377496415879373,0.2777479588782532,-0.4898088512036238,0.3227032346911868,0.0668182505894754,0.9862714761667388,-0.4221445176967655,-0.0320875705584365,0.1504671772293721,-0.2354979265155122,0.7161713390166466,-0.0001186401163827,-0.1422985141241769,-0.0729263718537853,0.0339810013560130,-0.0971923591574875,0.0353287488215375,-0.2911511095867190,-0.0157362365653624,0.0003669285630417,0.4693826701761522,-2.5725975317857390,-1.3661039564880502,2.4972059025373787,1.6238649083323702,0.6209001921136345,3.5810534041432365,3.1157838755481424,-3.2759172665524101,1.2500799801278024,-3.3981758316754900,-0.5948790369390187,-3.8557438975901199,-0.5552659325249600,-0.8991936834479006,-0.4567424273590160,-4.7118952711513451,-2.4385173733234149,-3.1043307209100437,-1.0767104082787957,3.2146313408947815,-2.5670685981949419,-7.2032186942670702,-2.5727523419187919,0.9640570515042514,-3.7050561716403476,0.8803031847528290,-4.6909129761275530,3.0193657453247975,-0.0012162663007825,0.0000000000000000,0.0000000000000000,0.1997229639731937,0.1323746863711513,-0.3016197400988203,0.9228289183010155,0.1997229639731937,0.1323746863711513,-0.3016197400988203,0.9228289183010155,0.2307190893957194,0.2509296004744292,-0.3050091620888137,0.8892538717576853,0.3845302904553236,0.1929578334187808,-0.3446208465469072,0.8343501677173490,0.3887780404596557,0.1842495726227764,-0.3257445252627601,0.8418991831009308,0.4404655143670153,0.3308916244018265,-0.2514915329304574,0.7957718720955215,0.5048449045986941,0.6279610621375489,-0.0488823361046311,0.5902601493890400,0.5819991311021554,0.6150680606357858,-0.1357050445992997,0.5143466078942998,0.5819991311021554,0.6150680606357858,-0.1357050445992997,0.5143466078942998,0.1162202028318325,-0.0719047749074727,-0.3959703535875253,0.9080363686984152,0.2610761036033148,-0.1347949782070056,-0.3792006479753127,0.8774260370838033,0.2562987855315023,-0.1436709802207560,-0.3488803915699915,0.8899168805879873,0.3910030043338291,0.2951141371775144,-0.1858043209639466,0.8517634947278606,0.3446360618479497,0.1143273852066723,-0.2619782051257123,0.8941603066032692,0.3324392504815443,0.1178809778880407,-0.2603985522641089,0.8987662731601499,0.3324392504815443,0.1178809778880407,-0.2603985522641089,0.8987662731601499,0.2094697987275464,0.1163388299371258,-0.2284761399025059,0.9436028473702021,0.1806514536950408,0.0074530675597569,-0.2581557424848019,0.9490337805810387,0.4991555356382621,-0.0827125550615724,-0.2446601087817873,0.8271298662530270,0.4989084211755129,-0.0840918465579660,-0.2426678161504095,0.8277265729861643,0.4826057085918938,-0.1346646307788560,-0.2773267965450430,0.8197847370924731,0.4933242621728494,-0.1189468603960496,-0.3022495585985839,0.8069250405586000,0.4933242621728494,-0.1189468603960496,-0.3022495585985839,0.8069250405586000,0.2129801082426436,0.1316267832834276,-0.2260460298716639,0.9413910217304332,0.1705196360311470,0.1416382299054017,-0.2199114129088077,0.9500003347523212,0.1730998326375809,0.1397631922937616,-0.2037880765993877,0.9534008170001854,0.1436931977525582,0.0033192231345110,-0.2175678939847735,0.9654042983043210,0.1457603793217091,0.0036843921022482,-0.2279042719929023,0.9627045132761215,0.1457603793217091,0.0036843921022482,-0.2279042719929023,0.9627045132761215,0.2094912806740868,0.1163001429561860,-0.2283018709164112,0.9436450263769574
1.6048917431650478,-0.4435829476074450,0.6681411301304203,0.2216373958342207,0.1560316923617574,-0.2938888471124535,0.9166025972521923,0.3131847979021894,0.4044965687056107,-0.0292728080955205,0.3834698578678825,0.7795420737679227,0.2696057015398953,-0.5583279775355343,0.3056921189706269,0.0655780435734260,0.9655170713031902,-0.4758021280843456,-0.0549643658653974,0.0908049657917493,-0.2643661913561283,0.7807509027822896,-0.0562277581822236,-0.3093857009160053,-0.1303709213210320,0.0425396034724963,-0.1895624018897485,0.0515535275498468,-0.4050123724065898,0.0520985836239194,0.0003437573693726,0.5212021899306540,-2.3825330496659682,-1.3949543519194099,3.2795756529665381,1.2997469244390629,0.7118273079559109,1.8355149259750543,1.4236122934795084,-3.2225344944344645,1.1843765512139715,-2.5095836492214012,-0.2855898556077115,-3.0749128992605872,-1.0373666814714868,0.5728780658825835,-1.2401492796385987,-1.2143202488781959,-0.3617332206389406,-2.8630843122079761,-1.8642693271441364,3.2642710905122749,-2.8151342378234143,-8.8860804835408072,-2.9427012791637308,-0.0485908225220068,-5.2438900897334078,0.7112151110022870,-6.2183440706537114,3.4846461347790005,-0.0011024747676043,0.0000000000000000,0.0000000000000000,0.2216373958342207,0.1560316923617574,-0.2938888471124535,0.9166025972521923,0.2216373958342207,0.1560316923617574,-0.2938888471124535,0.9166025972521923,0.2565202721567309,0.2994798968722073,-0.2939447512982321,0.8706926119626089,0.4250484148755843,0.2348257088094428,-0.3477766696150135,0.8020237649629759,0.4223405164711392,0.2396617546731130,-0.3569080121821603,0.7980021317854208,0.4822944024180107,0.3864651167915812,-0.2704569289354288,0.7381665614821230,0.5490539378397185,0.6393077757807328,-0.0655333072233365,0.5343507526085873,0.6160170022800912,0.6246574225133550,-0.1510369194214046,0.4555370526889281,0.6160170022800912,0.6246574225133550,-0.1510369194214046,0.4555370526889281,0.1248524387027310,-0.0755876877678430,-0.4057863364564455,0.9022393358489470,0.2616694660282815,-0.1368921275147941,-0.3894054375856940,0.8724408525233341,0.2571243134021617,-0.1452496178463805,-0.3611015587693282,0.8845311188575048,0.3956199593188820,0.2830256041262370,-0.1999802392155230,0.8505229327424437,0.3376981849308975,0.0757017106884511,-0.2871710016393525,0.8931752362838273,0.3133536561237603,0.0834611243944926,-0.2850125855089806,0.9020041868030134,0.3133536561237603,0.0834611243944926,-0.2850125855089806,0.9020041868030134,0.2289073210881309,0.1451566829522653,-0.2493234275099130,0.9297143670188500,0.1934461589593690,0.0252154100523442,-0.2844833337135972,0.9386223945330506,0.5334757933343839,-0.0840471499557344,-0.2729517551678833,0.7961388031375816,0.5358605743125016,-0.0692872722967545,-0.2921163085741847,0.7891265938112489,0.4881366020981180,-0.1779728564678672,-0.3739462095105390,0.7682529221847924,0.5096860746677913,-0.1500702484199377,-0.4155422506688720,0.7382571799433897,0.5096860746677913,-0.1500702484199377,-0.4155422506688720,0.7382571799433897,0.2339652995882812,0.1652094979977799,-0.2456412564777707,0.9260812240165062,0.1502200098186240,0.1865123856592054,-0.2298846125959025,0.9432921835451817,0.1551999177244587,0.1841807525431722,-0.2059809873631998,0.9484525653799636,0.1138781867436450,-0.0057579714906882,-0.2205217971184882,0.9686943487725759,0.1093360866221978,-0.0058390909914864,-0.1990311512518386,0.9738573437675072,0.1093360866221978,-0.0058390909914864,-0.1990311512518386,0.9738573437675072,0.2289324270345878,0.1451170841269294,-0.2491626007113594,0.9297574813645242
1.6174056233193195,-0.4933491052211686,0.6356630782400228,0.2493645439834086,0.1777930451637944,-0.2832741124048838,0.9088249196278445,0.3314670811431972,0.4248836567176231,-0.0845518972928523,0.4091740622984090,0.7369159240825672,0.2657348359718174,-0.5953742137990562,0.3005971176310617,0.0437894874124822,0.9885344340265855,-0.5248382020020796,-0.0530298814568364,0.0331203243030372,-0.3130362955693355,0.8477572939798228,-0.1074655973340077,-0.4871948656482903,-0.1863800544852150,0.0285728415562287,-0.3013334133853292,0.0624694276810320,-0.5314027862936501,0.1185567020290610,0.0003252335200097,0.5678152103247871,-2.3610996978314991,-1.4434531348980817,3.7392042963462035,0.9135655829222151,0.8365362726380728,0.0629419384796811,0.6471624741477157,-2.3478604773343532,1.4329737970507450,-1.8955865356491290,-0.1346005599444638,-0.9580803093062488,-0.0695730057976886,-1.5989852651807903,1.4344751779162506,-3.1035145508475566,0.0567872522429169,-2.8575276864993593,-2.8902404219750131,3.2991241196074239,-2.3049837338054675,-8.7479991120589968,-2.6402972541571441,-1.2875677248868096,-5.8454738678107123,0.3989476234840932,-6.2857154677147085,3.1376192723309799,-0.0007277545619669,0.0000000000000000,0.0000000000000000,0.2493645439834086,0.1777930451637944,-0.2832741124048838,0.9088249196278445,0.2493645439834086,0.1777930451637944,-0.2832741124048838,0.9088249196278445,0.2834855382804350,0.3307730807547225,-0.2784643272622499,0.8559688879137287,0.4570884476519266,0.2648447069698479,-0.3417755019009451,0.7772495985933767,0.4461522056847085,0.2828794392483522,-0.3725289450478124,0.7629872982656869,0.5121383880282659,0.4310020027766078,-0.2748524641395375,0.6902229118674541,0.5768966018944410,0.6516025792491393,-0.0708513673715138,0.4874263771895233,0.6364393317984396,0.6364521791812803,-0.1566348018734776,0.4066191576861725,0.6364393317984396,0.6364521791812803,-0.1566348018734776,0.4066191576861725,0.1450066651560910,-0.0677857337078271,-0.4100998554646261,0.8978843299188903,0.2778753861864489,-0.1284546672930649,-0.3953178412329043,0.8660302954315843,0.2747811007937484,-0.1349469467761905,-0.3748643379746488,0.8750779372816967,0.4194381910539975,0.2951321227794616,-0.2002486682201561,0.8347868619384794,0.3540669896999488,0.0712093069487376,-0.3011054500393711,0.8825538563539822,0.3304937798879238,0.0791841201539254,-0.2991072258488257,0.8916493728006888,0.3304937798879238,0.0791841201539254,-0.2991072258488257,0.8916493728006888,0.2527696476861268,0.1729177489828609,-0.2655745388486673,0.9141537735034792,0.2075719834145626,0.0336982258217041,-0.3098339505463856,0.9272438861306311,0.5680665801219484,-0.0957404522645871,-0.2965913234315579,0.7616874117470003,0.5731848756194525,-0.0640109522250460,-0.3334426202476758,0.7457732332007638,0.4804757959898868,-0.2268615078305459,-0.4683431293065810,0.7059260435513455,0.5148356820355618,-0.1887277336765415,-0.5215467034371591,0.6536934290461603,0.5148356820355618,-0.1887277336765415,-0.5215467034371591,0.6536934290461603,0.2566976301626402,0.1873523052952069,-0.2625075449099769,0.9110956202478384,0.1225251946494925,0.2232749661178393,-0.2327216941738987,0.9386034728478331,0.1297876528272360,0.2212157571256888,-0.2034929980747351,0.9448858945436015,0.0762517221196487,-0.0300333669649354,-0.2145373299977383,0.9732714964386762,0.0635043289152214,-0.0281898117469232,-0.1610668083275199,0.9844948034285848,0.0635043289152214,-0.0281898117469232,-0.1610668083275199,0.9844948034285848,0.2527978894796409,0.1728764581407996,-0.2654252133020047,0.9141971414519506
1.6306495860288235,-0.5423318782286338,0.6023285074678643,0.2822427796356762,0.1986292907941635,-0.2709555147320462,0.8985925256858240,0.3112106964970382,0.4286976033415219,-0.1184523588140551,0.4445590436855774,0.6999037553721618,0.2639187430202811,-0.6043214701147085,0.2965251606691784,0.0166217446128534,1.0063964138947192,-0.5892288007579122,-0.0530991428674152,-0.0220329784650163,-0.3801434118668844,0.9107765721597825,-0.1467851518653799,-0.6549341748751518,-0.2345964088495200,-0.0128419603554272,-0.4225664089254385,0.0669081009458041,-0.6540419598532912,0.1759421931618596,0.0003158075086555,0.6204530426926038,-2.3188813331146112,-1.4482482952985474,4.3115157786353029,0.7735435887417439,0.6974689898606889,-1.8646491177583822,-0.1411367594502318,-1.1312619158409729,2.0968170264009420,-1.9244242648389676,-0.0630462770392095,-0.2003560986460821,-0.3456226626606085,-1.0436289344405485,0.5325427606258801,-2.9951214724058595,-0.0120032240045912,-2.6968586345029886,-3.6886483595371007,3.0339530110909227,-1.6987072900287132,-8.0566908540081243,-2.2268122604517382,-2.7077784552082540,-6.1923567209521631,0.0942129385168947,-5.9926350821241803,2.6531777250042197,-0.0003306832760201,0.0000000000000000,0.0000000000000000,0.2822427796356762,0.1986292907941635,-0.2709555147320462,0.8985925256858240,0.2822427796356762,0.1986292907941635,-0.2709555147320462,0.8985925256858240,0.3117320755736832,0.3437430112815487,-0.2613219532650213,0.8463892083405674,0.4847419287161688,0.2802440322566569,-0.3284991681080527,0.7606423873814669,0.4676525545402021,0.3079164550701454,-0.3721095826790861,0.7402857579390926,0.5376339616634378,0.4621668740144146,-0.2609869279401877,0.6551620618397896,0.5946435707047196,0.6596568295927575,-0.0596948666898652,0.4557284431347816,0.6494605396877249,0.6460581062689456,-0.1460120997098286,0.3734841327968833,0.6494605396877249,0.6460581062689456,-0.1460120997098286,0.3734841327968833,0.1763497117689257,-0.0467620205306732,-0.4089384081176001,0.8941383958656236,0.3067937620734281,-0.1067947793711786,-0.3975074631965156,0.8581726395982143,0.3057813415912941,-0.1096599675484824,-0.3894624110996693,0.8618535217728869,0.4555852823521951,0.3191140977791401,-0.1939722893328070,0.8080736315916190,0.3805825670316567,0.0733169591531334,-0.3167650678287207,0.8657028502757744,0.3574776116517948,0.0816963321723366,-0.3147081092148461,0.8754965862136379,0.3574776116517948,0.0816963321723366,-0.3147081092148461,0.8754965862136379,0.2805805085363058,0.2009705452233568,-0.2784220091525331,0.8963072034752388,0.2218913061029373,0.0349914191105257,-0.3359195729741106,0.9147119160464988,0.5993797998417827,-0.1153531628135691,-0.3174271676265021,0.7257254967431895,0.6075147837073132,-0.0689417033812847,-0.3657981762932503,0.7016869126130810,0.4629104848033758,-0.2730599107041265,-0.5515795412375164,0.6378966827892829,0.5100608305579921,-0.2285163396336034,-0.6092949720272582,0.5624747716238067,0.5100608305579921,-0.2285163396336034,-0.6092949720272582,0.5624747716238067,0.2795936367281470,0.1975821468125128,-0.2792509056140371,0.8971107095982243,0.0910319769516900,0.2503124680027224,-0.2331596907436774,0.9352504510274066,0.0998019944964712,0.2491016365578383,-0.2017068534016041,0.9419672403271562,0.0353076870291962,-0.0620717046062521,-0.2039541411807581,0.9763724591666562,0.0132289859016424,-0.0558946422665652,-0.1230663746109190,0.9907348032334554,0.0132289859016424,-0.0558946422665652,-0.1230663746109190,0.9907348032334554,0.2806123054847648,0.2009261452086072,-0.2782801790012787,0.8963512482041585
1.6446559965804424,-0.5901770978296519,0.5677930437929194,0.3202970418780378,0.2183806084651847,-0.2577711393478946,0.8850275445034714,0.2560344658502826,0.4191685123969531,-0.1285387723941516,0.4968713825501614,0.6543225705343001,0.2630640840421863,-0.6065541359665035,0.2823955819455174,-0.0019248276537566,1.0189957818781095,-0.6277146853854882,-0.0525692165798642,-0.0753844705531735,-0.4596096249461427,0.9690000520134899,-0.1750647316268956,-0.8075979190979599,-0.2752496826326554,-0.0816480997162530,-0.5478099610088687,0.0676181759138315,-0.7705613390299044,0.2243987144504763,0.0003088891310888,0.6783937575523278,-2.2762960179481047,-1.5049776970069053,4.8213735933072650,0.5083843435713450,0.5696461276983126,-3.4401332345223579,-0.7079669550041520,-0.1059270213220189,3.0873881221403421,-2.6653431905264307,-0.0300257686006363,-0.0644443835638294,-1.0429619290463421,-0.9124467866499464,0.8224697578428988,-0.8580375614901301,0.1185487065039249,-2.6768001234454140,-4.1698266205294390,2.8271150108771499,-1.2008038481063494,-7.2995507050677455,-1.8903218809781730,-4.0078793399585821,-6.2720113850745420,0.0094802845678991,-5.6980537685437538,2.2529983792209380,-0.0004578732212221,0.0000000000000000,0.0000000000000000,0.3202970418780378,0.2183806084651847,-0.2577711393478946,0.8850275445034714,0.3202970418780378,0.2183806084651847,-0.2577711393478946,0.8850275445034714,0.3427618573645037,0.3394184155552729,-0.2450186289505696,0.8409966229332722,0.5107652225093450,0.2807944291823201,-0.3104729905982868,0.7509193685903380,0.4917098037582324,0.3129666002513466,-0.3579826398837072,0.7294667953766285,0.5639363747710254,0.4807773839709533,-0.2278285907874185,0.6316035192207060,0.6073282611095482,0.6594258866447547,-0.0329011371797366,0.4418454463414931,0.6600423977621832,0.6494111856517855,-0.1191221925389337,0.3583560357401683,0.6600423977621832,0.6494111856517855,-0.1191221925389337,0.3583560357401683,0.2144645655435648,-0.0220828836342798,-0.4067853231113616,0.8877178590508313,0.3381429480018189,-0.0795263997530676,-0.3995466238009468,0.8483498063111825,0.3381469212785113,-0.0795095036515119,-0.3995890128310538,0.8483298410899266,0.4899424257852416,0.3437114430377116,-0.1843126120511150,0.7796458967887305,0.4093858820176641,0.0869484161405717,-0.3262175947892005,0.8475997011474319,0.3868664855249634,0.0955302845294681,-0.3238084479397101,0.8581120999951929,0.3868664855249634,0.0955302845294681,-0.3238084479397101,0.8581120999951929,0.3124555773756976,0.2294597946400746,-0.2885964237351545,0.8754609180413682,0.2368731908076778,0.0325565827797587,-0.3633458025478605,0.9004504362624003,0.6270668586599861,-0.1394721129284869,-0.3370869813960596,0.6882637949644412,0.6385590232287915,-0.0812639438852493,-0.3916638964908449,0.6574480492502178,0.4393397634228475,-0.3124584817510786,-0.6234277755556568,0.5662932792494489,0.4981931083484689,-0.2650131444876562,-0.6796215075133523,0.4687070157018513,0.4981931083484689,-0.2650131444876562,-0.6796215075133523,0.4687070157018513,0.3021725178983880,0.1964219075294384,-0.2978556245554655,0.8839639305933928,0.0576512972034045,0.2681969466867917,-0.2353081737311985,0.9324037693477740,0.0671630112110379,0.2680778568359674,-0.2036047413057296,0.9392382562039993,-0.0076218440245264,-0.0996917529493232,-0.1918261603472767,0.9763227878596196,-0.0399443557946460,-0.0871216544213719,-0.0886528974350426,0.9914408351219992,-0.0399443557946460,-0.0871216544213719,-0.0886528974350426,0.9914408351219992,0.3124911175086947,0.2294113917564098,-0.2884608092420465,0.8755056118278053
1.6594816628003779,-0.6370537091067192,0.5310842895719051,0.3626531592749521,0.2353603207705385,-0.2422787396987722,0.8685558230561014,0.1735069327235390,0.4020387212940884,-0.1223153411263454,0.5713796671180216,0.5880179108494412,0.2626286768280813,-0.6072927291696034,0.2511545187849128,-0.0181674938959099,1.0402495095877746,-0.6056571542965062,-0.0426264188559849,-0.1300961569136876,-0.5464386806993052,1.0241889469888057,-0.1948024340271149,-0.9465901389142054,-0.3103907542116172,-0.1737672623740725,-0.6718353932333766,0.0675690378259855,-0.8822193846971292,0.2662363273312445,0.0002945720514487,0.7248127142369163,-2.2376784864946950,-1.6214082265491301,5.2200114673559170,0.0784975611407754,0.5649162732017832,-4.6234002875976268,-0.8814234749671268,0.6586501269134156,4.2518107152092659,-3.8950080855562939,-0.0168668641956849,-0.0707248216752366,-1.7872028401163325,-0.7068757789206837,1.4520040633344198,1.9069362224216675,0.6332684445733648,-2.7809914657213595,-4.4714536371286577,2.7296905127332360,-0.8269634477531473,-6.6902226891214562,-1.6634918193730726,-5.0501119865263755,-6.0748792213242533,-0.0089104078652608,-5.4950887818987244,1.9779148737280019,-0.0009817822047685,0.0000000000000000,0.0000000000000000,0.3626531592749521,0.2353603207705385,-0.2422787396987722,0.8685558230561014,0.3626531592749521,0.2353603207705385,-0.2422787396987722,0.8685558230561014,0.3769362092532142,0.3194981910957247,-0.2298163596145301,0.8384655275525066,0.5374186285359701,0.2669227784972132,-0.2892177096570037,0.7458462069640114,0.5199024704782044,0.2996130390500641,-0.3347414083751034,0.7265546349318117,0.5924181702878302,0.4896167571495786,-0.1771753391505355,0.6147560831972660,0.6183284063497365,0.6484924516559082,0.0045134456109480,0.4439675110354619,0.6711429589490198,0.6434989773431979,-0.0804481025520919,0.3591716826354526,0.6711429589490198,0.6434989773431979,-0.0804481025520919,0.3591716826354526,0.2579030041373035,0.0018625540590930,-0.4031157568867637,0.8780548148600655,0.3673448877770666,-0.0493564557491605,-0.4000871440497590,0.8381837214274948,0.3677454470308286,-0.0462775592286424,-0.4070943816137850,0.8348028738321561,0.5211868312513843,0.3736440282690290,-0.1712507993661781,0.7479489225779259,0.4457916064277384,0.1320136247482629,-0.3197380067993017,0.8255966651624823,0.4275667689559456,0.1389983937900324,-0.3167640077959561,0.8351806199699611,0.4275667689559456,0.1389983937900324,-0.3167640077959561,0.8351806199699611,0.3473046155367194,0.2574709664257429,-0.2958567108452123,0.8517963442763413,0.2521429457061369,0.0282927765059594,-0.3914741433022229,0.8845176362594518,0.6514454523572009,-0.1661905708120228,-0.3555744370027175,0.6492814001082255,0.6665563439530233,-0.0987932132919114,-0.4124554747920257,0.6130440625742357,0.4121629331906245,-0.3441315175556722,-0.6850671115648563,0.4923192742323996,0.4812695431803959,-0.2964874395412184,-0.7351868270600632,0.3741325357658477,0.4812695431803959,-0.2964874395412184,-0.7351868270600632,0.3741325357658477,0.3233276124097195,0.1853364224290682,-0.3188280766946568,0.8714690603147145,0.0236341954380637,0.2786121452139484,-0.2416116812302371,0.9292149874159245,0.0335281761514894,0.2796274613628799,-0.2100901618589629,0.9362406037690213,-0.0517464131807523,-0.1414157880437047,-0.1794623069000074,0.9721713655611512,-0.0951787329263836,-0.1206954007139956,-0.0584032375734040,0.9863887118605736,-0.0951787329263836,-0.1206954007139956,-0.0584032375734040,0.9863887118605736,0.3473427863749186,0.2574194695018659,-0.2957304136169474,0.8518402009394932
1.6747076098629039,-0.6834589379460960,0.4913355590161906,0.4076910345153598,0.2485835449640967,-0.2232285790490785,0.8498018845852294,0.0717032375915160,0.3856170932454701,-0.1028187393033476,0.6686839726718264,0.4950970861442133,0.2623726293563980,-0.6090682208964039,0.2105373710832393,-0.0333660986642932,1.0788361272064042,-0.5578950447639655,-0.0290691067696757,-0.1871575378442931,-0.6375241583732637,1.0772491967162467,-0.2081770308900949,-1.0749761463196932,-0.3419973059464855,-0.2829036380068927,-0.7889644344809478,0.0672585318807997,-0.9904444379223040,0.3037276262411551,0.0002694971654843,0.7444679724725164,-2.2269986121986194,-1.7802699281042194,5.4791819322953401,-0.4209959911867525,0.6345465755817266,-5.3954635401460704,-0.7657747473904932,1.2124868239545286,5.3444145858503349,-5.2508822848839234,-0.0100129820930685,-0.0939573850098138,-2.3755140032804616,-0.8249268603308277,2.2321483325389315,3.3111579614762894,0.8070033544526177,-2.8871674327391084,-4.5879471009187052,2.5715022658021187,-0.5554382834436458,-6.2200609320163203,-1.5220095560584999,-5.7340340434995820,-5.6846589104859291,-0.0257904489775309,-5.3531428416396452,1.8014174651906050,-0.0014552997976316,0.0000000000000000,0.0000000000000000,0.4076910345153598,0.2485835449640967,-0.2232285790490785,0.8498018845852294,0.4076910345153598,0.2485835449640967,-0.2232285790490785,0.8498018845852294,0.4135825361931856,0.2865710839920419,-0.2158697577316027,0.8367955229759162,0.5668304358300260,0.2396924088498353,-0.2669649557961459,0.7416067141910646,0.5534385839376537,0.2691745300963270,-0.3056021343903031,0.7265384653358670,0.6224942220567615,0.4894784124479579,-0.1103987057930096,0.6006029911785338,0.6303213035361266,0.6241408967012931,0.0488055841409812,0.4590873667724705,0.6849623238408317,0.6251618521040230,-0.0332641346243145,0.3726832045318522,0.6849623238408317,0.6251618521040230,-0.0332641346243145,0.3726832045318522,0.3050226503169505,0.0227264879511512,-0.3969388010153992,0.8653810015175317,0.3962306163180898,-0.0200507441269678,-0.3970829543887416,0.8276015911572728,0.3964987491440324,-0.0137650127161609,-0.4101566835327760,0.8212008044964005,0.5505382339476714,0.4083988776138129,-0.1494905217101305,0.7125802366361205,0.4871158228939183,0.1937661593007380,-0.2969140249394912,0.7981321396801738,0.4748143902183711,0.1982983016980603,-0.2939065263644086,0.8055110378794496,0.4748143902183711,0.1982983016980603,-0.2939065263644086,0.8055110378794496,0.3835020128539730,0.2844854382707006,-0.2992754720527919,0.8260922668663937,0.2669071458984398,0.0232175411455073,-0.4189364597993086,0.8675907813608487,0.6725875420446390,-0.1940095697689221,-0.3720310449466533,0.6095729543871923,0.6914116415468662,-0.1196407292238423,-0.4285473604022476,0.5691952193549427,0.3824480003217914,-0.3683587676093830,-0.7373493305221779,0.4175659350972677,0.4603546558601725,-0.3225589068392687,-0.7780936180792808,0.2803563160530048,0.4603546558601725,-0.3225589068392687,-0.7780936180792808,0.2803563160530048,0.3419798818629358,0.1670603393797971,-0.3412912707524247,0.8594538218633473,-0.0093419096112317,0.2839672088785720,-0.2524906191667551,0.9249453174319644,0.0007331232351776,0.2860743780977644,-0.2213055815190668,0.9323007842508805,-0.0960172278297871,-0.1850975083778233,-0.1677130130048860,0.9635309801044422,-0.1512976352129271,-0.1547227555493409,-0.0322577590632203,0.9757711470803048,-0.1512976352129271,-0.1547227555493409,-0.0322577590632203,0.9757711470803048,0.3835407573178033,0.2844332011689340,-0.2991629523030524,0.8261330216848858
1.6902020409295988,-0.7295448370872404,0.4481052772331970,0.4542134847896670,0.2576596984675374,-0.2008710103230070,0.8288259330116665,-0.0404811417802031,0.3733113447230118,-0.0740332424571632,0.7851845838241142,0.3772241823599241,0.2622175004441267,-0.6114676940169518,0.1575740424253920,-0.0502132789259799,1.1307535614648705,-0.4790260077596553,-0.0119169335995945,-0.2444408512300590,-0.7287954867113798,1.1263160049240093,-0.2171463847143539,-1.1952981878717814,-0.3713297630319009,-0.4012722268942048,-0.8976132505417014,0.0657778149649452,-1.0960203531911505,0.3383525217024765,0.0002363093305714,0.7559499265563114,-2.2220813238782720,-1.9717132995652871,5.6264314122255596,-0.8313007471206779,0.6409530222267483,-5.7221978091253165,-0.4712413857451117,1.5901079165285839,6.1605550515247085,-6.3561334655174155,-0.0063027699172343,-0.1397669187392751,-2.8170248871561707,-0.8408182996166561,2.8672745444851344,4.2631134123306893,0.8596855253777423,-2.8196762014144006,-4.5100712027254071,2.3421122574635844,-0.3725414181800802,-5.8571391456221606,-1.4249828592695895,-6.0048908375106560,-5.2167829562319943,-0.1260430790214669,-5.2097482117026237,1.6784813643513135,-0.0017906369293783,0.0000000000000000,0.0000000000000000,0.4542134847896670,0.2576596984675374,-0.2008710103230070,0.8288259330116665,0.4542134847896670,0.2576596984675374,-0.2008710103230070,0.8288259330116665,0.4523169210375573,0.2443030628474601,-0.2041050457118968,0.8331065638568689,0.5994091555180348,0.2020671761779858,-0.2459912854414977,0.7344152831194700,0.5911632924845532,0.2250520851407763,-0.2741543148087003,0.7243734756770044,0.6508956180273922,0.4814626871342613,-0.0311371344562193,0.5861391082226567,0.6445960004350003,0.5858966834695392,0.0955542931144726,0.4817576668720377,0.7020481135395584,0.5933605132694370,0.0181341646028226,0.3933483184689308,0.7020481135395584,0.5933605132694370,0.0181341646028226,0.3933483184689308,0.3547307686772810,0.0402270552803767,-0.3881017114796450,0.8496616546153332,0.4228092094897867,0.0084576578511452,-0.3900892493438304,0.8179188333451322,0.4224795223358925,0.0187139737239710,-0.4098199312332743,0.8082131305282347,0.5759449970763976,0.4468592365145899,-0.1213617862915586,0.6737028275971451,0.5296233457670972,0.2710363052896307,-0.2567886961057192,0.7616416469611788,0.5244180869296015,0.2727808163347259,-0.2549347749376099,0.7652349684040635,0.5244180869296015,0.2727808163347259,-0.2549347749376099,0.7652349684040635,0.4202878600959891,0.3099298705112008,-0.2981683093934568,0.7989976528715793,0.2817107708494367,0.0185414187754359,-0.4444551122476342,0.8501499341728807,0.6907341620218899,-0.2206943088880319,-0.3862358774605192,0.5700896301483257,0.7130998835100975,-0.1410924283905183,-0.4407348399353983,0.5266253731599640,0.3505973075375375,-0.3846420440029101,-0.7814644750797004,0.3441588297880815,0.4357539618767001,-0.3423742761388404,-0.8105805746582114,0.1893606921563421,0.4357539618767001,-0.3423742761388404,-0.8105805746582114,0.1893606921563421,0.3585628605409630,0.1447491167039098,-0.3639608178749833,0.8473564133857096,-0.0398123554470531,0.2869462199995867,-0.2666114224161028,0.9192362006682335,-0.0297849618699501,0.2900066835893154,-0.2362655022839134,0.9269237249906072,-0.1392006562524054,-0.2282216261207582,-0.1564800339580255,0.9508165257515205,-0.2067703608207687,-0.1869910697233785,-0.0093941524698632,0.9603083398727352,-0.2067703608207687,-0.1869910697233785,-0.0093941524698632,0.9603083398727352,0.4203250317045693,0.3098794567274639,-0.2980724712338886,0.7990334110119348
1.7056441397468083,-0.7755739354079537,0.4010722480202740,0.5006913524908627,0.2632154389064927,-0.1763534154401837,0.8055589830203098,-0.1548230150958947,0.3678301263753780,-0.0401934345600056,0.9131908479787576,0.2428852752963734,0.2621125019369978,-0.6145344524022651,0.0993465647931958,-0.0663940728916409,1.1928247999361370,-0.3938669334198428,0.0038959389990619,-0.2985168304207531,-0.8157993801558255,1.1695828597695175,-0.2232988953565423,-1.3085499578419151,-0.3988559481525271,-0.5204862765147502,-0.9964738144671602,0.0616085043471200,-1.1978057816152790,0.3707057053092703,0.0001992423726165,0.7552468264670041,-2.2328290233194323,-2.1837483515955047,5.6658621263988298,-1.0890683243461869,0.5889664143475002,-5.6574786632057581,-0.1163556424215986,1.7429636457788247,6.5187026376558830,-6.9145571779266612,-0.0045875158675680,-0.1603128750035478,-2.9493127792839622,-0.7710273849074982,3.2515512875454879,4.1246733906972741,0.7135200470564353,-2.5847685889066043,-4.1776454985738196,1.9984621205078805,-0.2661375873598494,-5.4966431656803909,-1.3351930513251904,-5.8679025835381999,-4.7168326950358042,-0.2796909827810097,-4.9712603605696941,1.5668746404365486,-0.0018642629786512,0.0000000000000000,0.0000000000000000,0.5006913524908627,0.2632154389064927,-0.1763534154401837,0.8055589830203098,0.5006913524908627,0.2632154389064927,-0.1763534154401837,0.8055589830203098,0.4920746200295125,0.1974629678794765,-0.1956248560789711,0.8249859758342092,0.6347332352606981,0.1583303476899579,-0.2284561423995126,0.7210083300876620,0.6311242569985203,0.1721538590104834,-0.2441470011361088,0.7158473740205450,0.6744853424002147,0.4664280857995206,0.0547275874030131,0.5696659151131533,0.6619312954926841,0.5355111240682033,0.1406148853538136,0.5052744304469805,0.7222867224226065,0.5492948723415083,0.0694251626082568,0.4144359789257593,0.7222867224226065,0.5492948723415083,0.0694251626082568,0.4144359789257593,0.4051752374693036,0.0548505899412061,-0.3773330101809861,0.8309297438126472,0.4483198758550375,0.0349275836521567,-0.3796957356744530,0.8084679963512359,0.4469518407383386,0.0494438999985379,-0.4057069351759826,0.7957331434367033,0.5973865910062816,0.4858004580309702,-0.0865639998796945,0.6321659986013343,0.5680653482663716,0.3497668891395450,-0.2041220842738094,0.7164489221656822,0.5689493351939181,0.3495146443095669,-0.2045536981816654,0.7157471284998359,0.5689493351939181,0.3495146443095669,-0.2045536981816654,0.7157471284998359,0.4568467831547380,0.3335644082617849,-0.2921909381032559,0.7711356936055244,0.2973317327143229,0.0156784388229901,-0.4668371974398442,0.8327130708495484,0.7065411278850752,-0.2438372110021792,-0.3984045643414406,0.5316172046214009,0.7319938167236608,-0.1602359142496101,-0.4499778791590566,0.4858285832785446,0.3172049126920783,-0.3921258812663959,-0.8186575046716392,0.2746237911213618,0.4078036949216637,-0.3548695733461238,-0.8348851219986017,0.1035884423416045,0.4078036949216637,-0.3548695733461238,-0.8348851219986017,0.1035884423416045,0.3740342619023425,0.1219457438451082,-0.3853383747077607,0.8347106944677390,-0.0660254951893612,0.2899399531755745,-0.2815870221031164,0.9122961177822938,-0.0564508471910375,0.2936281650955297,-0.2532825983015318,0.9200237648624473,-0.1793310687006020,-0.2681360052904573,-0.1456021125097373,0.9352772184215106,-0.2591390963366073,-0.2153791352932103,0.0108955779091100,0.9414563416389643,-0.2591390963366073,-0.2153791352932103,0.0108955779091100,0.9414563416389643,0.4568806327359183,0.3335180432430814,-0.2921126775463829,0.7711653427630270
1.7189099945556652,-0.8210460884342027,0.3549619330505269,0.5406198921637472,0.2683014971169457,-0.1594111711143293,0.7812378110189132,-0.2570263013215300,0.3685753796035022,0.0013069057090029,1.0498321448790378,0.1057898609868001,0.2620124082059617,-0.5973289668262549,0.0737122057553392,-0.0554403303642358,1.2323489499932552,-0.3223310819409924,0.0149324025269701,-0.3905639967336934,-0.8762424510389631,1.2466133855808819,-0.2203776743718381,-1.4031788396076954,-0.4246792041723282,-0.5940306762360823,-1.0673390916028789,0.0470903787787604,-1.5346761648713174,0.3588956774442247,0.0008247285749562,0.5239940505679310,-2.2873399873943603,-1.9354868546083022,4.8455053671132280,0.6502604057593722,0.1332177108298220,-5.5598662384593478,-0.2914112342175230,2.3001321734790174,6.6500790257349403,-6.6620993754336491,-0.0043769848630673,1.4777239288158803,0.7498143492485345,2.4723561442364659,0.2943908608067664,2.8510821035478275,0.3823623683753894,-4.1916298108061234,-3.2276667629611424,3.5980051907809156,0.1263069627626097,-4.5001290698018463,-1.2450467713679712,-4.3533939337807652,-2.6502300842144875,-0.6644578361546525,-16.8175072150032570,-0.3620788245821110,0.0119084564684802,0.0000000000000000,0.0000000000000000,0.5406198921637472,0.2683014971169457,-0.1594111711143293,0.7812378110189132,0.5406198921637472,0.2683014971169457,-0.1594111711143293,0.7812378110189132,0.5261705864362225,0.1565662475052885,-0.1974536784417159,0.8121844427107129,0.6662953204756488,0.1176675219267238,-0.2228346904583660,0.7018187806864405,0.6661006565410821,0.1187645366246294,-0.2239900582939716,0.7014508920668225,0.6895869466772946,0.4506492607465822,0.1353937732367462,0.5505030544234636,0.6803054271339379,0.4826172094199112,0.1761991960001735,0.5227035472547910,0.7427594377499196,0.5014993451658069,0.1116419916413035,0.4293517091314004,0.7427594377499196,0.5014993451658069,0.1116419916413035,0.4293517091314004,0.4503954463527477,0.0745685958754582,-0.3664572321966906,0.8107358160243160,0.4793681974872336,0.0612914590954477,-0.3689101998617653,0.7939488350755008,0.4772994583110508,0.0757346605999246,-0.3927097408211929,0.7824503484208720,0.6164624487583719,0.5138232500540271,-0.0448303770974861,0.5949369330139511,0.6008691490439929,0.4097848043756406,-0.1448860903158712,0.6708507290470420,0.6056062318102068,0.4087481816212869,-0.1477852803410821,0.6665774725629738,0.6056062318102068,0.4087481816212869,-0.1477852803410821,0.6665774725629738,0.4798210035550270,0.3660974811519233,-0.3048896547483017,0.7367406173607687,0.2972710781449566,0.0349262092423944,-0.4977555006518286,0.8140328786832509,0.7147815358203583,-0.2606638208957406,-0.4254817869159964,0.4900071198759208,0.7420187341513775,-0.1771553754952330,-0.4717925889191870,0.4420813546650240,0.2729992432544354,-0.3883349228645067,-0.8552896009344699,0.2077187988596114,0.3666932970778709,-0.3597576934523806,-0.8577071732069312,0.0211856769861121,0.3666932970778709,-0.3597576934523806,-0.8577071732069312,0.0211856769861121,0.3782629258974026,0.1297069545817139,-0.4167354370938407,0.8163484796916572,-0.0872362769940568,0.3228852375249745,-0.2936621221490747,0.8954873049795626,-0.0789635980662929,0.3262593410878829,-0.2720741277902033,0.9018288426971754,-0.2306456404146703,-0.3713573557917798,-0.1060025392768763,0.8931180014555187,-0.3247951439693776,-0.3112042611478292,0.0345734808771788,0.8924487081717256,-0.3247951439693776,-0.3112042611478292,0.0345734808771788,0.8924487081717256,0.4799675709489373,0.3659053046837568,-0.3045945982332284,0.7368626531239070
1.7291183733163329,-0.8678463822958067,0.3161080689798749,0.5802095998237465,0.2854519413394515,-0.1483866633216960,0.7482348612609281,-0.3709135862675793,0.3489374674910693,0.0535055122281183,1.1716699355641707,-0.0197658492906958,0.2619523109892164,-0.5719357568222619,0.0856856293378615,0.0028539185153768,1.2526030998851112,-0.2815516522982169,0.0192100477693652,-0.4656895196540186,-0.9433585075502080,1.2972336084498142,-0.2197366629319309,-1.4890871052484451,-0.4480093900582820,-0.7000807918459137,-1.1210940041880695,0.0350185166610144,-1.7758603331848144,0.3701754010810678,0.0008780261240879,0.5160240752292155,-2.2814529625156075,-1.7265320844644503,5.8965961471257504,0.9315126067845367,0.1428396098907503,-5.4830414543860426,-1.3496264051170532,3.0150783917229065,5.6197348700264760,-5.8992568082824857,-0.0024001990934585,1.1287447063133924,0.0124935978630087,2.7230053849930700,1.9224579809390978,1.4728528733989079,0.0991146956432901,-3.6587081336117198,-3.2809535952168289,1.8016345962318816,-0.0255334811520777,-4.0885676468667169,-1.0957120830787095,-5.6677053786635945,-2.8204818520294004,-0.6236951738717320,-8.7813981282579174,1.0754587686983346,-0.0007481836891735,0.0000000000000000,0.0000000000000000,0.5802095998237465,0.2854519413394515,-0.1483866633216960,0.7482348612609281,0.5802095998237465,0.2854519413394515,-0.1483866633216960,0.7482348612609281,0.5584064463079482,0.1245875144144011,-0.2116453478610126,0.7923802361887637,0.6883962487553001,0.0856471174461769,-0.2301746582322399,0.6824916136337966,0.6902351827636943,0.0692835947564621,-0.2139105676200294,0.6877626371309137,0.6945411414132282,0.4349791658372894,0.1994866946659946,0.5372250802253580,0.6953303169997557,0.4328355937542481,0.1967182978916115,0.5389536253844610,0.7597642137177805,0.4548204396280819,0.1385030961476441,0.4435240688033034,0.7597642137177805,0.4548204396280819,0.1385030961476441,0.4435240688033034,0.4949542931433359,0.1116343631193968,-0.3558499585640591,0.7848113299767436,0.5281038265991722,0.0962954771212157,-0.3603034903038178,0.7628990262755588,0.5279785797165844,0.0969798429734219,-0.3612919397482888,0.7624314157288038,0.6395718490171192,0.5243948391929615,0.0155272763692167,0.5618868269154970,0.6353132780786297,0.4394399171412092,-0.0753012952319445,0.6305547659452784,0.6412784801795497,0.4387042663938067,-0.0794751060933744,0.6244871375920612,0.6412784801795497,0.4387042663938067,-0.0794751060933744,0.6244871375920612,0.5001876866156821,0.4098027192444506,-0.3144942821596168,0.6949585282207953,0.2929962137722436,0.0667176597809195,-0.5256891308420195,0.7958347254945902,0.7134212455257624,-0.2635643053368107,-0.4597109584993650,0.4585082529468689,0.7411220322454350,-0.1807669512226964,-0.5021922398851798,0.4072645293481306,0.2158574083610924,-0.3753190167396619,-0.8872762180516158,0.1590035465303475,0.3110836658576094,-0.3594753597018350,-0.8788087149890074,-0.0412269458388345,0.3110836658576094,-0.3594753597018350,-0.8788087149890074,-0.0412269458388345,0.3735418801445234,0.1409795098165720,-0.4498306654365125,0.7989015045817089,-0.1058899460654795,0.3576923065321859,-0.3070489596185946,0.8755366751696205,-0.0990500922116995,0.3605465223200714,-0.2912751698697696,0.8805419126271578,-0.2714816593503482,-0.4414889050396915,-0.0662999411436391,0.8526368354508184,-0.3783945330516825,-0.3733537336223018,0.0664570784754418,0.8443980244336172,-0.3783945330516825,-0.3733537336223018,0.0664570784754418,0.8443980244336172,0.5003678535985574,0.4095827164655101,-0.3141886359313473,0.6950967634146386
1.7400855948745069,-0.9132190133994117,0.2783329747768576,0.6239606934101384,0.2975892613991885,-0.1361879832376665,0.7096242088603529,-0.4633073719395141,0.3238667816669754,0.1275131171012669,1.2753776472881655,-0.1246864777376418,0.2618968378610646,-0.5459326200227430,0.0704912103310381,0.0433528746230331,1.3073479035996585,-0.2607036566133566,0.0201179825169175,-0.5488070407545542,-1.0007335491919378,1.3270288261283452,-0.2215024688758403,-1.5606500460304367,-0.4680223857673227,-0.8198846162074519,-1.1612528002949629,0.0195248637205455,-2.0353032256314507,0.3681354799890443,0.0008957282598472,0.5660439597774204,-2.1968141573895186,-1.7287306588798395,6.0579909076769658,0.5364342585071969,-0.4750193024451115,-4.0046816209773919,-1.0594178098547724,4.1922270099345891,4.7802379150913517,-4.6261496623768537,-0.0032351060693680,1.3695764421587053,-1.2233202033513251,1.5043079908811456,3.0678534643665998,0.7828417275071017,0.0237131075077182,-4.3349395148763978,-2.6490048684373084,1.1722431732526737,-0.1691821173745076,-3.2644161405168517,-0.9183174918621828,-6.1363995257499884,-1.4625144270288974,-0.8587181961275148,-14.1123981941350305,-0.3737407762585306,0.0002904377062657,0.0000000000000000,0.0000000000000000,0.6239606934101384,0.2975892613991885,-0.1361879832376665,0.7096242088603529,0.6239606934101384,0.2975892613991885,-0.1361879832376665,0.7096242088603529,0.5955565093296601,0.0987679551622443,-0.2272455080339820,0.7641444983159382,0.7116623458010258,0.0605832907856816,-0.2402608889647485,0.6573743801521531,0.7140067319460405,0.0181112199803446,-0.2007018870710317,0.6705110908647862,0.6944247924970702,0.4112055350186291,0.2605015706354553,0.5299274924288275,0.7082955039342094,0.3799519147806253,0.2200098630623696,0.5527654852796061,0.7744099829276083,0.4054271796557413,0.1685129056973899,0.4555451469962944,0.7744099829276083,0.4054271796557413,0.1685129056973899,0.4555451469962944,0.5441248692838645,0.1445184997972516,-0.3441273437460278,0.7514112729587390,0.5711601588546759,0.1318752341775653,-0.3491677936293056,0.7310723954847130,0.5737039799028001,0.1203276688711859,-0.3343504684899544,0.7379666386553405,0.6590115705495395,0.5427101218155105,0.0814262992993893,0.5143337742587293,0.6640006389790875,0.4707966519721239,-0.0054446093641212,0.5808821052124730,0.6697964202246756,0.4707183087048304,-0.0101688312678007,0.5741895368037637,0.6697964202246756,0.4707183087048304,-0.0101688312678007,0.5741895368037637,0.5219476608820095,0.4532735980848367,-0.3205775109132737,0.6475675594682569,0.2922854154850639,0.1053741214046532,-0.5497931126504872,0.7753664061042428,0.7073064079970341,-0.2550105875831493,-0.4983430268401585,0.4316728773349319,0.7345266755901810,-0.1725591956593409,-0.5379410366811368,0.3759166501955746,0.1541308658186035,-0.3527235618655846,-0.9144454351056642,0.1249772432136148,0.2486556558247045,-0.3520646851581514,-0.8981490658037828,-0.0868854296569332,0.2486556558247045,-0.3520646851581514,-0.8981490658037828,-0.0868854296569332,0.3654385869745324,0.1499996237650997,-0.4834970110242263,0.7811436438652143,-0.1216958805509704,0.3901674658200757,-0.3225501440312379,0.8537686254822741,-0.1173381363738998,0.3920048106394418,-0.3135631689178865,0.8568792968009020,-0.3081874986423511,-0.5036778827119683,-0.0234417813050672,0.8067090795550801,-0.4245077227348923,-0.4299615538662784,0.0978207154538966,0.7907953990530159,-0.4245077227348923,-0.4299615538662784,0.0978207154538966,0.7907953990530159,0.5221504819342621,0.4530399426505274,-0.3202876446100018,0.6477109766625866
1.7513103924441844,-0.9572958745255201,0.2404204913588917,0.6656355662418620,0.3063299724525377,-0.1270565381251209,0.6685416045772784,-0.5270137500888047,0.3137925378616099,0.2193549465314664,1.3629471768063863,-0.1998488661998349,0.2617975374251100,-0.5203003445521590,0.0367485782965810,0.0576807153402849,1.3702171275830384,-0.2478531781724666,0.0204512059815864,-0.6370298249018395,-1.0485579942541505,1.3441951825579039,-0.2281781270561178,-1.6179603713827686,-0.4843144346812881,-0.9555324141444489,-1.1584847960325013,0.0197205106946641,-2.2693042037052580,0.3234525877726199,0.0009355409076872,0.5667521551589428,-2.0855144491191764,-1.6999210203206527,4.9301086387633877,0.9899486527707771,-0.8644218323150280,-2.1390931377977243,0.5180986329031410,4.5083375879482155,4.6575207457445851,-3.0582484603627260,-0.0063529908679422,1.5749387880202150,-1.9328032801563366,-0.3860883279318903,3.3729607535064674,0.6134760097013281,0.0140223933369412,-5.3867317803083168,-2.1458543183416796,0.8725157207393461,-0.7026216010341221,-2.2360480531101512,-0.7370917033467674,-9.9965546249133244,4.7620697366326343,3.9956300643877878,-8.5374608505269247,-10.1265818728551036,0.0088905704094996,0.0000000000000000,0.0000000000000000,0.6656355662418620,0.3063299724525377,-0.1270565381251209,0.6685416045772784,0.6656355662418620,0.3063299724525377,-0.1270565381251209,0.6685416045772784,0.6318030687435806,0.0845427654643386,-0.2441705658614197,0.7307928146203613,0.7379085431031605,0.0454836456121667,-0.2543579808208716,0.6234775357540370,0.7386061295708136,-0.0322298830780432,-0.1875028217344177,0.6467340348542270,0.6932314390477992,0.3799331703306958,0.3164277085112237,0.5243610047329218,0.7205848997464565,0.3274386410904484,0.2478986185022736,0.5586480229293694,0.7873408910273504,0.3569957229019134,0.2030365547487337,0.4598092349896444,0.7873408910273504,0.3569957229019134,0.2030365547487337,0.4598092349896444,0.5906975268030078,0.1733855988953614,-0.3338637661220806,0.7138269059059672,0.6050704883439030,0.1665705135271936,-0.3373156448444239,0.7016852028522104,0.6096796567083108,0.1488178350785900,-0.3166667448501954,0.7112426736807477,0.6729490897306973,0.5637377247485269,0.1382990734915036,0.4584895490601406,0.6849163208113468,0.5024186960350306,0.0536352923384477,0.5249650871976882,0.6902412409580921,0.5029401926535695,0.0485020960718375,0.5179437600462633,0.6902412409580921,0.5029401926535695,0.0485020960718375,0.5179437600462633,0.5389080689286759,0.4964744226165758,-0.3268133897950586,0.5968955094334061,0.2888849999907017,0.1500967040102688,-0.5701994264644086,0.7542473402573489,0.6953153178896317,-0.2370983429958938,-0.5398525560221866,0.4109503646584986,0.7214597067660307,-0.1541405417933038,-0.5778498834744790,0.3490359538174689,0.0890425213466882,-0.3243093606973451,-0.9358091899649386,0.1056220996452386,0.1813124319133886,-0.3406465949017164,-0.9153113472389662,-0.1152858925936161,0.1813124319133886,-0.3406465949017164,-0.9153113472389662,-0.1152858925936161,0.3480044748649235,0.1592764870782508,-0.5173187963416214,0.7654444128019070,-0.1317157113626010,0.4181118361920595,-0.3437589690763523,0.8304596528404686,-0.1291396430947880,0.4191813909275161,-0.3389408645554912,0.8323034328992039,-0.3392114094875628,-0.5614013642178490,0.0187566190559850,0.7545941406937822,-0.4557050255649414,-0.4892916887860187,0.1200450327722799,0.7338363326154437,-0.4557050255649414,-0.4892916887860187,0.1200450327722799,0.7338363326154437,0.5391358343067224,0.4962270762819088,-0.3265394520542109,0.5970454146739911
1.7606967039101615,-0.9896717009176981,0.2170523287468552,0.6769720687279021,0.3094967512171161,-0.1266098217180874,0.6556603786967981,-0.5906411075889717,0.3578913100484007,0.2459790212982897,1.4853575030610193,-0.2436255195505913,0.2618387925984065,-0.4722871163596593,0.0450213912327751,0.0311543553395750,1.4443721709788593,-0.2388071041291935,0.0213970130025545,-0.7407847284129963,-0.9819909832204278,1.4942001254981776,-0.1892960207847010,-1.6938000542171388,-0.4877262477930444,-0.9863170897511523,-1.0412498296957089,0.0929818872349472,-2.3273458251083712,0.1688980681015938,0.0001171892074094,0.3409005499873318,-1.1860459342259075,-0.5846220438792386,-0.7683827297017868,-0.3399678324628640,0.3061758092024506,-3.8051626436197661,2.5439680918372551,-0.9751779835952550,6.0624672490988196,-1.4237975577068962,0.0060072041000688,2.7263850496787336,1.4886413932430349,-2.1614857245289421,4.0133234108489191,0.3556233108899905,0.0603752132699769,-2.9676220980480474,6.3785785688568222,10.0625327073744728,2.5070477349062354,-4.3057991546876755,0.0802393641619529,2.7855971360707801,4.8068148907330945,1.6971162327124116,-0.0305002613683003,-5.8715773996251972,-0.0868325400636356,0.0000000000000000,0.0000000000000000,0.6769720687279021,0.3094967512171161,-0.1266098217180874,0.6556603786967981,0.6769720687279021,0.3094967512171161,-0.1266098217180874,0.6556603786967981,0.6362840712466790,0.0640634244896098,-0.2604312558119389,0.7233353436108532,0.7533467633456448,0.0173666340598950,-0.2676321381720611,0.6004499086481080,0.7497130801869339,-0.0759160274154884,-0.1913342960619538,0.6289342106520737,0.6838824746837346,0.3662742622243421,0.3619161177308281,0.5168797242871015,0.7223980648172530,0.3015467592034943,0.2771634019873322,0.5571274868115610,0.7889438519389425,0.3351472926228154,0.2354278905204705,0.4580585105643408,0.7889438519389425,0.3351472926228154,0.2354278905204705,0.4580585105643408,0.6098614510826670,0.1923187856814772,-0.3178830890879124,0.7000234544851131,0.6244415461442601,0.1855942284908802,-0.3218554893192698,0.6870491844074144,0.6276353261721358,0.1744888521967974,-0.3096181580113103,0.6926500805092879,0.6763470498470369,0.5871623044397732,0.1798448625697431,0.4067565879189344,0.6929892965354228,0.5343602422735376,0.0977514261627921,0.4739932753192231,0.6979923917472942,0.5353698787189978,0.0920614077662256,0.4665944826328283,0.6979923917472942,0.5353698787189978,0.0920614077662256,0.4665944826328283,0.5206125760102146,0.5320168855888817,-0.3536812101738830,0.5664187326689081,0.2731806417067991,0.2134376875222023,-0.5757020398266990,0.7405294402528594,0.6999879342967366,-0.2288850831448758,-0.5697368724500904,0.3647305947182651,0.7223162905280683,-0.1578173638638129,-0.5980956145762609,0.3092482690743664,0.0419720676130487,-0.3003154517062515,-0.9509171325436208,0.0616893997520841,0.1288514934763238,-0.3299522612530194,-0.9210787274936126,-0.1616872774267843,0.1288514934763238,-0.3299522612530194,-0.9210787274936126,-0.1616872774267843,0.3058141910011147,0.1833581946435687,-0.5413961891039037,0.7614115966172005,-0.1173516695230569,0.4301815877606777,-0.3763958855658243,0.8120951450051723,-0.0969506200733565,0.4372779534440162,-0.3400553615291733,0.8268923266027246,-0.3268875891504855,-0.5781925175568865,0.0029581766849171,0.7475487715803653,-0.3908864141931689,-0.5429801997978833,0.0556402839263200,0.7411372832554406,-0.3908864141931689,-0.5429801997978833,0.0556402839263200,0.7411372832554406,0.5206899402008179,0.5319411687633826,-0.3535988337756929,0.5664701615273167
1.7679659963958894,-1.0096348177009506,0.2145681414764960,0.6670353218406488,0.3064347272066158,-0.1264678729093374,0.6672087488189404,-0.6497979327167546,0.3804909276186499,0.2268772911557925,1.5628302804832384,-0.2566427655332541,0.2619080029125591,-0.4255994650432299,0.0600511859277839,-0.0080971402956749,1.5193007529055877,-0.2320539366018042,0.0223977168185697,-0.7598961214238465,-0.8890444471813618,1.6360350835216002,-0.1873587755347005,-1.7621756997998586,-0.4875406791375501,-0.9200451343687264,-0.9835609474992414,0.1238920752419251,-2.2994686846786960,0.1017798248972560,-0.0007101518200427,0.3925197766101485,-0.9029850984161203,0.1276754595818111,-1.6044975816928000,-0.4078823071220680,0.0691495458214104,-2.1697260792728295,-0.0022045594988820,-0.3733593470828453,2.1923142270858755,-0.2116793028198964,0.0013400939526472,1.9705226847281716,0.1775553681438361,-1.3460533613980925,3.3807013943669921,0.3040290716433062,0.0407178220447997,0.2394469342445834,2.9571439553871119,4.2521636363250872,-1.5683694622007058,-2.7243389402729736,-0.0709864623464356,2.2986443393401239,1.7941370386786404,1.6133342376224264,1.9777803012412609,-1.6500106760169895,-0.0179661644771499,0.0000000000000000,0.0000000000000000,0.6670353218406488,0.3064347272066158,-0.1264678729093374,0.6672087488189404,0.6670353218406488,0.3064347272066158,-0.1264678729093374,0.6672087488189404,0.6190091912275726,0.0314613632162549,-0.2695160325445941,0.7370202928018889,0.7472127604820358,-0.0200723285033554,-0.2706026807007965,0.6066666147059778,0.7400990508514564,-0.1048007763688040,-0.1999550104969759,0.6334731138560048,0.6670645174154695,0.3705969237478424,0.3778273956442798,0.5243370183522833,0.7098691005673572,0.3005708746266966,0.2895072906746283,0.5673874672849846,0.7778798847185179,0.3358008581668896,0.2477803577404826,0.4698356765111430,0.7778798847185179,0.3358008581668896,0.2477803577404826,0.4698356765111430,0.6087726200473178,0.1988361027998159,-0.2976822805214323,0.7079868368604488,0.6296303408805031,0.1898636246590974,-0.3034836732748057,0.6895035155310242,0.6291149325905894,0.1915645158100195,-0.3053459575710452,0.6886808288815884,0.6671510442662554,0.6119257830690888,0.2095977966198242,0.3694930091379826,0.6869696514758029,0.5649032776452587,0.1307457462583546,0.4380211578134127,0.6918142868906433,0.5663269607680276,0.1244344677581710,0.4303287454899794,0.6918142868906433,0.5663269607680276,0.1244344677581710,0.4303287454899794,0.5056894397272913,0.5320869789513265,-0.3650350033127221,0.5726352100030431,0.2838062405711453,0.2461500704352061,-0.5630291854641720,0.7361129648044293,0.7299730802158704,-0.2402060903535236,-0.5655906249371367,0.2992450188398268,0.7521965168429133,-0.1704481917480410,-0.5864466344511818,0.2474432438360235,0.0374390636713795,-0.2613049575937991,-0.9645299191715586,0.0002658405911695,0.1122136600194712,-0.2947637291383562,-0.9219903737299777,-0.2246245517274111,0.1122136600194712,-0.2947637291383562,-0.9219903737299777,-0.2246245517274111,0.3050096542997744,0.2071590683384835,-0.5357820259917297,0.7595997971387699,-0.0912756124551657,0.4362747132331634,-0.3736865445316331,0.8134442227960457,-0.0634409890073108,0.4440533626492184,-0.3244014721379354,0.8327998180285801,-0.2981613827158315,-0.5740849838992659,-0.0252989039454077,0.7621588985097029,-0.3356503430991413,-0.5552675516712343,0.0063036190671437,0.7609054196318472,-0.3356503430991413,-0.5552675516712343,0.0063036190671437,0.7609054196318472,0.5055100392905798,0.5322574215524738,-0.3652280234771669,0.5725121206103065
1.7760665098048642,-1.0276850190569133,0.2202038270145035,0.6584513789387950,0.3058371811230405,-0.1306323751552113,0.6751596720610757,-0.6807153860106674,0.3679620260050485,0.2392888654579774,1.5813271508008582,-0.2579492646799636,0.2618977840418004,-0.4007371340913625,0.0526543487184749,-0.0195445842177927,1.5748308422346793,-0.2264013657658312,0.0229880042351604,-0.7391859577744266,-0.8595404045965245,1.6647285092026323,-0.2346769543333380,-1.8055137793052989,-0.4921593521281827,-0.9025744911601306,-0.9634095354400277,0.1586233258241220,-2.2586974617282678,0.0976996359488844,-0.0008600300697335,0.4047560126835292,-0.8859156527346547,0.3327533334935586,-0.9234443269902407,0.3457239590764025,-0.0031094470630948,-1.2088457197368585,-0.9207709328243917,1.3762217480957533,0.2268293669229578,-0.0085914804928052,-0.0015524764350190,0.7243606238314276,-0.6141061775783395,0.0906210756402073,2.3016413580718806,0.2287737158982378,0.0203375800564926,1.4042740313768904,0.5637828473006734,-0.3490693405106495,-2.6622772280113516,-1.7118800165496129,-0.3617849979056003,-0.0602253503110265,0.5873403618823841,1.8629336192914079,1.8800795268386465,0.5876187340471208,-0.0021022661866069,0.0000000000000000,0.0000000000000000,0.6584513789387950,0.3058371811230405,-0.1306323751552113,0.6751596720610757,0.6584513789387950,0.3058371811230405,-0.1306323751552113,0.6751596720610757,0.6053003852533358,0.0147585206573082,-0.2766490760473125,0.7462298026763194,0.7321769676117393,-0.0363549790347194,-0.2746467562328180,0.6222253312820472,0.7227726966145098,-0.1224925525504581,-0.1993101584032123,0.6502850639185469,0.6501377704226750,0.3759541792807471,0.3734244095984581,0.5445489370728908,0.6927643161234806,0.3027982236415046,0.2867098054132263,0.5883777065333328,0.7636613379943414,0.3376433019903149,0.2447167288552577,0.4928814097652198,0.7636613379943414,0.3376433019903149,0.2447167288552577,0.4928814097652198,0.6041686192508731,0.2034523984518519,-0.2899413397249944,0.7138076916054894,0.6231779368256998,0.1955681206797611,-0.2953167267377893,0.6972735475667553,0.6212187864901367,0.2017048588514202,-0.3021794000512141,0.6943269974674314,0.6530052485371769,0.6334911149547410,0.2254092187256093,0.3485166233765745,0.6743221420710810,0.5899728234788586,0.1500493892565332,0.4179795414285172,0.6790734088159581,0.5916555690081633,0.1432705109975587,0.4102152529821377,0.6790734088159581,0.5916555690081633,0.1432705109975587,0.4102152529821377,0.5027747226464796,0.5237482010006753,-0.3665207416796686,0.5818659176605010,0.2906142131767767,0.2469057171262609,-0.5576763940916267,0.7372774141549232,0.7409540844756186,-0.2464108782606189,-0.5578952166415330,0.2811078992526266,0.7682364719112654,-0.1581560056973310,-0.5810085345382080,0.2173211537815889,0.0296412455804527,-0.2291535404192704,-0.9728105717652022,-0.0158000928988672,0.0969099206082820,-0.2663079632386150,-0.9274247691231600,-0.2440734185040437,0.0969099206082820,-0.2663079632386150,-0.9274247691231600,-0.2440734185040437,0.3072808704256572,0.2043274765366717,-0.5327168756886019,0.7616045426329734,-0.0810099863158469,0.4281006613178859,-0.3771827290458276,0.8172517328252271,-0.0458773599793988,0.4370432227231367,-0.3133385536359460,0.8418476347406509,-0.2797558758804682,-0.5709497513981523,-0.0429944847592707,0.7706520003017086,-0.3141349605643278,-0.5543828366905924,-0.0134580855983537,0.7705827514720059,-0.3141349605643278,-0.5543828366905924,-0.0134580855983537,0.7705827514720059,0.5025505580791654,0.5239632967661072,-0.3667696959712121,0.5817090254873960
1.7838594479511987,-1.0450697532931570,0.2280474949304176,0.6520836720825139,0.3102151210636419,-0.1376784160782382,0.6779366615053661,-0.7021787867652364,0.3504580088297030,0.2793101668394449,1.5781789167681874,-0.2578413952820033,0.2618530801257304,-0.3983751520355573,0.0375513604475093,-0.0073996247802821,1.6083452056133560,-0.2225801967117020,0.0233404606976630,-0.7051647770870239,-0.8575052361731200,1.6300889474673854,-0.2852068903496812,-1.8309908375995436,-0.5016223413009743,-0.9107100107736672,-0.9616263739399294,0.1914364938045979,-2.2237330725901043,0.1258982612863600,-0.0008672189384266,0.3720693114362571,-0.8570537522679991,0.3616888460292504,-0.5248490863295407,0.9591052676925482,0.0966500259404796,-1.0104071107269541,-0.7923031522622623,2.4489496196416538,-0.3752010935607314,0.0098074192222485,-0.0029708765541799,-0.3814081846215173,-0.9622967507277551,0.8379063102434903,1.2364079962011403,0.1459487414792267,0.0129868183459963,1.9011014688856296,-0.1444335618307274,-2.6073132919460926,-2.3857818981838497,-0.9805533251610656,-0.5322209013515176,-0.5183375897925960,-0.3057582661504397,1.3632472961180293,1.6191470800856709,1.9753855672587126,0.0003713077987769,0.0000000000000000,0.0000000000000000,0.6520836720825139,0.3102151210636419,-0.1376784160782382,0.6779366615053661,0.6520836720825139,0.3102151210636419,-0.1376784160782382,0.6779366615053661,0.5944581482581436,0.0089246748600930,-0.2851746498023534,0.7518080069128323,0.7169246275878387,-0.0411512312026469,-0.2823310235906772,0.6360934268224954,0.7045584644027426,-0.1388226051833931,-0.1926753337953222,0.6687315382688378,0.6329629686161665,0.3770211745915595,0.3645329811900417,0.5694985688260429,0.6745786738493829,0.3006694072101093,0.2801250199505523,0.6132466824641057,0.7488678171735054,0.3346679016671412,0.2384733000318663,0.5199277576427451,0.7488678171735054,0.3346679016671412,0.2384733000318663,0.5199277576427451,0.5971176501958815,0.2081074192846588,-0.2940180401634445,0.7167253350633523,0.6111471287300247,0.2022639380546384,-0.2980681218538860,0.7048005967237629,0.6102230230045144,0.2050350598984376,-0.3012632289872680,0.7034407958512502,0.6405876964095973,0.6484711895244339,0.2297369673196908,0.3411062084045992,0.6621624309591126,0.6065160939972708,0.1570750965968873,0.4111040704951607,0.6669096721302690,0.6083059055085598,0.1499942784643428,0.4033573241810154,0.6669096721302690,0.6083059055085598,0.1499942784643428,0.4033573241810154,0.5038634206014699,0.5172699393091889,-0.3644342772190463,0.5879975517420845,0.2936257870728268,0.2397365685176157,-0.5558089713162141,0.7398558388535386,0.7405770795329845,-0.2415213652723844,-0.5550357330813512,0.2918019095040431,0.7718684957473072,-0.1332920361036111,-0.5837895167084823,0.2136400209825376,0.0155437178095053,-0.2105908193776267,-0.9774477246237867,-0.0024176968999405,0.0807591971583280,-0.2523121856207795,-0.9349687756667822,-0.2359023136592047,0.0807591971583280,-0.2523121856207795,-0.9349687756667822,-0.2359023136592047,0.3071201763299758,0.1929747327211955,-0.5320816282204393,0.7650667230591812,-0.0812941438372023,0.4170660350861984,-0.3826304077514076,0.8203908553971366,-0.0394525955905053,0.4277081879193190,-0.3042686908737018,0.8502527638543423,-0.2678651337265394,-0.5695600146985883,-0.0500701171324442,0.7754628573700680,-0.3111565047105729,-0.5490112380763458,-0.0123843099790667,0.7756383944265004,-0.3111565047105729,-0.5490112380763458,-0.0123843099790667,0.7756383944265004,0.5036388879496850,0.5174885576299733,-0.3646894225267719,0.5878393389047245
1.7912006741325459,-1.0614413196695907,0.2357599244129559,0.6471206760960208,0.3174827192337993,-0.1453154220833460,0.6777337099935932,-0.7222596387154876,0.3364473820552354,0.3321608560646430,1.5700489861804174,-0.2576489437222999,0.2617871216789452,-0.4075714381667950,0.0251841537871914,0.0177944739634644,1.6222315535727951,-0.2210298638102154,0.0236355239093585,-0.6688142037526376,-0.8616776778280221,1.5674300129997845,-0.3304895887249383,-1.8452031309981840,-0.5124554548671192,-0.9244491095277236,-0.9711365318613415,0.2175054884784621,-2.2009705771957377,0.1660775624874476,-0.0008522498820451,0.3464129667024871,-0.7903721924213402,0.3337469695206433,-0.2795049756524655,1.1168041553869790,0.1353882220612401,-0.9722366225127909,-0.5841983837363129,2.8733429760254570,-0.4379175082444274,0.0088847359846673,-0.0040552255466316,-0.7669208333408766,-0.7807730399396914,1.2613375656768291,0.4193718453833963,0.0297457633506242,0.0108215288233907,1.8695174748362469,-0.2112850574062124,-3.3950390608391716,-2.1508526461690156,-0.5135962023503857,-0.5427524870810799,-0.6790859221778691,-0.6474492804879007,1.0532765268477104,0.9208259792406235,2.1548204634407147,0.0008327811563855,0.0000000000000000,0.0000000000000000,0.6471206760960208,0.3174827192337993,-0.1453154220833460,0.6777337099935932,0.6471206760960208,0.3174827192337993,-0.1453154220833460,0.6777337099935932,0.5850936457210347,0.0073778225693374,-0.2944622094567299,0.7555812336690635,0.7037201440616996,-0.0421988493144793,-0.2915161782483736,0.6465412081049253,0.6875119732888968,-0.1559809944387220,-0.1825900148110245,0.6853160602595154,0.6152320764210606,0.3743346336043713,0.3570732684854933,0.5948628036446703,0.6560091068949656,0.2948059783262280,0.2750706792719873,0.6380263381858402,0.7336748700492725,0.3281873139630729,0.2342381916036329,0.5469430880870018,0.7336748700492725,0.3281873139630729,0.2342381916036329,0.5469430880870018,0.5889613839767913,0.2127390747008497,-0.3037295901650601,0.7180633052438572,0.5985109884793428,0.2086584434198364,-0.3065472750425617,0.7101232419961131,0.6000868192889703,0.2040822350342033,-0.3011159612113422,0.7124432809444269,0.6316951018272842,0.6569669083057259,0.2274561740379912,0.3429569486256712,0.6529322240400468,0.6151219877933439,0.1563794218901642,0.4133399658302843,0.6577668809030390,0.6169254327272038,0.1491059821465562,0.4056022028164415,0.6577668809030390,0.6169254327272038,0.1491059821465562,0.4056022028164415,0.5061141164107954,0.5132338137854698,-0.3608111589295993,0.5918233360968629,0.2961350854002844,0.2330796801602027,-0.5542390350457179,0.7421569685201201,0.7347221782627720,-0.2280466607647882,-0.5563288288287968,0.3141278012160272,0.7676005171952035,-0.1027544053577153,-0.5923587238919276,0.2221308632548951,-0.0026843542195257,-0.1990370678521493,-0.9796818820312587,0.0245040789039913,0.0631404062448902,-0.2460625605981298,-0.9431031399926709,-0.2145296546099996,0.0631404062448902,-0.2460625605981298,-0.9431031399926709,-0.2145296546099996,0.3071446377285257,0.1823413763705178,-0.5314530345804681,0.7680960005188993,-0.0863044644490346,0.4090501961614946,-0.3851865035560382,0.8227155242942007,-0.0393220061813242,0.4214917382226713,-0.2952769251931576,0.8565103804907332,-0.2590853159849614,-0.5687856741299308,-0.0495786589808784,0.7790376194505563,-0.3163024012616784,-0.5417656908993929,0.0007670319064545,0.7787439494355338,-0.3163024012616784,-0.5417656908993929,0.0007670319064545,0.7787439494355338,0.5058949411468705,0.5134498563297714,-0.3610638095787793,0.5916692310483956
1.7983006523978347,-1.0765378687616891,0.2424103367680370,0.6431293116849082,0.3259288535174215,-0.1525515904213593,0.6759312710301461,-0.7411420909819667,0.3270596002316050,0.3899672513281920,1.5621938368027410,-0.2574857519846691,0.2616981510376986,-0.4236073331094040,0.0131288289494394,0.0444792430176477,1.6238514933993391,-0.2215184976469587,0.0238915166892704,-0.6326284433852992,-0.8643686275930256,1.4988065436909963,-0.3705188510341890,-1.8514651407884195,-0.5228918875470159,-0.9358217781082332,-0.9880286444500483,0.2334823424022801,-2.1919747139578547,0.2107995384829791,-0.0008413699480974,0.3345868049495129,-0.7155520880672387,0.2641378721434379,-0.0660782831499279,1.0494050521874372,0.1532197802922356,-0.9244233396748214,-0.4885728013921014,2.9731586954356373,-0.4007492402310152,0.0077335138092503,-0.0049560822171713,-0.8742332528526607,-0.5482208060166676,1.4077952639879088,-0.0757175141762680,-0.0401654314901231,0.0111642380529751,1.7964761222335470,-0.1103773582302989,-3.4539145619658642,-1.8191628560901176,-0.2325545901725511,-0.4946726242488073,-0.3528807129369160,-1.2800025687006982,0.3497013554071341,0.0835587884275356,2.6139373122598308,0.0003075836123387,0.0000000000000000,0.0000000000000000,0.6431293116849082,0.3259288535174215,-0.1525515904213593,0.6759312710301461,0.6431293116849082,0.3259288535174215,-0.1525515904213593,0.6759312710301461,0.5769292746447252,0.0078930925883174,-0.3034790886566124,0.7582814476798537,0.6930015682936881,-0.0417661061766549,-0.3006949459789708,0.6539013443785172,0.6722956279612745,-0.1732459809254644,-0.1703831176579864,0.6992667673602637,0.5972436275190504,0.3695435932006628,0.3525788813110982,0.6184057847123057,0.6375697256271740,0.2870845811624497,0.2729774040509391,0.6607349128811647,0.7183323271722487,0.3202485864746101,0.2331846108228906,0.5718954868467591,0.7183323271722487,0.3202485864746101,0.2331846108228906,0.5718954868467591,0.5803626019371793,0.2168587012784658,-0.3158614354536782,0.7185980152669958,0.5854590043499571,0.2146066276590197,-0.3173958696830566,0.7144519658441113,0.5898022992246167,0.2023647653100112,-0.3024447400653053,0.7209084052757389,0.6252857319772974,0.6623750778696734,0.2199029930433636,0.3491699919141518,0.6457547892295085,0.6197384465378303,0.1494668028391837,0.4202198054816808,0.6507238346429860,0.6214780942607143,0.1420600071172786,0.4124832405800706,0.6507238346429860,0.6214780942607143,0.1420600071172786,0.4124832405800706,0.5089206328527116,0.5107295943650417,-0.3563105636266221,0.5943045121354824,0.2998089172155237,0.2287977668282211,-0.5518845134881332,0.7437672208590805,0.7273154475898098,-0.2103755953538200,-0.5591663824061137,0.3377681236641782,0.7598178835901128,-0.0705663905421096,-0.6029442463175376,0.2327131370057909,-0.0207371023791164,-0.1885569547729535,-0.9802961338419574,0.0550975259533381,0.0460955927188519,-0.2408315135269108,-0.9508459488241636,-0.1891226058114426,0.0460955927188519,-0.2408315135269108,-0.9508459488241636,-0.1891226058114426,0.3084777452721760,0.1741821082808033,-0.5301711644909743,0.7703379843736986,-0.0926160707574231,0.4042522997207768,-0.3847089142108933,0.8246219697137557,-0.0423314958036604,0.4182643629227376,-0.2872079346689344,0.8606826182949587,-0.2530192254012998,-0.5697472326960903,-0.0446253154151962,0.7806266352338787,-0.3255838047466098,-0.5354939693196928,0.0195160867650033,0.7790125270278658,-0.3255838047466098,-0.5354939693196928,0.0195160867650033,0.7790125270278658,0.5087055744016523,0.5109438008980729,-0.3565607298205214,0.5941544553787105
1.8054309244675173,-1.0903288647558409,0.2471451029289950,0.6411143538519093,0.3342424205400167,-0.1580348247683477,0.6725171995994134,-0.7582446843857306,0.3196209309650396,0.4487832232749052,1.5559876019594383,-0.2573416262413816,0.2615914617491628,-0.4411691166707901,0.0027545632722037,0.0698906185606563,1.6193523481736563,-0.2226712620042978,0.0241065789004720,-0.5974957362396758,-0.8654225878326213,1.4346540546135416,-0.4034594223220166,-1.8563493323061242,-0.5313533186110651,-0.9407228720961112,-1.0176710899449621,0.2347755545479307,-2.1970175233384546,0.2625703380801307,-0.0008398597903955,0.3333358370149813,-0.6425380178462649,0.1690245288858777,0.1063042292273822,0.8873548415479209,0.1715351938045766,-0.8189497820740700,-0.3211352072886332,2.8648964325820767,-0.2353605767421249,0.0071391785876742,-0.0055247710254243,-0.8379427548178457,-0.4719226575236121,1.1473958008475920,-0.3023355317245683,-0.0648971747126634,0.0102715082797177,1.7560691954123904,-0.0066218779110709,-2.8805325841826614,-1.5326198666229320,-0.3046738456668255,-0.3518637648466010,-0.2009817156940260,-1.6916194953817068,-0.2004443489153430,0.2035790956757978,2.6471028811713393,-0.0005171802360333,0.0000000000000000,0.0000000000000000,0.6411143538519093,0.3342424205400167,-0.1580348247683477,0.6725171995994134,0.6411143538519093,0.3342424205400167,-0.1580348247683477,0.6725171995994134,0.5713537841226382,0.0093960192647392,-0.3112959241370335,0.7593164134972907,0.6851156384709552,-0.0403597419394289,-0.3088114777545287,0.6585006639026132,0.6595057482429532,-0.1899065951497849,-0.1565797987069107,0.7102608111039364,0.5795942309086484,0.3633734051727513,0.3514763047859792,0.6391359034544729,0.6199049254600729,0.2783532582372975,0.2741950924413776,0.6804810050986627,0.7033636966764402,0.3117383634825325,0.2355476126465469,0.5938148070799494,0.7033636966764402,0.3117383634825325,0.2355476126465469,0.5938148070799494,0.5735650302906309,0.2207734546372768,-0.3271662550802249,0.7178053213037719,0.5748914175475313,0.2201680802649112,-0.3275739506861925,0.7167434557039873,0.5820029049948275,0.2006159119185916,-0.3031670531622622,0.7274033353921082,0.6208746659136403,0.6651656074260843,0.2124906886716069,0.3562542226444204,0.6406302856035840,0.6214931682204159,0.1422338943887091,0.4279119048470629,0.6457370556683873,0.6231609837945735,0.1347391076629496,0.4201659387421753,0.6457370556683873,0.6231609837945735,0.1347391076629496,0.4201659387421753,0.5134480902005902,0.5090350371759954,-0.3500190466768466,0.5956014242427825,0.3062401929199522,0.2263794716351649,-0.5483198180404573,0.7445231065632643,0.7212345067009163,-0.1914768406102104,-0.5614614034318554,0.3576569561886770,0.7518441231449445,-0.0400423768062316,-0.6122241406772073,0.2414717874290329,-0.0367743913541118,-0.1777597702789911,-0.9798219748629716,0.0836540840994676,0.0305665723536325,-0.2347663218513954,-0.9575015893848835,-0.1647457589874127,0.0305665723536325,-0.2347663218513954,-0.9575015893848835,-0.1647457589874127,0.3139607682713595,0.1699044470067336,-0.5272459721209378,0.7710854685156769,-0.1000586585770806,0.4045936740986725,-0.3783646324773946,0.8265182566727358,-0.0492082700116525,0.4196037078776794,-0.2797152451903359,0.8621314610347275,-0.2496319146821222,-0.5720732242906331,-0.0342287544043751,0.7805411748228159,-0.3403350863040114,-0.5289910205483219,0.0459056024456563,0.7760368579351031,-0.3403350863040114,-0.5289910205483219,0.0459056024456563,0.7760368579351031,0.5132345492803343,0.5092503390557659,-0.3502688186944954,0.5954545694231946
1.8124028161929235,-1.1021910778373005,0.2505115466479041,0.6393977123357818,0.3402506296690281,-0.1623436365124572,0.6701079153043261,-0.7714310253941783,0.3149634574653291,0.5016892446925885,1.5540085047202079,-0.2571859615069617,0.2614786369280023,-0.4527224688982602,-0.0036405790569318,0.0897871868852108,1.6135472804151112,-0.2240888079828806,0.0243183070648077,-0.5698955267787672,-0.8630453063768112,1.3875495774238025,-0.4335302808039431,-1.8600111937849522,-0.5370975267563649,-0.9559071123083921,-1.0334124067200652,0.2395923142596312,-2.1960517988527775,0.2888468204524126,-0.0008248591799988,0.3252861721021766,-0.5472773223220602,0.1285760198287603,-0.0568746474853271,0.6922937022763120,0.0702025776720281,-0.5842107562424184,-0.2508930967499358,2.5043939429345539,-0.0634905573669150,0.0084505586911208,-0.0057801620128404,-0.4499649618970109,-0.2298137207069504,0.9245601359922351,-0.2934533269543909,-0.0738906619304145,0.0108451396284365,1.2172732842259979,0.1430256411054534,-2.0849961245142747,-1.4283900076312530,-0.1963471296926212,-0.2363938718884150,-0.8086433550834464,-0.6783501188325571,0.1650043635488335,0.3271917725908188,1.1478975919485426,0.0005013038820417,0.0000000000000000,0.0000000000000000,0.6393977123357818,0.3402506296690281,-0.1623436365124572,0.6701079153043261,0.6393977123357818,0.3402506296690281,-0.1623436365124572,0.6701079153043261,0.5667337317230751,0.0099875679454466,-0.3173195298422821,0.7602772137808983,0.6791221622979705,-0.0399807733804202,-0.3149491598539284,0.6618169332549123,0.6484607710985419,-0.2056793667596529,-0.1426154734417322,0.7189265979017768,0.5623356135320547,0.3574616795427820,0.3530144510813299,0.6567957085271861,0.6029651053792159,0.2702775991475694,0.2779813422043936,0.6972155150886279,0.6887168364006854,0.3042120262012596,0.2403719000408627,0.6126544801464371,0.6887168364006854,0.3042120262012596,0.2403719000408627,0.6126544801464371,0.5683001458384401,0.2236874783524512,-0.3354088728440940,0.7172863753660624,0.5671586009025095,0.2242206549041597,-0.3350526792439864,0.7181893353901073,0.5764660413284661,0.1990745685878270,-0.3031609398541092,0.7322224142181329,0.6176568629084618,0.6665401987545416,0.2066873289783804,0.3626355073432779,0.6368835602635488,0.6218465318935706,0.1363780881379642,0.4348416246333817,0.6421190249824933,0.6234573682897957,0.1288138271979756,0.4270726701666877,0.6421190249824933,0.6234573682897957,0.1288138271979756,0.4270726701666877,0.5173512596448592,0.5068999898148339,-0.3448965933821793,0.5970313344732975,0.3125635188343542,0.2246976662128458,-0.5449681921657665,0.7448655415710695,0.7173861344362594,-0.1768933485059338,-0.5623060687279495,0.3713189497516621,0.7460869014415634,-0.0148391101805017,-0.6188778715524235,0.2452026027780274,-0.0486914873219915,-0.1661090506162681,-0.9792663747142962,0.1052344512013673,0.0180399800772700,-0.2267807593550343,-0.9627608778636402,-0.1460703199161197,0.0180399800772700,-0.2267807593550343,-0.9627608778636402,-0.1460703199161197,0.3161058666067297,0.1617231505163182,-0.5262808636469565,0.7726261426090230,-0.1062917789262582,0.4003468380906363,-0.3779528199190211,0.8279952493093069,-0.0550142562377628,0.4163507704067508,-0.2774250906821079,0.8640953573838568,-0.2503994341852859,-0.5747055323500077,-0.0280314501753882,0.7786063910905482,-0.3514482955335158,-0.5262257390482458,0.0607776131922247,0.7719304689312182,-0.3514482955335158,-0.5262257390482458,0.0607776131922247,0.7719304689312182,0.5171419008776263,0.5071135769106131,-0.3451430966533021,0.5968888651182630
1.8192530078843048,-1.1122607937846960,0.2526597819509607,0.6385693700313400,0.3443634193281992,-0.1654252003422167,0.6680400423463445,-0.7813033119392500,0.3100862388161014,0.5493091698955894,1.5531375104747829,-0.2570076124997669,0.2613564791358269,-0.4611928656566662,-0.0090181424482254,0.1051888373169797,1.6080792070405630,-0.2254070665654806,0.0245228508267280,-0.5472738711185470,-0.8596494168919940,1.3513403720105874,-0.4594312838721581,-1.8653469033246481,-0.5407475533945338,-0.9706596788515783,-1.0464677765397823,0.2390293157510160,-2.1958537769321307,0.3106651927879620,-0.0008169190556669,0.3236292414904108,-0.4677060869262643,0.0674032911486564,0.0499715694067893,0.5381589408217453,0.0342760436642472,-0.3970669468626720,-0.2010930036235503,2.2660348197069844,-0.0108318536722304,0.0092812341075108,-0.0063406333321197,-0.3543541514784735,-0.2961776056528929,0.6236959503463684,-0.2634760336088393,-0.0612073678789518,0.0098112857522705,1.0227228207461014,0.2191209064166434,-1.5528946467159150,-1.1938184473435227,-0.2968843686993316,-0.1435291572921431,-0.8208276152920029,-0.4408043250401403,-0.0405061994065166,-0.2006597148566340,0.7700791798042901,0.0008137883741148,0.0000000000000000,0.0000000000000000,0.6385693700313400,0.3443634193281992,-0.1654252003422167,0.6680400423463445,0.6385693700313400,0.3443634193281992,-0.1654252003422167,0.6680400423463445,0.5636757528273970,0.0101185506778826,-0.3218609198372452,0.7606397365955637,0.6745080406337804,-0.0397697164270984,-0.3195547002339453,0.6643358084087292,0.6389402811910772,-0.2197681603321571,-0.1290450040430816,0.7258131024631668,0.5462059875838655,0.3519176354886298,0.3557475440878627,0.6717564155518576,0.5872942034610323,0.2629235086588044,0.2828123310219751,0.7113184466872287,0.6749802775662720,0.2975356374101865,0.2461384375802642,0.6287209547271497,0.6749802775662720,0.2975356374101865,0.2461384375802642,0.6287209547271497,0.5649122954129275,0.2257329786653089,-0.3412825636199593,0.7165507187932846,0.5618885392343237,0.2271687583417561,-0.3403285487901202,0.7189242683266392,0.5729307025257294,0.1976734311757435,-0.3025228492485856,0.7356327551116116,0.6153139840788407,0.6670201068679844,0.2028752454370234,0.3678512101648089,0.6342185116081779,0.6214448589627860,0.1324256159042342,0.4404958831301545,0.6395675640290927,0.6230206064316200,0.1248021652074561,0.4326928177853194,0.6395675640290927,0.6230206064316200,0.1248021652074561,0.4326928177853194,0.5212362034106062,0.5046482192257580,-0.3404100583037278,0.5981337536805801,0.3189250524364764,0.2234674715923374,-0.5419530028627689,0.7447389091195288,0.7152200854588813,-0.1654530022686418,-0.5623842745064422,0.3805383833259733,0.7420345836436278,0.0059670893457481,-0.6236242495819655,0.2458492746682353,-0.0584440054142785,-0.1546924237784385,-0.9787243778845675,0.1214625225785854,0.0070703962915695,-0.2183965151414003,-0.9669064994034104,-0.1316996320488940,0.0070703962915695,-0.2183965151414003,-0.9669064994034104,-0.1316996320488940,0.3177617061878515,0.1532754980910296,-0.5260360983304191,0.7738347000612222,-0.1110596522254598,0.3954531008736135,-0.3792416117347716,0.8291311106126800,-0.0603538696440765,0.4120597207016112,-0.2786704510008362,0.8653941164193839,-0.2541401288668415,-0.5770356649482056,-0.0239792049635043,0.7758012851282506,-0.3631204564060123,-0.5238356151026470,0.0712149140029275,0.7672471691137583,-0.3631204564060123,-0.5238356151026470,0.0712149140029275,0.7672471691137583,0.5210296207114289,0.5048615050238392,-0.3406548299716652,0.5979943828359461
1.8258506113964024,-1.1206311744313329,0.2538217048479716,0.6381761263630545,0.3474208497072749,-0.1680435883060323,0.6661766562693066,-0.7882304330955391,0.3061578793733036,0.5913909645328979,1.5531949614174463,-0.2568110232247169,0.2612267280714786,-0.4656274309129819,-0.0135547036022420,0.1162548245770316,1.6026555538712903,-0.2265752031029510,0.0247177738767967,-0.5288129719879187,-0.8550465849676709,1.3255210421797301,-0.4806587239206653,-1.8725751520002480,-0.5428233871187498,-0.9873047287634119,-1.0528932128306290,0.2368864152417456,-2.1950143157588746,0.3251682691843678,-0.0008037722839298,0.3090381477161778,-0.3813826360470504,0.0321888935639285,0.0376935933611357,0.4499837432117152,-0.0114187321685095,-0.3101024828800867,-0.1816436218965018,1.9759673239386135,0.0049307944911647,0.0101023912114428,-0.0066600191093143,-0.2027035017033265,-0.2600314360055498,0.4421835631143821,-0.2661774324796178,-0.0515180082037396,0.0094706466794664,0.8955494577029373,0.2292645631254788,-1.1112578347969315,-0.9560910151843364,-0.4250598291576261,-0.0735700749330710,-0.7785141917953896,-0.3007665634464201,-0.2203683540221062,0.1645281507025494,0.7426081865128679,0.0003957604773542,0.0000000000000000,0.0000000000000000,0.6381761263630545,0.3474208497072749,-0.1680435883060323,0.6661766562693066,0.6381761263630545,0.3474208497072749,-0.1680435883060323,0.6661766562693066,0.5615477004154810,0.0105449426337371,-0.3255503248539369,0.7606378706917188,0.6710855251926259,-0.0392775959421677,-0.3233442133155570,0.6659955015233092,0.6309739475803688,-0.2318844305702833,-0.1166812440190352,0.7310861615624460,0.5318537665634422,0.3469793765001987,0.3589905377907100,0.6840048808689517,0.5734478959531355,0.2565266697644978,0.2879238542703704,0.7228080190953554,0.6627078372992934,0.2918431710576617,0.2520588059667378,0.6419596904975599,0.6627078372992934,0.2918431710576617,0.2520588059667378,0.6419596904975599,0.5628432924844585,0.2278056215782838,-0.3453627127468280,0.7155673438096077,0.5581677904036977,0.2300516070275135,-0.3438707063455316,0.7192203509198951,0.5705025933040767,0.1974887722717697,-0.3018333504582930,0.7378493100972807,0.6136770571521702,0.6674851822959698,0.1999426166193878,0.3713313224059617,0.6323392148854960,0.6212520659047335,0.1293201366127874,0.4443751682908765,0.6377786315333240,0.6228016811350153,0.1216383701791833,0.4365324616051261,0.6377786315333240,0.6228016811350153,0.1216383701791833,0.4365324616051261,0.5247544754307593,0.5025960162859102,-0.3368363240674117,0.5988082128007888,0.3249299631788247,0.2230691416179512,-0.5393375523938930,0.7441610589544460,0.7144492960603354,-0.1566320819467621,-0.5622376973037539,0.3858981290372966,0.7395130131451733,0.0226372033615028,-0.6268816812889230,0.2441872602682000,-0.0667682308645582,-0.1440150046572594,-0.9783284942199396,0.1329475053475309,-0.0028132105617680,-0.2103023146053087,-0.9700829854271694,-0.1212601488647229,-0.0028132105617680,-0.2103023146053087,-0.9700829854271694,-0.1212601488647229,0.3181657757806330,0.1444121162576316,-0.5267570086393691,0.7748823998834942,-0.1140156374845189,0.3894198234494314,-0.3829882590593578,0.8298630181760688,-0.0643562982647517,0.4063212499635899,-0.2830928110044233,0.8663831537254736,-0.2602124307349791,-0.5802533750001087,-0.0224136689864820,0.7714228017984307,-0.3744213564891354,-0.5233308962902593,0.0763593029112555,0.7616447187841430,-0.3744213564891354,-0.5233308962902593,0.0763593029112555,0.7616447187841430,0.5245522476939221,0.5028070748411686,-0.3370771865127244,0.5986726611944019
1.8320939476919986,-1.1274242476726617,0.2542076544944200,0.6380701450685952,0.3502939723257271,-0.1705389853687453,0.6641363394618632,-0.7934269904897769,0.3032217386960324,0.6275967531534561,1.5535222013598087,-0.2566028890722002,0.2610918529921966,-0.4676091889707011,-0.0179902253716304,0.1234246279366051,1.5976336422147650,-0.2274328795688372,0.0249052300384843,-0.5119117495701100,-0.8502285103998429,1.3078355163238868,-0.4972474901074556,-1.8821609882963446,-0.5437370518685454,-1.0046807427034752,-1.0564342153694997,0.2323754563702548,-2.1955502005550214,0.3361482714937394,-0.0007936698210333,0.2889447311925527,-0.2998649053967924,-0.0040485040170847,0.0774100839647270,0.4108455135491635,-0.0315939661161162,-0.2520384776817738,-0.1461860907321595,1.6613198612031317,0.0190009410425508,0.0105709139249925,-0.0067349526785749,0.0169923927846377,-0.1255591655264328,0.3450085154999647,-0.2581556565917019,-0.0349397860364066,0.0096374772162921,0.8261733872464649,0.2232804808045875,-0.7345781629452112,-0.7244125810916454,-0.5471904640105851,-0.0285996012688396,-0.8513977043087847,-0.1964005290902822,-0.3059957718612150,0.0521413448642588,0.6016345213192036,0.0003021516178763,0.0000000000000000,0.0000000000000000,0.6380701450685952,0.3502939723257271,-0.1705389853687453,0.6641363394618632,0.6380701450685952,0.3502939723257271,-0.1705389853687453,0.6641363394618632,0.5599762758548855,0.0116290614908955,-0.3289332886405366,0.7603250798393114,0.6684827738699411,-0.0382311559521806,-0.3269108780105025,0.6669321086828187,0.6244408053691610,-0.2416702729675381,-0.1063041023254244,0.7350976789396729,0.5198666730977798,0.3429143047257565,0.3618915912031487,0.6936734808489869,0.5619007326235078,0.2513327000512720,0.2923943369124408,0.7318503892898031,0.6523928485401573,0.2872583984263807,0.2571870659792971,0.6524729854945186,0.6523928485401573,0.2872583984263807,0.2571870659792971,0.6524729854945186,0.5615337966513848,0.2303902842636935,-0.3485262287995456,0.7142335612206572,0.5551768594136650,0.2334724535473299,-0.3464690876238870,0.7191859561526772,0.5684503886096655,0.1989846413252812,-0.3017100922664062,0.7390807049509315,0.6126592741353696,0.6684734191209708,0.1970112633881756,0.3727981542910794,0.6310530167037713,0.6218695375279845,0.1262414915744924,0.4462213063143078,0.6365563435124455,0.6233921763475327,0.1184940098439939,0.4383347871591338,0.6365563435124455,0.6233921763475327,0.1184940098439939,0.4383347871591338,0.5281852976742616,0.5008589306345121,-0.3336177225053316,0.5990491116384031,0.3307583884302381,0.2232202092685605,-0.5369272504128253,0.7432904912759579,0.7149545979620567,-0.1498545515691047,-0.5618378301928406,0.3882290416637284,0.7384531636007354,0.0357897423447089,-0.6287161149396041,0.2410851847920466,-0.0740516387380386,-0.1344373763363397,-0.9780876812412898,0.1406678159638854,-0.0117745480740478,-0.2029499599824539,-0.9724629390573293,-0.1139671264916045,-0.0117745480740478,-0.2029499599824539,-0.9724629390573293,-0.1139671264916045,0.3182031948603794,0.1358298606431273,-0.5278703786896322,0.7756609046744461,-0.1159312262661117,0.3832847302811008,-0.3875431631103958,0.8303391253193892,-0.0678556738982680,0.4001950575516479,-0.2894423719565666,0.8668694461954473,-0.2678009223453449,-0.5833822992184772,-0.0221370276089958,0.7664578990121923,-0.3860512868759711,-0.5230078077414969,0.0790506467947741,0.7557633440331487,-0.3860512868759711,-0.5230078077414969,0.0790506467947741,0.7557633440331487,0.5279863463831109,0.5010686530891839,-0.3338556007946143,0.5989165724393269
1.8379126411869038,-1.1327162074802029,0.2539058161420982,0.6381227672288861,0.3533640705248525,-0.1731135925458201,0.6617891293169869,-0.7975671782288286,0.3014996939201554,0.6574376531694061,1.5540575545166029,-0.2563923256521866,0.2609548155567424,-0.4683931505459596,-0.0225090349564709,0.1269462341731624,1.5936799701017945,-0.2278635981146467,0.0250861112691795,-0.4949446697073566,-0.8458723081987423,1.2963845086719645,-0.5095881670857024,-1.8941658677922086,-0.5441807936989357,-1.0224196106793102,-1.0575270724122205,0.2252287461420464,-2.1970894137090200,0.3471066654848461,-0.0007855224901861,0.2658213990017061,-0.2269403424197109,-0.0393043026329596,0.1441043503148578,0.4559432410313542,-0.0064749222648393,-0.1996563790809487,-0.0706121567860761,1.3259115789425331,0.0359766178973998,0.0105745659011313,-0.0067686243145795,0.0731699922226367,-0.1188250799732168,0.1662073718761260,-0.1905816216257472,-0.0177216111298860,0.0092873917064926,0.8278806554489678,0.1942305891288675,-0.4497764545973956,-0.5317709801001862,-0.6388119280076928,-0.0192733118986956,-0.9212106105847718,0.0504017176408481,-0.3557331030549186,0.0990056711415374,0.5486832972419520,0.0003741717613542,0.0000000000000000,0.0000000000000000,0.6381227672288861,0.3533640705248525,-0.1731135925458201,0.6617891293169869,0.6381227672288861,0.3533640705248525,-0.1731135925458201,0.6617891293169869,0.5586987394713787,0.0134667323986440,-0.3322912054026212,0.7597742562390940,0.6665120397587531,-0.0366126705208149,-0.3305424487516815,0.6672052928351231,0.6193358046187518,-0.2490019034129713,-0.0984284475419637,0.7380603321737589,0.5106140120557010,0.3399377909905617,0.3640581393962486,0.7008404241253349,0.5529702302633731,0.2475413263549244,0.2957852643570165,0.7385514833633244,0.6443654857206975,0.2839228488854470,0.2610621511155474,0.6603237766032845,0.6443654857206975,0.2839228488854470,0.2610621511155474,0.6603237766032845,0.5606455900903439,0.2336619073732342,-0.3512271775909114,0.7125434057490635,0.5526763292011674,0.2375584970379062,-0.3486034677407363,0.7187422750227980,0.5665982514718884,0.2021177523207323,-0.3024341753753554,0.7393567509604837,0.6122843544820441,0.6700968454737682,0.1939275077509095,0.3721158538414245,0.6303593468956624,0.6234561999461340,0.1230735665658818,0.4458725801647304,0.6358981515504030,0.6249497647252921,0.1152498486260279,0.4379369872667307,0.6358981515504030,0.6249497647252921,0.1152498486260279,0.4379369872667307,0.5317109605115989,0.4993498641890041,-0.3304435541534068,0.5989492675717371,0.3365256892912918,0.2235669817779129,-0.5346423715611845,0.7422437602547880,0.7165719784896338,-0.1448183972630965,-0.5611170043974798,0.3882009000937504,0.7387519199091619,0.0458546253816415,-0.6292090114525934,0.2371475786688245,-0.0805011586640079,-0.1261881935860038,-0.9779953012588982,0.1453316688432693,-0.0198258598741224,-0.1966631483185850,-0.9741433859960400,-0.1094312793210585,-0.0198258598741224,-0.1966631483185850,-0.9741433859960400,-0.1094312793210585,0.3182076131139578,0.1274605459399932,-0.5291677828970660,0.7761953244698141,-0.1168556454596941,0.3770204567480500,-0.3925815946029682,0.8307105542225164,-0.0709142812184978,0.3936444432235512,-0.2974451145684525,0.8669150020952711,-0.2767210590850595,-0.5868221644237889,-0.0228152497635472,0.7606212376590922,-0.3989317170985658,-0.5226822115879064,0.0805012765670347,0.7491170370866239,-0.3989317170985658,-0.5226822115879064,0.0805012765670347,0.7491170370866239,0.5315146073102273,0.4995588600051038,-0.3306789967813960,0.5988193122252364
1.8432424787227166,-1.1364065670999268,0.2532412775304151,0.6378468917480788,0.3566304929316489,-0.1762844385199393,0.6594617736717977,-0.8005657252703717,0.3010591431447296,0.6800144095118467,1.5547250749500232,-0.2561808088648987,0.2608189809147976,-0.4679465998633180,-0.0268166940334986,0.1271300964217316,1.5913584449519591,-0.2281299068386228,0.0252616852152390,-0.4784605005833709,-0.8421905429690022,1.2898505149435491,-0.5186003470353733,-1.9067255646718451,-0.5445437021285613,-1.0438074629522642,-1.0511752827030358,0.2200538428525125,-2.1964804003591198,0.3543869459279680,-0.0007749176033623,0.2382460873376525,-0.1497858656762023,-0.0530310853887659,0.0651148301067145,0.5534186907220772,-0.0324666006158551,-0.1280613468176315,-0.0069782313395915,0.9674638819328943,0.0225546764228064,0.0105210213932973,-0.0067510381787443,0.0262456820403034,-0.2265660526463034,-0.0539127677499966,-0.0862524484142832,-0.0121683358800373,0.0088315446061570,0.8432608161327252,0.1582794785819655,-0.2587897683750694,-0.3804285941793307,-0.6346514790403472,-0.0174107434002232,-1.1116049068885077,0.4151725410506297,-0.2618551319781384,0.0170658820992208,0.2993747555648916,0.0004925869954732,0.0000000000000000,0.0000000000000000,0.6378468917480788,0.3566304929316489,-0.1762844385199393,0.6594617736717977,0.6378468917480788,0.3566304929316489,-0.1762844385199393,0.6594617736717977,0.5570814359278043,0.0159986743500018,-0.3358808311117896,0.7593341711363393,0.6646575750794795,-0.0345538486392552,-0.3344815717397887,0.6672019316520014,0.6153296109386898,-0.2536397651559375,-0.0935419101211250,0.7404635375793819,0.5042046966244744,0.3385608809167976,0.3649085405261017,0.7056882533142901,0.5466907696693585,0.2456345301121698,0.2975060023014532,0.7431574924398631,0.6386934877549801,0.2822382861242814,0.2630355368281004,0.6657510682759432,0.6386934877549801,0.2822382861242814,0.2630355368281004,0.6657510682759432,0.5595790237631201,0.2374907619211012,-0.3539139828002186,0.7107843181619405,0.5501612765633374,0.2421352105981404,-0.3507527747687434,0.7180986008556347,0.5644422996989855,0.2066682867585819,-0.3043893246817134,0.7389453623770863,0.6124173564883896,0.6725158352920140,0.1902444536417335,0.3694245262727091,0.6300893974987422,0.6261039100873657,0.1193118679316564,0.4435605066996415,0.6356376837336764,0.6275599525565407,0.1113998833179884,0.4355723900359817,0.6356376837336764,0.6275599525565407,0.1113998833179884,0.4355723900359817,0.5347562913287169,0.4980659340747093,-0.3280315721922407,0.5986328773494908,0.3413492868584587,0.2239528708077136,-0.5329571521307163,0.7411359187159409,0.7184131109599379,-0.1415554816638668,-0.5605000088860040,0.3868906662748069,0.7396508725227779,0.0529609273918281,-0.6291275783360584,0.2330455258594281,-0.0863532718650288,-0.1196119617760789,-0.9779889107585646,0.1475594167498571,-0.0270155959479708,-0.1918686465885213,-0.9751713021651658,-0.1072264494672809,-0.0270155959479708,-0.1918686465885213,-0.9751713021651658,-0.1072264494672809,0.3165263003645639,0.1180553552571538,-0.5313922674726294,0.7768502380400785,-0.1163028101298356,0.3688984380009286,-0.4002858369653743,0.8307579957612855,-0.0723069788121063,0.3851742306890859,-0.3074004032874705,0.8671317690448419,-0.2866519922550725,-0.5904813231290885,-0.0262417481703372,0.7539720240333082,-0.4116703329805498,-0.5228943986902962,0.0780478759252149,0.7423055394011008,-0.4116703329805498,-0.5228943986902962,0.0780478759252149,0.7423055394011008,0.5345630257206975,0.4982733560343049,-0.3282637879570848,0.5985055719997181
1.8481719713051001,-1.1383699730233157,0.2527942132164136,0.6369303127440284,0.3601734959744770,-0.1806915646569183,0.6572255229121524,-0.8021204776815695,0.3008630059202015,0.6955284404789683,1.5551792211361235,-0.2559721443406324,0.2606858388476709,-0.4656594594266137,-0.0300206266792073,0.1269314321080871,1.5904513164462128,-0.2283748879365150,0.0254414829541709,-0.4651975424888412,-0.8366049692979493,1.2916540944370123,-0.5219768425379467,-1.9196063890118105,-0.5448900142766153,-1.0501027952137205,-1.0536700167506958,0.2134057751618378,-2.1984026569608197,0.3633204254049530,-0.0007464167205332,0.2156470900686757,-0.0608491159801721,-0.0233190264191729,-0.0836125000083944,0.6752728496683005,-0.1048518907549695,-0.0420439525094571,-0.0038860882654200,0.6218354637024172,0.0185693747421852,0.0105338710309856,-0.0065642682532330,0.1292605815884955,-0.1523512102889266,-0.0016861350176925,-0.0125385983841114,-0.0109623817742868,0.0089464177060873,0.5896617670174660,0.3150072288506128,0.2348864398226617,-0.0605929285196063,-0.5981987406578385,-0.0171866124651753,-0.0641427694319874,-0.3548971674040603,-0.3372375247793206,-0.1429444433061941,0.2941194411526822,0.0013334474336990,0.0000000000000000,0.0000000000000000,0.6369303127440284,0.3601734959744770,-0.1806915646569183,0.6572255229121524,0.6369303127440284,0.3601734959744770,-0.1806915646569183,0.6572255229121524,0.5546570526171184,0.0194386245970212,-0.3401134282532547,0.7591446171696703,0.6621646667034208,-0.0317532463644443,-0.3391853999654535,0.6674450913484508,0.6118628771352981,-0.2551355209860998,-0.0918797058902537,0.7430261133771726,0.5004837849449262,0.3394557985406799,0.3637774618883985,0.7084854974283841,0.5428248786239824,0.2462425904554233,0.2969161698487017,0.7460204594212133,0.6351880777500605,0.2827469608841013,0.2623905131338116,0.6691348747542326,0.6351880777500605,0.2827469608841013,0.2623905131338116,0.6691348747542326,0.5579121329831914,0.2419455352366902,-0.3571100066711808,0.7089914336467589,0.5473167717530744,0.2472245616314878,-0.3534759044288280,0.7172023093047970,0.5618949841593950,0.2120133469680660,-0.3072758089304123,0.7381774479961254,0.6127952074897619,0.6755147934031882,0.1860817821682330,0.3654249141973244,0.6300052947200510,0.6294841402263636,0.1150553110552824,0.4400060468063475,0.6355475102689542,0.6308958019697917,0.1070443574199282,0.4319622145424083,0.6355475102689542,0.6308958019697917,0.1070443574199282,0.4319622145424083,0.5364623207963549,0.4976076254042650,-0.3276732862521968,0.5976830656644065,0.3445030721167388,0.2258555582875549,-0.5322751240638541,0.7395877854558947,0.7201585445972565,-0.1398541011546815,-0.5610422188185044,0.3834633355837123,0.7408796689078551,0.0565102134442850,-0.6291132314427467,0.2282990451121801,-0.0920817922002676,-0.1146016726913300,-0.9782161968362449,0.1465621793259387,-0.0338618047842505,-0.1886172867638542,-0.9754886828560675,-0.1081606533371986,-0.0338618047842505,-0.1886172867638542,-0.9754886828560675,-0.1081606533371986,0.3159708343001174,0.1147432223381578,-0.5330814357926160,0.7764152288643151,-0.1169609717470026,0.3670746393106560,-0.4032344645912757,0.8300471714479462,-0.0744472048099401,0.3830129276386378,-0.3132074352777873,0.8658289747082719,-0.2929571090038723,-0.5907596468172065,-0.0267902450120262,0.7513064985401755,-0.4208212770995436,-0.5201380041427645,0.0795771286586242,0.7389407215610329,-0.4208212770995436,-0.5201380041427645,0.0795771286586242,0.7389407215610329,0.5362759083132813,0.4978085180643734,-0.3278971205595482,0.5975602964003502
1.8527072321207523,-1.1387018416321451,0.2528418423252446,0.6351092190698170,0.3643047394288987,-0.1867034398200016,0.6550268408558138,-0.8029726861778549,0.3010589831305417,0.7040895621156412,1.5553085231504871,-0.2557679567584867,0.2605569253760024,-0.4654765066355945,-0.0345070937005428,0.1257286938878630,1.5904386543248852,-0.2285630748077365,0.0256183818794337,-0.4515135819788482,-0.8319314850175824,1.2946325932655318,-0.5226261203447850,-1.9302772990516612,-0.5452305953132671,-1.0500063956770069,-1.0627513735570211,0.2055297393610556,-2.2002948290314581,0.3689920570419964,-0.0007336965387001,0.1904216310611725,0.0052308993642981,-0.0169353754049122,-0.1346116972610567,0.8212880423686907,-0.1041643866309303,-0.0474282318196438,0.0046671778664831,0.2791110134200112,-0.0011347932220712,0.0098439900020365,-0.0062707592524483,0.0204166101502951,-0.1392399955946512,-0.0110241717125648,-0.0477868991605678,-0.0097088685129926,0.0089993430231913,0.7503221509280650,0.1553731951163815,0.0671938719056163,-0.0184171013380518,-0.4817465458356447,-0.0171017840186970,0.0020115201763113,-0.4435811787474068,-0.4402730602189054,-0.0673805286832435,0.2556264147468677,0.0003018559888446,0.0000000000000000,0.0000000000000000,0.6351092190698170,0.3643047394288987,-0.1867034398200016,0.6550268408558138,0.6351092190698170,0.3643047394288987,-0.1867034398200016,0.6550268408558138,0.5509933310550011,0.0238865468647314,-0.3453250908572570,0.7593328411416295,0.6586302886652754,-0.0281674794676516,-0.3450022878143466,0.6681213642415583,0.6085943217180033,-0.2533776146771218,-0.0936711960815819,0.7460820618254939,0.4993809818364525,0.3429122623994240,0.3602498804757768,0.7094010423542926,0.5412506344455309,0.2496307282602245,0.2936138486431815,0.7473440694255346,0.6337558061403363,0.2856603676751107,0.2586943117784226,0.6706929145120145,0.6337558061403363,0.2856603676751107,0.2586943117784226,0.6706929145120145,0.5546356802906951,0.2464547839082077,-0.3622780389774538,0.7073852727558625,0.5424486383792210,0.2526185264084667,-0.3580072878473366,0.7167734207432203,0.5572497774091920,0.2180351594162327,-0.3122621571867715,0.7378520854648357,0.6130982497583759,0.6795088699922199,0.1792916768194948,0.3608777166414762,0.6295430976851287,0.6339286981111847,0.1082148667722806,0.4360039408967856,0.6350723062551846,0.6352618990296989,0.1000918144538538,0.4279101706529495,0.6350723062551846,0.6352618990296989,0.1000918144538538,0.4279101706529495,0.5370726459805528,0.4976290146859187,-0.3290372333917568,0.5963663603222998,0.3458709954935215,0.2282097353885823,-0.5327595741817965,0.7378758752444909,0.7208519151814482,-0.1391976093522673,-0.5626157416559809,0.3800790301644401,0.7413995300968740,0.0575447652945764,-0.6298160154420698,0.2243816468697924,-0.0976908374503480,-0.1115834788109167,-0.9783747845510863,0.1441818590853853,-0.0401531244014751,-0.1872737894781078,-0.9752602932484420,-0.1103794128824341,-0.0401531244014751,-0.1872737894781078,-0.9752602932484420,-0.1103794128824341,0.3158079266483667,0.1153869074839531,-0.5346132160267784,0.7753321380523664,-0.1202472375146150,0.3701968632903703,-0.4025912462773825,0.8285017638489961,-0.0789399413179463,0.3859501826295523,-0.3160414430482128,0.8630925491909526,-0.2974116088702721,-0.5874821064049282,-0.0238800597021905,0.7522239376089037,-0.4266100698673335,-0.5149611551321677,0.0843541988751621,0.7387172843008758,-0.4266100698673335,-0.5149611551321677,0.0843541988751621,0.7387172843008758,0.5368899052310584,0.4978261674307767,-0.3292561671937977,0.5962455140686750
1.8569082312315481,-1.1380189560777039,0.2529473036789084,0.6329282540223126,0.3693513246426347,-0.1934161086235369,0.6523585158254053,-0.8037294216171108,0.3013154805317970,0.7070608444696412,1.5547933209167459,-0.2555779146140778,0.2604350050201528,-0.4664848479664346,-0.0361504293036289,0.1260453969972458,1.5874989708377507,-0.2287329576704056,0.0257955977673444,-0.4338180224002621,-0.8306199753034216,1.2941297425823535,-0.5228703893615820,-1.9396209812048575,-0.5455784523355334,-1.0522643568761847,-1.0675527114723784,0.1956607541894747,-2.1992767279574519,0.3749289806630046,-0.0007335577205663,0.1710247478212201,0.0430675670931559,-0.0197533271543356,-0.1256110739218996,0.9585272083431471,-0.0835505507935548,-0.0157230238757595,0.0271269503284214,0.0557304861725923,-0.0367876701535324,0.0092457145851074,-0.0058195835047900,-0.1058804413438623,-0.0425537345594660,0.0340239139506991,-0.2158707202798656,-0.0078604980800724,0.0087549293075421,0.9531945632880821,0.0198344308579227,-0.0538591001737013,-0.0022352188625633,-0.4432119769225221,-0.0182355766882084,-0.1452864348993342,-0.1868984676445536,-0.5292790539749308,0.0068146297435561,0.2341531028402515,0.0002232742639879,0.0000000000000000,0.0000000000000000,0.6329282540223126,0.3693513246426347,-0.1934161086235369,0.6523585158254053,0.6329282540223126,0.3693513246426347,-0.1934161086235369,0.6523585158254053,0.5468266683493487,0.0294007187932961,-0.3510868107378227,0.7595092124802255,0.6546079492950143,-0.0236168568425658,-0.3515232496044834,0.6688513151516985,0.6059619871783781,-0.2487556899895505,-0.0982611169489054,0.7491831749903398,0.5008044304044087,0.3482242078395076,0.3550212662595456,0.7084452865714691,0.5419680069521136,0.2550926254205904,0.2882982075032191,0.7470492456637742,0.6343876307311430,0.2903698655546101,0.2527319630979360,0.6703463507633849,0.6343876307311430,0.2903698655546101,0.2527319630979360,0.6703463507633849,0.5505575963857622,0.2516259213615947,-0.3684344519898136,0.7055684115291910,0.5377454981384883,0.2582285044843162,-0.3638373114262736,0.7153811777770526,0.5529337961362956,0.2238669211534453,-0.3180846534224898,0.7368649618218230,0.6144577697712030,0.6824227619347452,0.1713338227566267,0.3569111154625947,0.6299950602244186,0.6372383408976011,0.1000992195046042,0.4324507685707960,0.6355164538476447,0.6384755577565893,0.0918777394300191,0.4242950388981181,0.6355164538476447,0.6384755577565893,0.0918777394300191,0.4242950388981181,0.5381342861546228,0.4974234270919058,-0.3298467241875438,0.5951323909751038,0.3469535767294714,0.2291109052482307,-0.5335865249053529,0.7364895309034555,0.7208302533885833,-0.1389038439606116,-0.5638369521388258,0.3784142694660388,0.7413201694296438,0.0579002318934223,-0.6305911765212968,0.2223662241370713,-0.1029546375157896,-0.1104191424859180,-0.9782169004989754,0.1424768443110817,-0.0455914612234951,-0.1875981339053014,-0.9747905926665218,-0.1118555285518153,-0.0455914612234951,-0.1875981339053014,-0.9747905926665218,-0.1118555285518153,0.3157971416577215,0.1150148032191726,-0.5361455123560905,0.7743331001201568,-0.1219495788871850,0.3717243719876296,-0.4031146321451531,0.8273136556531132,-0.0824427682028151,0.3869809507355058,-0.3208353462639462,0.8605310071848628,-0.3031735176805707,-0.5842103025395232,-0.0232307905552012,0.7524921733506915,-0.4336847420054706,-0.5093958972816197,0.0868479677016874,0.7381671862731286,-0.4336847420054706,-0.5093958972816197,0.0868479677016874,0.7381671862731286,0.5379516944583989,0.4976208900200428,-0.3300651168268460,0.5950112964466121
1.8608850918441566,-1.1366942898789152,0.2532279839865930,0.6303334428031275,0.3752458163626679,-0.2009524698316841,0.6492214052654276,-0.8035443516678916,0.3019503725351286,0.7068934322044954,1.5537302190540780,-0.2553945826631484,0.2603291323827153,-0.4701951636714515,-0.0365621100103375,0.1268994114093044,1.5819280513194649,-0.2288917565860279,0.0259695341453860,-0.4133672228258801,-0.8309087272934574,1.2920831936080166,-0.5224955039750562,-1.9478130297861573,-0.5459751613105548,-1.0551687168877284,-1.0702469064482059,0.1844742368473653,-2.1997906467862638,0.3795569040506704,-0.0007301032640232,0.1578483452934591,0.0700114922365204,-0.0112744422496987,-0.1239770307758466,1.0753002162311200,-0.0821759604332982,0.0275063992452585,0.0264918485718596,-0.0608847662991195,-0.0674763606475150,0.0090531591184746,-0.0050219297423208,-0.2468580027449838,-0.0118704476164053,0.0391157264866763,-0.3297204793625038,-0.0082013911089325,0.0086771995841463,1.0877789049058779,-0.0366294722464968,-0.1784859307943684,0.0400072030184566,-0.3818667314446905,-0.0205761688900639,-0.1749088211058875,-0.0960772237006245,-0.5840963903932898,-0.0289708411232935,0.2515672604728851,0.0001142642824038,0.0000000000000000,0.0000000000000000,0.6303334428031275,0.3752458163626679,-0.2009524698316841,0.6492214052654276,0.6303334428031275,0.3752458163626679,-0.2009524698316841,0.6492214052654276,0.5422046244225248,0.0363165991548943,-0.3573439568850727,0.7596055202263672,0.6502656614975880,-0.0178323548948975,-0.3587416981831920,0.6694333204887887,0.6038825620213155,-0.2418455595841387,-0.1048070670884892,0.7522313841394246,0.5040887497997258,0.3549338052344506,0.3486448082941554,0.7059485277813622,0.5443869934420501,0.2621341917495273,0.2816051693350894,0.7454039143247785,0.6365365632647330,0.2964695070478415,0.2451971396065463,0.6684350362950008,0.6365365632647330,0.2964695070478415,0.2451971396065463,0.6684350362950008,0.5452625822082556,0.2569830846008723,-0.3762158525852135,0.7036405637370450,0.5323173662240802,0.2638129745739940,-0.3714584606033619,0.7134840909991333,0.5479648545249488,0.2295508269267876,-0.3254997776017871,0.7355887647618512,0.6166946222327118,0.6845544517705155,0.1609451146279814,0.3537931818842852,0.6310389270635416,0.6396779275366117,0.0894732336727320,0.4296470202493011,0.6365607828799775,0.6407850542966579,0.0811654157348999,0.4214226609685805,0.6365607828799775,0.6407850542966579,0.0811654157348999,0.4214226609685805,0.5393712926008114,0.4972004430125325,-0.3305518166892797,0.5938062181130198,0.3477589472340631,0.2294096790469194,-0.5347307826232701,0.7351856254670311,0.7203477048387681,-0.1388476075002719,-0.5650549996387573,0.3775359233347373,0.7408618942547431,0.0577064457799079,-0.6315237886549275,0.2212946545211842,-0.1080001639647468,-0.1102715266024300,-0.9779108189613079,0.1409488742870284,-0.0505395892534795,-0.1888406739619202,-0.9741583817196462,-0.1131388399315485,-0.0505395892534795,-0.1888406739619202,-0.9741583817196462,-0.1131388399315485,0.3157536002053052,0.1143214844172528,-0.5377966995968553,0.7733078119744771,-0.1226537608256164,0.3725490847452557,-0.4043536463939786,0.8262332376869727,-0.0853097583983586,0.3871000700649785,-0.3268960496626058,0.8579130221605713,-0.3098652791736129,-0.5818145866024044,-0.0234999465511302,0.7516136295274491,-0.4412936404405472,-0.5047794176688255,0.0877803806677412,0.7367172233458888,-0.4412936404405472,-0.5047794176688255,0.0877803806677412,0.7367172233458888,0.5391896959978987,0.4973973698597755,-0.3307686324254200,0.5936854722744088
1.8647972304092457,-1.1349526652374953,0.2536707367945493,0.6275556906302444,0.3816914421207578,-0.2088998282910257,0.6456363991515292,-0.8026588983694030,0.3023594696073276,0.7042701752121403,1.5522336919303457,-0.2552168610915838,0.2602326665943355,-0.4762578069224834,-0.0366727962919946,0.1272950327651386,1.5745280418643122,-0.2290703801711418,0.0261455422416700,-0.3912465263397085,-0.8314474649864454,1.2882629159227343,-0.5206267081720140,-1.9554507832535333,-0.5463889862670246,-1.0565027754829397,-1.0758507487693716,0.1723602503165589,-2.1980494063810059,0.3868523965923190,-0.0007255476557894,0.1544066676483659,0.0884093416006379,-0.0027085104092967,-0.1280719205431865,1.1346145965853709,-0.0776276190250465,0.0638842717381934,0.0163618994742750,-0.1927609287674356,-0.0741668777331293,0.0087395918360705,-0.0046989045693613,-0.3335788193439064,-0.0020666970236722,0.0065312781599322,-0.3938895314497729,-0.0094805293386004,0.0089651765986075,1.1095873261953721,-0.0158870863925053,-0.2047626689090306,0.1266156653502219,-0.3678471180117939,-0.0207357411024291,-0.0540124624832482,-0.3285540991931977,-0.6059238715108209,0.0383979898625484,0.3573775029965393,0.0003344211971357,0.0000000000000000,0.0000000000000000,0.6275556906302444,0.3816914421207578,-0.2088998282910257,0.6456363991515292,0.6275556906302444,0.3816914421207578,-0.2088998282910257,0.6456363991515292,0.5374365950747633,0.0442389077581406,-0.3638409088390029,0.7594897091929683,0.6456782622571020,-0.0110557668158701,-0.3663537333296032,0.6698972262550604,0.6022003446700142,-0.2331896078528243,-0.1126787971115857,0.7551694116886937,0.5086614181283351,0.3626452548431959,0.3414752233279433,0.7022440122211903,0.5479848819600514,0.2703208791214626,0.2739604635388587,0.7426875896847888,0.6397191243104540,0.3035831473293931,0.2365691990285437,0.6653057407839184,0.6397191243104540,0.3035831473293931,0.2365691990285437,0.6653057407839184,0.5390934567682779,0.2623067884705084,-0.3851744628942958,0.7015796652740209,0.5261405783022066,0.2693242234262525,-0.3803007767799946,0.7113451157632265,0.5422039483590102,0.2353174958311307,-0.3342907432738873,0.7340914476419523,0.6194415371164814,0.6862708689754985,0.1484169961610835,0.3511365428731473,0.6323440640666929,0.6416488640094862,0.0766577282100544,0.4272602399716448,0.6378715920590754,0.6425955251207331,0.0682690491643170,0.4189631965519522,0.6378715920590754,0.6425955251207331,0.0682690491643170,0.4189631965519522,0.5408426145090770,0.4969947365532282,-0.3310703672693835,0.5923494830634093,0.3487421579263404,0.2296393852000765,-0.5358752919503805,0.7338135536544036,0.7195971175645910,-0.1382866962796036,-0.5663685773328595,0.3772047357003316,0.7400286453127228,0.0574115281545234,-0.6325720706562954,0.2211653136845492,-0.1130327556489609,-0.1109245991170643,-0.9774163133825795,0.1399166887641633,-0.0552364067454714,-0.1908363883057517,-0.9734264552932387,-0.1138918276414303,-0.0552364067454714,-0.1908363883057517,-0.9734264552932387,-0.1138918276414303,0.3163397246759241,0.1142062007563163,-0.5392406020405837,0.7720788142486990,-0.1236435301931001,0.3742271798863863,-0.4046943303464547,0.8251598598217830,-0.0886026957751311,0.3880056331305633,-0.3324628095210189,0.8550261231364342,-0.3162030732854778,-0.5780518171535395,-0.0235464729169666,0.7518758386485630,-0.4491398350373945,-0.4982748450086205,0.0899255800387548,0.7361446715618543,-0.4491398350373945,-0.4982748450086205,0.0899255800387548,0.7361446715618543,0.5406621159700448,0.4971910881999200,-0.3312854324228861,0.5922292296347369
1.8687475063741468,-1.1328986501892939,0.2542858344894626,0.6245545238043362,0.3883883965162226,-0.2172136038042286,0.6417977489594953,-0.8009401706534645,0.3025171919825181,0.6991511010160940,1.5507723678952285,-0.2550425103668649,0.2601410758438049,-0.4836746651981801,-0.0367790851120692,0.1272724020754347,1.5663255373973919,-0.2292697615429832,0.0263266276665907,-0.3679546638350931,-0.8320341432779629,1.2819503381036594,-0.5179813071814140,-1.9619982251553754,-0.5468032535641555,-1.0586347887819778,-1.0794714560712464,0.1599804921553817,-2.1982377971620326,0.3942496233748217,-0.0007234320746740,0.1551278190186051,0.1006084249690766,0.0023273805462536,-0.1213959893630873,1.1896750945752061,-0.0880868692220966,0.1049009830722280,0.0028324547382610,-0.2958081074228420,-0.0715794341767188,0.0087415068207984,-0.0044947268836013,-0.4041906845313874,-0.0119124927625888,-0.0048820024688968,-0.4230734203512078,-0.0102673370928736,0.0090798088338850,1.2406141675926048,-0.0517330108076228,-0.4495093705006993,0.1236635662529770,-0.2878080804249966,-0.0206918660046017,-0.1655292606330687,-0.0087301452596220,-0.6484034297097588,-0.0234223270841068,0.3989480695923438,-0.0001134830421994,0.0000000000000000,0.0000000000000000,0.6245545238043362,0.3883883965162226,-0.2172136038042286,0.6417977489594953,0.6245545238043362,0.3883883965162226,-0.2172136038042286,0.6417977489594953,0.5324954859172739,0.0528686394160666,-0.3704894553258663,0.7592042070064959,0.6408124376198185,-0.0035602123589814,-0.3742256731296266,0.6702998509998209,0.6007696209749084,-0.2230002642015471,-0.1217905434571385,0.7579668912321428,0.5142686017512486,0.3713648104081857,0.3335938836590621,0.6973744357435043,0.5525202609088427,0.2796537004371050,0.2654777490622227,0.7389429841807232,0.6436998773593929,0.3117259635787674,0.2269615629268523,0.6610339177925674,0.6436998773593929,0.3117259635787674,0.2269615629268523,0.6610339177925674,0.5322408823156088,0.2675509051453689,-0.3948687604292895,0.6994389311332562,0.5192976996565516,0.2747620689888993,-0.3898854065645561,0.7091015966166933,0.5357207823734774,0.2411794741614552,-0.3439985815680828,0.7324620675881447,0.6223001989715085,0.6878378253850420,0.1344404818041230,0.3486364082850101,0.6335929987483182,0.6434492267135093,0.0623834330957936,0.4250191899833262,0.6391288236718786,0.6442141408733614,0.0539141983324186,0.4166482289279166,0.6391288236718786,0.6442141408733614,0.0539141983324186,0.4166482289279166,0.5423463278778058,0.4967638879692879,-0.3316923708701057,0.5908183065491995,0.3497312263895227,0.2299009123366874,-0.5371132855368878,0.7323543939204628,0.7184152367920209,-0.1371682974404314,-0.5679172203506114,0.3775373313350514,0.7386477862524787,0.0571981672468538,-0.6339415304468924,0.2219142931461705,-0.1181761050596122,-0.1122159397062257,-0.9767194659502534,0.1395029601931059,-0.0598386108321589,-0.1934557129756392,-0.9726269080870102,-0.1139786183275901,-0.0598386108321589,-0.1934557129756392,-0.9726269080870102,-0.1139786183275901,0.3168101142856676,0.1139761774896648,-0.5408384782952986,0.7708012213576025,-0.1243409048237907,0.3757122272547488,-0.4053851883470901,0.8240403574750879,-0.0916820831547441,0.3886552886425493,-0.3384502489873332,0.8520521645996769,-0.3228838476916925,-0.5749495353291142,-0.0236825650260621,0.7514107989897600,-0.4574512431104777,-0.4922592167692084,0.0918832246120819,0.7348310667883671,-0.4574512431104777,-0.4922592167692084,0.0918832246120819,0.7348310667883671,0.5421666613333210,0.4969599693049568,-0.3319059905887711,0.5906983271166275
1.8728072902037829,-1.1306742929811571,0.2549414181492515,0.6214553573074023,0.3952516636744731,-0.2257236447775944,0.6376662116066740,-0.7986776647012531,0.3025593702772844,0.6917509028207538,1.5495432332200281,-0.2548683574810594,0.2600550711226960,-0.4919869135214658,-0.0370238710243100,0.1265839730797831,1.5578304568184957,-0.2294879684780912,0.0265109334544774,-0.3431418471437955,-0.8327679728172012,1.2719936680746109,-0.5150490662155507,-1.9675825353926193,-0.5472161856207832,-1.0613208316043197,-1.0819634748096005,0.1467077462396231,-2.1984508793981354,0.4030204615464426,-0.0007215859369303,0.1611836488071579,0.1068948547752194,0.0039833759385418,-0.1236550557377156,1.2016170029576636,-0.0852862625713214,0.1241529381843098,0.0009294611964965,-0.4177477032043864,-0.0565715352502641,0.0087472761784525,-0.0041616389903792,-0.4248693020373427,-0.0188578632312279,-0.0567167241304923,-0.4213036499998541,-0.0112950800023261,0.0092823699879961,1.2558116578964085,-0.0304612690185260,-0.5604662194119575,0.1555381126569924,-0.2676113056738308,-0.0205465638459920,-0.1172115413672222,-0.1209470757004925,-0.6775270411038947,-0.0016912922676562,0.4810671787581476,0.0000212467130057,0.0000000000000000,0.0000000000000000,0.6214553573074023,0.3952516636744731,-0.2257236447775944,0.6376662116066740,0.6214553573074023,0.3952516636744731,-0.2257236447775944,0.6376662116066740,0.5275166011174255,0.0620243188273376,-0.3772274325395238,0.7586690210883542,0.6358251734468802,0.0044668680072069,-0.3822663980479613,0.6705063734409147,0.5995969957147944,-0.2116058761668539,-0.1319951938255064,0.7604496463990346,0.5207797383761991,0.3808043662812169,0.3251580424348409,0.6914106928287409,0.5578832952373479,0.2898390231318790,0.2563308747661082,0.7342030047655190,0.6483743768454350,0.3206294291170412,0.2165847313927746,0.6556664477933064,0.6483743768454350,0.3206294291170412,0.2165847313927746,0.6556664477933064,0.5249362557518500,0.2727569120762531,-0.4050070754952041,0.6971476623432634,0.5119548247948614,0.2801996731927898,-0.3998939952402444,0.7067355892288933,0.5286663322075991,0.2472276454570724,-0.3543510200947549,0.7306338036730318,0.6251232360110062,0.6893677858746720,0.1194724907715444,0.3460047969988604,0.6346906612811448,0.6452244602013393,0.0471221894072408,0.4226495708099802,0.6402333106542638,0.6457920259903029,0.0385715431890065,0.4142055083555001,0.6402333106542638,0.6457920259903029,0.0385715431890065,0.4142055083555001,0.5442267835403352,0.4962336615354212,-0.3320189126139541,0.5893494743385598,0.3511189781615294,0.2297813793111254,-0.5382869426391597,0.7308646579777034,0.7167995288262812,-0.1351961953643555,-0.5694508790518636,0.3790067553230194,0.7366324066123129,0.0576403859804221,-0.6355723679001042,0.2238259336949899,-0.1233974047306580,-0.1140652845113982,-0.9757375873263407,0.1403508177875813,-0.0642995710715178,-0.1965968089279835,-0.9718540673981014,-0.1127605053248641,-0.0642995710715178,-0.1965968089279835,-0.9718540673981014,-0.1127605053248641,0.3175089629659734,0.1131027418817185,-0.5424884930206366,0.7694816847432480,-0.1239966211198424,0.3762723917164334,-0.4068231587716693,0.8231274765611323,-0.0939919826032766,0.3882177227115343,-0.3455232159445099,0.8491561777566823,-0.3302471079836550,-0.5725207185929518,-0.0249578784900753,0.7500226521589302,-0.4668823866910105,-0.4863745692117408,0.0928810288620082,0.7326893815931365,-0.4668823866910105,-0.4863745692117408,0.0928810288620082,0.7326893815931365,0.5440476999594903,0.4964299939893824,-0.3322315366651334,0.5892296388349905
1.8770527859855577,-1.1283881925699228,0.2555804225677585,0.6182827115200654,0.4020149363625130,-0.2340645389014718,0.6335015952668793,-0.7961905902631508,0.3025471391890900,0.6819854168570038,1.5485765257507611,-0.2546941004936927,0.2599764557509583,-0.5003348865497096,-0.0375703710673170,0.1242836070969515,1.5496585966302336,-0.2297242770190600,0.0266974998500587,-0.3189524533282940,-0.8332013575029528,1.2608467980250675,-0.5117643139336000,-1.9732619241032441,-0.5476191766226044,-1.0619852037991078,-1.0878114935327612,0.1333632978310651,-2.1960758267193281,0.4139342336677417,-0.0007171644078087,0.1718192748312069,0.1086238497144351,0.0057129588445981,-0.1369440051536280,1.1658858727410917,-0.0803500879719011,0.1344659339956693,0.0002769690076788,-0.5437699033408481,-0.0388254106409510,0.0087117198722620,-0.0037619859888796,-0.3978541041954918,-0.0364534689923051,-0.1646020525408322,-0.3904200378822661,-0.0121029075085271,0.0093460465541341,1.1521263768407788,-0.0082721312531396,-0.5422433599959944,0.1637905776935494,-0.2811466475323336,-0.0198692458896137,-0.0140476482063818,-0.3428212720667713,-0.6674380456082901,0.0197981075960598,0.5169007906492762,0.0003512109553079,0.0000000000000000,0.0000000000000000,0.6182827115200654,0.4020149363625130,-0.2340645389014718,0.6335015952668793,0.6182827115200654,0.4020149363625130,-0.2340645389014718,0.6335015952668793,0.5225759021308731,0.0712087970442760,-0.3837587288332427,0.7580059180375206,0.6308373065877444,0.0125643010092649,-0.3901071558845695,0.6705988651085837,0.5986091007049004,-0.1994510305714207,-0.1429678395568628,0.7625264767925841,0.5279088315269564,0.3905994440146351,0.3163620144551649,0.6845870402959517,0.5638151073513008,0.3004854517616597,0.2467492316436418,0.7286534393559838,0.6535107375006147,0.3299354008608126,0.2057166043272910,0.6494205308844693,0.6535107375006147,0.3299354008608126,0.2057166043272910,0.6494205308844693,0.5174932660296327,0.2778411200766219,-0.4149497611608974,0.6948537452738278,0.5043754519096619,0.2855716149681476,-0.4096679692353329,0.7044333972903373,0.5211781844079126,0.2536119947121261,-0.3650107223136584,0.7285749301420337,0.6277216824295864,0.6910566925571395,0.1040433405578484,0.3429010358183830,0.6355093690049756,0.6472083234022865,0.0314224316940101,0.4198355139958196,0.6410530180690738,0.6475698863065793,0.0227865189014779,0.4113210971124238,0.6410530180690738,0.6475698863065793,0.0227865189014779,0.4113210971124238,0.5460258792035088,0.4957270011439715,-0.3323727179140105,0.5879105850070172,0.3525024027483346,0.2297758709535341,-0.5393951477492629,0.7293819162611218,0.7149114093635791,-0.1326681292899537,-0.5710895234187092,0.3809955386535073,0.7342207122663331,0.0584160109232768,-0.6374000144720513,0.2263376612452257,-0.1290281100082539,-0.1162599966285817,-0.9745421930134514,0.1417846044115955,-0.0690328901466051,-0.2001565446330018,-0.9710178983217866,-0.1108875955971809,-0.0690328901466051,-0.2001565446330018,-0.9710178983217866,-0.1108875955971809,0.3186327848852343,0.1129927991549102,-0.5438654267539527,0.7680600063257810,-0.1245232444010049,0.3779883455547043,-0.4070402752848155,0.8221538703458899,-0.0971331735490992,0.3889692428134489,-0.3514233945995105,0.8460317207230290,-0.3367969040925166,-0.5683633793932106,-0.0254634763423423,0.7502549738128953,-0.4759136433382852,-0.4783598205482597,0.0956795538882316,0.7317947178937990,-0.4759136433382852,-0.4783598205482597,0.0956795538882316,0.7317947178937990,0.5458479110488413,0.4959229561401408,-0.3325837172530686,0.5877912474637322
1.8815135649933055,-1.1260933927348833,0.2562247660022315,0.6150991144699678,0.4084445168551367,-0.2422705177670449,0.6293895075786717,-0.7931471802356949,0.3025264720869901,0.6707695669291204,1.5478205127094098,-0.2545172864036232,0.2599036221862215,-0.5083615325004290,-0.0389587320297875,0.1202577610381305,1.5422378649602790,-0.2299670038082532,0.0268839173897919,-0.2950621582393380,-0.8333242998562612,1.2472685952084948,-0.5087836070595985,-1.9782952501627871,-0.5480149802516696,-1.0630642886012061,-1.0889554393218031,0.1191613699972741,-2.1962085532758673,0.4250238127141334,-0.0007171535413688,0.1842592418915878,0.1061263998544845,0.0035183028668511,-0.1099913721928804,1.1458196595995602,-0.1012713055887009,0.1620577920835461,-0.0027603348455647,-0.5722866595056522,-0.0364774635781872,0.0089123398088981,-0.0035415631842149,-0.4053195586044631,-0.0996888627654334,-0.2329408735292308,-0.3578948290086568,-0.0121644830742829,0.0093049156272096,1.2380844477479529,-0.0054522492110440,-0.8037526341978015,0.1351364725468636,-0.2286954109870140,-0.0197254617955775,-0.0941047554238618,0.1958432183452768,-0.7547458142416974,-0.0136972526672166,0.5833708063063687,-0.0001799603534242,0.0000000000000000,0.0000000000000000,0.6150991144699678,0.4084445168551367,-0.2422705177670449,0.6293895075786717,0.6150991144699678,0.4084445168551367,-0.2422705177670449,0.6293895075786717,0.5177455038138336,0.0802881332666108,-0.3900888355626304,0.7571816884384572,0.6259329702586950,0.0205889250215763,-0.3977330513554309,0.6705165417564886,0.5977279368451963,-0.1869152230429651,-0.1544467499473307,0.7641532662629202,0.5354222880654965,0.4004411743593592,0.3073360676803436,0.6771368996171956,0.5701004193272159,0.3112574606686553,0.2368923741648111,0.7224861992616821,0.6589200444725480,0.3393316907467991,0.1945590075382250,0.6425147245261807,0.6589200444725480,0.3393316907467991,0.1945590075382250,0.6425147245261807,0.5101060494279370,0.2827007764374829,-0.4245731249323688,0.6925386277485394,0.4965899267460206,0.2908752659254493,-0.4190150917162670,0.7022936545642348,0.5132326271096618,0.2603886444200934,-0.3758859862463887,0.7262917799829213,0.6299928583964599,0.6930346704912247,0.0883572439348552,0.3391237846433268,0.6359698767498618,0.6495556308099099,0.0155022596117779,0.4163886145139345,0.6415055375177775,0.6497052602442309,0.0067758675390697,0.4078085430249049,0.6415055375177775,0.6497052602442309,0.0067758675390697,0.4078085430249049,0.5477648348933041,0.4951035544460127,-0.3328832060948016,0.5865278570786564,0.3538667007890477,0.2297630674847213,-0.5405547620793137,0.7278652623158096,0.7126293576217578,-0.1296258357980370,-0.5728766539843217,0.3836259645396652,0.7313028481706028,0.0596936817883818,-0.6395528332188473,0.2293577601343726,-0.1349812000400554,-0.1186012432426209,-0.9731377032031621,0.1439334267692013,-0.0739993007031581,-0.2039188079218558,-0.9701670793264791,-0.1082453761705396,-0.0739993007031581,-0.2039188079218558,-0.9701670793264791,-0.1082453761705396,0.3196076938120309,0.1127379303354799,-0.5453529263081243,0.7666363328769338,-0.1238647854477639,0.3789929294872621,-0.4080245269194305,0.8213025385062542,-0.0992867954089884,0.3888670904309305,-0.3583251933129091,0.8429279768013768,-0.3439104958925334,-0.5655387407709863,-0.0268533962777225,0.7491130746492617,-0.4856599551226966,-0.4714079916131433,0.0973034208129939,0.7296855197491398,-0.4856599551226966,-0.4714079916131433,0.0973034208129939,0.7296855197491398,0.5475873561826825,0.4952998398138491,-0.3330933944243123,0.5864085151326884
1.8862314896967105,-1.1238594513724340,0.2568416423844743,0.6120587314200373,0.4145148462967495,-0.2501937505102015,0.6252716519223585,-0.7901364265328082,0.3024873782252973,0.6582816817859601,1.5473483855882932,-0.2543403404371306,0.2598373550981309,-0.5160975562700314,-0.0414576053298088,0.1141638544300628,1.5358043832746895,-0.2302166899457349,0.0270704416850053,-0.2725383279616693,-0.8333286068053141,1.2333402828146873,-0.5062207907874026,-1.9836256166485808,-0.5483937566715292,-1.0634860522414522,-1.0925983500020837,0.1036809536799431,-2.1939573634269607,0.4390396203109064,-0.0007115585199040,0.1997826292021094,0.1033119224603628,0.0067264397924947,-0.1119522844471621,1.0821028061708040,-0.1029023142885926,0.1478796954040382,-0.0054244323790282,-0.6457455609839775,-0.0238345906153233,0.0088736422048779,-0.0031712010032375,-0.3788316538431588,-0.1549752327325813,-0.3564130310192097,-0.2974628876927802,-0.0125710520325569,0.0093331025069769,1.1003508833985660,0.0002640139522208,-0.7161260873843307,0.1132491083464661,-0.2734766074028957,-0.0185371406546190,0.0040830682366093,-0.1732580495997556,-0.7551506858674163,0.0392692108959369,0.7175802243171635,0.0000864444835313,0.0000000000000000,0.0000000000000000,0.6120587314200373,0.4145148462967495,-0.2501937505102015,0.6252716519223585,0.6120587314200373,0.4145148462967495,-0.2501937505102015,0.6252716519223585,0.5131382127955260,0.0890397768771848,-0.3962183481234195,0.7561561434737025,0.6212124353765626,0.0283238189113939,-0.4051108768451727,0.6702074670410120,0.5969086321788974,-0.1743766423995001,-0.1662393114912178,0.7652825378451540,0.5431531025384738,0.4100311130241442,0.2981947871066604,0.6692824982751484,0.5765883791535157,0.3218301193886879,0.2268948322017891,0.7158840341839630,0.6644764423986863,0.3485134766027864,0.1832873352194696,0.6351497200436832,0.6644764423986863,0.3485134766027864,0.1832873352194696,0.6351497200436832,0.5029294352132018,0.2872906083692218,-0.4338285651650170,0.6901585800276876,0.4886247965493109,0.2961546923677497,-0.4278265019828231,0.7003589726610553,0.5048202737711815,0.2676159277843552,-0.3869156201958871,0.7237641254125127,0.6318930340907634,0.6953608573558143,0.0725148221369125,0.3345535414480132,0.6360400319079417,0.6523394632514872,-0.0005327030346715,0.4121965777669463,0.6415570057864355,0.6522725864647876,-0.0093558556154840,0.4035561289815597,0.6415570057864355,0.6522725864647876,-0.0093558556154840,0.4035561289815597,0.5495301284464883,0.4944239946013030,-0.3334602127561350,0.5851203619775244,0.3552608116026408,0.2297494732201450,-0.5417628005609398,0.7262905776773271,0.7101315702897707,-0.1262932699089270,-0.5747536537441739,0.3865506439798245,0.7281056773588362,0.0613714163615290,-0.6419015203042885,0.2325040001433364,-0.1413143592834551,-0.1208645914551959,-0.9715827792829415,0.1464544481861491,-0.0793331555085404,-0.2076910050508252,-0.9692824979087986,-0.1051766899351509,-0.0793331555085404,-0.2076910050508252,-0.9692824979087986,-0.1051766899351509,0.3206495697019484,0.1125655636403221,-0.5468720627323445,0.7651429894700480,-0.1233915351338142,0.3802268408220908,-0.4088613562483560,0.8203867806970851,-0.1019216486719363,0.3888832095751770,-0.3656595243573493,0.8394491879138724,-0.3515476526216522,-0.5614978881119629,-0.0284709849744172,0.7485477757609048,-0.4964775457742037,-0.4623481114645118,0.0996743032175120,0.7278800063508584,-0.4964775457742037,-0.4623481114645118,0.0996743032175120,0.7278800063508584,0.5493541451107162,0.4946195222164178,-0.3336684159067677,0.5850016578765775
1.8912257976498623,-1.1217539630809414,0.2573706570789819,0.6092711058120349,0.4201207628335312,-0.2576990117273891,0.6211911812103247,-0.7871774892909943,0.3023626875840147,0.6450496760638861,1.5469126225148622,-0.2541642042205329,0.2597767737593494,-0.5233704638754998,-0.0453635780034599,0.1058010965067361,1.5303891886186471,-0.2304688364705765,0.0272571168251956,-0.2508938611150930,-0.8331856774969300,1.2180633685501139,-0.5043420223004509,-1.9891411827463923,-0.5487561172217040,-1.0630864283244734,-1.0942787246358472,0.0877610555043858,-2.1931934393509835,0.4535190092415238,-0.0007092675433552,0.2161358957413161,0.0972681125509069,0.0053524964103697,-0.1030095544840169,1.0199203461264035,-0.1188436019371294,0.1459143702255225,-0.0034972106884707,-0.6810463460106617,-0.0151320021847248,0.0087527032416639,-0.0028967338395397,-0.3450031694199843,-0.2242057720429346,-0.4712652770779006,-0.2413929369078143,-0.0126328651097262,0.0093367448285327,1.0256116126058323,0.0142803221603859,-0.7356811774427865,0.0790058446650301,-0.2857660986216071,-0.0176217342502562,0.0463934769461451,-0.1308998052373274,-0.7741338725197008,0.0542783833661754,0.6920608219839528,0.0002511285347780,0.0000000000000000,0.0000000000000000,0.6092711058120349,0.4201207628335312,-0.2576990117273891,0.6211911812103247,0.6092711058120349,0.4201207628335312,-0.2576990117273891,0.6211911812103247,0.5088715782788356,0.0972843040999789,-0.4020767018239014,0.7549303324454533,0.6167667728943513,0.0356180168312568,-0.4121422895685567,0.6696781599243649,0.5961444407856874,-0.1621163193198760,-0.1781072249898630,0.7659033366795744,0.5509650836928809,0.4190852937477959,0.2890464572081213,0.6612542163881099,0.5831578017351522,0.3318919851172580,0.2168809723066883,0.7090397255032015,0.6700845920201473,0.3571879199703759,0.1720652078748202,0.6275324641828687,0.6700845920201473,0.3571879199703759,0.1720652078748202,0.6275324641828687,0.4961741734311332,0.2915671847599016,-0.4425460751946201,0.6877155936293392,0.4806059256932188,0.3014313428433860,-0.4358871384321980,0.6986841148112549,0.4960018736739951,0.2753634899032346,-0.3979941254758247,0.7209422763487590,0.6334080108869811,0.6980651009373627,0.0566698715860424,0.3290713178809858,0.6357232446622647,0.6556041039966476,-0.0165269113104296,0.4071438028772785,0.6412090978698817,0.6553182264527828,-0.0254539201988463,0.3984482561565333,0.6412090978698817,0.6553182264527828,-0.0254539201988463,0.3984482561565333,0.5514126534256548,0.4936160667799688,-0.3339951242167091,0.5837246964607686,0.3568187073958721,0.2296624983718903,-0.5429537870543457,0.7246631852228069,0.7075110605853321,-0.1226640056350210,-0.5766257189517703,0.3897235188108922,0.7247134656492655,0.0635610649722918,-0.6443640411276296,0.2356806445762763,-0.1479883447050781,-0.1229198630466042,-0.9698843452830346,0.1493804333738333,-0.0850293198913299,-0.2113370931918001,-0.9683867184538146,-0.1016553556007285,-0.0850293198913299,-0.2113370931918001,-0.9683867184538146,-0.1016553556007285,0.3220608274477663,0.1126387250382460,-0.5482871141024546,0.7635251021116595,-0.1220686634638284,0.3813860345642311,-0.4096961490036374,0.8196297941943756,-0.1038072034272294,0.3887416164612548,-0.3731139669109851,0.8359964042049801,-0.3590029420227736,-0.5581072761766370,-0.0305389489414526,0.7474627271611870,-0.5073630383720842,-0.4536307135283643,0.1016886161413603,0.7255765627312180,-0.5073630383720842,-0.4536307135283643,0.1016886161413603,0.7255765627312180,0.5512374418173672,0.4938117237165319,-0.3342022582607933,0.5836061298788229
1.8965074703680345,-1.1197596482647618,0.2578514477304125,0.6066558277821114,0.4252030810587212,-0.2648806342055924,0.6172595046647840,-0.7843425372118837,0.3022745797649294,0.6312009158502782,1.5466227199665366,-0.2539902499172266,0.2597216627219763,-0.5299274678076158,-0.0506716352279083,0.0951699029286110,1.5262219115537332,-0.2307209428153875,0.0274438208710694,-0.2312048992057072,-0.8323609304316004,1.2029929095827676,-0.5027707555630420,-1.9950300902998823,-0.5491024062733425,-1.0615623552766504,-1.0956938613598679,0.0736194919009064,-2.1902118954934009,0.4665207273155558,-0.0007039126552321,0.2332408319830620,0.0917972435473994,0.0058585835760769,-0.1091414205757891,0.9617981841715927,-0.1398717311462714,0.1455233816415329,-0.0020799447331076,-0.7061338733185227,-0.0090119488928428,0.0086627179073516,-0.0026486860202276,-0.3037433057438023,-0.2960738361415570,-0.5779848879906114,-0.1722991266934570,-0.0125066674395277,0.0093270762903264,0.8969376639388470,0.0810968342591962,-0.6773773486491088,0.0912485848544531,-0.3060934481119790,-0.0169823103227645,0.1040432880686866,-0.1392416617707838,-0.6719060196810094,0.0932831264593220,0.5771974424615484,0.0005390919519150,0.0000000000000000,0.0000000000000000,0.6066558277821114,0.4252030810587212,-0.2648806342055924,0.6172595046647840,0.6066558277821114,0.4252030810587212,-0.2648806342055924,0.6172595046647840,0.5048201729095605,0.1049118296288733,-0.4077156393669218,0.7536033827173982,0.6125313094933919,0.0423283059915215,-0.4188637595834041,0.6690043798883940,0.5953106788245347,-0.1503046448892149,-0.1899847433541403,0.7661067201734102,0.5587087341584281,0.4275798374328064,0.2798813273602826,0.6532124276152955,0.5896593187932901,0.3413984394640736,0.2068596016386472,0.7021097481887203,0.6756164921260953,0.3653117866249510,0.1609070781895278,0.6198375321877700,0.6756164921260953,0.3653117866249510,0.1609070781895278,0.6198375321877700,0.4898189674655996,0.2955083521367529,-0.4507301727475165,0.6852696580933291,0.4725082363603364,0.3067007054601945,-0.4431901985353514,0.6973185009477798,0.4867262074154269,0.2835964653748902,-0.4091043469579030,0.7178469733459986,0.6345066869964227,0.7011642088908745,0.0408660230715095,0.3226452920554955,0.6349936273994552,0.6593708257785604,-0.0324324042731838,0.4011998833838828,0.6404352422741409,0.6588641162625909,-0.0414707491655867,0.3924550340082563,0.6404352422741409,0.6588641162625909,-0.0414707491655867,0.3924550340082563,0.5531197595046627,0.4928361646321546,-0.3348329740022227,0.5822868073355244,0.3582539414963314,0.2298149534160230,-0.5442336658609457,0.7229446158125048,0.7047406394559965,-0.1188812139730828,-0.5786816506805260,0.3928554889893995,0.7211404299872914,0.0660149560061828,-0.6470294978390171,0.2386447878069726,-0.1551063622312152,-0.1247103524848040,-0.9680786167332132,0.1523585777119967,-0.0912221350271583,-0.2148378886182598,-0.9674265742087305,-0.0980256456744549,-0.0912221350271583,-0.2148378886182598,-0.9674265742087305,-0.0980256456744549,0.3234651909664285,0.1131894333816696,-0.5497251764635853,0.7618140539303986,-0.1205518097406863,0.3828914072079768,-0.4103703056429385,0.8188147798501574,-0.1051818287181301,0.3890576216757597,-0.3797429346045605,0.8326861674973517,-0.3653898566274790,-0.5538820130059275,-0.0331245700335487,0.7474006497203117,-0.5165749069623836,-0.4445224349083021,0.1031009078993222,0.7245138874792769,-0.5165749069623836,-0.4445224349083021,0.1031009078993222,0.7245138874792769,0.5529460026542299,0.4930311061916242,-0.3350382066284288,0.5821687440728656
1.9020769944240885,-1.1178542696996578,0.2583033897854497,0.6041607023495177,0.4297543442659550,-0.2718944790973551,0.6134936361181376,-0.7816355817141851,0.3022455927681947,0.6170694155021582,1.5464296136101283,-0.2538188047460929,0.2596713816051511,-0.5357281376221645,-0.0574213243822993,0.0825078874120588,1.5232345948417538,-0.2309693600507895,0.0276303690854154,-0.2127584271672375,-0.8309660348393271,1.1867521194544195,-0.5018212667401714,-2.0006620634531722,-0.5494190967811021,-1.0611040361825219,-1.0906037294071094,0.0592086202432100,-2.1888943537661110,0.4781389516313167,-0.0007032473325525,0.2508849527568588,0.0844435821338880,-0.0015579085937617,-0.0860134653905700,0.9096589891162358,-0.1570956835831339,0.1299396818416640,-0.0008116161089813,-0.7059794856241509,-0.0097387582129243,0.0084629022822104,-0.0024206038342800,-0.2754335607299289,-0.3714680793573555,-0.6772128242118118,-0.1299641633743189,-0.0123700354521770,0.0093222378464731,0.9199083352826318,0.0913724912534781,-0.8830757337108481,0.0431431180482812,-0.2782706724531379,-0.0153706423362162,-0.0264326681177857,0.4111078163253920,-0.8086322239207701,0.2091379750846736,0.6191737804926316,0.0000889702783411,0.0000000000000000,0.0000000000000000,0.6041607023495177,0.4297543442659550,-0.2718944790973551,0.6134936361181376,0.6041607023495177,0.4297543442659550,-0.2718944790973551,0.6134936361181376,0.5008820472742861,0.1119272737149804,-0.4132523558185154,0.7522047264724533,0.6084169573250781,0.0484368466290652,-0.4253928726241819,0.6682242002864552,0.5942977050372323,-0.1390235946145555,-0.2018500330160719,0.7659890613444403,0.5662978751767993,0.4355084835906783,0.2706287394408672,0.6452899834023746,0.5959984737133408,0.3503264415261745,0.1967714851610332,0.6952252773932324,0.6809952075387633,0.3728544134521695,0.1497572014098472,0.6122073948461955,0.6809952075387633,0.3728544134521695,0.1497572014098472,0.6122073948461955,0.4838087250323475,0.2991201687552769,-0.4585025615267622,0.6828115723241559,0.4642667225198915,0.3119919175536760,-0.4498427699363056,0.6962463185380945,0.4769369890650462,0.2922561457347812,-0.4202615070977272,0.7144912311524646,0.6351854502522802,0.7046181264568049,0.0250613182872123,0.3153167771971805,0.6338428799453375,0.6635962106905716,-0.0482890197569322,0.3944001055661988,0.6392273356769876,0.6628663199880019,-0.0574456447220732,0.3856120499301443,0.6392273356769876,0.6628663199880019,-0.0574456447220732,0.3856120499301443,0.5546623239000114,0.4919844074000337,-0.3360318941770629,0.5808473253935591,0.3595868097497049,0.2301350865026029,-0.5456385589262115,0.7211197759231095,0.7016919138674013,-0.1148187906465294,-0.5809477087837611,0.3961626723789984,0.7172288245111388,0.0688619673185828,-0.6499908279316674,0.2415631725907105,-0.1625896811183862,-0.1262752479065091,-0.9661251440344619,0.1556321413601984,-0.0978135258490824,-0.2182022501696637,-0.9664245777472061,-0.0940416275273887,-0.0978135258490824,-0.2182022501696637,-0.9664245777472061,-0.0940416275273887,0.3243579479263780,0.1134134017267404,-0.5514850733138003,0.7601273155451197,-0.1172797131294745,0.3831769473131005,-0.4125212877258240,0.8180752307148218,-0.1048090779415740,0.3881209843520592,-0.3877272996610270,0.8294845988830614,-0.3723077755790281,-0.5510804065335158,-0.0375184277597295,0.7458482911133391,-0.5259335141898760,-0.4369651266851038,0.1018507979758220,0.7225523037570679,-0.5259335141898760,-0.4369651266851038,0.1018507979758220,0.7225523037570679,0.5544892524641508,0.4921794587146752,-0.3362361647332296,0.5807291028066049
1.9079857474927278,-1.1160034942922197,0.2587364707958544,0.6016806908012491,0.4338166788323986,-0.2788777907726424,0.6099267278104223,-0.7789633532194061,0.3022440267119342,0.6027234887422597,1.5463082691058501,-0.2536501017347839,0.2596252817438510,-0.5405986923450299,-0.0655633923157196,0.0680437973106270,1.5215553114230098,-0.2312134581804038,0.0278162947217282,-0.1968088473227658,-0.8276313411220549,1.1713875451619320,-0.5001276918130940,-2.0066325117411719,-0.5497349339942438,-1.0603185125951660,-1.0878633474665371,0.0445157702117480,-2.1818228998145437,0.4886395828992554,-0.0006932909321434,0.2694197160622954,0.0838382834233994,0.0049774897037253,-0.1433014317981693,0.8828937025737121,-0.1866546092945851,0.1274912784070995,-0.0001117214275382,-0.7177068628844139,-0.0053984937822527,0.0083857443283236,-0.0022046054969128,-0.2303079682109688,-0.4367189295589012,-0.7559513774035834,-0.0575555061965883,-0.0120134209390154,0.0092827912119109,0.7794253275141396,0.1749671346028890,-0.8031917747980285,0.0656024262811275,-0.2833188771515943,-0.0153838937019905,0.0303827838921172,0.2700542980506710,-0.6361489367622188,0.2314023043258404,0.4267625985013196,0.0001830632794607,0.0000000000000000,0.0000000000000000,0.6016806908012491,0.4338166788323986,-0.2788777907726424,0.6099267278104223,0.6016806908012491,0.4338166788323986,-0.2788777907726424,0.6099267278104223,0.4969202676325730,0.1183836043869657,-0.4187657042142244,0.7507934834575261,0.6042868808860651,0.0539902026571457,-0.4318152971245058,0.6674263800415032,0.5929871299343037,-0.1282335374472935,-0.2136992117557502,0.7656729527030463,0.5736529463384692,0.4429682866797389,0.2611960691318786,0.6375562780047456,0.6020846764364413,0.3587632834738856,0.1865345323879133,0.6884677313122846,0.6861411884131716,0.3798916033014233,0.1385229045436715,0.6047346891164909,0.6861411884131716,0.3798916033014233,0.1385229045436715,0.6047346891164909,0.4780464109044716,0.3024569567643230,-0.4659434118169853,0.6803588430457593,0.4557940128639504,0.3173670570144930,-0.4559184409878019,0.6954626834896234,0.4665535185835353,0.3013268081966591,-0.4314609307866406,0.7108948123063368,0.6354100076402046,0.7084199434946485,0.0092110090992527,0.3071000865533695,0.6322318887901350,0.6682720662042003,-0.0641370352823533,0.3867579669938513,0.6375461465238401,0.6673161161002438,-0.0734187643353318,0.3779335884635828,0.6375461465238401,0.6673161161002438,-0.0734187643353318,0.3779335884635828,0.5557665227825371,0.4912638157552908,-0.3379029372160845,0.5793142847405901,0.3607496437912804,0.2312225054056818,-0.5471153558310405,0.7190692838052931,0.6984293916609139,-0.1102175955779900,-0.5836532714011062,0.3992459458428584,0.7129959664836504,0.0719593362569346,-0.6532627821535241,0.2443488145183923,-0.1706398729802506,-0.1276551234103593,-0.9640056022523427,0.1589949748969049,-0.1049962689806231,-0.2215285814046725,-0.9653081039296943,-0.0898951367351979,-0.1049962689806231,-0.2215285814046725,-0.9653081039296943,-0.0898951367351979,0.3245258510677482,0.1137920954959359,-0.5536124614421356,0.7584507719868027,-0.1150316142095559,0.3839785013920708,-0.4147238948144606,0.8169041126539682,-0.1056326379591118,0.3876802136221917,-0.3961168657927230,0.8256132426252626,-0.3798685820447033,-0.5452537230314726,-0.0423420490683777,0.7460599096428890,-0.5350272935956932,-0.4263569905470160,0.1005524998801145,0.7223951179840704,-0.5350272935956932,-0.4263569905470160,0.1005524998801145,0.7223951179840704,0.5555961050526260,0.4914565418901167,-0.3381038396102882,0.5791970555212960
1.9142356584164162,-1.1141994018379209,0.2590656599978393,0.5992524922202652,0.4375662892396686,-0.2858276503288794,0.6064113681291763,-0.7767622448504086,0.3022471726113614,0.5885043925184833,1.5461906961279732,-0.2534862105481209,0.2595834722487756,-0.5450383268728908,-0.0749770200623682,0.0520993734470066,1.5207264844059658,-0.2314504511915823,0.0280017533088118,-0.1806631875824783,-0.8239684240082008,1.1528477045839065,-0.4991758473301850,-2.0120895439322868,-0.5500274698588434,-1.0606175988423396,-1.0768759324172965,0.0327609834681939,-2.1759277019597434,0.4968540182814062,-0.0006926265604165,0.2888968529771134,0.0814514892255591,-0.0020412098965453,-0.1450957553007496,0.8660446950604913,-0.2017163857508570,0.1142648031730647,0.0007259394301958,-0.7002383278359420,-0.0042304599710708,0.0081164377156316,-0.0020415878134338,-0.2081984105333502,-0.5002520910903536,-0.8184611225214585,-0.0202375920277518,-0.0114889779578973,0.0092447859131080,0.7538272779610413,0.2434389833370512,-0.8865472083904807,0.0861600089582923,-0.2890932496000037,-0.0150433318352781,0.0501228718017298,0.3455136978738254,-0.5470247125614049,0.3316991926744742,0.3423356574371070,0.0005331945147436,0.0000000000000000,0.0000000000000000,0.5992524922202652,0.4375662892396686,-0.2858276503288794,0.6064113681291763,0.5992524922202652,0.4375662892396686,-0.2858276503288794,0.6064113681291763,0.4929138364540884,0.1243289840940446,-0.4243354219219537,0.7493448493507995,0.6001085137435604,0.0590289918443354,-0.4382166412921593,0.6665969735522019,0.5913528036949154,-0.1179682656811848,-0.2255167142065687,0.7651977270404093,0.5807516738838835,0.4499455473998569,0.2515619607679820,0.6300738667415737,0.6078932508436750,0.3666870397120657,0.1761298452933890,0.6818978575144794,0.6910378275354300,0.3863991161630724,0.1271881697496574,0.5974827306451975,0.6910378275354300,0.3863991161630724,0.1271881697496574,0.5974827306451975,0.4724554242974235,0.3056159261804020,-0.4731904775754284,0.6778462581210983,0.4470656350481743,0.3229053894303055,-0.4615651978648626,0.6948539382890521,0.4555791029359824,0.3107784637522525,-0.4427314143461226,0.7070030567026689,0.6352299619337122,0.7124473518055554,-0.0068058608983040,0.2980861396046093,0.6301961703481163,0.6732672161083518,-0.0801012556670650,0.3783488224282421,0.6354280306591230,0.6720806051340045,-0.0895132149374653,0.3694946040295286,0.6354280306591230,0.6720806051340045,-0.0895132149374653,0.3694946040295286,0.5569675236704331,0.4902601192097903,-0.3398016670743321,0.5778987974916822,0.3621037489625761,0.2321240129029572,-0.5485844614387682,0.7169758756673839,0.6947243996399244,-0.1048976451980404,-0.5863641809747092,0.4031520058820380,0.7081499676433611,0.0759302642915846,-0.6568196383257425,0.2476816121575380,-0.1790492794272819,-0.1290405482005967,-0.9615539582878372,0.1634132116986027,-0.1124689495280977,-0.2249166373800608,-0.9641596875302503,-0.0846128746897422,-0.1124689495280977,-0.2249166373800608,-0.9641596875302503,-0.0846128746897422,0.3244790940591766,0.1134711452905358,-0.5559483910773015,0.7568084322756650,-0.1098012196039416,0.3826488640693113,-0.4189679715460978,0.8160817225122131,-0.1028759876277252,0.3853163141124024,-0.4052383296330643,0.8226358644288836,-0.3865528351700225,-0.5417955981005353,-0.0503912414503919,0.7446443166277366,-0.5428959247633151,-0.4187153947086238,0.0949195271430044,0.7217559951093823,-0.5428959247633151,-0.4187153947086238,0.0949195271430044,0.7217559951093823,0.5567974451775113,0.4904532719382842,-0.3400020887914789,0.5777809037223876
1.9208626427437605,-1.1123225263129595,0.2593750138632316,0.5966394075691284,0.4410203213319267,-0.2931242398255994,0.6029930957602311,-0.7745935415944909,0.3022678054521695,0.5745469185357518,1.5461158468328369,-0.2533251705351312,0.2595447754051943,-0.5488285088955768,-0.0855526263538018,0.0351324718935246,1.5205513919311906,-0.2316753206555867,0.0281862879499028,-0.1660092776375683,-0.8187211237527524,1.1347428185049222,-0.4976737314782888,-2.0177138708045583,-0.5503213290531925,-1.0602557737286566,-1.0674525868368596,0.0224791956343097,-2.1694684098971462,0.5030825050187465,-0.0006867393372050,0.3070641345001504,0.0824161570303082,-0.0075050112258877,-0.1790095750133749,0.8693975021294192,-0.2231522315335355,0.0774931749319283,0.0011681804348963,-0.7009407267745731,-0.0051239151198366,0.0078704316194214,-0.0017978589171112,-0.1890565818143420,-0.5450820940038167,-0.8826014167562808,-0.0055304681536343,-0.0113652204416474,0.0092249000095873,0.7834691327533493,0.2340185829938694,-1.0365087541493974,0.0321946406925148,-0.2717629658669984,-0.0135088730460352,-0.0351742796361084,0.8267846886607378,-0.4224684718081719,0.5574457928010599,0.3554956456126934,-0.0002548774698094,0.0000000000000000,0.0000000000000000,0.5966394075691284,0.4410203213319267,-0.2931242398255994,0.6029930957602311,0.5966394075691284,0.4410203213319267,-0.2931242398255994,0.6029930957602311,0.4885927822046423,0.1299842845071105,-0.4301554746446798,0.7478953446785925,0.5956250619270994,0.0637392456185220,-0.4448223860751581,0.6658086354341785,0.5892005200944918,-0.1080493079480828,-0.2374083806687962,0.7647256730099623,0.5875246314420955,0.4566926218739878,0.2415259810873964,0.6228257035756168,0.6133298511157611,0.3743508045419421,0.1653677290819401,0.6755305197009236,0.6955930074488424,0.3926032175787629,0.1155323514420088,0.5904789219822807,0.6955930074488424,0.3926032175787629,0.1155323514420088,0.5904789219822807,0.4667620801777417,0.3086320543692210,-0.4804998737864390,0.6752771925773867,0.4378366012281741,0.3286429461983269,-0.4670414195839949,0.6943811899324537,0.4438248287292870,0.3205099013515412,-0.4541521418667682,0.7028789060548555,0.6345819309422884,0.7166266221122779,-0.0232469241042945,0.2884642749478547,0.6276434089872068,0.6784878678358994,-0.0964281997844616,0.3693501951275242,0.6327828876426855,0.6770625355498908,-0.1059740886676073,0.3604741774280188,0.6327828876426855,0.6770625355498908,-0.1059740886676073,0.3604741774280188,0.5576372582965433,0.4894059609891062,-0.3425604649618214,0.5763460951138504,0.3631216866899952,0.2337978283601342,-0.5502704156662221,0.7146213583094340,0.6906983248014857,-0.0991703719715303,-0.5895966351891944,0.4067884821538444,0.7029176115883620,0.0799661457919567,-0.6607453032270065,0.2508543224852666,-0.1880679856589888,-0.1303225709118673,-0.9589081899471945,0.1677544143481331,-0.1205613846572432,-0.2283590812971202,-0.9628215654745399,-0.0793203351973386,-0.1205613846572432,-0.2283590812971202,-0.9628215654745399,-0.0793203351973386,0.3237834628489831,0.1137029588025831,-0.5586422473189687,0.7550859195187463,-0.1060689366041778,0.3824449198086161,-0.4227829308789925,0.8147023121101402,-0.1013009433975466,0.3842499959382121,-0.4133497015318662,0.8192875464278504,-0.3927677184563980,-0.5372440612992941,-0.0570499031054262,0.7442094103764453,-0.5494493967631032,-0.4107339462703447,0.0903098271353997,0.7219744600057711,-0.5494493967631032,-0.4107339462703447,0.0903098271353997,0.7219744600057711,0.5574693030510620,0.4895972657684268,-0.3427581976635484,0.5762285236278039
1.9278773929224282,-1.1103865722030055,0.2595033247224938,0.5938383048140965,0.4443719531212034,-0.3006491501649999,0.5995829579964971,-0.7727329099335161,0.3024441596232410,0.5608921365911679,1.5460562535985083,-0.2531689010669653,0.2595094541703005,-0.5521189077452391,-0.0969286922908264,0.0171795947782679,1.5205555952518486,-0.2318917443399049,0.0283699832731785,-0.1513893117647809,-0.8127201209860225,1.1151386741225660,-0.4962933925712246,-2.0234639762288897,-0.5506021259907968,-1.0606367344434431,-1.0533999421031557,0.0129717740587920,-2.1612572424597003,0.5085961382280806,-0.0006812982127073,0.3257366460728865,0.0864818152575252,-0.0155887472895205,-0.2211150435786678,0.8991803109796069,-0.2376593826172705,0.0877043177604968,0.0180289633512595,-0.6737907705094661,-0.0028591486276572,0.0077456302459010,-0.0016918593153230,-0.1528842872115987,-0.5799757819891265,-0.9159911544489054,0.0014416032370566,-0.0107508907856278,0.0091597200520547,0.7484638477358089,0.3000527905879535,-1.0280258077476079,0.0478088749947010,-0.2806694116724780,-0.0135682500048051,-0.0858217883610496,0.9184882621616768,-0.4903044291254138,0.3594436856520851,0.2696344242575704,0.0000345615904599,0.0000000000000000,0.0000000000000000,0.5938383048140965,0.4443719531212034,-0.3006491501649999,0.5995829579964971,0.5938383048140965,0.4443719531212034,-0.3006491501649999,0.5995829579964971,0.4839368044747039,0.1353844870770325,-0.4361819977317143,0.7464726885750546,0.5908553957632985,0.0681383444886339,-0.4515981183493668,0.6650610549498851,0.5865653159936839,-0.0984584316627360,-0.2493617616425854,0.7642419637380881,0.5939932442938725,0.4631999992236177,0.2311107609556590,0.6157967218351972,0.6184187911933089,0.3817464142920032,0.1542671604563663,0.6693500706498303,0.6998289716745411,0.3984982714348645,0.1035751383465020,0.5837043162294422,0.6998289716745411,0.3984982714348645,0.1035751383465020,0.5837043162294422,0.4609351856800176,0.3116627386455598,-0.4878139091256182,0.6726385968747698,0.4282102761091923,0.3346552355058259,-0.4723366870623195,0.6939307507511255,0.4313720437068374,0.3305697008577115,-0.4657190874079543,0.6983892642408892,0.6335289954354210,0.7208210968265869,-0.0402134356962665,0.2782819395896969,0.6246244330428792,0.6837918338327257,-0.1132273205272173,0.3597952466553242,0.6296618997572595,0.6821180918528265,-0.1229089374177243,0.3509048216596385,0.6296618997572595,0.6821180918528265,-0.1229089374177243,0.3509048216596385,0.5581679828354024,0.4884248846267875,-0.3455605146020084,0.5748717820199222,0.3641022627522612,0.2355169255073070,-0.5520011883472836,0.7122190731238908,0.6862326526615661,-0.0928409336488960,-0.5929199736696589,0.4109880926302380,0.6971139500247643,0.0845877134115039,-0.6649260640009862,0.2544609770334908,-0.1976585601131186,-0.1317261620928314,-0.9558877904710861,0.1727942240429502,-0.1291383474941421,-0.2320358290028917,-0.9613129468233202,-0.0732125640534853,-0.1291383474941421,-0.2320358290028917,-0.9613129468233202,-0.0732125640534853,0.3226189585202070,0.1134756585976306,-0.5615836027854854,0.7534348940629466,-0.1005916697727388,0.3807884249939166,-0.4280806505815746,0.8134054634440556,-0.0977505173681368,0.3818358170465165,-0.4224510677978551,0.8161993264461391,-0.3988365436602522,-0.5327403404047284,-0.0665166377135443,0.7434330353528026,-0.5556236326994684,-0.4027933507552433,0.0827579726511930,0.7226278525879506,-0.5556236326994684,-0.4027933507552433,0.0827579726511930,0.7226278525879506,0.5580015520654273,0.4886150149942252,-0.3457563439717131,0.5747540218372380
1.9352949026912265,-1.1083085670831181,0.2594280531638856,0.5906165427310668,0.4476903738133031,-0.3086457169648695,0.5962241609047286,-0.7709586262741339,0.3030985562391260,0.5475487861497079,1.5460517633129700,-0.2530152225929884,0.2594774231216603,-0.5551343446914685,-0.1091260381753865,-0.0018399540895850,1.5211488344982769,-0.2320976759190425,0.0285521694683360,-0.1371176074938720,-0.8058835508771073,1.0951232414361676,-0.4948964707904476,-2.0296278713421581,-0.5508728334162287,-1.0623357870483614,-1.0378468493097912,0.0024816949663190,-2.1495780989375946,0.5143604413047067,-0.0006749061556381,0.3458904871639264,0.0964862738087952,-0.0321800212696179,-0.2867263088579158,0.9118382933508601,-0.2533291160821140,0.0950522446904469,0.0459493547409957,-0.6699910283351653,0.0048682923560667,0.0076868847432512,-0.0014990652311675,-0.1904488784716609,-0.6874459462077724,-1.0169522441908758,0.1070436118217273,-0.0094166711863831,0.0090356526363343,0.7018928168962789,0.3483639127265208,-1.0140856589259679,0.0572491799279586,-0.3127938958677814,-0.0129936669726559,-0.1114335818203648,0.8668517197741654,-0.4747126872786993,0.5565850517560633,0.2441887528040431,0.0001497447262746,0.0000000000000000,0.0000000000000000,0.5906165427310668,0.4476903738133031,-0.3086457169648695,0.5962241609047286,0.5906165427310668,0.4476903738133031,-0.3086457169648695,0.5962241609047286,0.4787092844814631,0.1407375622155477,-0.4425065823903703,0.7451297095634180,0.5856840787185004,0.0723404111816400,-0.4586785386163735,0.6643455599749872,0.5833705245727767,-0.0890943669035844,-0.2614671957654393,0.7637905016326720,0.6001619386553159,0.4695814401417719,0.2202087890872029,0.6089392479325165,0.6231507285593715,0.3889935855669815,0.1427215221950907,0.6633232447200857,0.7037319488026407,0.4041891205599002,0.0911953799868984,0.5771272838157071,0.7037319488026407,0.4041891205599002,0.0911953799868984,0.5771272838157071,0.4546744543000825,0.3147342584472837,-0.4953245786298546,0.6699754092291125,0.4179368998744185,0.3409505864430374,-0.4776576067010275,0.6934873150160390,0.4179699616602932,0.3409100553257177,-0.4775903533844877,0.6935336326967775,0.6320090604170170,0.7250191781924342,-0.0579308384802614,0.2674990780487661,0.6210516002136846,0.6891725835282321,-0.1307147442649396,0.3496422680637947,0.6259765883381828,0.6872375942238985,-0.1405335665973609,0.3407464109822171,0.6259765883381828,0.6872375942238985,-0.1405335665973609,0.3407464109822171,0.5582179396581000,0.4874908237049791,-0.3491676123304776,0.5734347453256904,0.3646627527906446,0.2375389147798826,-0.5539246273877823,0.7097632336671510,0.6812770756512823,-0.0861720521698019,-0.5965162246631207,0.4154567574736732,0.6907633879618018,0.0894200647190782,-0.6694365957695054,0.2582724106862836,-0.2079861277860660,-0.1332883188056820,-0.9525074198697312,0.1780606913712847,-0.1383751833158808,-0.2360363131054796,-0.9595232450194485,-0.0667406158588219,-0.1383751833158808,-0.2360363131054796,-0.9595232450194485,-0.0667406158588219,0.3203531187103988,0.1127587283561632,-0.5649909691919746,0.7519604731922647,-0.0954553991369987,0.3784958901859072,-0.4343618160029302,0.8117628598837285,-0.0947604178069121,0.3787462136175795,-0.4329815800964111,0.8124645962653516,-0.4062415437694020,-0.5270173999326166,-0.0768622921870088,0.7425043140102794,-0.5627599616750520,-0.3932193264875046,0.0744137968944774,0.7232858173944475,-0.5627599616750520,-0.3932193264875046,0.0744137968944774,0.7232858173944475,0.5580533295715482,0.4876792518723778,-0.3493611856170623,0.5733168326776623
1.9431131494025049,-1.1060620232991951,0.2590322795868756,0.5868438695060391,0.4512308261444253,-0.3171743359729209,0.5927946144832409,-0.7694906865845200,0.3044957354291680,0.5347043725750000,1.5460363982783640,-0.2528673328523593,0.2594472187896196,-0.5580288462794648,-0.1212583464937839,-0.0213032155283580,1.5218856964733325,-0.2323073246149074,0.0287335171245973,-0.1217629101945868,-0.7986087934701209,1.0737029388817150,-0.4936272184810995,-2.0363373727529228,-0.5511234444862922,-1.0643635037598795,-1.0174854924492798,-0.0063102557058245,-2.1380129341616616,0.5188144863334274,-0.0006705170578370,0.3614719519391564,0.0999643869728594,-0.0412199746019646,-0.3211458731222439,1.0439660913124145,-0.2405945518520166,0.0766822548068960,0.0724234242184038,-0.6204355451177842,-0.0010406584186947,0.0072883632337948,-0.0015174384353918,-0.1297326632127385,-0.5858579029059231,-0.9433033346799419,0.0192543676922596,-0.0102193811491543,0.0090265803114515,0.7297050836556509,0.4329786111464143,-0.9792309706349525,0.1268045774856985,-0.3806513837886024,-0.0133152684440634,0.0197331392324319,0.7116047785231885,-0.4241645588949099,0.5785890553526190,0.1560440438318214,0.0007767152138859,0.0000000000000000,0.0000000000000000,0.5868438695060391,0.4512308261444253,-0.3171743359729209,0.5927946144832409,0.5868438695060391,0.4512308261444253,-0.3171743359729209,0.5927946144832409,0.4727580412595743,0.1462638611734383,-0.4491737784905328,0.7438747435258067,0.5800577560367336,0.0764838727656715,-0.4661549287260509,0.6636134411634558,0.5796064770327339,-0.0798317913697864,-0.2738081597772014,0.7633559513803606,0.6060856932141071,0.4759071173270873,0.2087455605756679,0.6021609744067998,0.6275710189976799,0.3961728469539993,0.1306491205216792,0.6573678564985421,0.7073359939008965,0.4097449775046277,0.0783017928687289,0.5706607349165572,0.7073359939008965,0.4097449775046277,0.0783017928687289,0.5706607349165572,0.4476826668119734,0.3179822712411184,-0.5031993534482661,0.6672764911951458,0.4068344934139134,0.3476048549239235,-0.4832113191635015,0.6929382229565852,0.4034407205078249,0.3515380850408169,-0.4899156972695901,0.6882144791929423,0.6300127972270039,0.7291699158784275,-0.0765877322110248,0.2559871644884258,0.6168931779187452,0.6945930126702563,-0.1490792152928536,0.3387605959296841,0.6216932611885528,0.6923810547686460,-0.1590362873061776,0.3298687971149516,0.6216932611885528,0.6923810547686460,-0.1590362873061776,0.3298687971149516,0.5579471415087890,0.4865079371623582,-0.3530722017755765,0.5721407472760038,0.3649355111888398,0.2395632901055711,-0.5559297587384279,0.7073709112312766,0.6757824740668615,-0.0790462296077953,-0.6001667769895001,0.4205586536107634,0.6837796829563452,0.0946688660583407,-0.6741841477612099,0.2626002396854167,-0.2190743361095916,-0.1351868745591986,-0.9486397015300509,0.1838849120673910,-0.1482320341964750,-0.2405227153116103,-0.9574084082770588,-0.0595418106669007,-0.1482320341964750,-0.2405227153116103,-0.9574084082770588,-0.0595418106669007,0.3174732999819416,0.1116933100493011,-0.5685712662890956,0.7506410749747314,-0.0889307703505078,0.3748022140764769,-0.4418958934893215,0.8101497625288238,-0.0900277646528098,0.3744195055293706,-0.4440871164966598,0.8090065935654920,-0.4132669594394876,-0.5221743619674286,-0.0891360367076961,0.7406747753903823,-0.5693010998498618,-0.3847982698194514,0.0636039968376544,0.7237272143839619,-0.5693010998498618,-0.3847982698194514,0.0636039968376544,0.7237272143839619,0.5577836261968215,0.4866953995945781,-0.3532644412932464,0.5720220702717405
1.9514183026166962,-1.1036059670471949,0.2584751157039071,0.5824019462760915,0.4551793218701635,-0.3265389664579754,0.5890603205956041,-0.7683055930834791,0.3059761809514343,0.5224626956565259,1.5459885979060337,-0.2527253079074384,0.2594191792842355,-0.5607057649921989,-0.1329277466907475,-0.0403047091656034,1.5221316897867079,-0.2325092462276949,0.0289139144256938,-0.1055995510234676,-0.7908627334517299,1.0520782919701077,-0.4923365915117034,-2.0438373659003863,-0.5513657298685626,-1.0664969824879718,-0.9954979972846217,-0.0144782664487467,-2.1262378978386507,0.5228074533615420,-0.0006674779754561,0.3821684281170878,0.1075143689170558,-0.0612973929591693,-0.3398221392543375,1.1275486920900588,-0.2346639261121983,0.0438638036046916,0.0753684049401652,-0.5991913868103048,-0.0038115646802066,0.0068597548129892,-0.0013229352211132,-0.1465597088498780,-0.5858580200067337,-0.9584397732199484,0.0083099402909434,-0.0100050560764703,0.0090152324885421,0.8958281571937462,0.3555813413873680,-1.2019313716544224,0.0210011146412700,-0.3778758283455785,-0.0107134605403333,-0.2156447950416530,1.4627624952405325,-0.3984900394600585,0.6542051693923527,0.2444957699495483,-0.0001862620337138,0.0000000000000000,0.0000000000000000,0.5824019462760915,0.4551793218701635,-0.3265389664579754,0.5890603205956041,0.5824019462760915,0.4551793218701635,-0.3265389664579754,0.5890603205956041,0.4658801361812257,0.1522332253835765,-0.4564445596586906,0.7425894611149957,0.5735534437511832,0.0809324104112789,-0.4743063734525640,0.6629629372811541,0.5749547439102199,-0.0702897599153300,-0.2865335685274986,0.7631414719520070,0.6116462539240950,0.4825750066875594,0.1963754146999844,0.5953544486123646,0.6315188523502705,0.4036923784675230,0.1177216316747550,0.6514276783567498,0.7104742040830813,0.4155280886331399,0.0645160953082398,0.5642698701291607,0.7104742040830813,0.4155280886331399,0.0645160953082398,0.5642698701291607,0.4398782387782934,0.3217573861403340,-0.5115442061204164,0.6643055356521421,0.3951925848850937,0.3547345859427451,-0.4892531695219319,0.6918218921807915,0.3883114640218504,0.3622540717802078,-0.5024410054439870,0.6823043532297756,0.6277063983048546,0.7328875774637895,-0.0960074714254288,0.2442192493578267,0.6123348986159053,0.6996161848519223,-0.1681628049819767,0.3275735594502147,0.6170035885350678,0.6971136441985872,-0.1782529162687976,0.3186926993965867,0.6170035885350678,0.6971136441985872,-0.1782529162687976,0.3186926993965867,0.5571331668313734,0.4857806876573074,-0.3576830904259421,0.5706860474367548,0.3646763156710200,0.2421287916424815,-0.5582171803873472,0.7048250935989454,0.6697861818064497,-0.0716201922521580,-0.6042378011045092,0.4256215436738244,0.6762592444683952,0.0999650156136762,-0.6792908521062127,0.2669164067066848,-0.2311625370083090,-0.1372167076782814,-0.9443404969152500,0.1896219462606428,-0.1590275719792984,-0.2453787161373497,-0.9548662222535259,-0.0522495417820602,-0.1590275719792984,-0.2453787161373497,-0.9548662222535259,-0.0522495417820602,0.3139446198492215,0.1111912334399180,-0.5724001306494857,0.7492885797249875,-0.0830787745455585,0.3716486775323615,-0.4493135435860857,0.8081413968227154,-0.0858071020672751,0.3707256779135817,-0.4547846016201258,0.8052146167945257,-0.4200181303968077,-0.5167130398284723,-0.1008874402903065,0.7391983015408380,-0.5751978898983490,-0.3760760879680770,0.0531953373187835,0.7244890748676993,-0.5751978898983490,-0.3760760879680770,0.0531953373187835,0.7244890748676993,0.5569711023693209,0.4859664939168798,-0.3578734244116017,0.5705667095226922
1.9602608586355716,-1.1008924063048604,0.2575823376096223,0.5773070499870522,0.4594755667661092,-0.3366908816988631,0.5850111313138002,-0.7670695058970060,0.3075252128688629,0.5108538988423875,1.5459642724580609,-0.2525865218346469,0.2593929929556676,-0.5637750186157769,-0.1448152041333026,-0.0591782829504519,1.5227583270317444,-0.2327010221088878,0.0290931344987109,-0.0888355569525914,-0.7826407350084686,1.0302695045363670,-0.4906271413787406,-2.0530667351413872,-0.5515961681224397,-1.0680467306444363,-0.9743096483450489,-0.0226415502927364,-2.1130597215098943,0.5264529250424820,-0.0006586498861424,0.4041971640322618,0.1203338792126609,-0.0783585257755818,-0.4039849509972988,1.2368984205213394,-0.2424847411837687,0.0520893040057022,0.0835846350400055,-0.5764424194292144,-0.0020058916014220,0.0068227754970200,-0.0012185117966151,-0.1598620036909723,-0.5930782315615255,-0.9544898789875400,0.0283939515202278,-0.0095023126379447,0.0089734777103116,0.8912184826163903,0.3618693074538584,-1.1660412113533984,0.0467542231110463,-0.5008072110402253,-0.0102675611327377,-0.1202488914848353,1.2545532042301091,-0.3523017489217858,0.7785786195430583,0.2124562021361947,0.0000245887621635,0.0000000000000000,0.0000000000000000,0.5773070499870522,0.4594755667661092,-0.3366908816988631,0.5850111313138002,0.5773070499870522,0.4594755667661092,-0.3366908816988631,0.5850111313138002,0.4581465056051623,0.1586854462020347,-0.4642518422893495,0.7412091037597860,0.5662075190051827,0.0857500062546702,-0.4830711959253190,0.6623429636650502,0.5694679434614280,-0.0604175431517380,-0.2996117782088452,0.7630784784069419,0.6168535600554187,0.4895895337166273,0.1831738019439746,0.5884225796173030,0.6350135705603098,0.4115694305152287,0.1040130831958214,0.6454065754187172,0.7131533874634539,0.4215651431770019,0.0499093945934468,0.5578567274299653,0.7131533874634539,0.4215651431770019,0.0499093945934468,0.5578567274299653,0.4310699339510840,0.3258016714851149,-0.5205437113168865,0.6611098452673017,0.3825223375944950,0.3623123744790728,-0.4958247955007785,0.6903362779886267,0.3719922541068462,0.3731157438971562,-0.5153863728256984,0.6758574489092724,0.6248519777362367,0.7363742571434322,-0.1164532366619146,0.2318439194944229,0.6071102431322036,0.7044842289861202,-0.1881980422158505,0.3157540509635779,0.6116362328663705,0.7016739365561573,-0.1984193003259336,0.3068950743511343,0.6116362328663705,0.7016739365561573,-0.1984193003259336,0.3068950743511343,0.5559033182690487,0.4851522721344823,-0.3628425429442255,0.5691608407207738,0.3639350924432089,0.2448909329811995,-0.5608004830834039,0.7021983321009609,0.6631484213835483,-0.0638786951882540,-0.6085953197191281,0.4310051279666243,0.6680571246601013,0.1053741892788096,-0.6847383896010029,0.2715313908765187,-0.2445587112075339,-0.1396829246489157,-0.9394071659901757,0.1954325812661272,-0.1709730718867783,-0.2509627839819645,-0.9517323229331025,-0.0446259479448935,-0.1709730718867783,-0.2509627839819645,-0.9517323229331025,-0.0446259479448935,0.3097542003006766,0.1107962223861106,-0.5764971494623619,0.7479489081232937,-0.0774161174923399,0.3683470148855120,-0.4571052864036838,0.8058424030287505,-0.0817584225613370,0.3669224257664649,-0.4658457156814904,0.8010438583443077,-0.4269605910033911,-0.5105429978817031,-0.1130763280837020,0.7377426685986828,-0.5810341867430883,-0.3665991647442487,0.0423833502197955,0.7254019422835618,-0.5810341867430883,-0.3665991647442487,0.0423833502197955,0.7254019422835618,0.5557435034485161,0.4853353323162854,-0.3630299761182986,0.5690413078325313
1.9696297527639592,-1.0979096840157896,0.2561179877342298,0.5715223496824239,0.4640646133308885,-0.3476204184712159,0.5806602131448571,-0.7656358163471666,0.3093249890948351,0.4996444034035807,1.5458774149112156,-0.2524499864841406,0.2593682918286347,-0.5677263461201625,-0.1573426241602849,-0.0783266641492914,1.5240675889494240,-0.2328808968148572,0.0292718848781070,-0.0714114262850522,-0.7762966675692740,1.0051409385955079,-0.4893399224479215,-2.0640589899516808,-0.5518512522807151,-1.0714402276456239,-0.9474426651629886,-0.0302996898687108,-2.0992942203631677,0.5305172019339806,-0.0006490229506456,0.4247426897753819,0.1310356609390770,-0.1073983463480280,-0.4668916697120998,1.3669862376949862,-0.2531685817635047,0.0637369769258629,0.0994700921812171,-0.5397274285174236,-0.0143810612441614,0.0067411068598164,-0.0012754450802202,-0.1960934281916510,-0.5939334862588553,-0.9376775581676868,0.0245441915496986,-0.0096055505206326,0.0088317448038525,0.8558948527824646,0.2417215052205729,-1.3683339897628288,0.0687156730582700,-0.5376885304272954,-0.0176061009554497,-0.1161783852939210,1.3543845190392148,-0.2907772607701941,0.8509187888189593,0.2049997578292275,0.0007777405863019,0.0000000000000000,0.0000000000000000,0.5715223496824239,0.4640646133308885,-0.3476204184712159,0.5806602131448571,0.5715223496824239,0.4640646133308885,-0.3476204184712159,0.5806602131448571,0.4495674636736255,0.1656601145361047,-0.4725462954351349,0.7396930584563288,0.5580826476768849,0.0909375418210965,-0.4924161231774621,0.6616649329414189,0.5632133982121673,-0.0501651893727956,-0.3131334304067778,0.7630344530957810,0.6218234446555354,0.4968796859040588,0.1691078970383641,0.5812475381211261,0.6381659489226501,0.4197490041513460,0.0894768059312983,0.6391782977776541,0.7154669813420386,0.4277955527343378,0.0344425659095869,0.5512818456321567,0.7154669813420386,0.4277955527343378,0.0344425659095869,0.5512818456321567,0.4210897795908985,0.3299418021060936,-0.5302958564966387,0.6577295107637851,0.3685052978040692,0.3702986936353064,-0.5029454897764825,0.6885699363868668,0.3540846375042773,0.3841111121812864,-0.5288927092905304,0.6688461893751373,0.6212977096386272,0.7396409567541622,-0.1381759185061174,0.2186957398637986,0.6010396501723795,0.7092278405852536,-0.2094152988152410,0.3031376612721766,0.6054092244076714,0.7060889399199503,-0.2197664809788324,0.2943140733349373,0.6054092244076714,0.7060889399199503,-0.2197664809788324,0.2943140733349373,0.5541772320137184,0.4846455994333170,-0.3686132449148116,0.5675654271895948,0.3620598289290777,0.2472145813875217,-0.5641070985007386,0.6997005162541453,0.6549215197615195,-0.0559124602210305,-0.6133560667520631,0.4378880394846749,0.6582599083249719,0.1107932109206010,-0.6910044027861660,0.2773655941821855,-0.2603313093526852,-0.1435421858002429,-0.9332593360748355,0.2016191010186345,-0.1848307601412262,-0.2584449854918044,-0.9474895053357352,-0.0361582197902696,-0.1848307601412262,-0.2584449854918044,-0.9474895053357352,-0.0361582197902696,0.3043470732385884,0.1099255916977412,-0.5810767485822992,0.7467523254453446,-0.0709257330178753,0.3635400855314405,-0.4664465989423313,0.8032656577638569,-0.0767440966374755,0.3616987516828788,-0.4782407216071100,0.7965991268254412,-0.4344649067978104,-0.5046933151438938,-0.1270404417773177,0.7351092630101052,-0.5874589110529508,-0.3570657870931527,0.0296499610371941,0.7256148643202682,-0.5874589110529508,-0.3570657870931527,0.0296499610371941,0.7256148643202682,0.5540195527098671,0.4848258416664942,-0.3687978483222932,0.5674454912503765
1.9795811483713335,-1.0947593125663881,0.2540611670168328,0.5648903959046030,0.4693865152493583,-0.3596007099928217,0.5755540541855847,-0.7642029423326691,0.3113484882836955,0.4891363025150077,1.5455884163482518,-0.2523179370546232,0.2593431275861907,-0.5718117844697570,-0.1690800945424213,-0.0967691324779794,1.5243773777971605,-0.2330667937757021,0.0294484247665220,-0.0540645584311772,-0.7722338738829109,0.9764780073241228,-0.4874612712783703,-2.0777975441458429,-0.5521728590796602,-1.0753101260563458,-0.9183282203951685,-0.0371905901323724,-2.0851148377738919,0.5345133270816244,-0.0006342020030955,0.4461513673845653,0.1354337275496088,-0.1465514435042686,-0.4629919820068817,1.5463646901112238,-0.2826903302452914,0.0783207818976897,0.0994688744441597,-0.5082926848219538,-0.0190001157604272,0.0065077556193053,-0.0012636095101681,-0.2257228983446307,-0.5878251023536329,-0.9045203780229651,0.0101612182090844,-0.0090587971877633,0.0088160790566799,0.8501249647384443,0.1297146394201346,-1.5573013944120264,0.0907200431995211,-0.7010069528076638,-0.0179589760811181,-0.2747751496004071,1.6294714808517958,-0.3193656847248966,0.6589410885930282,0.2091596180643506,0.0008196049406068,0.0000000000000000,0.0000000000000000,0.5648903959046030,0.4693865152493583,-0.3596007099928217,0.5755540541855847,0.5648903959046030,0.4693865152493583,-0.3596007099928217,0.5755540541855847,0.4399020956353079,0.1736607244891317,-0.4815955300663023,0.7378304984518674,0.5489145662399861,0.0969411161752802,-0.5026874991529267,0.6607575176716755,0.5560331994753586,-0.0391390101680848,-0.3273466663749229,0.7629805888602168,0.6266294347610819,0.5046549576006292,0.1538320850687070,0.5735805216911815,0.6410056383841499,0.4284695739429782,0.0737599516357444,0.6325227784827543,0.7174152632520516,0.4344101309414639,0.0177353995050805,0.5443240154474215,0.7174152632520516,0.4344101309414639,0.0177353995050805,0.5443240154474215,0.4098734039774282,0.3348940027297978,-0.5407733142631574,0.6537690893797365,0.3536089444705813,0.3790603448939286,-0.5107866730959623,0.6858359453301172,0.3352193982574757,0.3954162183226665,-0.5427623226279705,0.6608199682627545,0.6172521846026945,0.7423132311908642,-0.1611295268900593,0.2049587347891396,0.5943333716007599,0.7134507240771419,-0.2317991096494681,0.2898707996352651,0.5985344331785435,0.7099625864732173,-0.2422723441269012,0.2810938800101395,0.5985344331785435,0.7099625864732173,-0.2422723441269012,0.2810938800101395,0.5515849003749265,0.4849525314518708,-0.3755066886420338,0.5653051093895217,0.3582986436307752,0.2497348798482897,-0.5685946177113794,0.6971045348218279,0.6441231536105925,-0.0471199232883059,-0.6192310250080285,0.4465848334634254,0.6458129092664575,0.1162371560386134,-0.6987483855158355,0.2848952500830130,-0.2798053044139136,-0.1493457795092508,-0.9252086181660197,0.2083118878891348,-0.2017209325951516,-0.2686802463537697,-0.9414979239156572,-0.0264811222331505,-0.2017209325951516,-0.2686802463537697,-0.9414979239156572,-0.0264811222331505,0.2975899072285998,0.1100693325375403,-0.5862022192861831,0.7454474812180716,-0.0649187227165595,0.3592492174348434,-0.4761179471872055,0.8000232868982904,-0.0720065174393698,0.3570871563612736,-0.4905554464443450,0.7916180759506836,-0.4417574155930411,-0.4977933642685502,-0.1410866814048474,0.7329029271253613,-0.5933708763550211,-0.3465553545108000,0.0169907653830186,0.7263068932932326,-0.5933708763550211,-0.3465553545108000,0.0169907653830186,0.7263068932932326,0.5514306960992951,0.4851278671470463,-0.3756863918053446,0.5651856995086532
1.9901046781821177,-1.0917074321829152,0.2515902271117025,0.5569049319459116,0.4766116155782961,-0.3729537218815903,0.5688618338444189,-0.7639208119834406,0.3151412436420148,0.4805435088284575,1.5445673057417941,-0.2521977430930473,0.2593144688088183,-0.5742911023526525,-0.1769950517144050,-0.1086891414344514,1.5193531526188915,-0.2333153606611530,0.0296793954394492,-0.0332443086986840,-0.7708351242939369,0.9439532658854806,-0.4847923694965990,-2.0964826880682894,-0.5524583748210062,-1.0804553283492113,-0.8846894355170273,-0.0439353794185159,-2.0711377995588607,0.5387690432798315,-0.0006194061065641,0.4492681738465127,0.1190613214719735,-0.1418830554752716,-0.4016956644256982,2.0302191053926895,-0.1968769024645561,-0.0336150663957452,0.2281693483486084,-0.3562839358089066,-0.0821474343214632,0.0052887786778260,-0.0015579096873014,-0.0892851446731472,-0.2595057472121396,-0.2499159737621164,-0.3976653911484809,-0.0144336791169313,0.0131394923695260,1.1611834936136860,0.0244905940609260,-1.6847088805463042,0.1870907130945709,-1.1042245269253308,-0.0125512746797397,-0.2752898855220196,1.6789288911692684,-0.3835486228619508,0.6277777553113635,0.2066157835255867,0.0008554925442650,0.0000000000000000,0.0000000000000000,0.5569049319459116,0.4766116155782961,-0.3729537218815903,0.5688618338444189,0.5569049319459116,0.4766116155782961,-0.3729537218815903,0.5688618338444189,0.4284880592681712,0.1837539279360240,-0.4916979468954940,0.7354356573157399,0.5384334157285408,0.1044379114521861,-0.5144172427754213,0.6592094354708029,0.5478092117128918,-0.0268865781403734,-0.3424981830845627,0.7628087401584849,0.6313808789172279,0.5130543094650999,0.1369602993258825,0.5651330265393829,0.6435928614543037,0.4379034560369344,0.0564638516113449,0.6251724764712391,0.7190227664148068,0.4415282635087787,-0.0006291826458692,0.5367109632095461,0.7190227664148068,0.4415282635087787,-0.0006291826458692,0.5367109632095461,0.3971949598931666,0.3423451680351967,-0.5516827926712107,0.6486000663189238,0.3384927451135716,0.3896295443906753,-0.5193678233626606,0.6810789555542920,0.3169310138930794,0.4073613295212388,-0.5554328785482194,0.6520013781205005,0.6123863110204004,0.7444621415979447,-0.1842117157362194,0.1918988524919962,0.5867867147500843,0.7170704542972950,-0.2542288369411692,0.2772345819594197,0.5908325042766134,0.7132224395238739,-0.2648321916199062,0.2685044020712445,0.5908325042766134,0.7132224395238739,-0.2648321916199062,0.2685044020712445,0.5483415758319629,0.4864393606031009,-0.3830104796475585,0.5621398732969518,0.3529116386393809,0.2527653392113159,-0.5739330469896808,0.6943802389032941,0.6307973945933272,-0.0368612468229625,-0.6260436946540773,0.4569520629571542,0.6306095123955531,0.1223369579582339,-0.7077456758855408,0.2940431428533687,-0.3037016804951038,-0.1569946187031587,-0.9146381625057911,0.2157661017183398,-0.2223735653551685,-0.2817054787998085,-0.9332545616235003,-0.0150978095871095,-0.2223735653551685,-0.2817054787998085,-0.9332545616235003,-0.0150978095871095,0.2895179517863676,0.1111113571191848,-0.5917181422822255,0.7441123987722764,-0.0582095868080274,0.3545251002440499,-0.4866087205175647,0.7963262838917498,-0.0664918974512215,0.3521095285600508,-0.5035692610392907,0.7861397501760725,-0.4491469978837084,-0.4909428737475937,-0.1561655147315016,0.7299687671518222,-0.5993556479735637,-0.3359021564911567,0.0032352974611492,0.7265893485023833,-0.5993556479735637,-0.3359021564911567,0.0032352974611492,0.7265893485023833,0.5481904814910867,0.4866096293050565,-0.3831850385163232,0.5620208990130258
2.0013062114209959,-1.0891003733753737,0.2491171478100619,0.5475916930167347,0.4863291641609073,-0.3877118753840872,0.5597381383395039,-0.7649990585464742,0.3185048962108796,0.4737794020875039,1.5425013547968700,-0.2521048077795255,0.2592865341350180,-0.5772449878168420,-0.1824937492319254,-0.1091470994000632,1.5127956599776251,-0.2335944234232587,0.0299292305502619,-0.0106967019466901,-0.7722703626946631,0.9065649238413462,-0.4815920966318232,-2.1174278341282649,-0.5527313463148269,-1.0874017004091656,-0.8466719987946107,-0.0501032728352567,-2.0581380783404297,0.5432221766628669,-0.0005997568380164,0.4768142714583632,0.1069039497554896,-0.1596038777071219,-0.3442039813756100,2.2187823569801783,-0.1983231252060561,-0.0489528384949497,0.1200227366929527,-0.3240408089659091,-0.1099253854655492,0.0042635829620571,-0.0013039784232970,-0.1958193062685273,-0.3125764474222218,0.1255778435955437,-0.2448774946601608,-0.0132597497333666,0.0119160424250691,1.0596761648954585,-0.1344548569003766,-2.0014214560560855,0.1374820402376571,-0.9631139070030068,-0.0148205682711457,-0.3950792537465784,2.0460343929381546,-0.2593031704273571,0.6408158762025352,0.2261386414016778,0.0012843864386820,0.0000000000000000,0.0000000000000000,0.5475916930167347,0.4863291641609073,-0.3877118753840872,0.5597381383395039,0.5475916930167347,0.4863291641609073,-0.3877118753840872,0.5597381383395039,0.4152423744550195,0.1965276777444109,-0.5030309196301267,0.7320591070626848,0.5259991384765619,0.1143334652837085,-0.5278172912474174,0.6570096438397025,0.5381371519704290,-0.0124756014292593,-0.3586423779022688,0.7626456646508522,0.6358380266401309,0.5227044330661710,0.1180082769835340,0.5554854868443770,0.6456292542740278,0.4487196187113007,0.0371324061138111,0.6167939317351839,0.7199512443071594,0.4497544626142246,-0.0211904497075022,0.5281496890279846,0.7199512443071594,0.4497544626142246,-0.0211904497075022,0.5281496890279846,0.3826441241834463,0.3527644257936722,-0.5633561154402753,0.6416935571738175,0.3227915956764150,0.4024647383241116,-0.5289943169025546,0.6737898283969399,0.3003053268847664,0.4195104176039678,-0.5650404799676649,0.6438609913360872,0.6062567609402483,0.7470451529145967,-0.2047114387905427,0.1801929692006631,0.5782745384014436,0.7209608099517008,-0.2739572806005578,0.2660102952074075,0.5821873170848615,0.7167839659123292,-0.2847065634846835,0.2573341150047264,0.5821873170848615,0.7167839659123292,-0.2847065634846835,0.2573341150047264,0.5444640610738800,0.4898281375883983,-0.3912907077748116,0.5572421949518062,0.3457991403661798,0.2572785581284536,-0.5802523445148278,0.6910411816486778,0.6144374991533280,-0.0240757969942660,-0.6342754888742755,0.4685952622963593,0.6119280527009375,0.1299627454283430,-0.7183377844133324,0.3043757063277405,-0.3320958920856694,-0.1656858187808913,-0.9010201752274607,0.2245510448601940,-0.2470501309940691,-0.2967277651943053,-0.9224516816900084,-0.0013270591101784,-0.2470501309940691,-0.2967277651943053,-0.9224516816900084,-0.0013270591101784,0.2800780355863531,0.1141130203938630,-0.5977733811193822,0.7424294561665650,-0.0512596701609352,0.3506258221861822,-0.4974096193426220,0.7918444604950419,-0.0606929605161112,0.3480172990182028,-0.5167678947335876,0.7798405395338718,-0.4564232057832877,-0.4833928261827323,-0.1714661313688172,0.7270547425132367,-0.6050371583310543,-0.3245067808772746,-0.0106308485368847,0.7269885633644708,-0.6050371583310543,-0.3245067808772746,-0.0106308485368847,0.7269885633644708,0.5443165183688246,0.4899920876965480,-0.3914585106501750,0.5571243274756242
2.0132489887181806,-1.0867396492987127,0.2458298016180227,0.5378613260548704,0.4964001383657849,-0.4028622053157274,0.5495399349392862,-0.7657070880808409,0.3204178094818242,0.4669383076690225,1.5409200849222622,-0.2520223024839292,0.2592638796134186,-0.5813162255311605,-0.1897594881215810,-0.1047792191341958,1.5097741020781448,-0.2338441212012266,0.0301584955346658,0.0087242574930301,-0.7753942005266454,0.8654048316089765,-0.4784567444226015,-2.1414949031844568,-0.5529349973910520,-1.0953931253021760,-0.8050805085625733,-0.0551544595733696,-2.0458073428523389,0.5477243956640214,-0.0005783795069101,0.5066924982175299,0.0965634175454575,-0.2086969923502216,-0.3232821667741724,2.2857278039637570,-0.2175119260890342,-0.0314440600942978,0.0889853029272832,-0.3675287525329024,-0.0518118011700920,0.0041164011378715,-0.0009586883074850,-0.1954643632454406,-0.3987973936165585,0.2642438372384711,-0.0877052048100283,-0.0120350973801261,0.0111814673740531,0.8936851390970842,-0.1938234444975916,-2.0993674161707299,0.1579831248617411,-1.4715712507551089,-0.0053196659799380,-0.3392396650731188,2.0481876090162703,-0.1801830796497470,0.7116410759875998,0.2139718347051591,0.0007340146356386,0.0000000000000000,0.0000000000000000,0.5378613260548704,0.4964001383657849,-0.4028622053157274,0.5495399349392862,0.5378613260548704,0.4964001383657849,-0.4028622053157274,0.5495399349392862,0.4015619342146135,0.2101873592973230,-0.5146382917454879,0.7278164024331429,0.5124657902759285,0.1254465025529620,-0.5415666831852985,0.6544826326632145,0.5275862004236497,0.0032882105222858,-0.3751765611539003,0.7621578161738101,0.6398831786125813,0.5332043799800207,0.0982556290773672,0.5445993373604047,0.6471582401062332,0.4605300350950210,0.0170547113529551,0.6072951801707707,0.7202333313019518,0.4588705838082518,-0.0426211651580298,0.5185413889727017,0.7202333313019518,0.4588705838082518,-0.0426211651580298,0.5185413889727017,0.3670891247852180,0.3634524300740997,-0.5755135838055304,0.6339810883559297,0.3056418485616891,0.4161256367235200,-0.5386585268357854,0.6657848799246946,0.2833177659794577,0.4316347166426384,-0.5729519465401539,0.6365128292698328,0.5989641109612323,0.7505380754076494,-0.2231252637962872,0.1677787465671370,0.5688492659967231,0.7258443896650432,-0.2914676691139712,0.2541791345253167,0.5726145326881812,0.7213703029939151,-0.3023712388859388,0.2455791457093733,0.5726145326881812,0.7213703029939151,-0.3023712388859388,0.2455791457093733,0.5395798232295888,0.4945316145592713,-0.4009537376289311,0.5509339314712033,0.3366263996150304,0.2628925178134471,-0.5877903284243855,0.6870754841869133,0.5947217532121997,-0.0091639903731251,-0.6438369105542039,0.4813482005208568,0.5895183462864776,0.1389990998212069,-0.7305265774602845,0.3154017902053093,-0.3642887987095090,-0.1749794695816303,-0.8841426299253048,0.2344518421946811,-0.2752143032704892,-0.3131253800484527,-0.9088428052722256,0.0146403193190082,-0.2752143032704892,-0.3131253800484527,-0.9088428052722256,0.0146403193190082,0.2686516494549823,0.1184912523312980,-0.6046326420368131,0.7404089968049153,-0.0444930211975418,0.3469326727063037,-0.5091743604152874,0.7863838517983816,-0.0548371259560854,0.3442334247928517,-0.5304061403505784,0.7727648834869913,-0.4639384563438904,-0.4753594086911256,-0.1869842354515115,0.7237620030000783,-0.6107721905078541,-0.3125044532318233,-0.0247370653986960,0.7271082282631501,-0.6107721905078541,-0.3125044532318233,-0.0247370653986960,0.7271082282631501,0.5394364240850600,0.4946880307884932,-0.4011134496168328,0.5508176622997947
2.0258450745963472,-1.0845313327104709,0.2413026906288654,0.5276851762082598,0.5063879340765196,-0.4180582346001058,0.5388384985455429,-0.7658173802561185,0.3219318325549815,0.4594133146427539,1.5401521637324551,-0.2519333809234278,0.2592451664537981,-0.5855028889083751,-0.1991418307454185,-0.0985916781476343,1.5095403095750017,-0.2340686628416073,0.0303722856193283,0.0227838320052387,-0.7811405906169223,0.8224627461784564,-0.4763182516112017,-2.1691306675783770,-0.5530606027560518,-1.1026475949705146,-0.7641317508612219,-0.0590928610749709,-2.0340541260696492,0.5517772027621858,-0.0005531624761390,0.5337042511543471,0.0917824026618409,-0.2756891407325870,-0.3406069094233971,2.3031079161926442,-0.2374303861433753,0.0114649070594752,0.0859492942770211,-0.4034535719289900,-0.0212346211938084,0.0047990483072329,-0.0008398504450129,-0.2028379111459019,-0.5241759489269150,0.3042742770868807,0.0449878903346757,-0.0105160098762670,0.0103762827592450,0.5559191182208234,-0.3616862557996924,-2.1558743957469475,0.0744533718790508,-1.5017736623506956,-0.0038963371570835,-0.3378958025257984,1.9920664705155642,-0.2040391671081374,0.5384975010318269,0.1917404496153907,0.0012871301149122,0.0000000000000000,0.0000000000000000,0.5276851762082598,0.5063879340765196,-0.4180582346001058,0.5388384985455429,0.5276851762082598,0.5063879340765196,-0.4180582346001058,0.5388384985455429,0.3875609615621707,0.2242188930275151,-0.5261156369984499,0.7229970439692244,0.4983709081872646,0.1370466703089324,-0.5552386744833286,0.6515785926408511,0.5164927453638107,0.0197635006190203,-0.3919881676133418,0.7610452841197891,0.6436648222745169,0.5440306970495157,0.0781989522220472,0.5325515196725165,0.6483892785979980,0.4728108218443964,-0.0032898269679734,0.5966828698601252,0.7200773737194817,0.4684189964985263,-0.0643781013541584,0.5078658086961567,0.7200773737194817,0.4684189964985263,-0.0643781013541584,0.5078658086961567,0.3510101136152354,0.3741573628193310,-0.5875111190835638,0.6258025670617542,0.2874073635979952,0.4304195353567511,-0.5476331534723007,0.6574450244323943,0.2657137952283671,0.4441397844062263,-0.5795556345127593,0.6294849461563325,0.5906087272432158,0.7547908942737593,-0.2401455512273721,0.1542794589414571,0.5585306229709900,0.7316153287304764,-0.3074607254167391,0.2413513130199359,0.5621288589081435,0.7268653103299958,-0.3185277186463831,0.2328477164917831,0.5621288589081435,0.7268653103299958,-0.3185277186463831,0.2328477164917831,0.5331413071165921,0.5006403216024850,-0.4121949528592887,0.5433368530378746,0.3246255368223697,0.2694734591956887,-0.5965842782294017,0.6827074883150190,0.5715336757955314,0.0071184749981451,-0.6545823657532239,0.4947934025330796,0.5634162211762586,0.1488585165920796,-0.7441581492769750,0.3265454832303434,-0.4011014385900040,-0.1850909344081289,-0.8632252286608861,0.2443382625875775,-0.3076881317651763,-0.3312847762173102,-0.8913779872148728,0.0319952266168616,-0.3076881317651763,-0.3312847762173102,-0.8913779872148728,0.0319952266168616,0.2553289202336133,0.1251336920474941,-0.6118961260896720,0.7380595047036197,-0.0398117962321509,0.3452867640467801,-0.5204347803357191,0.7799613521654679,-0.0508634829261620,0.3425356127225004,-0.5429749088055418,0.7650232078368964,-0.4712661155977848,-0.4656615384284692,-0.2004449168426128,0.7217266901187491,-0.6158436773210645,-0.2991524893213018,-0.0365489392576479,0.7279481631789987,-0.6158436773210645,-0.2991524893213018,-0.0365489392576479,0.7279481631789987,0.5330021744270300,0.5007884453781716,-0.4123459130691168,0.5432222961246791
2.0389934342688822,-1.0825031462850925,0.2353318198405506,0.5168349476903928,0.5165805654338893,-0.4332921174597807,0.5275263947984898,-0.7656846758351078,0.3241846824277305,0.4509818022681119,1.5398066980550611,-0.2518379205827975,0.2592282752180327,-0.5888802213533020,-0.2093392196218856,-0.0915371202539402,1.5097827849218470,-0.2342866922020990,0.0305786415202390,0.0312668341728777,-0.7905107622279832,0.7787752796754032,-0.4766094810189798,-2.1978597080627913,-0.5525707167820554,-1.1083308840519479,-0.7265334063438039,-0.0616861806328613,-2.0224140804659796,0.5550703535281405,-0.0005266906517692,0.5543443730981303,0.0790322226601123,-0.3375717016192660,-0.3072476835545483,2.4416474988453176,-0.2025973711414789,0.0494519797815134,0.1070954789413671,-0.4990255253287172,0.0280901469782186,0.0047655805318800,-0.0005896928720223,-0.1371001753770200,-0.5827026367230437,0.3133982757411558,0.1415388480041205,-0.0096776950904674,0.0098936791139365,0.4068071864080316,-0.6291175462431833,-2.3728642856511817,-0.2580202650337379,-1.0766628726357248,0.2770836389169384,-0.2225677572602529,1.6672493804164668,-0.1591772740375093,0.6247530561241131,0.1498883750771315,0.0000718966178033,0.0000000000000000,0.0000000000000000,0.5168349476903928,0.5165805654338893,-0.4332921174597807,0.5275263947984898,0.5168349476903928,0.5165805654338893,-0.4332921174597807,0.5275263947984898,0.3729972579601309,0.2388275298464275,-0.5374193618802269,0.7176453762255613,0.4838546235845083,0.1490272494770972,-0.5689016070021137,0.6480945484260747,0.5049442597425264,0.0368200000527864,-0.4092166744095650,0.7590897809444949,0.6473822149963677,0.5547978309480677,0.0576477212745530,0.5193961635529931,0.6494963399613372,0.4851733985736611,-0.0241142372589088,0.5849613502230139,0.7196557013167355,0.4779868338277601,-0.0866216474641808,0.4961057835182150,0.7196557013167355,0.4779868338277601,-0.0866216474641808,0.4961057835182150,0.3344267598867543,0.3853649964651332,-0.5990787146357335,0.6170553098721969,0.2685053236112594,0.4455230581395683,-0.5557973475072920,0.6484623384301038,0.2476969727047106,0.4574189697143552,-0.5850791605764144,0.6221707737571561,0.5812746317061923,0.7594568446685249,-0.2564979862741820,0.1398352125119013,0.5473156649961080,0.7379108303292126,-0.3226716245314239,0.2276317026579837,0.5507297245083748,0.7328946496205897,-0.3339083756847216,0.2192427872200912,0.5507297245083748,0.7328946496205897,-0.3339083756847216,0.2192427872200912,0.5246405016566430,0.5086513420404923,-0.4252097608747415,0.5340625576828222,0.3088826573883775,0.2772995414647207,-0.6067278879338867,0.6779216313641536,0.5443225979068795,0.0246323628590240,-0.6666385920371253,0.5086247572765670,0.5330483372813647,0.1595706065174612,-0.7594781328365565,0.3370306475683189,-0.4417050897849049,-0.1951118592676276,-0.8380026668035702,0.2541249819701783,-0.3439204581155962,-0.3501041079152396,-0.8698165772610981,0.0506453752303332,-0.3439204581155962,-0.3501041079152396,-0.8698165772610981,0.0506453752303332,0.2397474319238820,0.1348705079362438,-0.6194218182707394,0.7352875124909268,-0.0384555690530968,0.3470528899015313,-0.5304976290915964,0.7724297549602771,-0.0500856589495818,0.3442240916767154,-0.5538245234082766,0.7564916382541994,-0.4785905135643329,-0.4535987996407398,-0.2102530106727642,0.7217983934546732,-0.6202579521694715,-0.2839144988370266,-0.0443524646157237,0.7298667611305265,-0.6202579521694715,-0.2839144988370266,-0.0443524646157237,0.7298667611305265,0.5245064959324066,0.5087895237353423,-0.4253504273963399,0.5339505315809917
2.0513462096890831,-1.0808151182976411,0.2306508618139901,0.5101799428358333,0.5227532251273139,-0.4416213295894642,0.5209760961873897,-0.7544883320788929,0.3216931799376532,0.4489299822647070,1.5215383661786588,-0.2523658368647228,0.2592745700011734,-0.5892608702547666,-0.2270608124147095,-0.1058483093211465,1.5119589053032614,-0.2345244075549947,0.0308312232904873,0.0259228612062343,-0.8120357402542043,0.7210299560843385,-0.4920833368723658,-2.2075139045712069,-0.5366321300659836,-1.1108835879279544,-0.7018629740379341,-0.0741682654420696,-2.0131847597313928,0.5591890944272114,-0.0005685256050417,0.5115682955454373,0.0710021708870004,-0.1207575827638605,0.2415688057866551,0.3120904308438947,0.1016226729521224,0.7657797791537387,-0.1722590424099128,0.1536422928633450,-1.3372716446030324,-0.0507331293505136,0.0025152223556944,-0.1010756237890446,-1.0097450562305339,-1.5292572618701192,0.2005334203479979,-0.0128221902946826,0.0138045367898936,-1.0430128508002505,-1.4252078130767030,-2.9798352507096442,-0.9711011208605023,-0.1478298336365527,0.8862365939196705,-0.1615441095347282,1.0496776839545585,-0.9752379108430155,0.2743718187204084,0.2529532614895199,-0.0020343854747824,0.0000000000000000,0.0000000000000000,0.5101799428358333,0.5227532251273139,-0.4416213295894642,0.5209760961873897,0.5101799428358333,0.5227532251273139,-0.4416213295894642,0.5209760961873897,0.3666603752422625,0.2513877464072234,-0.5425552463432467,0.7127399068727108,0.4761867053701353,0.1611513023681657,-0.5758404745442331,0.6447357809602731,0.5001027392318355,0.0511934648078709,-0.4180024277577862,0.7566706349280231,0.6503743484278156,0.5594732740694542,0.0429183679289266,0.5120164804021621,0.6506067392992226,0.4906180975629451,-0.0392383763300906,0.5783295798635315,0.7199094244082580,0.4814289835978691,-0.1023323095861127,0.4893716918814024,0.7199094244082580,0.4814289835978691,-0.1023323095861127,0.4893716918814024,0.3251054996133556,0.3924932105953626,-0.6048003223649037,0.6119412257929713,0.2543387794129348,0.4579201944788709,-0.5569052395018206,0.6445753912387536,0.2304785417542778,0.4703815058180435,-0.5892831905887157,0.6151147877142573,0.5718911366498957,0.7641942778108365,-0.2707684707289336,0.1250282721690579,0.5362898800671710,0.7443215216018453,-0.3358097697464060,0.2135659981380924,0.5395154454091674,0.7390613681674374,-0.3472333841370902,0.2052811613084067,0.5395154454091674,0.7390613681674374,-0.3472333841370902,0.2052811613084067,0.5174505429604143,0.5155574110057527,-0.4342822821344826,0.5271094677304555,0.2923144664726378,0.2796384913612973,-0.6155377811891642,0.6763636645834221,0.5136909045384486,0.0425168430630281,-0.6747419980837532,0.5282397265185280,0.4983280248200181,0.1736836089340708,-0.7746645346269733,0.3484222186626330,-0.4764336231261850,-0.2024194691939039,-0.8120520336469917,0.2694603048612167,-0.3780338904336252,-0.3605875967143953,-0.8489403366872835,0.0797951597820116,-0.3780338904336252,-0.3605875967143953,-0.8489403366872835,0.0797951597820116,0.2282772700783674,0.1436336006722854,-0.6238361467255363,0.7335443672758439,-0.0386134844052164,0.3499002626746061,-0.5360708492202240,0.7672723438379870,-0.0524103266594053,0.3465416788205362,-0.5632785564011501,0.7482508205129718,-0.4864665765889860,-0.4418336358957870,-0.2163652622033916,0.7220245019142767,-0.6254174274372285,-0.2688325990673447,-0.0484073277492363,0.7309164150275144,-0.6254174274372285,-0.2688325990673447,-0.0484073277492363,0.7309164150275144,0.5173050174021286,0.5157034297186373,-0.4344310301072782,0.5269868799381514
2.0606121040832059,-1.0792026722614407,0.2292132120141806,0.5108473584362027,0.5257576667016652,-0.4375351524228926,0.5207464283866498,-0.7443947056584812,0.3236975221001846,0.4491799386706425,1.5058515940183743,-0.2529141566385439,0.2592869258928236,-0.5929297274398571,-0.2433563089125086,-0.1400994361781356,1.5182354904795214,-0.2347413101531505,0.0310977155274238,0.0014201895295038,-0.8439405847852696,0.6624844495399885,-0.5138623924779151,-2.2074964424293979,-0.5205662508711341,-1.1153787150161538,-0.6843126949736832,-0.0936660017636613,-2.0050719648461151,0.5643886716294748,-0.0005933359441335,0.4278121233188558,0.1202967256614854,-0.0458392698274506,0.4607644063297393,-0.1768604037688794,0.4690870631288234,0.2868505215874805,0.3154708124145226,-0.1232579967940190,-0.3179043244892209,-0.0135712810447643,-0.0004379115403027,-0.2232007378450360,-0.6491642573332217,-1.7063766786891916,0.3514848047948178,-0.0091410893809383,0.0129321320598343,-1.2579397280497402,-1.6288794823010926,-2.8620520473361393,-1.1416096559735280,0.0562335346389456,0.6894982970024740,-0.2486040476254017,0.7593934068533085,-0.8491261235148282,0.5831211997441377,0.2446671080811212,-0.0006795121364113,0.0000000000000000,0.0000000000000000,0.5108473584362027,0.5257576667016652,-0.4375351524228926,0.5207464283866498,0.5108473584362027,0.5257576667016652,-0.4375351524228926,0.5207464283866498,0.3715321596459739,0.2585287761950786,-0.5380595479744618,0.7110686669101605,0.4810578953488133,0.1686261626327337,-0.5726346326962473,0.6420577045991771,0.5065375904098068,0.0571939761119803,-0.4151698108401958,0.7535134682042824,0.6534856979743242,0.5571311728485024,0.0436204639391591,0.5105473081989522,0.6537695417254463,0.4882998964549532,-0.0391367939841400,0.5767294936023523,0.7228432922216881,0.4791424350955442,-0.1019362762317090,0.4873695695966637,0.7228432922216881,0.4791424350955442,-0.1019362762317090,0.4873695695966637,0.3254943258895231,0.3946133482499102,-0.6018710046232396,0.6132577296622798,0.2490724156646623,0.4643928568584412,-0.5498251315846230,0.6480698503493111,0.2167774986182013,0.4803179257939585,-0.5927983540430773,0.6090092919633039,0.5651733405133883,0.7675743405799134,-0.2810364169218709,0.1114776175739617,0.5283783396128747,0.7492410577708887,-0.3452806144157062,0.2005877984499932,0.5314307666395787,0.7437866011514374,-0.3568786310337455,0.1923550751291556,0.5314307666395787,0.7437866011514374,-0.3568786310337455,0.1923550751291556,0.5118810776947962,0.5247512839573043,-0.4365094588298897,0.5216065036358469,0.2761000051953175,0.2797544518081295,-0.6203486127043064,0.6787295724664738,0.4834040052342131,0.0608586212177565,-0.6777840237229690,0.5506592531982891,0.4630782469658477,0.1896926226125931,-0.7870973243178681,0.3606286846120924,-0.5044661794056550,-0.2080945477134808,-0.7867921881122588,0.2883896422781311,-0.4064977722359958,-0.3669136358219881,-0.8292056565446990,0.1120353701709318,-0.4064977722359958,-0.3669136358219881,-0.8292056565446990,0.1120353701709318,0.2213542777319842,0.1529130445467343,-0.6233596778935305,0.7341952032761282,-0.0383951015104083,0.3536052157554699,-0.5356519752662219,0.7658760532644489,-0.0561229255957966,0.3492593956082805,-0.5701109986361580,0.7415130080018765,-0.4931287766378327,-0.4319034132748443,-0.2192486370463828,0.7226434019670546,-0.6301938247908447,-0.2555688807091252,-0.0489236996937468,0.7315372594863832,-0.6301938247908447,-0.2555688807091252,-0.0489236996937468,0.7315372594863832,0.5117257349499416,0.5249027718604348,-0.4366638292122210,0.5214772790265136
2.0691790254023417,-1.0767270695658655,0.2278104132576766,0.5098979876590837,0.5302918805107273,-0.4330107914204859,0.5208610353626192,-0.7417810600705947,0.3321028309947230,0.4423943771288326,1.5079179686849769,-0.2529951140629029,0.2592572142203768,-0.5976490674844530,-0.2531115331435006,-0.1676316743644576,1.5245429949481295,-0.2348920282137408,0.0313429700145560,-0.0209638979122712,-0.8728838804043983,0.6084893812941337,-0.5351498271996199,-2.2055477195257907,-0.5106057321759860,-1.1231746900993496,-0.6698092085204206,-0.1123655679145418,-1.9936056557439776,0.5698257004385643,-0.0005866835859560,0.4129044825171176,0.1536742360937255,-0.0881464440974982,0.2917655970297713,0.2514019801365048,0.5704886953870439,0.0575104005405105,0.4500782382018088,-0.5267891085128981,0.3327311561898897,0.0010913146866261,-0.0017520878299806,-0.2026576094106850,-0.3750233844182686,-1.1230290508309788,0.2614105494604698,-0.0069235731065568,0.0119388328000889,-0.9574485956745629,-1.3443690947445170,-2.6436673719719161,-1.0820858147298269,0.0713845325757050,0.3970530659222842,-0.3427129446191896,0.6297862427077302,-0.7216119405679300,0.7822512740300412,0.2360292447786979,0.0004433682700103,0.0000000000000000,0.0000000000000000,0.5098979876590837,0.5302918805107273,-0.4330107914204859,0.5208610353626192,0.5098979876590837,0.5302918805107273,-0.4330107914204859,0.5208610353626192,0.3733521180416945,0.2640060423680682,-0.5332305342520012,0.7117402636413495,0.4855715985313288,0.1724936441114802,-0.5694558242802211,0.6404578281465579,0.5116180717163308,0.0614880740663687,-0.4146712335796207,0.7500092889307622,0.6568325421502719,0.5580598855166811,0.0477105317261534,0.5048404509465616,0.6576034938805783,0.4899093720246063,-0.0355376997178672,0.5712123282434254,0.7259252858864876,0.4812050334169661,-0.0985689439578100,0.4814128772808636,0.7259252858864876,0.4812050334169661,-0.0985689439578100,0.4814128772808636,0.3238996516147680,0.3976314872038871,-0.5984102498822772,0.6155350427909764,0.2438618419985563,0.4697778662764994,-0.5436123463800688,0.6514029284835372,0.2042255485892110,0.4883152331534059,-0.5955597351308486,0.6042754010090479,0.5589076877103557,0.7704493960802519,-0.2898649158210669,0.1000412678542503,0.5210946284067109,0.7534207359592437,-0.3533551486130667,0.1896252140959691,0.5240000613743009,0.7477952052903706,-0.3651095689919172,0.1814421925986322,0.5240000613743009,0.7477952052903706,-0.3651095689919172,0.1814421925986322,0.5048241710105623,0.5351242778251469,-0.4379520171554835,0.5167132612146299,0.2593944034016519,0.2812626787626945,-0.6231859571615952,0.6820887858744805,0.4533298504660540,0.0798609367955599,-0.6790373056337301,0.5718589118027688,0.4275683161247275,0.2056485038184331,-0.7978715138511264,0.3718804583578124,-0.5302601750953405,-0.2125794705521482,-0.7610787828051353,0.3072347665409638,-0.4320040410645450,-0.3729228186875478,-0.8088298653311128,0.1417579936176116,-0.4320040410645450,-0.3729228186875478,-0.8088298653311128,0.1417579936176116,0.2126287599493523,0.1616885858067610,-0.6216563810918436,0.7363349479075435,-0.0416844040179574,0.3573671014621389,-0.5337495758545829,0.7652859305705756,-0.0632488631662981,0.3518477967093093,-0.5751219938508249,0.7358243006642476,-0.4996661239556369,-0.4215190948739978,-0.2192501372288703,0.7242822616583118,-0.6348215242678802,-0.2419561199195570,-0.0462751576579862,0.7323369976611919,-0.6348215242678802,-0.2419561199195570,-0.0462751576579862,0.7323369976611919,0.5046669376549586,0.5352725645802824,-0.4381038009423068,0.5165845751138133
2.0783007918591170,-1.0735336568047067,0.2253683853597239,0.5055675454208962,0.5365294702337094,-0.4316640448419972,0.5198112513003860,-0.7404961338653472,0.3397668647661736,0.4288180248682250,1.5160810741520614,-0.2529138193769727,0.2592258106561512,-0.6011417953090736,-0.2593241989991226,-0.1840080621025085,1.5285330810617392,-0.2350282317058206,0.0315752608229794,-0.0374828848287673,-0.8977864771954993,0.5569509169278718,-0.5569889007907668,-2.2046937917162057,-0.5047298119185539,-1.1307347816385507,-0.6584039712179874,-0.1265841051780901,-1.9767843788984658,0.5748118537182361,-0.0005702677996842,0.4265466100796709,0.1741612406672677,-0.1428729085012229,0.0832440667350283,0.6900935963402881,0.5755130987155318,0.0826887484409565,0.3205379651944752,-0.7776672082058714,0.4269567122558998,0.0057235229449420,-0.0013578822917639,-0.1569474750138509,-0.2654744965756807,-0.5816461684936892,0.1515810967692368,-0.0069136084488757,0.0113561759272789,-0.7375295951932153,-1.1896942500421273,-2.5170193398081402,-1.1030716636248683,0.0290740624948129,0.2154175169902692,-0.3700808062757678,0.5251198307020568,-0.6450408329801369,0.9218566123003334,0.2493984176286753,0.0010985290726575,0.0000000000000000,0.0000000000000000,0.5055675454208962,0.5365294702337094,-0.4316640448419972,0.5198112513003860,0.5055675454208962,0.5365294702337094,-0.4316640448419972,0.5198112513003860,0.3706460391334255,0.2710773857980094,-0.5304505348284967,0.7125733609136563,0.4855783083558907,0.1776754244461876,-0.5685878670344523,0.6398069923526253,0.5123181960533852,0.0698921740290460,-0.4188564058699362,0.7464612925422318,0.6600217160562094,0.5637356550914296,0.0477698344134877,0.4942585238849831,0.6607759589179164,0.4968950425443412,-0.0358574240818216,0.5614131223521438,0.7277968272801343,0.4880923685073515,-0.0997811503832763,0.4712975069253448,0.7277968272801343,0.4880923685073515,-0.0997811503832763,0.4712975069253448,0.3184495636402480,0.4026422170696629,-0.5966508472309997,0.6168280854088064,0.2361943760825645,0.4762654409564470,-0.5397075302594956,0.6527627656650815,0.1917273065428312,0.4958398869275263,-0.5970476816004201,0.6007641070778895,0.5515224171879767,0.7736615674810798,-0.2984096471592982,0.0906779180623079,0.5127344597210992,0.7576955694101449,-0.3610106203328620,0.1807543358197317,0.5155221652740798,0.7519061133310319,-0.3729188123872313,0.1726431383352496,0.5155221652740798,0.7519061133310319,-0.3729188123872313,0.1726431383352496,0.4958265021117615,0.5455442193037977,-0.4409522176236647,0.5119557855524236,0.2416206743767523,0.2840682945870550,-0.6256275283759711,0.6852115362881019,0.4221600356616654,0.0994349755283910,-0.6798656381176303,0.5913343420085787,0.3905384540878610,0.2211832041161799,-0.8082318710400707,0.3812072254438947,-0.5567469753767671,-0.2157628865260803,-0.7335043239327912,0.3247315644938999,-0.4577455986790441,-0.3788760594480020,-0.7863626284062157,0.1689843635168272,-0.4577455986790441,-0.3788760594480020,-0.7863626284062157,0.1689843635168272,0.2014848833320574,0.1705248384341214,-0.6201607634851835,0.7387325285237951,-0.0485593570307050,0.3621374488390937,-0.5315398021200498,0.7641753043348477,-0.0731808796338819,0.3553889040441255,-0.5780537841271871,0.7308878904418706,-0.5053073388932797,-0.4092006932605630,-0.2173118258275978,0.7280074561782623,-0.6380575349777647,-0.2269652498907027,-0.0411935288083654,0.7346240198798729,-0.6380575349777647,-0.2269652498907027,-0.0411935288083654,0.7346240198798729,0.4956703293556366,0.5456861185779326,-0.4410987379062716,0.5118295497578478
2.0872417845490863,-1.0704551424663264,0.2230194082156447,0.5030164175006588,0.5418014461614689,-0.4284474249954245,0.5194790473897228,-0.7374708635378554,0.3467147107890968,0.4218718819504806,1.5149750969066389,-0.2528437788436234,0.2592543742236624,-0.6045896863819876,-0.2694089895306432,-0.2033234240671763,1.5307641198401456,-0.2351956992466327,0.0318202949657853,-0.0651523467936276,-0.9229422441819686,0.5093449819463250,-0.5781721577923690,-2.2040856680990180,-0.5014247502306928,-1.1380317706885978,-0.6489462917481905,-0.1404226164500204,-1.9605989275359037,0.5797212304972276,-0.0005516995065106,0.4143665067871105,0.1668429929056933,-0.1061637634085351,0.3991021530943607,0.1314835776949289,0.5585172466054613,0.0920060876347636,0.3855900964712204,-0.3189304127478331,0.0023262244065022,0.0020629874745583,-0.0000282287443730,-0.2375707161279385,-0.4728024491340853,-0.8771700871879303,0.1130910032145695,-0.0084067549544604,0.0117482154505292,-1.5205434257434696,-1.2473530200353744,-2.1733255170279864,-0.9590820635102558,0.0856366566560287,0.0811933800653415,-0.3550280244640900,0.4441752658798417,-0.6030758888822042,0.8424146698781768,0.2318199565890776,0.0013765031314910,0.0000000000000000,0.0000000000000000,0.5030164175006588,0.5418014461614689,-0.4284474249954245,0.5194790473897228,0.5030164175006588,0.5418014461614689,-0.4284474249954245,0.5194790473897228,0.3705429200101065,0.2775271865845255,-0.5263312709988087,0.7131984284234230,0.4877625026061307,0.1827986764778971,-0.5662425187167355,0.6387814923169430,0.5152493501465714,0.0764573230253485,-0.4197099296400630,0.7433141730727771,0.6627439729277755,0.5662798490433042,0.0490789589624587,0.4875333985508701,0.6636429404867228,0.5002886010504860,-0.0348764305379263,0.5550432395714919,0.7298224598724699,0.4915829707833649,-0.0992533756802283,0.4646010410207640,0.7298224598724699,0.4915829707833649,-0.0992533756802283,0.4646010410207640,0.3154135476119406,0.4067303394714068,-0.5935882434024244,0.6186580010237871,0.2297818745385439,0.4825108684070620,-0.5338162920154879,0.6553042944933681,0.1800685020474373,0.5031816596099030,-0.5970402519842969,0.5982695792977801,0.5434529868358057,0.7773325162820580,-0.3058440436208007,0.0829001279342988,0.5038188694853045,0.7622387796760379,-0.3674891490501867,0.1735232400541888,0.5065138239624694,0.7563002072139411,-0.3795605728731525,0.1654917346071111,0.5065138239624694,0.7563002072139411,-0.3795605728731525,0.1654917346071111,0.4859505886447805,0.5571591771959317,-0.4443709890672513,0.5059249951697747,0.2228733599455735,0.2884784422151447,-0.6276534106030153,0.6878654301257601,0.3903014496518625,0.1195717188983800,-0.6803463967010928,0.6086839598142708,0.3524436389640018,0.2361931007923262,-0.8179560930797559,0.3885152896420166,-0.5832935614961974,-0.2175125712813848,-0.7044821775313859,0.3408251223021554,-0.4834375305593463,-0.3841172311939737,-0.7622552214066431,0.1941882699466318,-0.4834375305593463,-0.3841172311939737,-0.7622552214066431,0.1941882699466318,0.1894889356953119,0.1811384715755176,-0.6185002862354725,0.7407700002639024,-0.0569019992708699,0.3691049005108085,-0.5283136590861363,0.7625014180451745,-0.0846928048340730,0.3609311917661682,-0.5797146251509483,0.7255940717823477,-0.5107698174614039,-0.3954359596319693,-0.2134285111717758,0.7329344213634580,-0.6407604711668835,-0.2107317918439743,-0.0338004727439356,0.7374792597344740,-0.6407604711668835,-0.2107317918439743,-0.0338004727439356,0.7374792597344740,0.4857961108201337,0.5572938740466187,-0.4445112276819460,0.5058017844243266
2.0960398113365337,-1.0671282658000012,0.2202663721903524,0.4999231820927565,0.5477791911408940,-0.4254540598471371,0.5186555819798618,-0.7358202331054531,0.3542370244639681,0.4137104626137250,1.5165416410064050,-0.2527817647958142,0.2592501244792004,-0.6087777071273632,-0.2775340541887691,-0.2173866016368683,1.5324128785984732,-0.2353597011500337,0.0320503690886440,-0.0944485915497208,-0.9499568632303780,0.4657229029822180,-0.5998714771103359,-2.2037279273959776,-0.4992649401861942,-1.1436121447725314,-0.6422179920795537,-0.1514887817184368,-1.9421756392036780,0.5842681913741736,-0.0005316199346834,0.4112268145672307,0.1752142081001768,-0.1228433636944207,0.3692372084688654,0.1668131470888459,0.5866047067863205,0.1119607076218315,0.3859534480057374,-0.2257029340833502,-0.1494728422304776,0.0032139744153489,0.0016004541089846,-0.1862142333016456,-0.5128512898864553,-0.8552254594341127,0.0498753844212397,-0.0087723465962618,0.0120000173753005,-1.7564705311864823,-1.4329924297744068,-2.1454472984436763,-1.1366408937263472,-0.0149103627471431,0.1180547848784089,-0.2298282120242462,0.2744829059246883,-0.6389185759891809,0.8566316090809806,0.2390448913862708,0.0007881101757173,0.0000000000000000,0.0000000000000000,0.4999231820927565,0.5477791911408940,-0.4254540598471371,0.5186555819798618,0.4999231820927565,0.5477791911408940,-0.4254540598471371,0.5186555819798618,0.3696051296172007,0.2843108155308673,-0.5224003189356541,0.7139028751229065,0.4893620416288046,0.1880369470362925,-0.5642489163491327,0.6378009557542135,0.5175681098203319,0.0834047536705812,-0.4210594039900842,0.7401863799568821,0.6653091682589123,0.5696275626288201,0.0503138213825027,0.4799548623590283,0.6663443780385460,0.5045815145742604,-0.0339549679413681,0.5479322267931224,0.7315803151646624,0.4959593510079841,-0.0988927037030190,0.4572032346403726,0.7315803151646624,0.4959593510079841,-0.0988927037030190,0.4572032346403726,0.3114083320387692,0.4113242491709338,-0.5907692931902804,0.6203457544017333,0.2229444774271411,0.4888158100786699,-0.5284459286906369,0.6573429578630648,0.1690385682766866,0.5099716645394088,-0.5961255316704495,0.5966483170951684,0.5351420382258449,0.7811744037861332,-0.3123502617221513,0.0763338967626520,0.4947715633033669,0.7668108050130711,-0.3730158002293610,0.1675156775970471,0.4973904743001827,0.7607395779352432,-0.3852465346611866,0.1595716709503750,0.4973904743001827,0.7607395779352432,-0.3852465346611866,0.1595716709503750,0.4745087718811879,0.5699356592182370,-0.4485883769804773,0.4987817536731889,0.2017995342032909,0.2937881906131742,-0.6294772480376933,0.6904519108920364,0.3570241335661756,0.1391391717437636,-0.6805831305779846,0.6244843163046222,0.3129089310907473,0.2494098038449127,-0.8272947760653069,0.3942919021293008,-0.6100367771351263,-0.2187695330164309,-0.6739537912831532,0.3546566074126143,-0.5092641260711190,-0.3892955573112967,-0.7362056771263449,0.2170258508142445,-0.5092641260711190,-0.3892955573112967,-0.7362056771263449,0.2170258508142445,0.1762556019457745,0.1939385173078805,-0.6165257295859398,0.7424404616167404,-0.0672905323835286,0.3787565752251679,-0.5236979859239064,0.7601025328957186,-0.0979321112084179,0.3690684301018086,-0.5788262540975508,0.7205261709777419,-0.5148395645575594,-0.3795425799143206,-0.2073511920802537,0.7401980383255969,-0.6415755064892913,-0.1930795769768917,-0.0235963891719298,0.7419867632548984,-0.6415755064892913,-0.1930795769768917,-0.0235963891719298,0.7419867632548984,0.4743568112691866,0.5700621420891313,-0.4487213352939271,0.4986621431503654
