base_x,base_y,base_z,base_qx,base_qy,base_qz,base_qw,J00_HIP_PITCH_L,J01_HIP_ROLL_L,J02_HIP_YAW_L,J03_KNEE_PITCH_L,J04_ANKLE_PITCH_L,J05_ANKLE_ROLL_L,J06_HIP_PITCH_R,J07_HIP_ROLL_R,J08_HIP_YAW_R,J09_KNEE_PITCH_R,J10_ANKLE_PITCH_R,J11_ANKLE_ROLL_R,J12_WAIST_YAW,J13_SHOULDER_PITCH_L,J14_SHOULDER_ROLL_L,J15_SHOULDER_YAW_L,J16_ELBOW_PITCH_L,J17_ELBOW_YAW_L,J18_SHOULDER_PITCH_R,J19_SHOULDER_ROLL_R,J20_SHOULDER_YAW_R,J21_ELBOW_PITCH_R,J22_ELBOW_YAW_R,J23_HEAD_YAW,base_vx,base_vy,base_vz,base_wx,base_wy,base_wz,dJ00_HIP_PITCH_L,dJ01_HIP_ROLL_L,dJ02_HIP_YAW_L,dJ03_KNEE_PITCH_L,dJ04_ANKLE_PITCH_L,dJ05_ANKLE_ROLL_L,dJ06_HIP_PITCH_R,dJ07_HIP_ROLL_R,dJ08_HIP_YAW_R,dJ09_KNEE_PITCH_R,dJ10_ANKLE_PITCH_R,dJ11_ANKLE_ROLL_R,dJ12_WAIST_YAW,dJ13_SHOULDER_PITCH_L,dJ14_SHOULDER_ROLL_L,dJ15_SHOULDER_YAW_L,dJ16_ELBOW_PITCH_L,dJ17_ELBOW_YAW_L,dJ18_SHOULDER_PITCH_R,dJ19_SHOULDER_ROLL_R,dJ20_SHOULDER_YAW_R,dJ21_ELBOW_PITCH_R,dJ22_ELBOW_YAW_R,dJ23_HEAD_YAW,left_foot_contact,right_foot_contact,base_quat_x,base_quat_y,base_quat_z,base_quat_w,LINK_BASE_qx,LINK_BASE_qy,LINK_BASE_qz,LINK_BASE_qw,LINK_HIP_PITCH_L_qx,LINK_HIP_PITCH_L_qy,LINK_HIP_PITCH_L_qz,LINK_HIP_PITCH_L_qw,LINK_HIP_ROLL_L_qx,LINK_HIP_ROLL_L_qy,LINK_HIP_ROLL_L_qz,LINK_HIP_ROLL_L_qw,LINK_HIP_YAW_L_qx,LINK_HIP_YAW_L_qy,LINK_HIP_YAW_L_qz,LINK_HIP_YAW_L_qw,LINK_KNEE_PITCH_L_qx,LINK_KNEE_PITCH_L_qy,LINK_KNEE_PITCH_L_qz,LINK_KNEE_PITCH_L_qw,LINK_ANKLE_PITCH_L_qx,LINK_ANKLE_PITCH_L_qy,LINK_ANKLE_PITCH_L_qz,LINK_ANKLE_PITCH_L_qw,LINK_ANKLE_ROLL_L_qx,LINK_ANKLE_ROLL_L_qy,LINK_ANKLE_ROLL_L_qz,LINK_ANKLE_ROLL_L_qw,LINK_FOOT_L_qx,LINK_FOOT_L_qy,LINK_FOOT_L_qz,LINK_FOOT_L_qw,LINK_HIP_PITCH_R_qx,LINK_HIP_PITCH_R_qy,LINK_HIP_PITCH_R_qz,LINK_HIP_PITCH_R_qw,LINK_HIP_ROLL_R_qx,LINK_HIP_ROLL_R_qy,LINK_HIP_ROLL_R_qz,LINK_HIP_ROLL_R_qw,LINK_HIP_YAW_R_qx,LINK_HIP_YAW_R_qy,LINK_HIP_YAW_R_qz,LINK_HIP_YAW_R_qw,LINK_KNEE_PITCH_R_qx,LINK_KNEE_PITCH_R_qy,LINK_KNEE_PITCH_R_qz,LINK_KNEE_PITCH_R_qw,LINK_ANKLE_PITCH_R_qx,LINK_ANKLE_PITCH_R_qy,LINK_ANKLE_PITCH_R_qz,LINK_ANKLE_PITCH_R_qw,LINK_ANKLE_ROLL_R_qx,LINK_ANKLE_ROLL_R_qy,LINK_ANKLE_ROLL_R_qz,LINK_ANKLE_ROLL_R_qw,LINK_FOOT_R_qx,LINK_FOOT_R_qy,LINK_FOOT_R_qz,LINK_FOOT_R_qw,LINK_TORSO_YAW_qx,LINK_TORSO_YAW_qy,LINK_TORSO_YAW_qz,LINK_TORSO_YAW_qw,LINK_SHOULDER_PITCH_L_qx,LINK_SHOULDER_PITCH_L_qy,LINK_SHOULDER_PITCH_L_qz,LINK_SHOULDER_PITCH_L_qw,LINK_SHOULDER_ROLL_L_qx,LINK_SHOULDER_ROLL_L_qy,LINK_SHOULDER_ROLL_L_qz,LINK_SHOULDER_ROLL_L_qw,LINK_SHOULDER_YAW_L_qx,LINK_SHOULDER_YAW_L_qy,LINK_SHOULDER_YAW_L_qz,LINK_SHOULDER_YAW_L_qw,LINK_ELBOW_PITCH_L_qx,LINK_ELBOW_PITCH_L_qy,LINK_ELBOW_PITCH_L_qz,LINK_ELBOW_PITCH_L_qw,LINK_ELBOW_YAW_L_qx,LINK_ELBOW_YAW_L_qy,LINK_ELBOW_YAW_L_qz,LINK_ELBOW_YAW_L_qw,LINK_ELBOW_END_L_qx,LINK_ELBOW_END_L_qy,LINK_ELBOW_END_L_qz,LINK_ELBOW_END_L_qw,LINK_SHOULDER_PITCH_R_qx,LINK_SHOULDER_PITCH_R_qy,LINK_SHOULDER_PITCH_R_qz,LINK_SHOULDER_PITCH_R_qw,LINK_SHOULDER_ROLL_R_qx,LINK_SHOULDER_ROLL_R_qy,LINK_SHOULDER_ROLL_R_qz,LINK_SHOULDER_ROLL_R_qw,LINK_SHOULDER_YAW_R_qx,LINK_SHOULDER_YAW_R_qy,LINK_SHOULDER_YAW_R_qz,LINK_SHOULDER_YAW_R_qw,LINK_ELBOW_PITCH_R_qx,LINK_ELBOW_PITCH_R_qy,LINK_ELBOW_PITCH_R_qz,LINK_ELBOW_PITCH_R_qw,LINK_ELBOW_YAW_R_qx,LINK_ELBOW_YAW_R_qy,LINK_ELBOW_YAW_R_qz,LINK_ELBOW_YAW_R_qw,LINK_ELBOW_END_R_qx,LINK_ELBOW_END_R_qy,LINK_ELBOW_END_R_qz,LINK_ELBOW_END_R_qw,LINK_HEAD_YAW_qx,LINK_HEAD_YAW_qy,LINK_HEAD_YAW_qz,LINK_HEAD_YAW_qw
1.4329660000000000,0.9465730000000000,0.7383160000000000,-0.2560440440754255,0.0216420037254548,0.0580440099916967,0.9646781660597138,-0.1797550000000000,-0.1832320000000000,-0.0352400000000000,0.2784690000000000,-0.0961340000000000,-0.2874290000000000,-0.2097200000000000,0.0044450000000000,0.1350200000000000,0.8465420000000000,-0.1730880000000000,-0.2703520000000000,-0.0246700000000000,0.1444300000000000,0.0948890000000000,0.0303860000000000,-0.4413660000000000,0.0932210000000000,-0.1728150000000000,-0.4531620000000000,-0.0759220000000000,-0.2120950000000000,0.0444550000000000,-0.0002600000000000,0.4449858080794325,2.4317663360298223,-1.0948331102433415,-2.6022617549428837,-0.7789549955714454,-0.1710704773006443,-0.0679390000000000,-0.8536880000000000,-0.6696520000000000,1.6666700000000001,0.1090570000000000,0.3157620000000000,0.3391970000000000,-2.3538060000000001,-0.2460770000000000,-2.0484969999999998,3.2940250000000000,0.5622370000000000,0.8672530000000001,1.0159549999999999,-0.3702030000000000,0.0390400000000000,-1.3212170000000001,0.4946230000000000,-0.2740260000000000,-2.0270649999999999,-0.3018020000000000,-0.9336310000000000,-0.2436300000000000,-0.0017470000000000,0.0000000000000000,0.0000000000000000,-0.2560440440754255,0.0216420037254548,0.0580440099916967,0.9646781660597138,-0.2560440440754255,0.0216420037254548,0.0580440099916967,0.9646781660597138,-0.2494755146042119,-0.0561330959768255,0.1024184227847060,0.9613123893008523,-0.3363777042768851,-0.0652677298508966,0.0968534007134529,0.9344568381020935,-0.3351755310824367,-0.0711842669280488,0.0803740888081323,0.9360182526819577,-0.3430866017228983,0.0594099695651337,0.0330789133189771,0.9368392736900705,-0.3411009461951443,0.0143276361573735,0.0495255014402508,0.9386117877237696,-0.4720127422656561,0.0070868729520793,0.0510669431484542,0.8800829021677952,-0.4720127422656561,0.0070868729520793,0.0510669431484542,0.8800829021677952,-0.2493556003056422,-0.0829434945644898,0.0574784391264344,0.9631398602182510,-0.2472144078820204,-0.0828155439888276,0.0576626389338481,0.9636916738669903,-0.2522379011174495,-0.0659501253257882,0.1225407046867077,0.9576065987159142,-0.2803109546534471,0.3332020586794359,0.0081210692968508,0.9001867611926622,-0.2785599114392714,0.2541464693969107,0.0323196349638486,0.9256183819630174,-0.4007594748463815,0.2474725045969183,0.0662747778543203,0.8796345017163331,-0.4007594748463815,0.2474725045969183,0.0662747778543203,0.8796345017163331,-0.2562915128332958,0.0184821341130194,0.0461405908553690,0.9653207327327878,-0.2588623671047662,0.0891077131839107,0.0319381941689694,0.9612648137226684,-0.2129814542678024,0.0905221653642947,0.0276761697747388,0.9724601109260631,-0.2115579317092748,0.0928131852345404,0.0426210400956394,0.9720146095191565,-0.1989717250699655,-0.1247208872247846,0.0744977368701167,0.9691775070201408,-0.2139041716523364,-0.1190909500979985,0.1177575116177511,0.9623905233386698,-0.2139041716523364,-0.1190909500979985,0.1177575116177511,0.9623905233386698,-0.2512611108561761,-0.0633408212970625,0.0732736899303059,0.9630611407863632,-0.4611879361647532,-0.0781825715300169,0.0571714857909325,0.8820003368806082,-0.4577581194804194,-0.0976964906068732,0.0248218005893624,0.8833440881040371,-0.4534684186127937,-0.1874285283032301,0.0788825051244268,0.8677640753593062,-0.4616678176513606,-0.1767411754802751,0.0961429259035105,0.8639339794414802,-0.4616678176513606,-0.1767411754802751,0.0961429259035105,0.8639339794414802,-0.2562939133450604,0.0184488160602708,0.0460150987705792,0.9653267228526219
1.4399335603805112,0.9912162916718733,0.7145834960403034,-0.2812953864640790,0.0179145023221610,0.0539406392559411,0.9579365237828834,-0.1795080165698731,-0.1876884881441706,-0.0400339143444155,0.2899880370289987,-0.0948607155287909,-0.2781143123146077,-0.2145843156960389,-0.0202120553302508,0.1469597267363073,0.8276179720701387,-0.1300501282587141,-0.2643070258859665,-0.0029168512251064,0.1621604883474519,0.1284404268254795,-0.0092457292355631,-0.5251926026214917,0.0882846297373309,-0.1486854624613820,-0.4845467407930142,-0.0688988116873523,-0.3037487380024695,0.0431103872795143,-0.0002946791960792,0.3954714029360363,2.2519020401669954,-1.1937864342069162,-3.0597470524305628,-0.5355526420133557,-0.1091951474144051,0.0077648489973250,0.1497607798473842,-0.0781295221508041,0.1646463895837199,0.0261709999220791,0.4696361756805335,-0.4071627991531037,-0.6005807049502990,0.8689087130730231,-0.4449350654023195,1.3047684457027573,0.1513663087920430,1.0369444631946101,0.6024896141294644,3.1230633743238059,-3.0132254404331897,-5.8629509559556476,-0.6444220947667478,1.9724975384093737,-1.2772082399601474,0.6874451039303915,-6.6028149772107110,0.0144975813459047,-0.0014443229606481,0.0000000000000000,0.0000000000000000,-0.2812953864640790,0.0179145023221610,0.0539406392559411,0.9579365237828834,-0.2812953864640790,0.0179145023221610,0.0539406392559411,0.9579365237828834,-0.2750767428647844,-0.0585760135392878,0.1003049121190391,0.9543796732839288,-0.3634364390349789,-0.0677316320790794,0.0943644571502809,0.9243493549649999,-0.3620137982482168,-0.0749641853181975,0.0759164788437047,0.9260470123257523,-0.3691802501964792,0.0594710784008044,0.0228745436455531,0.9271709060101694,-0.3676794696867359,0.0154203239520163,0.0403622280481137,0.9289482825900954,-0.4932993681843655,0.0096571104408559,0.0421145587858424,0.8687858409902368,-0.4932993681843655,0.0096571104408559,0.0421145587858424,0.8687858409902368,-0.2746263464281462,-0.0886666560572178,0.0561695250773589,0.9558051989834243,-0.2836991586009252,-0.0891965588162850,0.0553241840348145,0.9531516122660353,-0.2894225639951884,-0.0683799542701733,0.1243268524732707,0.9466264284597964,-0.3149847367640825,0.3184276651945095,-0.0026837289581868,0.8940812240749240,-0.3144699607866013,0.2584666561994642,0.0181997406116891,0.9132208937806936,-0.4321930349594162,0.2538068831671630,0.0521374048283463,0.8637551375287468,-0.4321930349594162,0.2538068831671630,0.0521374048283463,0.8637551375287468,-0.2813392139359996,0.0172125111851842,0.0515500676601828,0.9580681430278353,-0.2844777289265172,0.0954449363819754,0.0336468798558588,0.9533260582507003,-0.2257376611469559,0.0973213001612659,0.0277563135144912,0.9689172616559727,-0.2258965174592484,0.0970564828328973,0.0261769300301550,0.9689507577137694,-0.2140769659402987,-0.1552967089135054,0.0671808677867750,0.9620502668041033,-0.2297045582285598,-0.1491120459556318,0.1081963408086416,0.9556646721081451,-0.2297045582285598,-0.1491120459556318,0.1081963408086416,0.9556646721081451,-0.2765154670608357,-0.0543908504930255,0.0773938367731856,0.9563425253999212,-0.4967747481612572,-0.0712905893183896,0.0621757385357493,0.8627089190459842,-0.4938315033303456,-0.0905666356791889,0.0329863213510066,0.8641990704831684,-0.4850281280571667,-0.2099920608359815,0.1118046311200749,0.8415169480404552,-0.4933664188712706,-0.1991557784826814,0.1278272518060543,0.8370106010814957,-0.4933664188712706,-0.1991557784826814,0.1278272518060543,0.8370106010814957,-0.2813417221658316,0.0171714649401343,0.0514102894967745,0.9580756537426635
1.4472372415474541,1.0383189688929781,0.6852256386904529,-0.3117401460789734,0.0154224123267139,0.0538620445692440,0.9485141594491390,-0.1787677468850445,-0.1849750725422847,-0.0430269263226475,0.3007582895795408,-0.1043447002009962,-0.2706479038120428,-0.2214308953238625,-0.0262057954558786,0.1624320974647873,0.8247645567189920,-0.1190108896357172,-0.2627653899051116,0.0133655939466360,0.1633079678988907,0.2167949714738014,-0.0758519535928637,-0.6618996488929252,0.0718808879968773,-0.1060678249472057,-0.5061182189906549,-0.0530712297156377,-0.4547583847115106,0.0442274254288861,-0.0003100520998401,0.3958742838838801,2.1829668911113811,-1.3460194711550879,-3.2078817737683072,-0.3173203684632239,0.3336177706234438,0.1465260750558493,-0.0749878443611309,-0.2300597045518628,1.0980253704788241,-1.1377884229996311,0.2884320278455096,-0.2832528919721898,-0.1631503424180897,0.6596576962865209,0.0820458453297056,0.1526536188757079,0.0391893245729244,0.6619558991027730,-0.4251555875558635,5.3068221980950465,-3.3591522712984250,-7.3322995808905622,-0.8896864609466416,2.0517733891086367,-0.9431221306191995,0.8038156065052827,-7.9350977493349593,0.0767120361489648,-0.0002697620838482,0.0000000000000000,0.0000000000000000,-0.3117401460789734,0.0154224123267139,0.0538620445692440,0.9485141594491390,-0.3117401460789734,0.0154224123267139,0.0538620445692440,0.9485141594491390,-0.3054829258208497,-0.0593430150687562,0.1025192942890471,0.9448007106755154,-0.3913666497520204,-0.0685503884533727,0.0966056074038489,0.9125789534735640,-0.3898191363993698,-0.0768638484079377,0.0771624081481890,0.9144282106724093,-0.3969598211687858,0.0599914376955751,0.0183274851527371,0.9156899208077156,-0.3955080579683143,0.0132017793403388,0.0385535007037066,0.9175580181590000,-0.5159279706189097,0.0078682487619464,0.0399843726433444,0.8556621235854680,-0.5159279706189097,0.0078682487619464,0.0399843726433444,0.8556621235854680,-0.3045473501908183,-0.0945354032976261,0.0596641958726362,0.9459144531858993,-0.3167614067964761,-0.0952995071210029,0.0584359708421707,0.9418946079145719,-0.3234028614623282,-0.0695008927364739,0.1340400614208729,0.9341378255060121,-0.3500144347478557,0.3106488905281564,-0.0067855976798142,0.8837087291330176,-0.3497963290187248,0.2574071258249281,0.0140952854798059,0.9006583273954764,-0.4648056611178125,0.2533402914955987,0.0477053687034558,0.8470528861261416,-0.4648056611178125,0.2533402914955987,0.0477053687034558,0.8470528861261416,-0.3116416403911250,0.0172990593282860,0.0595718868156127,0.9481726745809087,-0.3153778940890232,0.0964296033118608,0.0387524043498375,0.9432583774778771,-0.2166345271633131,0.0999055837946414,0.0286232696320324,0.9707054467772148,-0.2200131563701887,0.0944806806942157,-0.0053453242213077,0.9708959982967045,-0.2130170062917013,-0.2229457331522348,0.0454494056395075,0.9501859326609450,-0.2282853963358028,-0.2176752594819250,0.0782432326342289,0.9457173233986086,-0.2282853963358028,-0.2176752594819250,0.0782432326342289,0.9457173233986086,-0.3078357004407942,-0.0337511133814545,0.0798839314981533,0.9474790770080556,-0.5344560897284647,-0.0526114660916564,0.0689392036636335,0.8407354566009873,-0.5327026829440362,-0.0686159613043822,0.0468937940384134,0.8422117747450368,-0.5111770985543880,-0.2426931266533749,0.1729736312385196,0.8061501988369708,-0.5203168728951546,-0.2313742607507701,0.1883998577413407,0.8001511087573930,-0.5203168728951546,-0.2313742607507701,0.1883998577413407,0.8001511087573930,-0.3116443137974869,0.0172508306179244,0.0594251504194939,0.9481818823508000
1.4543116624179855,1.0840740892154657,0.6525043048063921,-0.3430421385103693,0.0136064244076275,0.0581603482009401,0.9374189726681548,-0.1757137785453938,-0.1854664333424387,-0.0451717590704042,0.3292635574499836,-0.1249773513416609,-0.2665252130719460,-0.2265249216498632,-0.0268060433648573,0.1693036638753979,0.8352097640166641,-0.1215086728194436,-0.2623211343385272,0.0205715787034987,0.1405743579127257,0.3399357956919536,-0.1374576180213501,-0.8116297102009710,0.0543708576976193,-0.0725176984037176,-0.5208997057599496,-0.0382018432983039,-0.6119164798126682,0.0459126358761630,-0.0003126148058181,0.3987336238005346,2.1164438895551880,-1.5058255946607542,-3.3891565237675447,-0.0459588765997522,0.8069637429574962,0.0687484751878313,0.0764938906622656,-0.0508541876110099,1.7500902958279816,-0.7977873215345581,0.1486627750081032,-0.2321874559912803,0.0536934819408327,0.0825210931231087,0.9630456236708426,-0.3333525457608276,0.0136695217456894,0.0976677422097281,-1.7554593441022444,6.7457477867909130,-2.7947673040620233,-7.4850230277170837,-0.8444163550078472,1.3241483606079580,-0.5779015346431998,0.6843942028745138,-7.6737457748218718,0.0869069578715764,-0.0000877491886449,0.0000000000000000,0.0000000000000000,-0.3430421385103693,0.0136064244076275,0.0581603482009401,0.9374189726681548,-0.3430421385103693,0.0136064244076275,0.0581603482009401,0.9374189726681548,-0.3364745613808256,-0.0581617616580286,0.1083377997694472,0.9336300124597174,-0.4215520550459101,-0.0679518204166376,0.1024813128336829,0.8984286257174362,-0.4199138553472648,-0.0774334494825163,0.0822108942184368,0.9005097355722709,-0.4276874267341881,0.0696202938059120,0.0130285092887507,0.9011474561078121,-0.4260706151365448,0.0139305248026166,0.0393714104137119,0.9037254358697261,-0.5424943344813964,0.0085697146122684,0.0408745332781370,0.8390206967508889,-0.5424943344813964,0.0085697146122684,0.0408745332781370,0.8390206967508889,-0.3349139763112920,-0.0986230789645622,0.0677972197647118,0.9346173836169994,-0.3474601534699787,-0.0995264499498009,0.0664639787604134,0.9300260571824560,-0.3546252358091286,-0.0698213048883452,0.1447843901204951,0.9210881651006303,-0.3828812154997059,0.3089085707258430,-0.0111154087964215,0.8705480557883487,-0.3828537321417639,0.2557775048869581,0.0120248609291891,0.8876126917178231,-0.4956629348427996,0.2520072851796482,0.0453768388381966,0.8299105528528117,-0.4956629348427996,0.2520072851796482,0.0453768388381966,0.8299105528528117,-0.3428857136425569,0.0171006128183275,0.0677077030409575,0.9367777876156068,-0.3467830021822635,0.0859025176227086,0.0471337027138858,0.9328133365963507,-0.1905931988716701,0.0924199209285418,0.0325482208577182,0.9767668115156372,-0.1963909298655188,0.0837281183449372,-0.0325396363364281,0.9764022618429695,-0.1966833872554645,-0.3055540100377999,0.0223365183195679,0.9313718226771182,-0.2105207709243062,-0.3018119489070282,0.0462719962812083,0.9286815680665411,-0.2105207709243062,-0.3018119489070282,0.0462719962812083,0.9286815680665411,-0.3400641973230740,-0.0172316617864678,0.0827282565272964,0.9365978043445572,-0.5693110032651330,-0.0379106608344003,0.0755226879226927,0.8177677463468952,-0.5683572121832857,-0.0501601538986698,0.0600683232504145,0.8190517900975434,-0.5272230386079324,-0.2777332744319278,0.2391886115614344,0.7666087032728317,-0.5373794594518559,-0.2659990182192078,0.2541023227019281,0.7588806549538176,-0.5373794594518559,-0.2659990182192078,0.2541023227019281,0.7588806549538176,-0.3428883809103679,0.0170470471224278,0.0675613591137695,0.9367883534586527
1.4612869230645471,1.1282605359576174,0.6161075170674501,-0.3754145057867113,0.0122900272817944,0.0677551869977825,0.9242954823589852,-0.1780835549899907,-0.1840167604041841,-0.0451484466889575,0.3804650870099220,-0.1441141456576539,-0.2645900415280117,-0.2296184240602407,-0.0258922261328432,0.1636544112982035,0.8681056429315409,-0.1322057462189735,-0.2621342343150042,0.0159962756330068,0.0904902533724785,0.4837275478984783,-0.1855045086161051,-0.9574373470402784,0.0385937044676020,-0.0557919596071253,-0.5287635206840675,-0.0256849646188727,-0.7579078991528446,0.0476655078815964,-0.0003114601804285,0.4303277014967036,2.0649586243496540,-1.6940827358024051,-3.5403673635533122,0.1373100063936104,1.3318058890078253,-0.2889092631044301,0.1267939399952931,0.0954824500677705,3.3376706879253017,-1.1802892463634815,0.0662374165604872,-0.0626771372871680,0.0131300811736984,-0.6224857134367838,2.2552059500848456,-0.6774977796622724,0.0070495759942912,-0.5488383537588969,-3.0967400705761396,7.4646328742248356,-2.0848085204372948,-7.0919868819061165,-0.7431036560181095,0.4347784052864591,-0.2339668640443567,0.5908434680832730,-6.9780979678690951,0.0883392918279978,0.0002207103814449,0.0000000000000000,0.0000000000000000,-0.3754145057867113,0.0122900272817944,0.0677551869977825,0.9242954823589852,-0.3754145057867113,0.0122900272817944,0.0677551869977825,0.9242954823589852,-0.3678540091717413,-0.0582806976313729,0.1208341227989634,0.9201553689390088,-0.4509525571019026,-0.0691508317392834,0.1149595033860176,0.8824082197567418,-0.4492691915532689,-0.0793551498521145,0.0949277435245352,0.8847873627162417,-0.4590839913587385,0.0864279724487175,0.0097965222256477,0.8841244949716175,-0.4572376007607999,0.0235995289312542,0.0422830866907236,0.8880253258013743,-0.5704353996595801,0.0178127894306645,0.0450277882931325,0.8199138110980596,-0.5704353996595801,0.0178127894306645,0.0450277882931325,0.8199138110980596,-0.3658166260607592,-0.1011367647429044,0.0814379877636274,0.9215841822990855,-0.3777286077186141,-0.1021836174521895,0.0801205301906752,0.9167662231328709,-0.3848609099742647,-0.0707281608585927,0.1553498383719912,0.9070534906790999,-0.4145509600854539,0.3153692336991096,-0.0199748291770245,0.8533995278459061,-0.4149699665956453,0.2589003483888680,0.0071707134953177,0.8721921332457098,-0.5254051727870758,0.2557423137972599,0.0409472643962089,0.8104743024184518,-0.5254051727870758,0.2557423137972599,0.0409472643962089,0.8104743024184518,-0.3752957524134778,0.0154981981555769,0.0756525475071183,0.9236826273834627,-0.3784588386714660,0.0611659052995228,0.0602671979402975,0.9216265536065905,-0.1540538376607846,0.0734908418250670,0.0444128279501336,0.9843241396934758,-0.1603145782890374,0.0648651992093794,-0.0455935984889916,0.9838764992093073,-0.1665555844296679,-0.3928604568393461,0.0040830991054865,0.9043800235791194,-0.1780827654875930,-0.3906682172405361,0.0202619858810397,0.9029143506460349,-0.1780827654875930,-0.3906682172405361,0.0202619858810397,0.9029143506460349,-0.3729788055448346,-0.0099539902208229,0.0878751308024315,0.9236155531818904,-0.6011859173810968,-0.0325517687988064,0.0822283581432205,0.7942004609717814,-0.6006259157774584,-0.0412784587628311,0.0720806367347679,0.7952037348670886,-0.5351327412906657,-0.3132705056097292,0.3031280461731206,0.7236075781368175,-0.5463670537219568,-0.3012806931809240,0.3174037977920204,0.7141203089611823,-0.5463670537219568,-0.3012806931809240,0.3174037977920204,0.7141203089611823,-0.3752981648061594,0.0154396702943020,0.0755084975425058,0.9236944142264838
1.4687920323303945,1.1709181762615517,0.5758452184848435,-0.4087188965904529,0.0107053347950882,0.0836493179508403,0.9087557708114803,-0.1877580936095584,-0.1772055875029116,-0.0377580053469220,0.4713311058729572,-0.1712969023731966,-0.2636229991560770,-0.2277764277878536,-0.0276453120021876,0.1418553684524393,0.9301036285032548,-0.1480129971563731,-0.2620187900884741,-0.0038255267076997,0.0151170864526305,0.6360452373235421,-0.2203954389731518,-1.0939702119938326,0.0246993656851873,-0.0541099875363555,-0.5304901368554148,-0.0140085651143785,-0.8910973612481000,0.0494487171967870,-0.0003043693316880,0.5041553816023761,2.0128297291566430,-1.8906459034012482,-3.7179145349041320,0.3460844428325873,1.9789921190517890,-0.5950288161578855,0.4755253901687974,0.5470608444037205,5.4962076837405842,-1.6343707617212040,0.0342113009010365,0.2460529658048774,-0.2291865540168075,-1.4770112173317842,3.8005859651999603,-0.8569969048929651,0.0050127511254169,-1.3565795572444901,-4.2789848665861303,7.6523624046767642,-1.4917428225527967,-6.6088994086903377,-0.6596435392477599,-0.1646034935771132,-0.0148978538171853,0.6004582156902121,-6.4222238932343103,0.0903875587987520,0.0005639504016092,0.0000000000000000,0.0000000000000000,-0.4087188965904529,0.0107053347950882,0.0836493179508403,0.9087557708114803,-0.4087188965904529,0.0107053347950882,0.0836493179508403,0.9087557708114803,-0.3991574449649115,-0.0612526766886865,0.1419689309932206,0.9037512192855940,-0.4779730603884714,-0.0736394546576900,0.1359569729238064,0.8646587105754459,-0.4764524416611758,-0.0829101114129468,0.1191354619515214,0.8671365094183239,-0.4910671811899229,0.1171070224019652,0.0072945882325131,0.8631835018377308,-0.4887230070322922,0.0442596867040900,0.0484769002372542,0.8699660296089486,-0.5988506136379939,0.0375025841353735,0.0538747241935040,0.7981660308617764,-0.5988506136379939,0.0375025841353735,0.0538747241935040,0.7981660308617764,-0.3971732905014271,-0.1013803469556265,0.1012801196170932,0.9064864808334285,-0.4094585125415549,-0.1027476862595521,0.0998926941613077,0.9010039340251308,-0.4158186170379395,-0.0728576574499168,0.1648108980817666,0.8914168538619002,-0.4457162489099141,0.3314981773947782,-0.0374803930013876,0.8306871878042167,-0.4472635279208116,0.2699014961742220,-0.0048053089070720,0.8526930443958448,-0.5548261809662237,0.2682161736076942,0.0304957840696573,0.7869548908823555,-0.5548261809662237,0.2682161736076942,0.0304957840696573,0.7869548908823555,-0.4087247875072612,0.0104780103233619,0.0831438698040449,0.9088021546468826,-0.4096706159529144,0.0215175609058750,0.0789848991154952,0.9085528970341449,-0.1126145297513601,0.0446123384189523,0.0686393398599948,0.9902607474666749,-0.1172480103682041,0.0389025795610807,-0.0397564197645296,0.9915437057718124,-0.1236011527733855,-0.4794722974593247,-0.0058736423279197,0.8687891408897623,-0.1321025797115735,-0.4785479076722149,0.0039027377964409,0.8680585102018097,-0.1321025797115735,-0.4785479076722149,0.0039027377964409,0.8680585102018097,-0.4063282433334288,-0.0132226239948768,0.0956158694441473,0.9086143991786068,-0.6302961970227816,-0.0378241792540607,0.0888063271317241,0.7703307547695014,-0.6299484934422800,-0.0429746554305093,0.0832581780546309,0.7709644287432820,-0.5368941463148695,-0.3493039311011445,0.3631826639503009,0.6766312082486872,-0.5492510013173106,-0.3371977283157381,0.3766504492975927,0.6653987290448938,-0.5492510013173106,-0.3371977283157381,0.3766504492975927,0.6653987290448938,-0.4087263832406209,0.0104155780556504,0.0830050505630592,0.9088148441557456
1.4776174084391982,1.2120682801742058,0.5315632328306575,-0.4427270506882458,0.0082189040171390,0.1058330274318461,0.8903508176613617,-0.2003385804454259,-0.1582500614583882,-0.0165840707298966,0.6068008853751692,-0.1998849445902041,-0.2630376177155462,-0.2177635064156807,-0.0361417188443889,0.1036697830183110,1.0226422668973516,-0.1655185436982884,-0.2619302813339536,-0.0408369616116212,-0.0803063898599313,0.7880719820034126,-0.2448618411803174,-1.2216749187239639,0.0121610401081881,-0.0632702226520694,-0.5291380376489730,-0.0010661874861030,-1.0143058675689380,0.0513280740837570,-0.0002863620988021,0.6098858790255504,1.9640393746685412,-2.1004800528343379,-3.8797138864923868,0.4815724247573308,2.5721201371694935,-0.5823901186636006,1.4462798105164074,1.4933292409004797,7.7804197539752362,-0.9731321335118934,0.0269370954588613,0.7136243977043852,-0.6181685770451202,-2.2240621677737842,5.2809460530051560,-0.8649416135145079,0.0040231397175641,-2.2568147661822793,-5.1111151592350961,7.5167087315581425,-1.0161628288831661,-6.2145187262705370,-0.6036936011862424,-0.6951336769882920,0.1293480825944878,0.6817862954507852,-5.9703986419051187,0.0973659913648153,0.0012457758892046,0.0000000000000000,0.0000000000000000,-0.4427270506882458,0.0082189040171390,0.1058330274318461,0.8903508176613617,-0.4427270506882458,0.0082189040171390,0.1058330274318461,0.8903508176613617,-0.4301583518308557,-0.0659339101834294,0.1707366501841164,0.8840053778806963,-0.4999113037564221,-0.0794616097539923,0.1648761256321669,0.8465166295758076,-0.4991098214391071,-0.0843495417365391,0.1565848903027391,0.8480894487497993,-0.5230776334892162,0.1663858703365416,0.0043853245511976,0.8358745721842806,-0.5200846648416765,0.0829806944195897,0.0560480430043649,0.8482244765541402,-0.6268501007024136,0.0749121321398344,0.0664481092977103,0.7726783111220336,-0.6268501007024136,0.0749121321398344,0.0664481092977103,0.7726783111220336,-0.4291223704399521,-0.0984282607536296,0.1267672453820136,0.8888734072809632,-0.4445694627743173,-0.1006255879146158,0.1250301886488462,0.8812490770218301,-0.4493570875269390,-0.0764573349255262,0.1724637439619386,0.8732060128308923,-0.4766356999896671,0.3563832618442530,-0.0669622624126625,0.8008279687830522,-0.4805159731725928,0.2896788680930220,-0.0277476957252005,0.8272971765262372,-0.5844416647140223,0.2908217100178387,0.0103205726591537,0.7574590149365115,-0.5844416647140223,0.2908217100178387,0.0103205726591537,0.7574590149365115,-0.4428032975808960,0.0001773297491458,0.0896462083313440,0.8921259807546570,-0.4393972968184572,-0.0319907644595397,0.1031115732901420,0.8917817053469753,-0.0708094745829352,0.0092389340073841,0.1075641559976244,0.9916302802719446,-0.0722231567245593,0.0081544312531855,-0.0136321807098184,0.9972619939277603,-0.0689886122513428,-0.5616227930548484,-0.0058314005880396,0.8244916036371062,-0.0738321809885422,-0.5614936593438451,-0.0012374461767312,0.8241796820439662,-0.0738321809885422,-0.5614936593438451,-0.0012374461767312,0.8241796820439662,-0.4398232893403217,-0.0265061338287429,0.1050073085340525,0.8915303495550488,-0.6577454080681299,-0.0530547818671624,0.0944155712641762,0.7454138905260468,-0.6576733923564935,-0.0539091100597039,0.0935618752984078,0.7455237704657837,-0.5345274794752141,-0.3850490574315052,0.4198388574314133,0.6243019548645272,-0.5480394619903151,-0.3729216150493329,0.4322971947643435,0.6113111748767915,-0.5480394619903151,-0.3729216150493329,0.4322971947643435,0.6113111748767915,-0.4428033185738278,0.0001133770730210,0.0895173604736626,0.8921389187674046
1.4881234359469864,1.2520167904724140,0.4829353168450952,-0.4766617083549872,0.0043556957097816,0.1319162181586110,0.8691218298315367,-0.2104566225343195,-0.1321272729526378,0.0103250560087411,0.7769727893134416,-0.2385510410453913,-0.2627342489501300,-0.1994535805244954,-0.0561325399099003,0.0568162972817126,1.1415755848829998,-0.1812962502915188,-0.2618568081554233,-0.0935101652850381,-0.1876352303452206,0.9327169854809446,-0.2609535051485952,-1.3421794517771326,0.0005277342296327,-0.0830975030644047,-0.5262100406529818,0.0127854171028522,-1.1295961821100915,0.0533616722234285,-0.0002535414571387,0.6966889846065699,1.9438870295100168,-2.3393255262641985,-3.9460595785689314,0.4270961230935375,2.8566997507715852,-0.4099724160354145,1.5112806780840700,1.5231855112790116,9.1629186945738503,-2.1896261228591007,0.0145559257076421,1.1081534304377041,-1.1989142286104193,-2.3622009026465713,6.3937153573703815,-0.7059748359496326,0.0034235366464342,-2.9370011399353175,-5.5252045680994781,7.0557996178974269,-0.6324742144306631,-5.8975408778054765,-0.5645602414135044,-1.2022190937134141,0.2211383580895241,0.7008247662952080,-5.5946137129213405,0.1048254017678629,0.0017595048282682,0.0000000000000000,0.0000000000000000,-0.4766617083549872,0.0043556957097816,0.1319162181586110,0.8691218298315367,-0.4766617083549872,0.0043556957097816,0.1319162181586110,0.8691218298315367,-0.4605959982387421,-0.0705952433443753,0.2028995605466742,0.8612197201374174,-0.5176973425756105,-0.0841346112109857,0.1976696416986214,0.8281530905800364,-0.5180001081667508,-0.0822499802596164,0.2006822587314434,0.8274282202807524,-0.5554893159365184,0.2299868803621308,-0.0053945259938413,0.7990673024413998,-0.5523162134674146,0.1350663364632307,0.0595338674313774,0.8204630422658182,-0.6550402341227691,0.1261031352469898,0.0767150304556731,0.7410365004933644,-0.6550402341227691,0.1261031352469898,0.0767150304556731,0.7410365004933644,-0.4615272141593104,-0.0925935604659650,0.1549500021221127,0.8685675333518627,-0.4846939518059028,-0.0967227389093624,0.1524066349450652,0.8558555383272168,-0.4874402351575147,-0.0817651043473820,0.1786653087861280,0.8507615366816991,-0.5074133076982658,0.3859913281722551,-0.1097770949914452,0.7625558465855223,-0.5152225891393529,0.3159376465309505,-0.0637570314129914,0.7941436444941359,-0.6144944736151785,0.3215574246275784,-0.0219631103669809,0.7200798472018860,-0.6144944736151785,0.3215574246275784,-0.0219631103669809,0.7200798472018860,-0.4763949777039674,-0.0165282036364355,0.0937185316994228,0.8740660618735252,-0.4662002094240209,-0.0960225847669701,0.1304385305957648,0.8697257140522446,-0.0323145157467858,-0.0282445579114996,0.1594891594989959,0.9862663053266792,-0.0296895300462703,-0.0241626139385833,0.0304344088038892,0.9988035075299067,-0.0053552394032423,-0.6354657428823478,0.0034771990718231,0.7721026616458038,-0.0060055608024209,-0.6355014257591470,0.0039878451515661,0.7720660387483617,-0.0060055608024209,-0.6355014257591470,0.0039878451515661,0.7720660387483617,-0.4722764107099208,-0.0504945833183489,0.1150337653399706,0.8724520168892780,-0.6830904077214751,-0.0786965522512827,0.0979250875748713,0.7194477220522167,-0.6835613858694263,-0.0745577718203661,0.1017662777154462,0.7189079183938610,-0.5290811036996385,-0.4212126998965453,0.4720247741346870,0.5655489897055189,-0.5438083231911621,-0.4091242299161137,0.4832316008190435,0.5507967793056059,-0.5438083231911621,-0.4091242299161137,0.4832316008190435,0.5507967793056059,-0.4763928493950747,-0.0165894346574175,0.0936061870106786,0.8740781003184502
1.5003364632822347,1.2907793249258039,0.4303097296615609,-0.5108291636000696,-0.0006684601711711,0.1591725535199691,0.8448178602412389,-0.2137469105216427,-0.0874467090074704,0.0497481457069802,0.9722376962530900,-0.2645609263621694,-0.2624432501949334,-0.1735835174104484,-0.0846791197654125,0.0116989241446064,1.2764750811582162,-0.1927274956487643,-0.2617953552789866,-0.1598528852074195,-0.2990586486886668,1.0693047097453086,-0.2691726824853780,-1.4568943333853854,-0.0103445452651091,-0.1109726014733513,-0.5199260171237684,0.0265069068509247,-1.2381469207114442,0.0554880968159903,-0.0002152872966372,0.7673340183004537,1.8983494871960009,-2.5423701545341868,-4.1087512261673460,0.4267994294954902,2.9582447422643003,0.0455688387894684,2.6893077641542598,2.1264183969262196,10.0775842226306498,-0.6429134571958670,0.0133037458959115,1.3918584811392360,-1.6543151407936914,-2.0741858105553721,6.9404626585102926,-0.4505974533236720,0.0026960411419386,-3.6004964450768013,-5.5418714593148533,6.5974508066207820,-0.2293678505753437,-5.5892393271736607,-0.5256767628907100,-1.5292036065791303,0.3590508628349249,0.6541276303246417,-5.2991592839672590,0.1063541357111670,0.0020111244138267,0.0000000000000000,0.0000000000000000,-0.5108291636000696,-0.0006684601711711,0.1591725535199691,0.8448178602412389,-0.5108291636000696,-0.0006684601711711,0.1591725535199691,0.8448178602412389,-0.4915232115058378,-0.0736386960942173,0.2342533222577931,0.8355283693566110,-0.5297590777548208,-0.0844278138200257,0.2305845198725210,0.8118238989984785,-0.5315423893234303,-0.0723562337494561,0.2489903607231888,0.8063690619417818,-0.5865467613892155,0.3052186825923608,-0.0222802173361820,0.7498720186910955,-0.5843965742896302,0.2041515401589067,0.0549013236568070,0.7834466397081689,-0.6818920693386188,0.1952117433041132,0.0811442047511233,0.7002365308126769,-0.6818920693386188,0.1952117433041132,0.0811442047511233,0.7002365308126769,-0.4952884527886736,-0.0841770868946933,0.1827527273464251,0.8451065064378385,-0.5292524666294866,-0.0915407161317797,0.1791776732763166,0.8242617819940281,-0.5299611811828272,-0.0873442761869230,0.1857031403244471,0.8228161808875200,-0.5374184442787524,0.4151100315516331,-0.1628678164526808,0.7157787031046283,-0.5505456189298797,0.3446547481388472,-0.1106527512725027,0.7522423776272441,-0.6440234161538606,0.3561493052677134,-0.0647193876373350,0.6739457787290347,-0.6440234161538606,0.3561493052677134,-0.0647193876373350,0.6739457787290347,-0.5092909585148319,-0.0396181877221926,0.0942902038119942,0.8544954512703655,-0.4901606657103695,-0.1661668305644301,0.1585497385322263,0.8408288093434371,0.0002598114637206,-0.0636470959292481,0.2206773263120578,0.9732679473451995,0.0069098924068878,-0.0548510235544797,0.0885757894445232,0.9945340356801424,0.0641480448268036,-0.6976198009589152,0.0204445872513826,0.7132977362273504,0.0680128855168017,-0.6970961094244366,0.0179285455538670,0.7135193262157062,0.0680128855168017,-0.6970961094244366,0.0179285455538670,0.7135193262157062,-0.5036088103021988,-0.0838286741533762,0.1244589437804417,0.8508001474428338,-0.7056297444284644,-0.1130389540422361,0.0986887540011187,0.6925094862025818,-0.7070731776234015,-0.1036094565742641,0.1068304019324235,0.6913030212698974,-0.5214418094072252,-0.4566690120849667,0.5186083596164160,0.5005968658905384,-0.5374015574271167,-0.4446714020472373,0.5282911964520546,0.4841232508643955,-0.5374015574271167,-0.4446714020472373,0.5282911964520546,0.4841232508643955,-0.5092866111295695,-0.0396740336682034,0.0941965037407914,0.8545057855039158
1.5136405306717118,1.3287477183066037,0.3737955946785377,-0.5443854213186113,-0.0049291213219447,0.1855231267525820,0.8180473007465383,-0.2069908370774731,-0.0279937937049040,0.0903747851756522,1.1735041583813803,-0.2688831186290764,-0.2622267243161944,-0.1449890977488978,-0.1231645120713664,-0.0208039502704711,1.4145900971651710,-0.1985298314534196,-0.2617534674951411,-0.2372904148119266,-0.4065485181796645,1.1941900963087710,-0.2709187878598733,-1.5641634079835558,-0.0203397647605702,-0.1431556700760540,-0.5123886520237990,0.0379509686781503,-1.3405178196022027,0.0575578217052263,-0.0001768995722776,0.7771486386612519,1.8870610944628443,-2.7612485671041513,-4.1565877012651802,0.4769918150969692,2.7619005450665570,0.5766615509305425,3.1093189810080335,1.8909941128459957,9.9077731853822311,-0.0206242072201805,0.0088245572901727,1.4271008374671617,-2.1155222884842448,-1.1814964035709672,6.7623331374294393,-0.1593623316881336,0.0015652070058735,-4.0655769001087476,-5.1946543395542895,5.9360319299502056,-0.0243270761227486,-5.1582016525868495,-0.4763692829012554,-1.6313258569633680,0.3858822433572249,0.4904833204442541,-4.9510688954722912,0.0999513502740995,0.0017505245791820,0.0000000000000000,0.0000000000000000,-0.5443854213186113,-0.0049291213219447,0.1855231267525820,0.8180473007465383,-0.5443854213186113,-0.0049291213219447,0.1855231267525820,0.8180473007465383,-0.5229562593687539,-0.0723520194833559,0.2611404662079004,0.8081383501433660,-0.5367032616581153,-0.0768083411400811,0.2598646504353919,0.7990747468860104,-0.5395247797896017,-0.0535063018356928,0.2942073707053015,0.7870782112849545,-0.6126784145876210,0.3844096345348567,-0.0476458317457469,0.6889007678123414,-0.6135368320959390,0.2886178498286537,0.0348929884937405,0.7342034947995959,-0.7042648481758575,0.2815781494069972,0.0723293139900443,0.6476829778048031,-0.7042648481758575,0.2815781494069972,0.0723293139900443,0.6476829778048031,-0.5295696905581638,-0.0736792474493972,0.2082148437801302,0.8190078694170388,-0.5773086327010718,-0.0859235704769051,0.2034679156810573,0.7860869480749098,-0.5764918470568267,-0.0912429045553078,0.1962112713190405,0.7879295778511464,-0.5672100779483272,0.4381640352710934,-0.2216177794976708,0.6611887517791926,-0.5863544301008862,0.3705937296089981,-0.1644086220874399,0.7012977790203442,-0.6728625768108258,0.3888804276981095,-0.1146382152492495,0.6187778642496012,-0.6728625768108258,0.3888804276981095,-0.1146382152492495,0.6187778642496012,-0.5402523074588267,-0.0671358880678717,0.0907800393846636,0.8338939988200365,-0.5110297482107499,-0.2362742646426322,0.1848057859932349,0.8055246053192070,0.0246323789683317,-0.0931807603723929,0.2851246263748830,0.9536322872246761,0.0345455998720059,-0.0809216176002419,0.1542159306491210,0.9841116502046247,0.1342222018543397,-0.7450618267615666,0.0423101465706467,0.6519793910310824,0.1425873402555718,-0.7432792592157392,0.0377800087109120,0.6525162558590764,0.1425873402555718,-0.7432792592157392,0.0377800087109120,0.6525162558590764,-0.5328938195903860,-0.1227662918144334,0.1319009815150940,0.8267736967948713,-0.7252625699894837,-0.1522204179631791,0.0964280855644602,0.6644733051385419,-0.7280586628707553,-0.1380439476262963,0.1078277102793700,0.6627576003626852,-0.5128178786162445,-0.4888766478694592,0.5588306793149246,0.4309590681211797,-0.5299172017853856,-0.4770194700498492,0.5667245424666910,0.4128722289174073,-0.5299172017853856,-0.4770194700498492,0.5667245424666910,0.4128722289174073,-0.5402462495830985,-0.0671846187206925,0.0907048215176686,0.8339021838154640
1.5266458798319389,1.3671405877361604,0.3138801988478203,-0.5765110659211828,-0.0063412638772517,0.2088829991948667,0.7899130786929777,-0.1801073793978039,0.0015201840472642,0.0964034735885420,1.3435135477297520,-0.2672143650450676,-0.2621078258318427,-0.1223523317559769,-0.1686622260093603,-0.0295638362209209,1.5396721488590590,-0.1998102441398381,-0.2617482323598699,-0.3206134128793504,-0.5017772447860779,1.3008319147313612,-0.2709060505787767,-1.6601135456199112,-0.0292105090229767,-0.1735717190578560,-0.5018689756869712,0.0452438280175317,-1.4335602473467655,0.0594367084220769,-0.0001488447175413,0.6116906634236372,2.0349535813698414,-2.8774274067479433,-4.1043986430206356,0.6025115541555555,2.0438189986930406,2.7487219474011462,-2.6799763186114842,-3.3782146710640735,5.8825236893529507,0.0476498825436875,0.0027720110571885,0.4554127897501392,-2.2250146776491273,0.2923442269968261,5.6027812163784994,-0.0234503502318419,-0.0017743130586698,-4.1235709968999101,-4.2538216361133907,4.6220276470609125,0.0119359612411091,-4.4073531825787438,-0.4164303103990556,-1.3090390310921165,0.9709048508365419,0.2768484582088607,-4.2882043055698169,0.0897364967174973,0.0008753238594059,0.0000000000000000,0.0000000000000000,-0.5765110659211828,-0.0063412638772517,0.2088829991948667,0.7899130786929777,-0.5765110659211828,-0.0063412638772517,0.2088829991948667,0.7899130786929777,-0.5554849410516105,-0.0631930234267076,0.2785343320812487,0.7809364557421643,-0.5527951847509078,-0.0622344742635728,0.2787500718760310,0.7828427373096426,-0.5552686223200338,-0.0336511981579446,0.3187404361133663,0.7674300543473702,-0.6335513879849126,0.4476149766073154,-0.0923652928827599,0.6242772814782749,-0.6402093939676485,0.3604334332003661,-0.0071162084359144,0.6783575986782118,-0.7233682054129000,0.3582724442117303,0.0400469213505700,0.5888765059047730,-0.7233682054129000,0.3582724442117303,0.0400469213505700,0.5888765059047730,-0.5628881449639167,-0.0625145477154248,0.2301930133295136,0.7913659357069239,-0.6258948693181374,-0.0811829695416585,0.2242904757634258,0.7425353328289814,-0.6246000315261004,-0.0906082921148199,0.2130722446076538,0.7458318554442994,-0.5983494779071185,0.4506921769274355,-0.2783933962809252,0.6011252621973726,-0.6231274735017598,0.3885043006670613,-0.2173410512808454,0.6430703130752098,-0.7017188364783455,0.4135447853596627,-0.1647829927829203,0.5562534946612124,-0.7017188364783455,0.4135447853596627,-0.1647829927829203,0.5562534946612124,-0.5685075039923180,-0.0959397657989842,0.0834703703346596,0.8127899338199605,-0.5294950288128620,-0.2997962971250000,0.2070072170769688,0.7660973872626470,0.0381959543128033,-0.1148402722885770,0.3457477686876635,0.9304897964955456,0.0503922249075160,-0.1007479465363124,0.2174886741126040,0.9695406910338156,0.1964145611959719,-0.7776162397963939,0.0655549354172559,0.5936639236112894,0.2089002919104113,-0.7741003418777235,0.0598807137046574,0.5945953488472289,0.2089002919104113,-0.7741003418777235,0.0598807137046574,0.5945953488472289,-0.5598341905950216,-0.1617951460626483,0.1359619751677524,0.8012005685593758,-0.7418643855484160,-0.1905772488908657,0.0913435284305311,0.6363756009417090,-0.7460570405297970,-0.1730939512117568,0.1044705423608225,0.6344472256292548,-0.5046429556432122,-0.5144805647673675,0.5915399660119632,0.3615600979185885,-0.5226624157384905,-0.5027842073045696,0.5975211310063647,0.3420534140458121,-0.5226624157384905,-0.5027842073045696,0.5975211310063647,0.3420534140458121,-0.5685002783386429,-0.0959825728245753,0.0834091688996081,0.8127962166412548
1.5352037942391419,1.4011754313786762,0.2813182582460927,-0.5754444312450431,-0.0088745056551212,0.2436032995388117,0.7806679077253341,-0.0898918232561779,-0.1010202867662401,0.0146059632088841,1.4671376838793615,-0.2665848768760755,-0.2620377292273636,-0.0864955814497329,-0.2082665168746091,-0.0142109723903452,1.6781256172607850,-0.2001118714205375,-0.2617602961859684,-0.3643506899379090,-0.5648870862345897,1.1796557921315218,-0.2588225709678342,-1.5245531643126404,-0.0375854770568352,-0.1974479949291662,-0.4051993649461383,0.0782759425890667,-1.5842543593407807,0.0615394173177843,0.0000296444770387,0.4718947172486558,1.4294164093725377,-0.7073385442247677,1.2977745145825041,2.6203247165022394,3.6323525385278153,4.5603205090476457,-4.7994161316553834,-4.2622050042892088,7.2073743592763728,0.0197165413853137,0.0051223782629932,1.8389786892802333,-0.7328901567407213,0.6034921553343138,6.9834696462683343,0.0071052560694990,-0.0014075022775717,-1.3954886356017977,-2.7648848974480948,-9.5809593496771868,1.0721066040337164,9.3448951381308820,-0.4190823028074114,-0.8561493230175310,6.8426912769217951,2.7088432506002476,-7.6336575491638232,0.0860248101090090,0.0054291481596491,0.0000000000000000,0.0000000000000000,-0.5754444312450431,-0.0088745056551212,0.2436032995388117,0.7806679077253341,-0.5754444312450431,-0.0088745056551212,0.2436032995388117,0.7806679077253341,-0.5632088767895520,-0.0388091718780762,0.2808097110066285,0.7761671955757752,-0.5980873878692635,-0.0516001801225721,0.2787430125201462,0.7496207246696381,-0.5986441425710166,-0.0446798912529244,0.2873936816004758,0.7463469499228654,-0.6384175315258637,0.4622867235708624,-0.1827374977909193,0.5876402364981949,-0.6570419439824755,0.3800771449715439,-0.0962591372607960,0.6438722126414660,-0.7355317262673837,0.3893955637589873,-0.0457772056894390,0.5525111962831251,-0.7355317262673837,0.3893955637589873,-0.0457772056894390,0.5525111962831251,-0.5641506738390981,-0.0495651935099671,0.2593013598442021,0.7823299262984635,-0.6418866457908788,-0.0760645675314567,0.2528004849500596,0.7199219612781671,-0.6412811984576839,-0.0810105485914604,0.2472431653859146,0.7218493836608447,-0.6145952619647639,0.4791394870147547,-0.3076417109168283,0.5459437641899286,-0.6422531965704594,0.4222050928221293,-0.2447071511427420,0.5910770688071800,-0.7138991478531281,0.4505298334266297,-0.1875142645718266,0.5022044170148633,-0.7138991478531281,0.4505298334266297,-0.1875142645718266,0.5022044170148633,-0.5644712525531722,-0.1121929380246670,0.0992719130144052,0.8117450566433450,-0.5132439853920525,-0.3412551384681673,0.2368574957401345,0.7510153584579130,-0.0000810989870859,-0.1481396584554589,0.3880865681931235,0.9096391870427193,0.0159852618637937,-0.1394577773700184,0.2666641811483317,0.9535125663706017,0.2013305390947961,-0.7633350076205565,0.1379937241058526,0.5981165540896878,0.2171694627943622,-0.7583757936177236,0.1305008740142067,0.6005606563585607,0.2171694627943622,-0.7583757936177236,0.1305008740142067,0.6005606563585607,-0.5527775863248047,-0.1873532821965534,0.1588238520011075,0.7963106628336913,-0.7062622674411800,-0.2162808323943222,0.1163996127704478,0.6639784192837541,-0.7139215163140272,-0.1889468101213660,0.1388423145576418,0.6598014725484616,-0.4170330520352088,-0.5675309423736479,0.6305344750362315,0.3262182379166788,-0.4371545718453221,-0.5583287507123096,0.6354606403595375,0.3055399499191753,-0.4371545718453221,-0.5583287507123096,0.6354606403595375,0.3055399499191753,-0.5644723063666751,-0.1121876358902370,0.0992795378046918,0.8117441241374858
1.5414067229718154,1.4265556320958150,0.2771667736268070,-0.5605765029076240,-0.0086881067379431,0.2871124084106596,0.7766884614346992,-0.0124630542441581,-0.1551260160299232,-0.0596983410996958,1.6201204884730296,-0.2639301527913793,-0.2618693476057913,-0.0677756876071824,-0.2001531109981825,-0.0191153798636618,1.7970128591239514,-0.1994279642392812,-0.2618134667822397,-0.3881774558236072,-0.6078649317477240,0.9987519172187971,-0.2305431975952024,-1.3925104824988119,-0.0452062203545805,-0.2014908853380750,-0.2642086632917121,0.1438044950023195,-1.6985036616718345,0.0625928805958727,0.0000480971045477,0.3888295034744030,1.1777245221848700,0.0105454819514109,0.2782627731566549,3.0517135632995362,3.3075760734371311,3.0716050345570780,-0.3358093017503494,-2.6757219230804319,7.6123252586206336,0.3440482623647778,0.0160008439757285,0.2182697892087359,0.8741908409613762,-1.1172704834394154,4.9129790465352832,0.0322019244223321,-0.0025274204020567,-1.2939429213444831,-1.3931109552965211,-8.0505135299193942,1.5125605989269639,3.7755584297641116,-0.3377918531515531,0.2603372155357448,6.6578424847921340,3.4412147854285511,-4.1389731305278961,0.0321888877359827,-0.0011287007865098,0.0000000000000000,0.0000000000000000,-0.5605765029076240,-0.0086881067379431,0.2871124084106596,0.7766884614346992,-0.5605765029076240,-0.0086881067379431,0.2871124084106596,0.7766884614346992,-0.5579931698919840,-0.0143173063442446,0.2940074323549134,0.7758854727426028,-0.6161899688547908,-0.0369574409043876,0.2920265452021146,0.7305234881520571,-0.6149583491173576,-0.0536857430452774,0.2720703365731034,0.7381881886087921,-0.6229991789462298,0.4934923401815714,-0.2531166968504274,0.5516060831698373,-0.6509461335665815,0.4164094029913206,-0.1687162422141561,0.6118882004976606,-0.7252712311271841,0.4348746076926204,-0.1128983475106847,0.5216509177724177,-0.7252712311271841,0.4348746076926204,-0.1128983475106847,0.5216509177724177,-0.5507170270647666,-0.0392127230030654,0.2985547354844655,0.7784845460093806,-0.6263683966779521,-0.0691012407028998,0.2930828999768397,0.7190202110633456,-0.6257628488241570,-0.0743855285325294,0.2870037002106571,0.7214683127080520,-0.6157829222539153,0.5156496756229498,-0.3078338180960012,0.5100540609845331,-0.6433765143666637,0.4622949999064553,-0.2449835252920812,0.5588676642626210,-0.7108213284264966,0.4903175924648603,-0.1825438389059144,0.4701057800654511,-0.7108213284264966,0.4903175924648603,-0.1825438389059144,0.4701057800654511,-0.5485258027454313,-0.1159350789593529,0.1329773932392072,0.8173099253505213,-0.4819026638958059,-0.3639646280531075,0.2747556779452893,0.7482037753801528,-0.0576075805968933,-0.1845924234032650,0.4169970866314561,0.8880993376986388,-0.0388006010602925,-0.1835353436382663,0.3104590807976714,0.9318929392066501,0.1757297280752826,-0.7416631861776805,0.2243667057726669,0.6072185457313378,0.1943747305946383,-0.7357559976632717,0.2149232322180464,0.6121189265671616,0.1943747305946383,-0.7357559976632717,0.2149232322180464,0.6121189265671616,-0.5330819428327678,-0.1941213255034550,0.1926753750075580,0.8006352184834994,-0.6386996381070124,-0.2189057613534258,0.1639730367950733,0.7192050355305158,-0.6528530426452787,-0.1716980462514510,0.2099474579121075,0.7072656859614221,-0.2860299927687056,-0.6117315699178263,0.6595999437031685,0.3299988543455618,-0.3080206889307345,-0.6065078266623747,0.6646712997855372,0.3090041660387831,-0.3080206889307345,-0.6065078266623747,0.6646712997855372,0.3090041660387831,-0.5485287214983989,-0.1159212685496632,0.1329979708158775,0.8173065770859969
1.5468333664898770,1.4492145291583249,0.2789385475744128,-0.5528721567109223,0.0000955022373012,0.3282300901844161,0.7658964532563572,0.0406108160681644,-0.1462285745235194,-0.1154638758121037,1.7545715709520553,-0.2535846636082519,-0.2616869231314936,-0.0769072362767611,-0.1866388107262137,-0.0550743264665195,1.8728350450572002,-0.1990880584648820,-0.2618462513359071,-0.4151139657511340,-0.6179803135540967,0.8659313889849674,-0.2092341933163185,-1.3740156642221886,-0.0506832206294336,-0.1903240141692444,-0.1533507961605550,0.2073143187238388,-1.7530581339134472,0.0630897447730068,0.0000240701920341,0.3425830558285121,1.0920704852555583,0.1450086317590329,-0.7022024456755105,3.1398078655634083,2.7917537346662074,2.5159383357423533,0.3752796436286903,-3.3665461657716027,5.9255809624236253,0.6030619792716886,0.0046862992391882,-0.9356812522483009,0.5325243534999285,-2.2201618381525985,2.9586254450999050,0.0078505004207752,-0.0010871146613041,-1.3215189829404848,-0.0274895883361057,-5.5537887028949440,0.5554408542041509,-0.9601945311964954,-0.2245193002783297,0.7527894244799787,4.6166523032214037,2.8522862989185684,-1.7605249084967338,0.0219836890431706,-0.0011124820985891,0.0000000000000000,0.0000000000000000,-0.5528721567109223,0.0000955022373012,0.3282300901844161,0.7658964532563572,-0.5528721567109223,0.0000955022373012,0.3282300901844161,0.7658964532563572,-0.5584248977664042,0.0107099996278198,0.3151522887069126,0.7672848000484236,-0.6132543149812113,-0.0124584718988262,0.3150880125412252,0.7242123141646334,-0.6116712961152359,-0.0457634556588107,0.2752697964433338,0.7402637846071618,-0.6044235192886015,0.5369919042515769,-0.2908392075632660,0.5115901283674458,-0.6364768120992963,0.4676421392238517,-0.2116896383509691,0.5756696920082679,-0.7061464993310771,0.4912647656059361,-0.1488643793429748,0.4877042629703396,-0.7061464993310771,0.4912647656059361,-0.1488643793429748,0.4877042629703396,-0.5405919004914097,-0.0330211176149673,0.3405948644330424,0.7685474228935928,-0.6102366476602097,-0.0647943759029943,0.3360014058572456,0.7145040083622528,-0.6084008682702983,-0.0802213237498394,0.3178065647952733,0.7227806790976080,-0.6174493452060583,0.5331502199762738,-0.2998481869940770,0.4945687149428549,-0.6441934009185323,0.4813565275002746,-0.2369968171770252,0.5451084885542082,-0.7098433694784416,0.5081765940671055,-0.1721282869301822,0.4563450371027726,-0.7098433694784416,0.5081765940671055,-0.1721282869301822,0.4563450371027726,-0.5411756543339009,-0.1131218013609138,0.1644368095045631,0.8168799819392671,-0.4634891720191244,-0.3659970338171930,0.3052849772081763,0.7470107371042584,-0.1024540362348890,-0.2017430153840719,0.4318014611088323,0.8731268088812764,-0.0835978449734748,-0.2056060621079804,0.3372612275836134,0.9148728938541328,0.1551438072694462,-0.7414079326198680,0.2770581498372484,0.5911712595543157,0.1760018601146759,-0.7349624539483023,0.2667401579649781,0.5980829580010479,0.1760018601146759,-0.7349624539483023,0.2667401579649781,0.5980829580010479,-0.5236518119272074,-0.1874240163907158,0.2203181138894607,0.8013244952187080,-0.5869921032437411,-0.2046954627025665,0.2043712327526036,0.7561563578398676,-0.6058623567570717,-0.1399233089650633,0.2755696540894607,0.7330850141818823,-0.1856855486027566,-0.6225516404542061,0.6757359815824208,0.3483263056427317,-0.2083947406585866,-0.6204328994044045,0.6815241400061784,0.3273522506281645,-0.2083947406585866,-0.6204328994044045,0.6815241400061784,0.3273522506281645,-0.5411771415648474,-0.1131146862019473,0.1644475494837243,0.8168778199228668
1.5521891422635483,1.4705532510958754,0.2819030161103626,-0.5502786745557521,0.0134805811046726,0.3650603468038134,0.7508279413112741,0.0793298913087987,-0.1188838639051301,-0.1743149770932358,1.8533107715568198,-0.2393015733786215,-0.2615491574455788,-0.1012453240742440,-0.1825193221242758,-0.1075115242944696,1.9150345752483258,-0.1990900951725894,-0.2618495440537866,-0.4427245742364334,-0.6097927300848638,0.7752018434535685,-0.2070222538905104,-1.4226040680472107,-0.0542435367562997,-0.1724167123990315,-0.0827831887147517,0.2542180439851163,-1.7733244896656901,0.0635153117120550,0.0000104694514825,0.3233502814239374,1.0481475777693281,0.1902205653469746,-1.3284931726457061,3.1242816831527302,2.4190665767137625,1.5710638196295648,1.8321544251977231,-2.7589827459663709,4.1326687129800046,0.7406833322446397,0.0072498230521478,-1.3845520194510137,-0.0148688353476607,-2.8125243168429663,1.5250479838377959,-0.0058422030546582,0.0004377546010252,-1.3488065381172076,0.6440851680328818,-3.8568988127920711,-0.1940258995208020,-3.3457598124155203,-0.1463267134613018,0.9847647221445868,2.6758782258336264,1.9115811606230262,-0.5309703675877993,0.0210582086178862,-0.0004475018308699,0.0000000000000000,0.0000000000000000,-0.5502786745557521,0.0134805811046726,0.3650603468038134,0.7508279413112741,-0.5502786745557521,0.0134805811046726,0.3650603468038134,0.7508279413112741,-0.5634417973690127,0.0356673675889013,0.3371514812609182,0.7533857302540478,-0.6085185444189946,0.0149547075109460,0.3387028773872687,0.7174690924848516,-0.6076132160911102,-0.0363956289953579,0.2770158277292519,0.7434673960631556,-0.5877005431424043,0.5706621454093231,-0.3170798965106867,0.4779258589109042,-0.6215281539905201,0.5091322160534216,-0.2442014393451463,0.5430034966696153,-0.6870331766335346,0.5366304957560134,-0.1757204240444589,0.4573133037679170,-0.6870331766335346,0.5366304957560134,-0.1757204240444589,0.4573133037679170,-0.5324280996773828,-0.0292407632042184,0.3812142889404407,0.7552092176005279,-0.5990265718747250,-0.0638546965863037,0.3769641018041401,0.7035537007669603,-0.5949978808937908,-0.0942750116415383,0.3406492535461399,0.7218364288191232,-0.6214656465810101,0.5352807236975692,-0.2895597387919996,0.4933661466174629,-0.6471644043696581,0.4836028993411876,-0.2263683412637678,0.5441174905653692,-0.7126610165942078,0.5090167228943556,-0.1612958957680052,0.4549724005356799,-0.7126610165942078,0.5090167228943556,-0.1612958957680052,0.4549724005356799,-0.5399559755064237,-0.1069387219516923,0.1923976110521119,0.8124006484018134,-0.4551671360098178,-0.3560794034948980,0.3302449055008012,0.7463033157464235,-0.1359936337064767,-0.2031429208319302,0.4411203837031197,0.8635111420177475,-0.1172161528516280,-0.2104644565987813,0.3490062556689163,0.9056266998731914,0.1444465162793440,-0.7530421077841273,0.3038518468701130,0.5654527769782570,0.1669595596384431,-0.7462659959605289,0.2934796033747854,0.5736560738991235,0.1669595596384431,-0.7462659959605289,0.2934796033747854,0.5736560738991235,-0.5217680317228740,-0.1741864208183400,0.2430369354151849,0.7989682471153223,-0.5564586089884327,-0.1847238756615837,0.2351275205799448,0.7752070402861106,-0.5769678653411418,-0.1078516397095237,0.3255337233568172,0.7412853034649359,-0.1200225410813686,-0.6139178467932535,0.6877534586654083,0.3683675435144593,-0.1428112443168164,-0.6138603671043199,0.6943801791487560,0.3472989562330638,-0.1428112443168164,-0.6138603671043199,0.6943801791487560,0.3472989562330638,-0.5399565831478611,-0.1069356537972342,0.1924022272943698,0.8123995551416877
1.5578266285015636,1.4910598189377540,0.2844667554680674,-0.5513017373225930,0.0289403187188362,0.3967840323477033,0.7333425420984663,0.1062706455400413,-0.0823111196609523,-0.2276349838618442,1.9183518902475352,-0.2264933264055466,-0.2614301583941747,-0.1315978800258028,-0.1864790959581075,-0.1635059449758532,1.9354800655184219,-0.1993191398287913,-0.2618340411040662,-0.4678244505547611,-0.5972310203584028,0.7370795103969346,-0.2282249913608397,-1.5076812097089538,-0.0564875755958841,-0.1520425491207684,-0.0493807074825034,0.2818165242784856,-1.7775175814122903,0.0639351743126419,0.0000053615181292,0.3266283089799897,1.0074052603802774,0.1134312882681112,-1.7634611683392074,2.6710770603707501,1.9506106017692715,1.2191144233986695,1.7837399329506434,-2.5024880441112773,2.5798044032203262,0.5244382325119041,0.0048533412030855,-1.5555785369235580,-0.3463193030450945,-2.7424307917258477,0.6773576267968207,-0.0155663013844887,0.0010990994125101,-1.1042257615354603,0.4752657766744255,-0.5573350475569372,-1.5718872089710905,-4.7577635610284998,-0.0934398758211699,1.0755023108335287,0.8987767697483826,0.9411261300773833,-0.0636315691882695,0.0211214942179623,-0.0005189234289125,0.0000000000000000,0.0000000000000000,-0.5513017373225930,0.0289403187188362,0.3967840323477033,0.7333425420984663,-0.5513017373225930,0.0289403187188362,0.3967840323477033,0.7333425420984663,-0.5708363120358873,0.0582554306446788,0.3587661788565731,0.7362330056241195,-0.6019137595426272,0.0428012987265618,0.3609361648799732,0.7110506028281800,-0.6029430363522624,-0.0243273511450446,0.2797150452597251,0.7467445134421352,-0.5760719551289687,0.5962455115683351,-0.3315447392799699,0.4502338040443876,-0.6099865651628822,0.5412776498090713,-0.2640022764127699,0.5150123243057722,-0.6719131574912662,0.5710717960300400,-0.1911954495090838,0.4311078898096875,-0.6719131574912662,0.5710717960300400,-0.1911954495090838,0.4311078898096875,-0.5260400996011112,-0.0257555713497122,0.4179674433681543,0.7402173197381920,-0.5924344188870317,-0.0644150565113487,0.4137763087296096,0.6882305762945474,-0.5855020208084433,-0.1109739781057004,0.3581645353160627,0.7187421828823288,-0.6272500480288878,0.5286820016499398,-0.2786607758129941,0.4994005310394378,-0.6518596125308065,0.4763795884190513,-0.2148801905251591,0.5495161844830003,-0.7180175890581714,0.5003543677122297,-0.1508526275996815,0.4597170143258338,-0.7180175890581714,0.5003543677122297,-0.1508526275996815,0.4597170143258338,-0.5431057781159143,-0.0990316181810857,0.2168897964618543,0.8051010300380192,-0.4533814683340724,-0.3414393937730429,0.3520765714515898,0.7442489317332155,-0.1543425253915067,-0.1914247470206257,0.4515477139941015,0.8576943587727298,-0.1350957191479814,-0.2014634642223448,0.3514709722993212,0.9042288288273013,0.1468729276464079,-0.7684966532123730,0.3101560644496204,0.5400411584417237,0.1706222859108750,-0.7613465187032402,0.3001194685262024,0.5487875897107690,0.1706222859108750,-0.7613465187032402,0.3001194685262024,0.5487875897107690,-0.5252994444030112,-0.1579977532018552,0.2618868301043706,0.7940481672486494,-0.5454442545674484,-0.1646467522179704,0.2577585086530105,0.7803477195202225,-0.5652927220863028,-0.0802556917793615,0.3591116320679753,0.7382695971030845,-0.0836386682579502,-0.5957504587418433,0.7001481551519102,0.3845497691044655,-0.1061661074183210,-0.5968855784137058,0.7075104355744969,0.3631602228639093,-0.1061661074183210,-0.5968855784137058,0.7075104355744969,0.3631602228639093,-0.5431060949828691,-0.0990298804145284,0.2168923725284154,0.8051003360554131
1.5638173328601110,1.5107419721681130,0.2861851993289798,-0.5543522791573914,0.0443685604862747,0.4231861772002545,0.7152890610515569,0.1235942495127098,-0.0391810627156384,-0.2667236845904096,1.9571073929813945,-0.2188855173336251,-0.2612947649888614,-0.1605089745276079,-0.1957767184867904,-0.2164850561324872,1.9440464878754093,-0.1997938583680838,-0.2617967581204000,-0.4797715282982085,-0.5928065602545376,0.6892816260660389,-0.2453213567337170,-1.5951645815017299,-0.0584490183287980,-0.1270953026325901,-0.0416803932165115,0.2917527707265323,-1.7779329493668654,0.0643835462220210,-0.0000124105781506,0.3291018720033456,0.9542759508033818,0.1184787015682426,-1.7411929552878072,2.3652235111500390,1.6604723620753761,0.6270071316839102,2.2947520266321013,-1.5382547840838514,1.4659559511226041,0.2446615878440673,0.0070150108635658,-1.3762812330149794,-0.5442865904052312,-2.4984218599006116,0.2784038667998597,-0.0372884219471872,0.0022104780419333,-0.2195520093761060,0.0757754119876705,-3.0519069807410113,-0.6740691035691659,-4.2262297172008445,-0.0942835211086896,1.3134751932902047,0.0467900552312129,0.1929799196649624,-0.0020541914912455,0.0237959579283428,-0.0006872447973826,0.0000000000000000,0.0000000000000000,-0.5543522791573914,0.0443685604862747,0.4231861772002545,0.7152890610515569,-0.5543522791573914,0.0443685604862747,0.4231861772002545,0.7152890610515569,-0.5790061762975047,0.0777516252373745,0.3783433790730149,0.7180270329826756,-0.5945804904988984,0.0694535147037619,0.3799542564714001,0.7051843819900231,-0.5985509361885060,-0.0093019984132119,0.2839667804456860,0.7490080888860259,-0.5702246362789835,0.6156276766967048,-0.3372598698175138,0.4267343530537395,-0.6037168238932358,0.5652143907968449,-0.2728119355106904,0.4915611221682687,-0.6626133073155813,0.5959397380691901,-0.1968488971545505,0.4087174393726928,-0.6626133073155813,0.5959397380691901,-0.1968488971545505,0.4087174393726928,-0.5213241579603164,-0.0215165954117468,0.4494753544853298,0.7250724544203448,-0.5893261965214931,-0.0650994251528749,0.4452562442151607,0.6709721126288978,-0.5791633383987536,-0.1269374984649338,0.3719499835452592,0.7142197901759363,-0.6337493154343601,0.5182783809098130,-0.2685866117121023,0.5075535016892271,-0.6573684913995771,0.4650964893113021,-0.2040677076843657,0.5566940747176994,-0.7244081881132086,0.4877538320451263,-0.1416141695401438,0.4661270248604875,-0.7244081881132086,0.4877538320451263,-0.1416141695401438,0.4661270248604875,-0.5490395113118436,-0.0884908672410353,0.2412961906012943,0.7952993963500079,-0.4531054700167757,-0.3265939863101963,0.3762671775347384,0.7392258195280622,-0.1741162163360097,-0.1788457230128689,0.4650320721670144,0.8493779620551092,-0.1546564011607562,-0.1921710459866801,0.3570938099009412,0.9009082625854981,0.1523690328082231,-0.7832333369667130,0.3197952354657573,0.5109405298843264,0.1771593421654571,-0.7756533152874528,0.3103291040383475,0.5202618082791045,0.1771593421654571,-0.7756533152874528,0.3103291040383475,0.5202618082791045,-0.5326362537634542,-0.1375164331785495,0.2795416712025159,0.7869207748204318,-0.5489552810340428,-0.1433247960059869,0.2766086010641900,0.7756247701640211,-0.5664267226738692,-0.0552026986463952,0.3810488005118415,0.7286393082531186,-0.0659350200037402,-0.5725928241822250,0.7144640544125680,0.3966499032956978,-0.0880136027272392,-0.5743754574553807,0.7224420140226447,0.3747318721203201,-0.0880136027272392,-0.5743754574553807,0.7224420140226447,0.3747318721203201,-0.5490390230069612,-0.0884938968640218,0.2412918021003374,0.7953007278209637
1.5702052462082559,1.5293208252150332,0.2873802275389716,-0.5580002455939426,0.0586821062063664,0.4442218579657863,0.6984690954034478,0.1341155009723344,0.0022135251264475,-0.2908685046485232,1.9777884919324138,-0.2166852447594016,-0.2611772054529140,-0.1862747894079460,-0.2072055426717682,-0.2616063438933769,1.9474230443434875,-0.2011042289422754,-0.2617488537874775,-0.4760188768302250,-0.5939290959164122,0.6297506569236425,-0.2612557324956737,-1.6783819090453036,-0.0601720055266791,-0.1012851342594853,-0.0475717001840029,0.2928242829900294,-1.7778477117832130,0.0648806125678914,-0.0000208745048385,0.3444309357960336,0.8919765151246565,0.0734608427001740,-1.6701853866398262,1.8904869291808426,1.2561286452546261,0.3164092872705909,2.0475900787969814,-0.8182032000776551,0.7303053215146855,0.0485819152752924,0.0061694810721868,-1.2122245649235561,-0.5776143600860520,-2.0486227893120428,0.0924463544794575,-0.0908367037175898,0.0024790171848622,0.5124252129552245,-0.1714987973382985,-2.2593195422472738,-1.1147012192959180,-4.1699454610024240,-0.0755586274935506,1.2631827921492236,-0.5724778617885444,-0.0221490246255818,0.0055180738740690,0.0246827648363809,-0.0003570900945683,0.0000000000000000,0.0000000000000000,-0.5580002455939426,0.0586821062063664,0.4442218579657863,0.6984690954034478,-0.5580002455939426,0.0586821062063664,0.4442218579657863,0.6984690954034478,-0.5863873222320130,0.0939146738433023,0.3952304998913075,0.7008015370403693,-0.5870463959815172,0.0935427886042826,0.3953186824671473,0.7002495376347538,-0.5943990860648862,0.0079656022987426,0.2902773639785189,0.7499102130434885,-0.5694391751497322,0.6305707484737049,-0.3366158750829827,0.4059671287385515,-0.6025121752801096,0.5829530417311243,-0.2730390085543095,0.4717992471203639,-0.6588210777629654,0.6135451696689175,-0.1947995734898554,0.3893202260856176,-0.6588210777629654,0.6135451696689175,-0.1947995734898554,0.3893202260856176,-0.5176502679179564,-0.0167546835437302,0.4752284316203481,0.7112773147538749,-0.5880553718770490,-0.0655397606601264,0.4709854789838002,0.6542691326706161,-0.5747725428314091,-0.1405030413477126,0.3830793649105387,0.7093275826858126,-0.6399789941862954,0.5075552032196734,-0.2598849030117819,0.5150479976385614,-0.6628167007987578,0.4533407250509871,-0.1943895495014992,0.5633550489674347,-0.7306680448611709,0.4748322164640169,-0.1335645018446872,0.4720371789103106,-0.7306680448611709,0.4748322164640169,-0.1335645018446872,0.4720371789103106,-0.5560669151290660,-0.0748161050213086,0.2666202524022333,0.7836490141238329,-0.4525608397614593,-0.3104862245345957,0.4028765371230048,0.7324462345622597,-0.2015829529274294,-0.1693679791918513,0.4796099325644120,0.8370502453849994,-0.1819538846794072,-0.1871434685864600,0.3660652887859094,0.8932336258569711,0.1556196506444498,-0.7956680036287496,0.3383428436363061,0.4777227988016050,0.1812704675899763,-0.7876901721969051,0.3296358740644406,0.4878784692255795,0.1812704675899763,-0.7876901721969051,0.3296358740644406,0.4878784692255795,-0.5417561205891986,-0.1134812196844047,0.2976072740725584,0.7778510326548291,-0.5596650855599989,-0.1203584937733301,0.2948930480336460,0.7650666083441110,-0.5739041671703595,-0.0305604705564684,0.3980211522239222,0.7150379199218779,-0.0562900031456976,-0.5461805863724110,0.7303406896300557,0.4063504395056596,-0.0778083270122239,-0.5483842584716790,0.7388784923054864,0.3837696482480057,-0.0778083270122239,-0.5483842584716790,0.7388784923054864,0.3837696482480057,-0.5560661609423321,-0.0748217102622754,0.2666123530794199,0.7836517016594430
1.5771078756052475,1.5469033911787207,0.2875246734153139,-0.5622724165743642,0.0713425141538636,0.4594600115884144,0.6838541313650198,0.1376379639471732,0.0393792252592955,-0.2985657729848709,1.9864437853195180,-0.2162937738699836,-0.2610727423785000,-0.2074555446223373,-0.2185433435837428,-0.2969806592124618,1.9483742411155318,-0.2034632829202156,-0.2616992097623786,-0.4551092237055683,-0.6018575484699876,0.5774210638121124,-0.2825168944122616,-1.7566997459647058,-0.0617243135084593,-0.0762602495052258,-0.0631430224672155,0.2908045433209028,-1.7777459803528710,0.0653824109375409,-0.0000294623065117,0.3655615208794320,0.8460904016328776,0.0132682851048975,-1.4958524899151602,1.3950241223224986,0.8516399232108693,0.2515793255444165,1.4621421756907378,-0.1724581418878099,0.2428256572808032,0.0032667046967499,0.0034181326055123,-0.9570638547846615,-0.5209780929787153,-1.5392413468564761,0.0253622321868532,-0.1345318623889539,0.0024065609260923,1.4900233654688426,-0.6080631576691352,-2.7144586259580383,-1.0908423115839021,-3.7327044508132556,-0.0772043238483757,1.2284152594787423,-0.9214628606609936,-0.1653108657029536,0.0046109541395733,0.0248126794023751,-0.0005435799429308,0.0000000000000000,0.0000000000000000,-0.5622724165743642,0.0713425141538636,0.4594600115884144,0.6838541313650198,-0.5622724165743642,0.0713425141538636,0.4594600115884144,0.6838541313650198,-0.5926229359311935,0.1064611760794549,0.4090431159220676,0.6856732480656067,-0.5800270951140485,0.1138988996645771,0.4070347569319521,0.6963607658664475,-0.5905115442066718,0.0264670846504621,0.2990678412720260,0.7491021531844965,-0.5730517725003175,0.6419467884686477,-0.3312961266883486,0.3869869032025928,-0.6054636214819820,0.5964250425207382,-0.2675056272050761,0.4540173026765381,-0.6594113411522735,0.6261715593638100,-0.1875933638915305,0.3713416098789845,-0.6594113411522735,0.6261715593638100,-0.1875933638915305,0.3713416098789845,-0.5156701835832771,-0.0117294836020992,0.4945958948358124,0.6995152477174322,-0.5885467545921342,-0.0653418788079633,0.4904009776171488,0.6394138235016955,-0.5726359208845250,-0.1508142751195009,0.3914907462769481,0.7043281565523496,-0.6455955361139947,0.4979054676797492,-0.2537386570025025,0.5204932688775734,-0.6680012798508814,0.4425483073686380,-0.1869523801007470,0.5683080971950032,-0.7364428184128168,0.4631583432758001,-0.1276109158112927,0.4762895951288542,-0.7364428184128168,0.4631583432758001,-0.1276109158112927,0.4762895951288542,-0.5637860898937219,-0.0581830697756470,0.2921934654677763,0.7703135426381670,-0.4512031762975555,-0.2934808699804822,0.4312604568353861,0.7240850026237470,-0.2241361486513912,-0.1571977303979769,0.4973987095199299,0.8231927989197646,-0.2043835877515183,-0.1796852866759050,0.3757734464230559,0.8858526196683935,0.1634977473488425,-0.8042336416826080,0.3544292660777018,0.4481703153326950,0.1898357068888473,-0.7957500594125156,0.3464442564742871,0.4590431619041601,0.1898357068888473,-0.7957500594125156,0.3464442564742871,0.4590431619041601,-0.5520185693683408,-0.0869958328144401,0.3160106958601617,0.7667101566090214,-0.5752553237066232,-0.0966391996430547,0.3131962642137537,0.7494333043854456,-0.5860141244347029,-0.0055127900365464,0.4131381699664020,0.6970465605867771,-0.0509864194357865,-0.5158739134282007,0.7484236381240259,0.4136865339536569,-0.0717969901078399,-0.5183894145527668,0.7574716950074741,0.3903258105142423,-0.0717969901078399,-0.5183894145527668,0.7574716950074741,0.3903258105142423,-0.5637852643604124,-0.0581910685262741,0.2921825365585091,0.7703176880768526
1.5846118000795708,1.5635321079252098,0.2865954463672244,-0.5669863564322610,0.0820019685233292,0.4692405768443108,0.6720233848764402,0.1360525197618543,0.0694983446439569,-0.2926505099415336,1.9884151908799828,-0.2162686342139578,-0.2609877260305191,-0.2230500534397480,-0.2280236340473411,-0.3233931246238925,1.9484899932179467,-0.2064188980923835,-0.2616502346713837,-0.4157692041713462,-0.6174473344460926,0.5302741905276478,-0.3059852533063299,-1.8276497310659137,-0.0631845661144529,-0.0524186976589043,-0.0840459325145374,0.2862676897619532,-1.7776627366814204,0.0658626346159790,-0.0000395325290410,0.3952999247559933,0.8028826503510567,-0.0398233292029702,-1.3439796628389933,0.9614441750147139,0.4943806713739347,-0.2804409690040303,1.4625968323475125,0.5750073115347273,0.0275035883085412,0.0006253655742820,0.0050888743450394,-0.6406921659104455,-0.4057081543895507,-1.1694154581504417,-0.0063163070727218,-0.1516325266910996,0.0025071350062065,2.3427992125076682,-0.9308641553306786,-2.5207463443767826,-1.1078118681974491,-3.3536432597138459,-0.0727719517730538,1.1502553595452740,-1.0938222646241449,-0.2620764456711389,0.0051847865611476,0.0236834043620120,-0.0003992939853174,0.0000000000000000,0.0000000000000000,-0.5669863564322610,0.0820019685233292,0.4692405768443108,0.6720233848764402,-0.5669863564322610,0.0820019685233292,0.4692405768443108,0.6720233848764402,-0.5980487896446335,0.1160998410308396,0.4188945717898991,0.6733392977111625,-0.5753084817256719,0.1299765189093607,0.4147986739306598,0.6928696237331198,-0.5881371346844079,0.0443672786917119,0.3089140528858195,0.7461222174123794,-0.5796131588406243,0.6496720037736088,-0.3246255802673604,0.3695850460281867,-0.6112627001321383,0.6059901254733633,-0.2601751192798704,0.4375417540802825,-0.6630020010747623,0.6346937392156100,-0.1791060642860108,0.3542784522199223,-0.6630020010747623,0.6346937392156100,-0.1791060642860108,0.3542784522199223,-0.5156972600936437,-0.0065705941793252,0.5077152144640904,0.6901003001200069,-0.5906040301593254,-0.0640837964891946,0.5036975071744133,0.6271913327313903,-0.5727676656939866,-0.1576612017852436,0.3969721665509596,0.6996379389162174,-0.6501815003414894,0.4902254294811673,-0.2508260682114025,0.5234781069054417,-0.6725356479685087,0.4337713475346647,-0.1826075083129915,0.5711328375932005,-0.7412953223172097,0.4538864677115034,-0.1244594651390262,0.4785166257052176,-0.7412953223172097,0.4538864677115034,-0.1244594651390262,0.4785166257052176,-0.5716156524216028,-0.0381234459179298,0.3186701492474223,0.7551499750093323,-0.4476746181770651,-0.2755312731024612,0.4621616297603386,0.7141964587981554,-0.2428482910008847,-0.1434909664523998,0.5185761246208233,0.8071640806414492,-0.2233125796064533,-0.1708400425945469,0.3884144503244651,0.8775416721814128,0.1757719497098968,-0.8084065325413202,0.3703701210058571,0.4223849823393454,0.2026526956188195,-0.7992745965184207,0.3630268642717750,0.4339395120702257,0.2026526956188195,-0.7992745965184207,0.3630268642717750,0.4339395120702257,-0.5627668110576579,-0.0577445671896730,0.3354543906142631,0.7532791203462941,-0.5931179671279273,-0.0714222352532298,0.3328106782147195,0.7296211303462415,-0.6002032504218605,0.0204500564370270,0.4281334883343448,0.6753070187266106,-0.0470293218050374,-0.4819883820477326,0.7678613030094825,0.4193619699044590,-0.0669884831200726,-0.4847914564582512,0.7773921942029263,0.3951596680668721,-0.0669884831200726,-0.4847914564582512,0.7773921942029263,0.3951596680668721,-0.5716149139787484,-0.0381345163742773,0.3186555242203443,0.7551561465431023
1.5928715221905991,1.5792747317808860,0.2847177326148465,-0.5721947940472735,0.0911162519530819,0.4744564119496701,0.6627081253878403,0.1304317809334788,0.0922777691442895,-0.2775441583113069,1.9882083676804232,-0.2163380916062672,-0.2609176570725837,-0.2326663499445191,-0.2346347490179715,-0.3433314145767293,1.9483516125396692,-0.2092475752965652,-0.2616009312655237,-0.3606167245218226,-0.6384093088526507,0.4866364669366509,-0.3281207957524194,-1.8909922011671723,-0.0645150608450052,-0.0312996833002656,-0.1070145758195618,0.2803350364725912,-1.7775616087681272,0.0663146373842612,-0.0000462158822481,0.4336215723695507,0.7684259885461777,-0.0938909045626674,-1.1980072833227253,0.5789834589450373,0.1787627764737739,-0.4116586059769995,1.0623313125266396,0.9791786442245504,-0.0432242468711303,-0.0035926329547823,0.0035581795927462,-0.3329516779464918,-0.2737371843110519,-0.8769397550728123,-0.0111537165665210,-0.1291101523078657,0.0024816968179566,3.0677276626321648,-1.1007633585450998,-2.2264077754598008,-1.0073282217054906,-2.9882565200703817,-0.0641737566739499,0.9686452586575572,-1.1593769476785054,-0.3081179737704888,0.0061224818045109,0.0220273609568542,-0.0001128104282033,0.0000000000000000,0.0000000000000000,-0.5721947940472735,0.0911162519530819,0.4744564119496701,0.6627081253878403,-0.5721947940472735,0.0911162519530819,0.4744564119496701,0.6627081253878403,-0.6025644257678535,0.1231877876637577,0.4259404236665079,0.6635628359517745,-0.5720513582341242,0.1422560813007976,0.4199567631026272,0.6900411350055866,-0.5862900612717760,0.0611842559691832,0.3197419452524336,0.7418123343013542,-0.5876936729745936,0.6552158885543254,-0.3171546850442297,0.3531588762668898,-0.6184974101764750,0.6132615423407017,-0.2518569060098739,0.4218285589976458,-0.6681181041277217,0.6408146748920357,-0.1699357904091347,0.3377818504861027,-0.6681181041277217,0.6408146748920357,-0.1699357904091347,0.3377818504861027,-0.5180362603667005,-0.0007250761415299,0.5153852757920453,0.6826535905615895,-0.5942099205072898,-0.0609050483158743,0.5117744457554467,0.6174885117409605,-0.5752133658081914,-0.1610106777057054,0.3993804886401897,0.6954857085187907,-0.6535640078317562,0.4848749554687968,-0.2514543270213441,0.5239475991435280,-0.6762269227821086,0.4275800020454376,-0.1819130006775357,0.5716643691362602,-0.7450125835153321,0.4476543556235924,-0.1245896298088559,0.4785804555548928,-0.7450125835153321,0.4476543556235924,-0.1245896298088559,0.4785804555548928,-0.5792162425290224,-0.0147512065723408,0.3456566304208202,0.7381141105149969,-0.4419710027358590,-0.2557878261201769,0.4946211463837525,0.7032667646771001,-0.2577607493084513,-0.1278806734767772,0.5419631203249804,0.7896087041533181,-0.2391490317768994,-0.1598946489668086,0.4042214729406142,0.8682433084370259,0.1920304959259666,-0.8080715508763572,0.3862150181486663,0.4012263912744663,0.2192870175621391,-0.7981583988709736,0.3793965018517058,0.4134182732090032,0.2192870175621391,-0.7981583988709736,0.3793965018517058,0.4134182732090032,-0.5734189629312429,-0.0263863635887663,0.3559853395100598,0.7374068692528747,-0.6112175527348831,-0.0449767975730977,0.3541170566487863,0.7063931632591364,-0.6145949735487901,0.0470867595077763,0.4439650764792358,0.6503467278570754,-0.0425206096818924,-0.4451705034602548,0.7878272134903990,0.4234896719935168,-0.0615015351019755,-0.4482905527812274,0.7978146830648007,0.3984280022204932,-0.0615015351019755,-0.4482905527812274,0.7978146830648007,0.3984280022204932,-0.5792159031699615,-0.0147645257216377,0.3456396572989945,0.7381220587392400
1.6020254983559614,1.5942180594338620,0.2819436006993007,-0.5778673304308264,0.0991242893436980,0.4758913417630971,0.6555693361634417,0.1231598294822876,0.1073077376857669,-0.2567792177853340,1.9872364442199473,-0.2164657649029830,-0.2608677673400388,-0.2364402319759907,-0.2384826111100439,-0.3588190547598964,1.9481913981668193,-0.2112956831972592,-0.2615492011154539,-0.2936007133021032,-0.6610518695151032,0.4471307146516157,-0.3469381406710657,-1.9469265790490047,-0.0656541434451060,-0.0148459910862692,-0.1299873750299503,0.2740899265207347,-1.7774297292262324,0.0667440650294413,-0.0000461374807960,0.4777944909917213,0.7292958774852976,-0.1420316429893979,-1.1262213091747992,0.2828906963715928,-0.0881629147648956,-0.5926764095646838,0.8420235602768944,1.2628698243170706,-0.0596980605871839,-0.0033834845897592,0.0039013166954829,-0.0741241301756712,-0.1380780054252552,-0.6856857453431026,-0.0074329915870278,-0.0779557573163766,0.0026683132649626,3.5525748205296983,-1.0809870046772974,-1.7134620821369442,-0.8622649371624805,-2.6441043844717740,-0.0510660398831784,0.6959536353390192,-1.1285089344075143,-0.3046779374872404,0.0076830269593346,0.0212298951484203,0.0002582883067512,0.0000000000000000,0.0000000000000000,-0.5778673304308264,0.0991242893436980,0.4758913417630971,0.6555693361634417,-0.5778673304308264,0.0991242893436980,0.4758913417630971,0.6555693361634417,-0.6069056867456188,0.1289843172541905,0.4297486550326325,0.6560065752688322,-0.5714307104812101,0.1514897553916694,0.4223407565121538,0.6871288689314783,-0.5862206681945878,0.0763382672791258,0.3299574222816831,0.7359659615848672,-0.5963656084297898,0.6584187280466460,-0.3112469010599922,0.3375769634026501,-0.6264965854438314,0.6181017562997040,-0.2450073483887820,0.4067230587536667,-0.6740762710104148,0.6447186807767846,-0.1625306265376567,0.3217806690207047,-0.6740762710104148,0.6447186807767846,-0.1625306265376567,0.3217806690207047,-0.5226803733260412,0.0061642680772693,0.5183672346074384,0.6768032500101179,-0.5993964965785312,-0.0554727485722179,0.5154273588793430,0.6099026576216001,-0.5799873204031817,-0.1611461886496569,0.3987925363807130,0.6918172641545335,-0.6557812649633005,0.4817203565538209,-0.2556789225269827,0.5220390015891858,-0.6790722012736027,0.4240291768408594,-0.1851532456071160,0.5698933920359469,-0.7475903323077335,0.4445531956249817,-0.1282767454794617,0.4764726937284302,-0.7475903323077335,0.4445531956249817,-0.1282767454794617,0.4764726937284302,-0.5861955290923389,0.0114489296135464,0.3723266422849699,0.7194557631485459,-0.4346870799027302,-0.2333722151156119,0.5269592090274013,0.6920249589421505,-0.2691200955240385,-0.1097641633759953,0.5657741839330598,0.7716383708826176,-0.2524088681776853,-0.1459402928235322,0.4221961155050934,0.8583365506887440,0.2108885192823899,-0.8034598106830030,0.4014756012397305,0.3857404654185378,0.2383389344224357,-0.7926837370791383,0.3950222798586425,0.3985027524671679,0.2383389344224357,-0.7926837370791383,0.3950222798586425,0.3985027524671679,-0.5831534695426392,0.0059177543268456,0.3774309900761151,0.7193350115726831,-0.6278738372088313,-0.0181826248321547,0.3770392078290035,0.6806506243753457,-0.6276868472151865,0.0736380199603117,0.4610999905327352,0.6228751581016012,-0.0361952965380717,-0.4065202980954029,0.8074845984800563,0.4259105199011258,-0.0541047443484742,-0.4100218937353270,0.8178917919379173,0.4000096748545770,-0.0541047443484742,-0.4100218937353270,0.8178917919379173,0.4000096748545770,-0.5861957960023594,0.0114352554104989,0.3723098594184319,0.7194644482270712
1.6121708176079468,1.6085132199542538,0.2784343183950908,-0.5839545143767215,0.1066805855341737,0.4742400291680933,0.6501636505863574,0.1144906953948306,0.1174927816899954,-0.2320092671405527,1.9856384873940198,-0.2166310917615417,-0.2608275670954396,-0.2361744916347064,-0.2399541379678901,-0.3707787810093419,1.9481638871949629,-0.2121618898370377,-0.2614932871568514,-0.2188333163464882,-0.6817931293728706,0.4127710670090539,-0.3619991263799933,-1.9956554061552769,-0.0665717674672444,-0.0046811910229203,-0.1515521646772958,0.2681840945501647,-1.7772762983816386,0.0671585908659551,-0.0000386307259816,0.5257052069311007,0.7036739588344002,-0.1728611982727382,-1.0758449372159791,0.0904297970880493,-0.3351799528974164,-0.4328742392625845,0.4381736521301523,1.3161110061335468,-0.1034140322712311,-0.0096892731638907,0.0018575048534673,0.0739815990506620,-0.0383244188289885,-0.5410095282107460,0.0002565974250030,-0.0256181599633564,0.0028769274720131,3.8351455687525902,-0.9374092593784059,-0.9119061619185641,-0.7618651498882197,-2.3082829777472278,-0.0371560136721123,0.3424414317278721,-1.0659021153403678,-0.2954840344356537,0.0061192113145899,0.0195806779471454,0.0003962692672901,0.0000000000000000,0.0000000000000000,-0.5839545143767215,0.1066805855341737,0.4742400291680933,0.6501636505863574,-0.5839545143767215,0.1066805855341737,0.4742400291680933,0.6501636505863574,-0.6109817416995778,0.1339930285190131,0.4312352434230675,0.6502179207372718,-0.5720518450489231,0.1588956277777910,0.4226939156587791,0.6847179855343902,-0.5867184710372852,0.0908436552239384,0.3396407702496579,0.7294881858079976,-0.6049834576754773,0.6606611100443204,-0.3059239006863220,0.3223856085542526,-0.6345072603859091,0.6219420391412013,-0.2387361589489090,0.3919102995288256,-0.6800854490441717,0.6477072076644398,-0.1558275546247470,0.3060668690949626,-0.6800854490441717,0.6477072076644398,-0.1558275546247470,0.3060668690949626,-0.5291360938744601,0.0140856691755716,0.5175905388776393,0.6722474411609981,-0.6057701049194872,-0.0479459512714122,0.5155575212994647,0.6041061231059197,-0.5866379376740239,-0.1584681808409977,0.3957413550307297,0.6885728325028185,-0.6570000201633581,0.4805302594724580,-0.2628807020405591,0.5180109841802025,-0.6811362657972100,0.4229954592411329,-0.1918558766778405,0.5659678007284450,-0.7491117492790909,0.4443986126866212,-0.1350692748061014,0.4723322465569983,-0.7491117492790909,0.4443986126866212,-0.1350692748061014,0.4723322465569983,-0.5922695820314372,0.0400045546303616,0.3977270776565621,0.6995924167026856,-0.4268507429355756,-0.2075033942800209,0.5574185076492573,0.6811940927134440,-0.2775115627187976,-0.0883352734987007,0.5881920866209989,0.7544629091278880,-0.2638341590021742,-0.1280598953432201,0.4405591175704980,0.8484691294760245,0.2301814848632985,-0.7950757847624234,0.4156214630758093,0.3770010344034446,0.2576521737387226,-0.7834345321870200,0.4093271466796329,0.3902524543622069,0.2576521737387226,-0.7834345321870200,0.4093271466796329,0.3902524543622069,-0.5911957012555179,0.0382308640435083,0.3994294498364727,0.6996300154044393,-0.6417674297738865,0.0083105253828764,0.4011688167468168,0.6535511316792583,-0.6382447103324214,0.0995503689245466,0.4795447751213451,0.5939446290972660,-0.0272996736931538,-0.3672626332220948,0.8259323050106119,0.4268591261703071,-0.0440874067768758,-0.3712287410657594,0.8367238756200883,0.4001733103765428,-0.0440874067768758,-0.3712287410657594,0.8367238756200883,0.4001733103765428,-0.5922703704714439,0.0399928800223918,0.3977132874708462,0.6996002564166661
1.6232434666786903,1.6223086293277000,0.2742133556125057,-0.5903614698458397,0.1149417313677694,0.4703168137049294,0.6458047909841501,0.1045416551875576,0.1255165290066714,-0.2046789241714499,1.9833461868263820,-0.2168582298100456,-0.2607874018948952,-0.2329092131491590,-0.2406750207361075,-0.3808368569483638,1.9481579832454574,-0.2125521164049580,-0.2614310821068875,-0.1404684560423309,-0.6960449055236339,0.3932805615581255,-0.3743916522365514,-2.0369413114526909,-0.0672634807064306,-0.0025351959050140,-0.1726473440681285,0.2614066848533633,-1.7772024673458859,0.0674370229559188,-0.0000292958847099,0.5648404789599455,0.6808276210734091,-0.2096909805040695,-1.1353622127964575,0.0478549864557520,-0.5594989834754847,-0.5737771393215274,0.3935569492701071,1.3887767220798470,-0.1085592963479594,-0.0115868286311591,0.0023434526640897,0.2235616420869629,-0.0360369451635911,-0.4798030801959908,-0.0006824546055064,-0.0167808457069935,0.0033105492639018,3.9642050522050845,-0.5004490706822422,-0.7946043247091795,-0.5391440127837812,-1.8639562468459929,-0.0315174994871962,-0.1030715258119649,-1.0837142730083511,-0.4102624728406993,0.0001445348192552,0.0066065812676946,0.0004492373099178,0.0000000000000000,0.0000000000000000,-0.5903614698458397,0.1149417313677694,0.4703168137049294,0.6458047909841501,-0.5903614698458397,0.1149417313677694,0.4703168137049294,0.6458047909841501,-0.6151043671992785,0.1396596522975727,0.4307112231787092,0.6454685439278945,-0.5736802066251603,0.1662319179487715,0.4211697112887531,0.6825496643281971,-0.5878087428146622,0.1059382456389573,0.3482331635899532,0.7224898848826322,-0.6131205729990805,0.6626949950838619,-0.3014442192487692,0.3066755437552521,-0.6421385302249873,0.6256201248894073,-0.2333314431312546,0.3765820029955516,-0.6856528451272720,0.6506482562974872,-0.1500031652912394,0.2898897599925286,-0.6856528451272720,0.6506482562974872,-0.1500031652912394,0.2898897599925286,-0.5369250221384421,0.0237538455555169,0.5140452413005632,0.6685093606818111,-0.6132732129051792,-0.0381091795562117,0.5131807144817330,0.5992405285446980,-0.5950490390774741,-0.1532089564172522,0.3908157948694936,0.6853514946704624,-0.6576526460492811,0.4808198878879483,-0.2726047350485284,0.5118514344855557,-0.6828556510648347,0.4238212941376692,-0.2013169248605792,0.5599599683986093,-0.7500188769713829,0.4464464775491020,-0.1443555897215205,0.4661745280329422,-0.7500188769713829,0.4464464775491020,-0.1443555897215205,0.4661745280329422,-0.5972577980926180,0.0708617619447764,0.4211490167909241,0.6788926564396444,-0.4199215265475584,-0.1769000490458910,0.5844607925052892,0.6713999301561020,-0.2800654457756613,-0.0588186757685610,0.6078062262836588,0.7407261982366565,-0.2713907766647630,-0.1010346061032239,0.4567959959358151,0.8411162064827130,0.2482843201816671,-0.7825306487656214,0.4255530934824147,0.3806642151843669,0.2756287315155917,-0.7700967212530339,0.4190113896956372,0.3942198594487134,0.2756287315155917,-0.7700967212530339,0.4190113896956372,0.3942198594487134,-0.5967627403253357,0.0701163580850087,0.4218925227476024,0.6789437585970980,-0.6523991381383970,0.0339432173681425,0.4263302269557490,0.6256722465755016,-0.6458704342188709,0.1239133484784870,0.4989532454209800,0.5643957150392330,-0.0158572369279618,-0.3286626582593681,0.8426857366095943,0.4261574291475407,-0.0314892710271358,-0.3331664015187503,0.8537948608109933,0.3988018434786408,-0.0314892710271358,-0.3331664015187503,0.8537948608109933,0.3988018434786408,-0.5972588678373045,0.0708527450284171,0.4211387673785219,0.6788990145246481
1.6350822632619437,1.6356418603007714,0.2692810353264101,-0.5968385388843099,0.1249576071575139,0.4650198665129139,0.6418145204529276,0.0929077535965789,0.1319411348702275,-0.1773563798900334,1.9813616839376147,-0.2171732482385566,-0.2607509860972568,-0.2275649883783885,-0.2414957940791088,-0.3897660381644991,1.9481910709935528,-0.2128590466834670,-0.2613610530043368,-0.0615949357888401,-0.7014641907467872,0.3934782121536958,-0.3845011811899229,-2.0690167668294523,-0.0678403697358228,-0.0146757703297377,-0.1981429513811146,0.2498393699326537,-1.7772790137340386,0.0668257213669643,-0.0000201650500363,0.5982379940021074,0.6571598741628616,-0.2381721070311458,-1.2293615716698301,0.1257234203854950,-0.7525578639982734,-0.5328417530357457,0.2102033855543678,1.2836345502696629,-0.0802339959985736,-0.0163651821167395,0.0010858022527687,0.2893690978420890,-0.0290343967637052,-0.4316840494508429,0.0055761748355797,-0.0144073606158105,0.0036682373415516,3.8877974264679551,-0.1231539339663949,0.4753863423975606,-0.4735428271667360,-1.3848310165343540,-0.0267004659247429,-1.1529782565420832,-1.4836365691228817,-0.7481227049294522,-0.0068461679571103,-0.1186387806145472,0.0005512359493528,0.0000000000000000,0.0000000000000000,-0.5968385388843099,0.1249576071575139,0.4650198665129139,0.6418145204529276,-0.5968385388843099,0.1249576071575139,0.4650198665129139,0.6418145204529276,-0.6187963621513243,0.1466826549490582,0.4296264072093904,0.6410900179801062,-0.5753309404068774,0.1745976409088872,0.4190588441061764,0.6803672963745273,-0.5886903403892264,0.1222035610480623,0.3562396814022077,0.7152644701046196,-0.6206080615969263,0.6652522758579721,-0.2971677326932307,0.2897867871257389,-0.6491541745506613,0.6299348420074857,-0.2281707368103528,0.3601653333566039,-0.6904690139808294,0.6542525037138408,-0.1443379773162490,0.2727136784628985,-0.6904690139808294,0.6542525037138408,-0.1443379773162490,0.2727136784628985,-0.5455137012110157,0.0359976036291393,0.5087099000719963,0.6650813573486757,-0.6216366291707487,-0.0255262072693815,0.5093427162930100,0.5945471481513701,-0.6049887784690824,-0.1451628875119873,0.3848602606730784,0.6817616106604413,-0.6583088276854170,0.4823768887350246,-0.2841801008345133,0.5031736230124297,-0.6847689558746289,0.4262039273024187,-0.2126506980689991,0.5515626619280275,-0.7508054360878988,0.4502807234439992,-0.1552977048509949,0.4576254910990222,-0.7508054360878988,0.4502807234439992,-0.1552977048509949,0.4576254910990222,-0.6008128750700507,0.1041850960269712,0.4424831258672304,0.6575545895503083,-0.4148289189950753,-0.1405151625640932,0.6073366472937153,0.6628081576964727,-0.2776133750654823,-0.0193831743719654,0.6230783310368370,0.7309777697908240,-0.2762952104805091,-0.0630873820637459,0.4692803273004535,0.8363354071774389,0.2622137106612424,-0.7652215877519914,0.4319168965716110,0.3989081172845834,0.2893351841753353,-0.7521405489992757,0.4246130049168585,0.4126421473925900,0.2893351841753353,-0.7521405489992757,0.4246130049168585,0.4126421473925900,-0.5980296238799274,0.1003575677609329,0.4464386411759993,0.6580132728297120,-0.6592964688387781,0.0563822105966148,0.4540926646293704,0.5966146699795056,-0.6506182525983728,0.1431043443034076,0.5199536085715809,0.5346637082884177,-0.0015583001354232,-0.2933569198143484,0.8581967340284262,0.4212334922589464,-0.0159578527854203,-0.2984465684233260,0.8693632710957089,0.3935511346706910,-0.0159578527854203,-0.2984465684233260,0.8693632710957089,0.3935511346706910,-0.6008139829154892,0.1041787071205812,0.4424761335638849,0.6575592947729237
1.6475798715330230,1.6482478707638160,0.2634621918702949,-0.6035355924231790,0.1371856601317530,0.4588978076571952,0.6374462216219000,0.0788582378785356,0.1382081796762626,-0.1515008269759831,1.9803885891068100,-0.2174115792845973,-0.2607165995156057,-0.2210858942081379,-0.2421339135084122,-0.3975613949993306,1.9483788328413707,-0.2131328761252576,-0.2612855656113751,0.0130287232003457,-0.7016710023452641,0.4278655723219221,-0.3938822341234635,-2.0913102416948979,-0.0683620754896890,-0.0573763500978766,-0.2364577465532085,0.2288115270882642,-1.7775001011972769,0.0585009488162800,-0.0000043360733107,0.6256725046567553,0.6141890066341088,-0.3020879152989059,-1.4215652246881700,0.1976315150343771,-0.8992206693071085,-0.6849739969787684,0.3011238771318433,1.2802752313040509,-0.0470455107651114,-0.0119959832600055,0.0013864458930124,0.3297887100457486,-0.0327785879897972,-0.3522437285929167,0.0188895494619432,-0.0131055053610917,0.0038133113494887,3.5122437525968015,-0.1008844173415945,3.4156280185605921,-0.5269029782970752,-0.9234179335525902,-0.0228395139585640,-3.0874151994761703,-2.3513261150961675,-1.3323584922121150,-0.0151178054378099,-0.7119580952055404,0.0011951506296430,0.0000000000000000,0.0000000000000000,-0.6035355924231790,0.1371856601317530,0.4588978076571952,0.6374462216219000,-0.6035355924231790,0.1371856601317530,0.4588978076571952,0.6374462216219000,-0.6222502446692203,0.1555035572930822,0.4285331994966358,0.6363824114535758,-0.5770275461945586,0.1845967355892963,0.4168286273894846,0.6776556290115645,-0.5895219858851788,0.1396444485668269,0.3634438937047335,0.7077229629390326,-0.6272424366005924,0.6683617979143126,-0.2935891030685818,0.2714127325227835,-0.6553893704259474,0.6349747314622555,-0.2238133348260171,0.3423148473133660,-0.6943262998241049,0.6586807702745058,-0.1393734598554904,0.2542157959904535,-0.6943262998241049,0.6586807702745058,-0.1393734598554904,0.2542157959904535,-0.5547134846798990,0.0509323299410829,0.5023286583857287,0.6613355930580548,-0.6305042894336158,-0.0100908773098533,0.5048032859084328,0.5895219739220724,-0.6161430697115623,-0.1341834656188468,0.3786860282880215,0.6774654287713664,-0.6594454695546834,0.4850323064424646,-0.2969293906940613,0.4916383542126861,-0.6872844468343555,0.4299948426258126,-0.2251121487475462,0.5404341263660709,-0.7518325102624047,0.4556569114507377,-0.1671760247335404,0.4462923171128935,-0.7518325102624047,0.4556569114507377,-0.1671760247335404,0.4462923171128935,-0.6031210257790437,0.1389969241768202,0.4608094255061729,0.6360656858354234,-0.4113860298559673,-0.1005901064364590,0.6258491400284510,0.6549473405183767,-0.2654423421897447,0.0324116076237584,0.6330521331442565,0.7264536099336087,-0.2744101551315589,-0.0110078434330769,0.4761366275245796,0.8353872192421581,0.2717828113762651,-0.7425583633061708,0.4305250842863195,0.4351888467375178,0.2986239353584013,-0.7289999161551882,0.4218093313348020,0.4488426845518106,0.2986239353584013,-0.7289999161551882,0.4218093313348020,0.4488426845518106,-0.5909274757715155,0.1236709264551821,0.4770889904554018,0.6386676095703200,-0.6608062663772318,0.0676812895995088,0.4881881255235372,0.5660624307022545,-0.6521248333274499,0.1474923122871208,0.5453703461012229,0.5055199354795770,0.0175444368445042,-0.2680354561366712,0.8739780345568550,0.4049834343544830,0.0054830966774024,-0.2733000740711874,0.8837190627250846,0.3798915941947214,0.0054830966774024,-0.2733000740711874,0.8837190627250846,0.3798915941947214,-0.6031214932483208,0.1389948957670689,0.4608072862955399,0.6360672356202268
1.6606049890310330,1.6598715549501264,0.2564383555743923,-0.6103985587655059,0.1520187076876982,0.4523572200680182,0.6322000137790961,0.0638515723874650,0.1439777623366747,-0.1278298244256600,1.9798773788119801,-0.2176273779141830,-0.2606870233767714,-0.2140766000072758,-0.2431264252931276,-0.4040516648559013,1.9489587105173332,-0.2133832605455499,-0.2612048115398226,0.0797383238095010,-0.6973496936664916,0.4887001063819052,-0.4015820039580956,-2.1032637710210773,-0.0688951999190208,-0.1453276289609617,-0.2943627961025961,0.1930586298997553,-1.7783062195557680,0.0360239123991784,0.0000158446372680,0.6482434134789816,0.5555117925920228,-0.3714373173082995,-1.6547199841169835,0.3675052016794420,-1.0324574723532394,-0.8209685636053613,0.3447162330932735,1.1660142356841385,-0.0152052998563731,-0.0091062252873755,0.0019087519057764,0.3568618915523694,-0.0674918203259344,-0.2890882915511905,0.0355291941646326,-0.0120363829046128,0.0041288719302286,3.0974541804200637,0.1943449113945443,3.9550857107012942,-0.3871372984845090,-0.3793368190988629,-0.0265170029883727,-5.5638441590247600,-3.3903984642299747,-2.1725839554311430,-0.0662741392470581,-1.4581710700352679,0.0010428815407165,0.0000000000000000,0.0000000000000000,-0.6103985587655059,0.1520187076876982,0.4523572200680182,0.6322000137790961,-0.6103985587655059,0.1520187076876982,0.4523572200680182,0.6322000137790961,-0.6256654345222487,0.1667582144861554,0.4274534297602193,0.6308866992826047,-0.5788996929794997,0.1969287740636238,0.4144198289876868,0.6740551971136005,-0.5904814146759582,0.1588631345159726,0.3697053197155599,0.6995800025644344,-0.6330878237458507,0.6720220724528879,-0.2907750538276073,0.2510697306176505,-0.6609194059246083,0.6407844799554157,-0.2203085640095911,0.3225599568213044,-0.6972381233877283,0.6639837083254564,-0.1351526847904833,0.2339196147548511,-0.6972381233877283,0.6639837083254564,-0.1351526847904833,0.2339196147548511,-0.5642637681195721,0.0687531388357182,0.4954107454600366,0.6568467090352728,-0.6397121555961356,0.0082040083286416,0.5000914866945609,0.5836176463794700,-0.6283826794597389,-0.1201422320631251,0.3730095204205714,0.6719858256730596,-0.6615417218635884,0.4885188400991287,-0.3104246195184015,0.4768107053106246,-0.6908341360854409,0.4349721253868520,-0.2382206762404729,0.5261162950974414,-0.7534693969547664,0.4622923015234712,-0.1795429430642028,0.4316642530956161,-0.7534693969547664,0.4622923015234712,-0.1795429430642028,0.4316642530956161,-0.6043971996527324,0.1743562820261426,0.4752932607291104,0.6151424455160323,-0.4095792038230177,-0.0589822988620595,0.6396546772104603,0.6477714551749180,-0.2435758703662061,0.0950067817367725,0.6353036510837103,0.7266593271396666,-0.2655186663915883,0.0537981642633645,0.4751767240710203,0.8371455525896661,0.2749209850672072,-0.7141322287465711,0.4204336487588595,0.4875132396422097,0.3014202764351859,-0.7003407815374443,0.4096963004513086,0.5008168807715732,0.3014202764351859,-0.7003407815374443,0.4096963004513086,0.5008168807715732,-0.5704976801832391,0.1353448049222535,0.5172581326487828,0.6234245783531425,-0.6539443277354045,0.0598270022428413,0.5313143342818673,0.5352407161380200,-0.6481652203319985,0.1271612641004923,0.5773215582387381,0.4800121649053607,0.0441637613377587,-0.2614830308293591,0.8897584283442816,0.3714917575978058,0.0365675278134225,-0.2655444840828468,0.8955990966212829,0.3550369009186659,0.0365675278134225,-0.2655444840828468,0.8955990966212829,0.3550369009186659,-0.6043960001653564,0.1743604399345310,0.4752974925516207,0.6151391757513880
1.6741394797675253,1.6702859523438991,0.2476906794415820,-0.6173590771488463,0.1698670161812920,0.4455608764611476,0.6256903963165508,0.0477689644391582,0.1500770953997768,-0.1057355504649928,1.9796022533741375,-0.2178328306144676,-0.2606598511543570,-0.2067878181046371,-0.2448251859153928,-0.4085136584850714,1.9498650367989683,-0.2136144115198426,-0.2611207068791926,0.1363591977225971,-0.6973016644981744,0.5877886760387103,-0.4099781092939582,-2.1065316533937262,-0.0694041599305856,-0.2859100583729995,-0.3735222641902692,0.1396897366040964,-1.7804287258425928,-0.0000461299555834,0.0000357609467261,0.6762110265999361,0.4920166533907365,-0.4655821818913395,-1.8883476411680102,0.5806805546605516,-1.1766088351367665,-0.8510436151628180,0.3488907255741415,1.0779860823049503,-0.0066662559764846,-0.0085664747103459,0.0016608211354659,0.3659717015211018,-0.0857432355889368,-0.1684708249530193,0.0411497117142150,-0.0111577755307899,0.0042080260537479,2.5691374696795428,-0.3866248214880832,6.2359830233350912,-0.4848977933552285,-0.0498884918283355,-0.0228566699396779,-8.2317240246509051,-4.3824605700801422,-3.0547613082922300,-0.1270669903063994,-2.0433654150636427,0.0011001857962395,0.0000000000000000,0.0000000000000000,-0.6173590771488463,0.1698670161812920,0.4455608764611476,0.6256903963165508,-0.6173590771488463,0.1698670161812920,0.4455608764611476,0.6256903963165508,-0.6289021636097838,0.1808110069428928,0.4266704390493623,0.6242930280058021,-0.5805639082166060,0.2121451578033296,0.4119887326261226,0.6694813400580936,-0.5911581325136385,0.1805327722772981,0.3752912383373984,0.6907217000529530,-0.6381711005812288,0.6764739392747119,-0.2881824033364522,0.2281919329694233,-0.6657135111147046,0.6476633075793271,-0.2171105071827770,0.3003677559352441,-0.6991041696371880,0.6703866970224099,-0.1310969441640051,0.2113022188291928,-0.6991041696371880,0.6703866970224099,-0.1310969441640051,0.2113022188291928,-0.5740164166316095,0.0898070207258327,0.4881551995693088,0.6512636590500070,-0.6491955120027815,0.0295702558323329,0.4954658412123001,0.5763543938908107,-0.6417153483668889,-0.1026188311417820,0.3683706696902059,0.6648111287256291,-0.6650464912818834,0.4926292598128831,-0.3243589108554046,0.4580620850480439,-0.6958319750191160,0.4409963301322848,-0.2516215435105766,0.5079632842954374,-0.7560431664168275,0.4700024065876353,-0.1920648384026064,0.4130466876342531,-0.7560431664168275,0.4700024065876353,-0.1920648384026064,0.4130466876342531,-0.6048937119168530,0.2099776907384728,0.4856245992769636,0.5951316789187725,-0.4076788168511742,-0.0182877862870974,0.6497408869838720,0.6413269984531718,-0.2089783110210847,0.1668000555723179,0.6282319673551664,0.7306369838551170,-0.2464432642943132,0.1302869554729822,0.4643893432690425,0.8406149918813552,0.2717292065007432,-0.6791518725798240,0.3979404615529954,0.5536780304154959,0.2977867148943794,-0.6654081999512779,0.3846308708955138,0.5662279514684623,0.2977867148943794,-0.6654081999512779,0.3846308708955138,0.5662279514684623,-0.5325430709719070,0.1333984996951773,0.5673300165493841,0.6137909824695705,-0.6350337190044557,0.0282898420101899,0.5821152740118465,0.5070243271565184,-0.6339528710266247,0.0766949750282311,0.6145212142933784,0.4632335429412570,0.0804038341661125,-0.2813786177005054,0.9011993644808349,0.3196889150591234,0.0795981433343888,-0.2818874528517262,0.9017150052520749,0.3179837241208009,0.0795981433343888,-0.2818874528517262,0.9017150052520749,0.3179837241208009,-0.6048901883456576,0.2099878409993431,0.4856345856893048,0.5951235299145595
1.6882783192462829,1.6793969653402383,0.2364544348300987,-0.6246811514448528,0.1909241173307188,0.4383444105755460,0.6173942161765003,0.0309509812621326,0.1559273444099224,-0.0857480539562812,1.9786518448518717,-0.2180143166387204,-0.2606362411293235,-0.1990982427141184,-0.2468953956313557,-0.4105006515955539,1.9503551193294002,-0.2138341101841860,-0.2610362552660221,0.1849813900519770,-0.7101687666770871,0.7223976917820187,-0.4197422107785700,-2.1058359936515250,-0.0698722956262021,-0.4755944793094831,-0.4682995308281836,0.0699026548561161,-1.7840061117314052,-0.0440714899792581,0.0000458427951273,0.7065466259796012,0.4382619937387441,-0.6138861435556420,-2.1691100734305824,0.7499130726345451,-1.3185077652072146,-0.8434935648071916,0.2609609690890284,0.9717622438255952,-0.1487877775552216,-0.0079740093736130,0.0007636995732947,0.4005966375902304,-0.1220382851189669,-0.0366551601435999,0.0025810524402599,-0.0111681847239241,0.0040020041523724,2.2621341292507462,-1.1389730319634097,7.7086703128645242,-0.5306465187705489,0.1059136371576450,-0.0206658850421325,-10.4574258075903348,-4.9420165990385794,-3.7676939344720299,-0.1997862313431646,-2.2696070726691238,0.0004070090724979,0.0000000000000000,0.0000000000000000,-0.6246811514448528,0.1909241173307188,0.4383444105755460,0.6173942161765003,-0.6246811514448528,0.1909241173307188,0.4383444105755460,0.6173942161765003,-0.6323136223516598,0.1979918792547660,0.4258321278333348,0.6161539561202398,-0.5825770493051506,0.2304494956563790,0.4091782194809738,0.6633778683955351,-0.5921181532821407,0.2046926500368854,0.3797079619210731,0.6806753082258595,-0.6424854511044864,0.6812686352229298,-0.2863467983260373,0.2027091583253662,-0.6698224016023542,0.6551742172017597,-0.2147556614018878,0.2756169467241685,-0.6999591589504579,0.6775262396741383,-0.1277945364369036,0.1862362124058216,-0.6999591589504579,0.6775262396741383,-0.1277945364369036,0.1862362124058216,-0.5842451534163409,0.1143318158398812,0.4804208579055910,0.6440354306135082,-0.6590327381727910,0.0543653216716656,0.4908364051530050,0.5672740829550422,-0.6562829281519962,-0.0810706876758296,0.3649403703989816,0.6553920871272882,-0.6702876215876836,0.4970510763985106,-0.3385310326647030,0.4348004964582916,-0.7025830163377521,0.4478191723722976,-0.2650770847969509,0.4853547497708097,-0.7597767142956681,0.4785103277171188,-0.2045378651905682,0.3897838790732862,-0.7597767142956681,0.4785103277171188,-0.2045378651905682,0.3897838790732862,-0.6049366077432362,0.2464351033458650,0.4921923335623993,0.5753852163841349,-0.4025434874691921,0.0189580012393258,0.6584183522619966,0.6356764965686136,-0.1575994537147017,0.2457133365182512,0.6111457180275925,0.7357229640173221,-0.2130971055235399,0.2172642862524825,0.4431541142339161,0.8432083280982471,0.2649816828176653,-0.6363787051475306,0.3586356830633304,0.6294341095297967,0.2904172466871748,-0.6229252460896683,0.3423448690579114,0.6406418275764451,0.2904172466871748,-0.6229252460896683,0.3423448690579114,0.6406418275764451,-0.4751689882523084,0.1192271615351164,0.6237464516080422,0.6090481759778386,-0.6011211921483897,-0.0256099976320967,0.6345225606411710,0.4851582838711025,-0.6032023136446222,-0.0011884894796373,0.6513290165729496,0.4603434244959353,0.1260147893424095,-0.3301861074281540,0.9000198442118753,0.2550719258430105,0.1345352498629079,-0.3241852469285855,0.8961776762229269,0.2714217472087503,0.1345352498629079,-0.3241852469285855,0.8961776762229269,0.2714217472087503,-0.6049310592542616,0.2464487230612044,0.4922052878839464,0.5753741348288949
1.7033501312675048,1.6875879588457003,0.2227685673873759,-0.6311012675473852,0.2151200590410442,0.4314487749452979,0.6076894806531229,0.0154647444765583,0.1583950727767086,-0.0710067594175236,1.9750721723360716,-0.2181900936675672,-0.2606225067539681,-0.1883506104172764,-0.2491546618837306,-0.4108699939213178,1.9503564435085947,-0.2140471060521857,-0.2609460356785472,0.2392474356454079,-0.7271986568454627,0.8610469680156735,-0.4524616413174571,-2.1557138624675289,-0.0710296968726927,-0.6985454939819492,-0.5708846418324325,-0.0119174058017503,-1.7911002309634829,-0.0882283958942883,0.0000026158690428,0.7732173207575656,0.4039653183817591,-0.7107587883841912,-2.2567442470490291,1.1201418423362834,-1.4221168977144780,-0.7585841141380053,0.0887080672015253,0.5820505781868873,-0.2521022413323750,-0.0082205085442675,0.0006047110797546,0.5851727891794188,-0.0535359248994197,-0.0036050487327252,-0.0286121513705413,-0.0102499403206681,0.0043638024261247,2.9106799371894474,-1.0688371277318083,6.8837641478527924,-1.6189930090813767,-2.6948275587430737,-0.0423467812942662,-11.6719744334218483,-5.1738311748124612,-4.2069273617385781,-0.4404525612269284,-2.1093689021111937,-0.0023111351930168,0.0000000000000000,0.0000000000000000,-0.6311012675473852,0.2151200590410442,0.4314487749452979,0.6076894806531229,-0.6311012675473852,0.2151200590410442,0.4314487749452979,0.6076894806531229,-0.6350898067264662,0.2187093869466793,0.4249217677334711,0.6068514091273156,-0.5851463349186673,0.2516053919766569,0.4063090343083737,0.6551423220178343,-0.5938427182007323,0.2303309197229976,0.3824085614942018,0.6693744733372032,-0.6461713936160072,0.6856065720306320,-0.2852157287676229,0.1762332162911010,-0.6733821134384451,0.6623446625813536,-0.2131713188148728,0.2498280730540364,-0.7001362879619980,0.6844291171175027,-0.1252966354577609,0.1602083489195059,-0.7001362879619980,0.6844291171175027,-0.1252966354577609,0.1602083489195059,-0.5941058670026473,0.1431602462913945,0.4723106289712680,0.6351897609656380,-0.6683976456410174,0.0833897125591544,0.4864343143701410,0.5564821658814383,-0.6713539250396110,-0.0547098180682575,0.3626895783620334,0.6440085503224443,-0.6768683729179137,0.5024297955411702,-0.3522911135154809,0.4065765335504942,-0.7106242950641126,0.4561295632773454,-0.2779800967392350,0.4579148377000862,-0.7641620606608712,0.4884197046794308,-0.2162713683306090,0.3615649766885536,-0.7641620606608712,0.4884197046794308,-0.2162713683306090,0.3615649766885536,-0.6017573823455680,0.2871471791509514,0.4992778977627489,0.5533137727400887,-0.3923236470592908,0.0592424959405996,0.6674916801224867,0.6301010550698071,-0.0986190953647391,0.3283986219100675,0.5841311166900636,0.7356761907737858,-0.1773117899241670,0.3085181655363753,0.4045464417775733,0.8424483646687562,0.2517715177441175,-0.6036457408888920,0.3022625818923459,0.6934408799222153,0.2770982548011338,-0.5907375534544730,0.2832529861786547,0.7028609008514159,0.2770982548011338,-0.5907375534544730,0.2832529861786547,0.7028609008514159,-0.3967707616808476,0.1005442668571223,0.6815257454386476,0.6066188847881828,-0.5490883219773650,-0.0918981883726756,0.6827453509672261,0.4731971295079251,-0.5488517134531955,-0.0929100777628590,0.6819774015199380,0.4743799509946675,0.1822492036866100,-0.4020847295105724,0.8769856036928709,0.1897612946979865,0.2025372006513730,-0.3868539464414686,0.8715979440319898,0.2227997541160543,0.2025372006513730,-0.3868539464414686,0.8715979440319898,0.2227997541160543,-0.6017563431359675,0.2871493569509888,0.4992799002405967,0.5533119658149463
1.7190028431790261,1.6953138991449228,0.2067558844547478,-0.6361492119245661,0.2411204078575752,0.4266344330035443,0.5959514994176071,0.0044077217615132,0.1596963657400846,-0.0618539166659835,1.9694076806366434,-0.2183486989608157,-0.2606046628808867,-0.1715663327785023,-0.2500025078726674,-0.4112489903373516,1.9495458881516650,-0.2142239884374783,-0.2608495974621409,0.3078612098561688,-0.7760901308594275,0.9729465128336370,-0.4883162745659291,-2.2213218038807074,-0.0524072908082359,-0.9351393745129726,-0.6757397958154102,-0.0970281542965512,-1.7998500191049400,-0.1264792794676020,-0.0000910930633798,0.7631317543232473,0.3663606908442081,-0.7956444118212710,-1.9333059562878556,1.6597516930560465,-1.0842508367336274,-0.1292449991959109,-0.0598232269839716,0.3014268986076269,-0.1558978891670711,-0.0084351498445426,0.0012467741471093,1.3102554005455216,-0.0872058426566858,-0.0424854234621838,0.0504011736151607,-0.0063357162996747,0.0060869737701621,4.4924665639698356,-4.4866599567144432,2.5341478293020390,-3.3727134771334821,-2.4989316179138967,3.0584594624284960,-11.5875180448571218,-5.5233976972304113,-4.3620387815595079,-0.2920820115969093,-1.7341468049778188,-0.0093930882711193,0.0000000000000000,0.0000000000000000,-0.6361492119245661,0.2411204078575752,0.4266344330035443,0.5959514994176071,-0.6361492119245661,0.2411204078575752,0.4266344330035443,0.5959514994176071,-0.6372545470318078,0.2420786513720815,0.4248397764431825,0.5956641110465413,-0.5876734092909099,0.2752181743125761,0.4041606928270877,0.6446309447381342,-0.5959801017931939,0.2567348782813176,0.3838361259840892,0.6569358788572727,-0.6493752310388228,0.6893246344027351,-0.2843136694870210,0.1493622946450533,-0.6764854579667654,0.6689483979361942,-0.2118723165101926,0.2235745682198653,-0.6998007441658858,0.6908070457384853,-0.1231562550699817,0.1337799718196858,-0.6998007441658858,0.6908070457384853,-0.1231562550699817,0.1337799718196858,-0.6033207855075543,0.1758133820243843,0.4650496890776957,0.6235563095378267,-0.6763084776389825,0.1165032251402450,0.4833306912891369,0.5435303896412125,-0.6858496169528295,-0.0240096089117194,0.3621982431110444,0.6307505642429786,-0.6847701502179852,0.5084962661622828,-0.3642349595487895,0.3739709653328001,-0.7197832715554255,0.4656045458986887,-0.2889451615376850,0.4261867459827973,-0.7690998287594130,0.4992302814656214,-0.2259336752352767,0.3289506860681073,-0.7690998287594130,0.4992302814656214,-0.2259336752352767,0.3289506860681073,-0.5931606333463690,0.3331446141929721,0.5106063260726187,0.5257911266434347,-0.3671856465777496,0.0986253258456689,0.6826863373983586,0.6240089028040624,-0.0346890256709363,0.4049332529346041,0.5584054538024766,0.7231936679268224,-0.1384230927951694,0.3958262663488181,0.3696602119617957,0.8291633988193972,0.2441006519284249,-0.5725548070601186,0.2429740033471457,0.7440157917261765,0.2645594398670142,-0.5624737068366250,0.2256927827581354,0.7501295886082664,0.2645594398670142,-0.5624737068366250,0.2256927827581354,0.7501295886082664,-0.2989465662570951,0.0844352432219019,0.7336545657958438,0.6043613309205531,-0.4797681729625709,-0.1595487289371909,0.7210565409907579,0.4737553883610472,-0.4702740361086504,-0.1818403017536644,0.7008142809917445,0.5046144856999649,0.2452417320742600,-0.4858390461709532,0.8278019628178410,0.1362381166188251,0.2788340335649724,-0.4598170915928305,0.8235554905133227,0.1804887200086434,0.2788340335649724,-0.4598170915928305,0.8235554905133227,0.1804887200086434,-0.5931726772836742,0.3331231691758589,0.5105873165791761,0.5258095864767263
1.7339394139110986,1.7015638909910349,0.1914336097552362,-0.6340423832281337,0.2659400433759864,0.4310294110989026,0.5843627267094476,0.0057585153755213,0.1563782447671967,-0.0617111581503144,1.9704324122683796,-0.2185077280448729,-0.2605659969299045,-0.1439978400439385,-0.2499549852199083,-0.4108441591535111,1.9533271263414189,-0.2142781353264397,-0.2607324995513640,0.4141164451679695,-0.8821832047492290,0.9687720171784115,-0.5758317567747158,-2.2404855388280080,0.0310709091393285,-1.1642016325111921,-0.7812078813012030,-0.1755554840237343,-1.8058655238948795,-0.1568347941846971,-0.0002511550011288,0.7493833819840013,0.2990472945203358,-0.7151712573658466,-1.4077567879171791,2.4513615931976220,-0.7730876544040806,0.0972699615941696,-0.1657463731011650,-0.2133612432994874,0.1675993697390596,-0.0069729632725377,0.0024892176097715,1.2874586891374840,0.1030350530657156,0.0745097435720059,0.2526267557844466,-0.0003339990085785,0.0054500284236746,5.6523379660002053,-5.2407147671351035,-1.5868621227850215,-4.5244584668298300,-0.1504206626718032,4.3011343795045542,-11.3347776814579166,-4.7986476065076422,-3.4239705715828666,-0.4448729928079974,-1.3501137746104515,-0.0057153984010321,0.0000000000000000,0.0000000000000000,-0.6340423832281337,0.2659400433759864,0.4310294110989026,0.5843627267094476,-0.6340423832281337,0.2659400433759864,0.4310294110989026,0.5843627267094476,-0.6353896726231165,0.2670527784754743,0.4289031916995715,0.5839561880675117,-0.5877311821809422,0.2998056904084146,0.4066837620809122,0.6318994565202936,-0.5966405536950050,0.2816583820794118,0.3871330792383806,0.6440625625281570,-0.6524339820151567,0.6924037872585779,-0.2831640345558006,0.1213467100333010,-0.6794177843149461,0.6750456190017322,-0.2103412601242127,0.1961158864357911,-0.6991384428329719,0.6966514532480175,-0.1208585376855886,0.1061857067077017,-0.6991384428329719,0.6966514532480175,-0.1208585376855886,0.1061857067077017,-0.6068953444504115,0.2118809474294934,0.4636413969927499,0.6097713997847131,-0.6782258567688126,0.1523842418337781,0.4864523858814478,0.5292946309204374,-0.6950503431993114,0.0107838011649361,0.3682129881202922,0.6174203798308577,-0.6942897792688123,0.5175672867768801,-0.3696450819432324,0.3368209011573722,-0.7298363982322603,0.4785820586318376,-0.2932824850162665,0.3902350944671146,-0.7743743587374983,0.5126481531444279,-0.2285766259686485,0.2920427189098964,-0.7743743587374983,0.5126481531444279,-0.2285766259686485,0.2920427189098964,-0.5680255363454121,0.3874026851480769,0.5392167204744398,0.4863244574976228,-0.2979928640301940,0.1312147569153430,0.7152508076948039,0.6183843648141994,0.0253365119682847,0.4500941854164423,0.5711534422506189,0.6859715962201784,-0.1113077459578416,0.4512575630818197,0.3573883672386616,0.8100930517006832,0.2450810848651301,-0.5383568415856043,0.2109833161119895,0.7781986978154691,0.2374397176877202,-0.5420568866299090,0.2180216163072202,0.7760562395498491,0.2374397176877202,-0.5420568866299090,0.2180216163072202,0.7760562395498491,-0.1740924739420955,0.0830330365494842,0.7765277615396899,0.5998349447275073,-0.3870170323435724,-0.2152818071785639,0.7506954063389499,0.4902325642748604,-0.3635669666980232,-0.2496531424676581,0.7088512035013167,0.5504746501672507,0.3164887165201988,-0.5694956016150298,0.7506299976314386,0.1098374194542069,0.3636800736048406,-0.5321654891379690,0.7480685855697239,0.1578926455444866,0.3636800736048406,-0.5321654891379690,0.7480685855697239,0.1578926455444866,-0.5680719671651367,0.3873345976304787,0.5391584247293276,0.4863890856536126
1.7489046366495797,1.7071477810527480,0.1768541704710802,-0.6277172535727368,0.2923201375273508,0.4408001907814875,0.5711525002747474,0.0062952412967856,0.1561232572036819,-0.0688348642673129,1.9741287838729116,-0.2186112408017593,-0.2605024468375145,-0.1217368824839455,-0.2464747492414081,-0.4084005948932318,1.9582982845448840,-0.2142561210272961,-0.2606323705564569,0.5260008016372716,-0.9703171612312389,0.9285427995607380,-0.6553949357870352,-2.2363082868469961,0.1042088831233407,-1.3808006062651128,-0.8587411359173849,-0.2311965654618029,-1.8221181168481664,-0.1802921186572061,-0.0003165717523893,0.7687290649780959,0.2874929447642897,-0.7027486433317696,-1.3032409750829319,3.0502154822376211,-0.6556133130604213,0.0151797293407329,0.0539662667122810,-0.4757321579644258,0.1712456650061457,-0.0051634487945533,0.0032643381072902,0.9681511175486486,0.1988993892715884,0.1504623112482410,0.2399678269437591,0.0018613265283685,0.0047070552064117,5.4243231250010213,-3.6628106576252253,-2.0674284831427694,-3.4355170372396842,0.3593994745613339,3.0517427238170005,-10.2307144033362398,-3.0837266715291456,-2.3225802897131351,-1.1341722444379170,-1.0393208625727108,-0.0016797108554561,0.0000000000000000,0.0000000000000000,-0.6277172535727368,0.2923201375273508,0.4408001907814875,0.5711525002747474,-0.6277172535727368,0.2923201375273508,0.4408001907814875,0.5711525002747474,-0.6292848971930065,0.2935379283245543,0.4384356910168021,0.5706225965051991,-0.5829034035658022,0.3268119302260479,0.4142273926050483,0.6179265745935771,-0.5936580948374229,0.3068427643935456,0.3930193608661839,0.6316275535136705,-0.6551774077569434,0.6961354581510788,-0.2786336590337826,0.0922023444556873,-0.6816619184490399,0.6819236692487296,-0.2055022640216813,0.1675886563484739,-0.6976549730676281,0.7028389715411754,-0.1151887636995490,0.0776303249659529,-0.6976549730676281,0.7028389715411754,-0.1151887636995490,0.0776303249659529,-0.6048809393517289,0.2476285930673162,0.4682919130625340,0.5945601847287653,-0.6734827161087336,0.1880869573445406,0.4952176616611522,0.5155616308052186,-0.6976382852576799,0.0475025826987128,0.3802899588687994,0.6053295588051543,-0.7048305862799505,0.5288595286216941,-0.3667880512202794,0.2983085133085047,-0.7400087028609011,0.4939309433051497,-0.2893211875473962,0.3531467023376768,-0.7796258431315238,0.5273404891614250,-0.2226803422153375,0.2539862563276011,-0.7796258431315238,0.5273404891614250,-0.2226803422153375,0.2539862563276011,-0.5325441826505990,0.4425796049999529,0.5717521880850205,0.4400220701090827,-0.2206062482672537,0.1733995214291009,0.7400879366187533,0.6111753719391855,0.0777461019197676,0.4876416423468255,0.5830979133985439,0.6451030891848496,-0.0930335138586325,0.4998586878292552,0.3491359899623756,0.7871404690483922,0.2425874158286253,-0.4942572950625375,0.1928536094674704,0.8121998259507457,0.2107055862265180,-0.5097536404791027,0.2254965891601580,0.8030601909124719,0.2107055862265180,-0.5097536404791027,0.2254965891601580,0.8030601909124719,-0.0376776569920417,0.0889264220081089,0.7961640740571454,0.5973234072202044,-0.2812947145504024,-0.2482399498872816,0.7616837064230768,0.5282879349517380,-0.2460818283737649,-0.2821315431001877,0.6992022224337152,0.6090663168127798,0.3845577424882403,-0.6423606974452022,0.6526457195457857,0.1163685603100149,0.4445683776165348,-0.5946233103837953,0.6501223256683045,0.1616262294284370,0.4445683776165348,-0.5946233103837953,0.6501223256683045,0.1616262294284370,-0.5326134868146584,0.4424961998707341,0.5716832709049862,0.4401116046305383
1.7619122661134037,1.7116993950800270,0.1653064401939408,-0.6152145320625266,0.3120648395519673,0.4583521736937863,0.5603926305053200,0.0270521822651818,0.1574656880395171,-0.0685136432717334,1.9831613068750980,-0.2186734220146594,-0.2604682493678995,-0.0993465283755209,-0.2418457346799705,-0.3956608433130651,1.9706285505705372,-0.2141091115429508,-0.2605718280626484,0.5583400136387380,-1.0136785565543600,0.9320143821075695,-0.7008053942292716,-2.2285055760265289,0.1467445505910331,-1.4848717153473858,-0.9286711325748688,-0.2358999703977438,-1.8039351536306067,-0.1985068758181675,0.0012549760587761,0.5339279619930150,0.1603477452465389,-0.3350511245486463,0.6662657400616167,3.0294347227955059,0.3782178927181924,1.5959895311753043,0.0376831883234285,0.3110748663027919,0.7909793095069590,-0.0011188118250162,0.0010436446199905,0.9378311094294700,0.2405679933300228,1.0710159344082382,0.9176434952796043,0.0121729730728345,0.0016311054099279,-1.5514718421190876,-1.1208111686738180,1.7953306726300000,-1.4145554904770101,0.4010632180591648,1.3681651470279115,-1.7136487045641353,-3.7831730337178451,0.9603505730626291,2.2540441474026238,-0.7956992203350158,0.0749355793095539,0.0000000000000000,0.0000000000000000,-0.6152145320625266,0.3120648395519673,0.4583521736937863,0.5603926305053200,-0.6152145320625266,0.3120648395519673,0.4583521736937863,0.5603926305053200,-0.6214160416437453,0.3166006405446825,0.4494999383109201,0.5581719654846473,-0.5756127331745592,0.3509577741823012,0.4232195657998682,0.6052964738642455,-0.5873983122493399,0.3308543495532564,0.4020470711037199,0.6195617602509363,-0.6582074969234544,0.6995559571935772,-0.2710009513086871,0.0627920228892575,-0.6838482694275854,0.6885270472441766,-0.1975605451939966,0.1387511462899045,-0.6960762585349526,0.7083528327643608,-0.1064703156698576,0.0487665715408369,-0.6960762585349526,0.7083528327643608,-0.1064703156698576,0.0487665715408369,-0.5961150978633480,0.2762259501892583,0.4804906437182689,0.5809257748117358,-0.6619596599323996,0.2161252950014144,0.5103546718893701,0.5046160662953831,-0.6916133676780465,0.0810659248161505,0.4005842664548478,0.5955094549640372,-0.7163771746412144,0.5408817770471571,-0.3544016768233584,0.2620116378639922,-0.7501472525951646,0.5097854329774684,-0.2758186076138874,0.3183111802023886,-0.7851441890854461,0.5412989341300135,-0.2072499840574175,0.2181547853320396,-0.7851441890854461,0.5412989341300135,-0.2072499840574175,0.2181547853320396,-0.5046752150347504,0.4702938569396128,0.5956665402491808,0.4114705193353005,-0.1678158241318650,0.1971364912442377,0.7525892604976017,0.6054621854207959,0.1210197779954100,0.5132223780522719,0.5846846858459586,0.6165231724254369,-0.0739800934789736,0.5368255540195166,0.3416361871369320,0.7678736783866342,0.2413674291101151,-0.4565429587931177,0.1747903069546745,0.8383070079248349,0.1965533888357310,-0.4787203282989409,0.2249908403541153,0.8255741846541063,0.1965533888357310,-0.4787203282989409,0.2249908403541153,0.8255741846541063,0.0486617593130933,0.0913314329182162,0.7969193049513847,0.5951556300140841,-0.2209212103471828,-0.2723698681444458,0.7544776101184646,0.5547720338802620,-0.1814935910764263,-0.3007351975105425,0.6851125686993076,0.6381529484275018,0.4089710951094726,-0.6790151331508216,0.5968138931625661,0.1244759785873209,0.4783079042632004,-0.6246992049698168,0.5938448388779969,0.1682877279167707,0.4783079042632004,-0.6246992049698168,0.5938448388779969,0.1682877279167707,-0.5044152759828094,0.4705726446582873,0.5958938083484778,0.4111413195319077
1.7706988724450197,1.7143931329972670,0.1600262910332498,-0.5977322012727241,0.3229573086576470,0.4825657543677501,0.5527613273898210,0.0494975790804014,0.1595576134208102,-0.0643982182416169,2.0004217525989940,-0.2185433532736666,-0.2604289162856838,-0.0922331895078961,-0.2397961054091647,-0.3718794178851734,1.9864123917337695,-0.2138702781909179,-0.2605527602253465,0.5049430951966378,-1.0235272994969424,0.9709821260362386,-0.7180886141686817,-2.2212320881663907,0.1617818154063777,-1.5039245291227978,-0.9948046234374797,-0.2241346428498235,-1.7731646908453131,-0.2117180909614115,0.0018513689838606,0.4307220214416219,0.0973968572691649,-0.1685935787811992,0.6703618468939185,3.2761292719191428,0.5057057170403254,0.7716621645329717,0.1017211508606723,0.0768770092347458,0.7946182019537473,0.0050928673191188,0.0023622132614356,-0.0416025457906332,-0.0215942074992509,1.1829954169474477,0.5916184715770769,0.0099354279932031,0.0006822487174623,-3.1042267712074669,-0.1650052050569698,1.8430872441373281,-0.5198663287031663,0.3213896706969170,0.3518251131487823,-0.7606396147352026,-2.8573876097558562,0.1551467044163104,0.7082070147519146,-0.5636596585996926,0.0095351208673194,0.0000000000000000,0.0000000000000000,-0.5977322012727241,0.3229573086576470,0.4825657543677501,0.5527613273898210,-0.5977322012727241,0.3229573086576470,0.4825657543677501,0.5527613273898210,-0.6107395994581110,0.3319562622658571,0.4651548577615120,0.5481178157085344,-0.5651757674675881,0.3679260990765063,0.4372578042471007,0.5949893697460246,-0.5767545260953846,0.3494960359470772,0.4178295351211740,0.6087899613710717,-0.6633646384461943,0.7010921455193427,-0.2591807482245506,0.0352491092085508,-0.6876739231689065,0.6930660470827769,-0.1852886374945120,0.1114995542142020,-0.6963300329681428,0.7112579541785203,-0.0937259164868740,0.0212617116683029,-0.6963300329681428,0.7112579541785203,-0.0937259164868740,0.0212617116683029,-0.5794787754848925,0.2908971279577084,0.5020569083479491,0.5722954398635244,-0.6437606543751212,0.2287687193762259,0.5332421132177259,0.4988887066316205,-0.6750813328730740,0.1050147660704741,0.4311240473261360,0.5893803090794676,-0.7299815464379119,0.5509718785194688,-0.3297418566646784,0.2341521704024390,-0.7610081181328323,0.5228303647009527,-0.2499387811294595,0.2916258897459448,-0.7924440763558280,0.5508691309100044,-0.1799004868705681,0.1902929354514964,-0.7924440763558280,0.5508691309100044,-0.1799004868705681,0.1902929354514964,-0.4966721811612573,0.4635751849638269,0.6066304626398344,0.4128126380619338,-0.1509271881037205,0.1872497610214965,0.7589460838168420,0.6051110251413170,0.1477672726400648,0.5186919581944106,0.5848250025845136,0.6058904207800186,-0.0561622489240543,0.5508113922896621,0.3387126610262301,0.7607406556641011,0.2451430024374375,-0.4398885519750112,0.1590874269963364,0.8491726330782048,0.1959725937291039,-0.4646651801951382,0.2163380966040131,0.8359897372450572,0.1959725937291039,-0.4646651801951382,0.2163380966040131,0.8359897372450572,0.0700833401136280,0.0789022770874221,0.7993775071087017,0.5914882562127626,-0.2190524607006098,-0.3099608806078337,0.7410494050289218,0.5538827053267731,-0.1778205563252759,-0.3363885254048478,0.6760229797824792,0.6310432160558729,0.3931208132578967,-0.6935257920364135,0.5945336748868651,0.1049176409820317,0.4682262529904850,-0.6366742083279077,0.5935910770672138,0.1518544095069597,0.4682262529904850,-0.6366742083279077,0.5935910770672138,0.1518544095069597,-0.4962472686706890,0.4640300162603795,0.6070084060442010,0.4122567007799280
1.7785579030384970,1.7161555148466816,0.1558868721319213,-0.5796340995778423,0.3362890099975018,0.5068339489393908,0.5422668720878921,0.0567282281762569,0.1630215952323709,-0.0635249912999863,2.0113107214159442,-0.2183782131017412,-0.2603741784818407,-0.0979051645646327,-0.2436525368344085,-0.3490299021775818,1.9924282238844158,-0.2137486130374485,-0.2605419401345334,0.4417826831502089,-1.0231363877627337,1.0041767472771763,-0.7234901372016355,-2.2157573246209816,0.1642811095216359,-1.5218450006336552,-1.0393175221124054,-0.2299997665550264,-1.7747596578802953,-0.2212343418492696,0.0018990194267966,0.4256653263577410,0.0623964275893586,-0.1744139705078410,0.4022163635444231,3.4851425939212017,0.4500712991643627,0.1348865264104175,0.2022651427388532,0.0308086522177874,0.3237183511640761,0.0059318023468799,0.0026339775506166,-0.4175593912305651,-0.3072630231781683,1.1006425911778801,0.0960719091054187,0.0025581149142217,0.0005412733092259,-3.1252427859019556,0.1078050498133178,1.4937587400686965,-0.1074505185104459,0.2401834232932042,0.0289793877809095,-1.2305277438331210,-1.5942113484331319,-0.6526742673935488,-0.6604985780876528,-0.4107027735781894,-0.0008980714345522,0.0000000000000000,0.0000000000000000,-0.5796340995778423,0.3362890099975018,0.5068339489393908,0.5422668720878921,-0.5796340995778423,0.3362890099975018,0.5068339489393908,0.5422668720878921,-0.5956780296913972,0.3467048435022510,0.4868676195265561,0.5365849024074369,-0.5501292029680686,0.3851023163010493,0.4571001350152309,0.5831925347518960,-0.5620927997368875,0.3674202205413619,0.4383306386276737,0.5974280854308236,-0.6712739097564666,0.7012990326409079,-0.2397361098292538,0.0098793998364990,-0.6934019007561310,0.6960455571571936,-0.1651540744383307,0.0862468439186881,-0.6987305959176157,0.7115957949996201,-0.0733942128557045,-0.0045020425101813,-0.6987305959176157,0.7115957949996201,-0.0733942128557045,-0.0045020425101813,-0.5594225852233509,0.3032024583808386,0.5265912334287286,0.5637519962269297,-0.6236353073264437,0.2371330679875341,0.5594622113771344,0.4917814001806875,-0.6554738172474833,0.1245277614845025,0.4649359784698727,0.5819634416756202,-0.7465445021351005,0.5561699406072411,-0.2974604099785045,0.2118103113453452,-0.7740159419736531,0.5304019422813003,-0.2161266081336667,0.2699303437027752,-0.8025222998630565,0.5539832384814795,-0.1453943004409447,0.1670958620174970,-0.8025222998630565,0.5539832384814795,-0.1453943004409447,0.1670958620174970,-0.4904450012163276,0.4566505101501939,0.6146330089571337,0.4161253136517694,-0.1413163437773774,0.1797371522205344,0.7627875123955531,0.6048797054179036,0.1663339162881542,0.5237807141932775,0.5829270935495482,0.5984837469282696,-0.0423285663200963,0.5619340243647710,0.3375891540505257,0.7539708268905021,0.2491857898956294,-0.4257494435405046,0.1474814528153252,0.8572590474964507,0.1999569658366382,-0.4511877761351368,0.2067512705121424,0.8448080933686946,0.1999569658366382,-0.4511877761351368,0.2067512705121424,0.8448080933686946,0.0866124154136615,0.0662831581904929,0.8007354726429379,0.5890055477563823,-0.2164282357225340,-0.3389384438077129,0.7284857483284219,0.5546062247880164,-0.1711997959106838,-0.3653437125303756,0.6621242214630637,0.6315109792763652,0.3848305886443861,-0.7124039406880013,0.5808122436527560,0.0839236614958679,0.4648033336600258,-0.6536787890156531,0.5825010432599645,0.1317362380311816,0.4648033336600258,-0.6536787890156531,0.5825010432599645,0.1317362380311816,-0.4900107755785433,0.4571164265867398,0.6150282200438736,0.4155409738054096
1.7866502666271398,1.7172031036005484,0.1512162633498784,-0.5614071890886254,0.3517021082998553,0.5307536799862671,0.5286096161044368,0.0561214323828116,0.1675244867893777,-0.0661253752337566,2.0130776310437652,-0.2183256350645669,-0.2603400677274967,-0.1081357048601839,-0.2503695949974939,-0.3294179538602203,1.9907588226094908,-0.2137695649952067,-0.2605276611719781,0.3816895827106948,-1.0219778726447613,1.0290650588666974,-0.7238971256102810,-2.2116190444288528,0.1629240650373563,-1.5587061050457076,-1.0550995036957735,-0.2509063530583766,-1.7991235123634957,-0.2282112396659813,0.0018538603520927,0.4654834252496688,0.0329317180866925,-0.2128054034398706,0.0668273582050116,3.7125288293653158,0.5340739724028550,-0.1931357103272485,0.2808123606693735,-0.3110722137153026,-0.0772314597818672,0.0011487472884825,0.0011653251552266,-0.5667789914132950,-0.3401691681976181,0.8621771748582451,-0.2070733694693876,-0.0035281528180854,0.0008258966355901,-2.9147286803430963,0.0171104186672101,1.0441149824063234,0.0461499482562323,0.1813634831933325,-0.1741425086113362,-2.2233904167649716,-0.2809819711256099,-1.2861309308325415,-1.5851015340590944,-0.3057947615823515,-0.0027866770983882,0.0000000000000000,0.0000000000000000,-0.5614071890886254,0.3517021082998553,0.5307536799862671,0.5286096161044368,-0.5614071890886254,0.3517021082998553,0.5307536799862671,0.5286096161044368,-0.5782375884207599,0.3618813532079477,0.5113574395148803,0.5226822615992563,-0.5326402477345148,0.4032603667191556,0.4794013155805499,0.5690780453913893,-0.5455596674784886,0.3856023937865456,0.4605093259133666,0.5844712173184089,-0.6808663809594544,0.7000846690954902,-0.2147676914985061,-0.0133141302770798,-0.7002118997307814,0.6973679736680779,-0.1393107515873507,0.0630374433940341,-0.7024703928422349,0.7095510997989863,-0.0476110594274310,-0.0283861053038628,-0.7024703928422349,0.7095510997989863,-0.0476110594274310,-0.0283861053038628,-0.5380563905375653,0.3161242350778672,0.5516766423721197,0.5533657658901068,-0.6027741336890899,0.2449687571025479,0.5867469282290068,0.4820598448458703,-0.6349055217730502,0.1422720163035969,0.4992717695453427,0.5721724844258608,-0.7643235494351519,0.5574949623142188,-0.2611260868272218,0.1918907125199668,-0.7878184158411546,0.5338431984960925,-0.1780995932178971,0.2502680922063665,-0.8136526286721402,0.5524547636800561,-0.1072462576136446,0.1458128052332759,-0.8136526286721402,0.5524547636800561,-0.1072462576136446,0.1458128052332759,-0.4831816968967270,0.4532194311003823,0.6226053070028859,0.4165215801718886,-0.1314867744489489,0.1771843575343267,0.7661148439617793,0.6036430878023681,0.1819910669142130,0.5306639833737408,0.5802775089931951,0.5903837742265556,-0.0302678579617388,0.5737267244340242,0.3380526997947938,0.7454138948302907,0.2539986241635698,-0.4103643070350101,0.1380844018688811,0.8648806463294239,0.2060848944595243,-0.4359716207390925,0.1978969405625106,0.8534017594906474,0.2060848944595243,-0.4359716207390925,0.1978969405625106,0.8534017594906474,0.1112131146377200,0.0528848863221739,0.8003692487982472,0.5867230160044831,-0.1991156562078794,-0.3570234406850343,0.7182771111657391,0.5629966339417360,-0.1478675266054139,-0.3832643982287585,0.6447070976032080,0.6446676305864842,0.3908634417819616,-0.7361372483528085,0.5480317208291124,0.0706325309683558,0.4753870886966036,-0.6752445159871436,0.5518760378530436,0.1161240645752687,0.4753870886966036,-0.6752445159871436,0.5518760378530436,0.1161240645752687,-0.4827601223894686,0.4536684573270001,0.6229922849981604,0.4159425535934207
1.7953956448106538,1.7178390529623302,0.1459633381384877,-0.5429497346313675,0.3686081427336622,0.5548233219167874,0.5113753066304514,0.0495041364675650,0.1747619954839268,-0.0738535028810075,2.0087983724593785,-0.2183281919121379,-0.2603099910186447,-0.1189739725543619,-0.2581734684874993,-0.3141547391445303,1.9847826737335741,-0.2138807413162304,-0.2605106615889639,0.3227214715832102,-1.0211479651703372,1.0479883339977514,-0.7208833534449058,-2.2085928056814157,0.1570130332996357,-1.6017752762979494,-1.0609361377655910,-0.2757151769371750,-1.8323494907130329,-0.2335881226614483,0.0018153499759742,0.4823482591319946,0.0186390434029830,-0.2287707128822496,0.0040073935826508,3.8960914741861226,0.6577856672204909,-0.3576348447921963,0.4622696974007323,-0.2843351755538947,-0.2664325508962934,0.0007028602730037,0.0020837594397666,-0.4532361616852748,-0.4387761911653169,0.7784865134109599,-0.3166559598078729,-0.0065341910017379,0.0006087144074520,-3.2873972257733017,0.1308973140801558,1.1295621818726829,0.2383750003462868,0.1238498419564457,-0.3666625458890018,-1.5240048622751596,-0.7976347420338344,-0.8574524156127973,-1.3000172612358856,-0.2454686695562359,0.0004366349120206,0.0000000000000000,0.0000000000000000,-0.5429497346313675,0.3686081427336622,0.5548233219167874,0.5113753066304514,-0.5429497346313675,0.3686081427336622,0.5548233219167874,0.5113753066304514,-0.5586291956958942,0.3773654084740513,0.5381580333209571,0.5058801254995988,-0.5126052269007169,0.4226579695165510,0.5033676202784743,0.5524646242189595,-0.5277448802228578,0.4035953657320048,0.4827906216640253,0.5705342564574666,-0.6905336763090300,0.6979976509693910,-0.1864529025017050,-0.0346097713519924,-0.7067369231613811,0.6976134459972388,-0.1101106916178376,0.0416417698433022,-0.7061636830032085,0.7060039507572627,-0.0186361465930464,-0.0504377672249912,-0.7061636830032085,0.7060039507572627,-0.0186361465930464,-0.0504377672249912,-0.5160137491350175,0.3305322679877568,0.5769902567102463,0.5399634007818832,-0.5810232805750453,0.2537767978948648,0.6146272637704214,0.4693001288196346,-0.6136931822978764,0.1592840033432870,0.5332108770711068,0.5600852121357087,-0.7819054018275551,0.5561128574726575,-0.2226142493613629,0.1726421974135000,-0.8011988303856395,0.5345102248912625,-0.1378897951790361,0.2310100821627881,-0.8244170395687319,0.5478924376392867,-0.0672952665906368,0.1249870742953157,-0.8244170395687319,0.5478924376392867,-0.0672952665906368,0.1249870742953157,-0.4751901274409207,0.4526154217528540,0.6311370295015771,0.4135210668951373,-0.1205612949942882,0.1785503448390749,0.7697233605179890,0.6009248678329441,0.1956269062803643,0.5390668143795475,0.5777207344417759,0.5808406288905026,-0.0196316112153454,0.5861577866134577,0.3403041245149858,0.7350011917484149,0.2598627042863209,-0.3935694436619246,0.1307146227431926,0.8720597200523296,0.2147090197484440,-0.4187695050482115,0.1893519862033299,0.8617876558649419,0.2147090197484440,-0.4187695050482115,0.1893519862033299,0.8617876558649419,0.1406669276433115,0.0410642198998679,0.7986178301211759,0.5837260545186850,-0.1735351339440235,-0.3680634907877176,0.7099337824703089,0.5748120114816576,-0.1156531588125684,-0.3931973388608423,0.6264216496087537,0.6630355318313449,0.4039162670368089,-0.7598122666993196,0.5056645325755437,0.0619705501948145,0.4924831961441977,-0.6966930347166772,0.5112799635283486,0.1033049649693220,0.4924831961441977,-0.6966930347166772,0.5112799635283486,0.1033049649693220,-0.4747793018673723,0.4530463461326698,0.6315119318832377,0.4129483050737322
1.8030352844166440,1.7185478845380986,0.1428210601887799,-0.5292709078172722,0.3805088510219441,0.5732649733926584,0.4964399165189632,0.0354491373978402,0.1859586737538270,-0.0605155104264645,2.0016061945021537,-0.2183769385788298,-0.2603207184101189,-0.0977280056893187,-0.2615760711270142,-0.2976542606411532,1.9588555916980390,-0.2200864679532049,-0.2605288648949509,0.2753782665849595,-1.0179237502140637,1.0663945610627463,-0.7124034683958967,-2.2073529047625682,0.1516538158959356,-1.6263700092141475,-1.0831642800326249,-0.2941212494340567,-1.8563660412872873,-0.2378562814328595,0.0018119839368937,0.3524846104626536,0.0416681341501477,-0.0417881206096065,-0.3047969020350605,1.8122575285116225,0.4863572109417941,-1.0974095594666149,0.5511089095594044,1.4974037912208131,-0.3846642811514593,-0.0036652423226281,-0.0019389091298580,1.3793610805456002,-0.0051377723046664,1.3191371623007142,-1.4224980865508228,-0.4613264415660600,-0.0016411630804446,-1.2583571395864190,0.1043255038397841,0.6169010905088208,0.5773152025788990,0.0322993059666984,-0.1966481504691773,-1.5316125409396206,-0.8193457432203164,-1.0928680154769523,-1.3403722786079180,-0.1831990328948380,-0.0015021799216280,0.0000000000000000,0.0000000000000000,-0.5292709078172722,0.3805088510219441,0.5732649733926584,0.4964399165189632,-0.5292709078172722,0.3805088510219441,0.5732649733926584,0.4964399165189632,-0.5414523987230729,0.3868883293928779,0.5611232620429217,0.4922269855370882,-0.4937103193753992,0.4370267317986398,0.5230196270882204,0.5401001998852988,-0.5073369350810065,0.4211311886656812,0.5056078599407472,0.5564336871557820,-0.6993865738182121,0.6956966490667424,-0.1545590310983939,-0.0545536318319320,-0.7120638953684769,0.6974985552715569,-0.0774279190210004,0.0215798902415876,-0.7088416726292923,0.7016481197674993,0.0137562086551724,-0.0710222915307250,-0.7088416726292923,0.7016481197674993,0.0137562086551724,-0.0710222915307250,-0.5057394074137930,0.3490661945193655,0.5917640284666936,0.5217238524788610,-0.5694586566118462,0.2689130236111835,0.6322322826901932,0.4513147071240535,-0.6032765476997121,0.1807063442533068,0.5576102719956019,0.5408081071018752,-0.7989703034394269,0.5499255558882269,-0.1910975213376724,0.1506986215648059,-0.8150769523121354,0.5301462401071667,-0.1025737307942575,0.2099360751770458,-0.8354410374667626,0.5389785165069324,-0.0328415117314187,0.1022832672906021,-0.8354410374667626,0.5389785165069324,-0.0328415117314187,0.1022832672906021,-0.4714691731450723,0.4501460855563018,0.6364973663462192,0.4122577143809043,-0.1158696283230245,0.1781174285376764,0.7724964206750965,0.5984126426869458,0.2040271680847242,0.5456893740456998,0.5750649053440161,0.5743660647867507,-0.0116448992714119,0.5950412541244607,0.3431204194635081,0.7266764616788779,0.2653819929224746,-0.3811020174028502,0.1255783160675559,0.8766776697838322,0.2226921470393493,-0.4058185860618481,0.1826496095993039,0.8673860749210749,0.2226921470393493,-0.4058185860618481,0.1826496095993039,0.8673860749210749,0.1568127087789679,0.0328385818726648,0.7982206751919632,0.5806678530813303,-0.1644839768394704,-0.3827630491075986,0.7012325341861823,0.5785416169989428,-0.1007674787942746,-0.4078533487039950,0.6112947649608945,0.6706864181566432,0.4054646953546962,-0.7764380118645047,0.4802154353987989,0.0462117967359076,0.4969613661330748,-0.7122717653057334,0.4882807205177496,0.0853245034563317,0.4969613661330748,-0.7122717653057334,0.4882807205177496,0.0853245034563317,-0.4710604741244142,0.4505737556554327,0.6368712256659945,0.4116799270682678
1.8088198093296772,1.7187563866638242,0.1431236506147770,-0.5267098331193660,0.3861810628179895,0.5786793637763827,0.4884374395513699,0.0108522854342241,0.1949772996604782,-0.0196610670590526,1.9942776058941301,-0.2184778185018762,-0.2603723888002570,-0.0803032358168251,-0.2611826750933972,-0.2578041937996460,1.9422440650466399,-0.2275376460096301,-0.2605602098473572,0.2633235937106229,-1.0170719748803165,1.0758713585455948,-0.6984352533598743,-2.2067203652498528,0.1475261433702577,-1.6599613301883447,-1.0939501845195587,-0.3135390051810367,-1.8810231645848068,-0.2409709985325112,0.0017908708137032,0.2655729383564884,-0.0124156835971744,0.0584722827054043,-0.3860995262127264,0.6119113943705188,0.2659628013988397,-1.2078795924350354,0.3672366448870832,2.3028872616507559,-0.3308055855965238,-0.0060395475252822,-0.0030053436097722,0.5063532662831610,0.0256718714524286,2.3910538945662121,-0.3630976965130895,-0.2427805304508752,-0.0015033667456666,-0.4921353778387633,0.0176664907355558,0.5172325838799650,0.7640293523027972,0.0370057782692325,-0.2430627799644438,-1.5269630497879747,-0.5781208777709664,-0.7066786584040501,-0.9254227053417615,-0.1371243031477037,-0.0000785787522710,0.0000000000000000,0.0000000000000000,-0.5267098331193660,0.3861810628179895,0.5786793637763827,0.4884374395513699,-0.5267098331193660,0.3861810628179895,0.5786793637763827,0.4884374395513699,-0.5310694499246067,0.3883980763492141,0.5744528657607847,0.4869456629483698,-0.4813482063689634,0.4422717256536923,0.5340832157818228,0.5361480612040238,-0.4866789120683286,0.4363989134213112,0.5275387520096787,0.5425886932481707,-0.7071750513309040,0.6925451529015461,-0.1227067443096532,-0.0723029243435752,-0.7163372727875597,0.6962997567788289,-0.0448821784144074,0.0036263460676462,-0.7107464765228829,0.6962341735889196,0.0458883074043185,-0.0893962240859649,-0.7107464765228829,0.6962341735889196,0.0458883074043185,-0.0893962240859649,-0.5076172595116859,0.3611439289761184,0.5937422515599051,0.5092837314524312,-0.5696253619216085,0.2807350973334928,0.6357221121283163,0.4388304323220334,-0.6014756329684243,0.2037457012169888,0.5728006794823753,0.5182799762342352,-0.8122521401478746,0.5428840160022639,-0.1735511921463955,0.1241103931949921,-0.8266838262418664,0.5253298669685985,-0.0804201896313692,0.1848106474219398,-0.8436871146636855,0.5313255026034165,-0.0114928809624736,0.0758496969069349,-0.8436871146636855,0.5313255026034165,-0.0114928809624736,0.0758496969069349,-0.4712301954290457,0.4522180497279667,0.6379946989574862,0.4079260993345289,-0.1153860183437336,0.1823492702493192,0.7737804528949002,0.5955657991591553,0.2057616717393287,0.5527577933602968,0.5713547650297067,0.5706791469822079,-0.0081710307010453,0.6019503784092579,0.3458609803291760,0.7197007423061164,0.2689727952307525,-0.3713181555248434,0.1242258835592020,0.8799684043517239,0.2280703429597623,-0.3956876523605055,0.1801746674948053,0.8711786783575366,0.2280703429597623,-0.3956876523605055,0.1801746674948053,0.8711786783575366,0.1715670912154850,0.0275080767397159,0.7967274155647541,0.5788207530949862,-0.1541750017894492,-0.3904863009613661,0.6950192211442213,0.5836940978156391,-0.0849446458006575,-0.4153534353865523,0.5975326568887744,0.6806031551600625,0.4087632987621687,-0.7904916635479969,0.4546459076578254,0.0365047133420147,0.5026307011652389,-0.7254876876557323,0.4644319479965475,0.0730271113095065,0.5026307011652389,-0.7254876876557323,0.4644319479965475,0.0730271113095065,-0.4708250389446916,0.4526398615749523,0.6383597466172999,0.4073546026680366
1.8136434894097477,1.7180904630039537,0.1445282323670695,-0.5265227118973609,0.3896230675062948,0.5809387111185038,0.4831955225860493,-0.0132835424424974,0.2007937894979646,0.0259243839856976,1.9877041442082179,-0.2186107995900178,-0.2604324712410892,-0.0752649794938234,-0.2612933127308694,-0.2082498080304565,1.9402756272717296,-0.2294709869454968,-0.2605937694118699,0.2550856256520443,-1.0168174431793360,1.0845872225764615,-0.6831142367426581,-2.2057025407812194,0.1408563147521076,-1.6887311272021372,-1.1000788211932484,-0.3267597248871946,-1.8993208017278769,-0.2432612188726483,0.0017723876136210,0.2388533921603596,-0.0345310203415129,0.0655262149541555,-0.3685426279347812,0.4820722778886174,0.2103201053294040,-1.1581565838439414,0.2540885011750087,2.2231601409813155,-0.3312459682821853,-0.0072693898778858,-0.0030562063284569,0.1448274611433558,-0.0308874310308008,2.4457566220144149,0.0331521686373306,-0.0320855897624310,-0.0019334302107300,-0.4342547372064707,0.0195048056603429,0.4033485471777881,0.7512941181073909,0.0574291861690580,-0.4050532338799069,-1.2995435405515823,-0.1696041564531997,-0.5917024138508213,-0.8447847820556363,-0.0994593649017478,-0.0009030187390347,0.0000000000000000,0.0000000000000000,-0.5265227118973609,0.3896230675062948,0.5809387111185038,0.4831955225860493,-0.5265227118973609,0.3896230675062948,0.5809387111185038,0.4831955225860493,-0.5228847401549177,0.3878051198541236,0.5844046081798906,0.4844274883469777,-0.4718341499778838,0.4442883245998647,0.5427056676239965,0.5342761251147994,-0.4670358079153968,0.4493296502412448,0.5484118717119649,0.5284172958034890,-0.7143635315443532,0.6879486191151022,-0.0925352457676971,-0.0885927228829519,-0.7201946596000897,0.6935073145665069,-0.0140598432892863,-0.0130222015398150,-0.7124067869384694,0.6894618528740734,0.0761080020892468,-0.1064260089143576,-0.7124067869384694,0.6894618528740734,0.0761080020892468,-0.1064260089143576,-0.5087622151107870,0.3665705827704115,0.5950092004933040,0.5027435406360234,-0.5699081951582115,0.2859513014756679,0.6376847136388731,0.4321975338513511,-0.5970913142449020,0.2237084267018435,0.5880945087137122,0.4975754727643427,-0.8226294393536887,0.5369152900861111,-0.1601686431064539,0.0966891025184347,-0.8355553846467779,0.5223208321249267,-0.0649645127258087,0.1575047923156537,-0.8489369574326632,0.5263340577903243,0.0034495210318582,0.0476088512736318,-0.8489369574326632,0.5263340577903243,0.0034495210318582,0.0476088512736318,-0.4724900457561066,0.4536358203869690,0.6378571416926725,0.4050999455873668,-0.1166921041601751,0.1849977293612706,0.7743490132504902,0.5937528093709006,0.2062575472381822,0.5578695185052172,0.5679983754497815,0.5688736854666906,-0.0045689393752217,0.6065916236661818,0.3488198425182953,0.7143881608457145,0.2729149202157111,-0.3638770449793712,0.1228194238447509,0.8820580091962070,0.2342588483691068,-0.3875236393192581,0.1766310549431411,0.8739277380648874,0.2342588483691068,-0.3875236393192581,0.1766310549431411,0.8739277380648874,0.1823186009444605,0.0220150284228067,0.7953863140449434,0.5776122208741745,-0.1464029338471653,-0.3968801328610544,0.6896449885170269,0.5877432525469638,-0.0732537081376303,-0.4212949733818883,0.5869495705924650,0.6874842843502402,0.4103837461621114,-0.8006589587222488,0.4355517304695994,0.0287246024984440,0.5059832974556546,-0.7351347151148550,0.4467135169076868,0.0632841776502587,0.5059832974556546,-0.7351347151148550,0.4467135169076868,0.0632841776502587,-0.4720874410018358,0.4540547862594383,0.6382162535434193,0.4045339452212083
1.8181349425031372,1.7172317780889241,0.1457175496572419,-0.5258121222266856,0.3928780929391423,0.5835841201445144,0.4781192224990796,-0.0347622236821194,0.2054540575847256,0.0678243769042374,1.9811682571978881,-0.2187706464694417,-0.2604942909921684,-0.0736893855011909,-0.2635340813748290,-0.1631367414063806,1.9425353050990068,-0.2296896921495143,-0.2606423597984450,0.2445577863698789,-1.0162715591761848,1.0920708874738911,-0.6689397474894304,-2.2044718997905792,0.1312239865440312,-1.7108736239470392,-1.1007445440239290,-0.3372456701175208,-1.9147560173856555,-0.2449435974210808,0.0017495145389069,0.2299814001348628,-0.0380768745564818,0.0414213500130231,-0.2896777218274897,0.6223020636657132,0.2391791192054865,-0.9777331034434809,0.2373772814845947,1.9674195585551906,-0.3219419189650791,-0.0086936461318635,-0.0030529058229030,0.0102525804414681,-0.2457133476342678,2.0001250023007344,0.1814016909906814,-0.0008784078241387,-0.0030677951411991,-0.6383240233081036,0.0373458585195332,0.3547631558929519,0.6675537124311992,0.0636324592498984,-0.5410682426977854,-0.9393784685126916,0.0390692689281677,-0.4607962850999935,-0.6982077656481659,-0.0733657896875087,-0.0010951273615558,0.0000000000000000,0.0000000000000000,-0.5258121222266856,0.3928780929391423,0.5835841201445144,0.4781192224990796,-0.5258121222266856,0.3928780929391423,0.5835841201445144,0.4781192224990796,-0.5148273388694786,0.3874822809962660,0.5938662048698408,0.4818020587129054,-0.4628324765958723,0.4462076203550032,0.5511064751113910,0.5319459664623412,-0.4483447686092807,0.4607625313710240,0.5678153066825288,0.5140725976380011,-0.7206529500461889,0.6825000405782155,-0.0639263610102196,-0.1037614599379281,-0.7233246881233708,0.6897481142567151,0.0151211637618339,-0.0286406151648587,-0.7134785547378094,0.6819422216077886,0.1045749353470535,-0.1223406768619493,-0.7134785547378094,0.6819422216077886,0.1045749353470535,-0.1223406768619493,-0.5084313891585331,0.3705800606535968,0.5973424206025765,0.4973429136048437,-0.5692631211231819,0.2890425894294779,0.6407822799526148,0.4263706722134208,-0.5914032473113678,0.2405167741438701,0.6029563709875210,0.4783696218517169,-0.8315299169098547,0.5306422087289158,-0.1478924728603935,0.0714469038547214,-0.8429996079835845,0.5189594756705814,-0.0516318427367736,0.1317834449650001,-0.8529766828236854,0.5212685489183265,0.0162445215768887,0.0211185697058844,-0.8529766828236854,0.5212685489183265,0.0162445215768887,0.0211185697058844,-0.4736749966353194,0.4543826376024490,0.6378022953645237,0.4029598593355376,-0.1179709508534642,0.1868062751507689,0.7749216974230790,0.5921846276136847,0.2065053177920061,0.5618615784162133,0.5654306219797546,0.5674110786289350,-0.0010938619887700,0.6101080805975148,0.3519859630880988,0.7098399927057570,0.2770302908630932,-0.3575260579411353,0.1216182133358724,0.8835374049933437,0.2413410255521755,-0.3799370239002162,0.1720700298623656,0.8762387072473087,0.2413410255521755,-0.3799370239002162,0.1720700298623656,0.8762387072473087,0.1906127877805948,0.0174504084127222,0.7944235473863367,0.5764143264517702,-0.1390254378776239,-0.4006404467784246,0.6862219187703393,0.5909810811077398,-0.0629295079186256,-0.4244227039892149,0.5792854995632349,0.6930610040735058,0.4129184655397738,-0.8079354275855091,0.4197561613116543,0.0233120292853992,0.5097606668045840,-0.7419206004807922,0.4319080076916428,0.0561547687467597,0.5097606668045840,-0.7419206004807922,0.4319080076916428,0.0561547687467597,-0.4732768428818267,0.4547973326481137,0.6381549840434091,0.4024010841791156
1.8225026402758575,1.7164675471566249,0.1460520403388933,-0.5236252549643043,0.3961914878378776,0.5879082974573672,0.4724539460192448,-0.0435712132197327,0.2116570431067201,0.1055579866097149,1.9701500456104148,-0.2190079723805118,-0.2605949736141497,-0.0740322772146595,-0.2702319948723440,-0.1285495596200006,1.9459877804181733,-0.2296534695253161,-0.2607017957870127,0.2295476885804515,-1.0149987242293788,1.0984110350411034,-0.6565002926518881,-2.2033680676064735,0.1200712656425972,-1.7257119662462885,-1.1003410250452637,-0.3450902324570312,-1.9267814812469948,-0.2461960879893454,0.0017243967238260,0.2248551506075263,-0.0291880649270720,-0.0039991374419010,-0.1991550332835248,0.8239545605122163,0.3148391257023377,-0.1941687534284617,0.3488369457364548,1.7379159327566529,-0.6088669663861452,-0.0127955960765004,-0.0056267468232332,0.1247534940746674,-0.2088335672213699,1.6196715687536827,0.0397527351960849,-0.0012771758877395,-0.0016173337657764,-0.8309954392184274,0.0734940817824973,0.2576436806412392,0.6015820502804505,0.0435888617286200,-0.5453729854586090,-0.6018649474424987,-0.0657814396845542,-0.3472450715679193,-0.5061160892113601,-0.0553426795378266,-0.0012150670368068,0.0000000000000000,0.0000000000000000,-0.5236252549643043,0.3961914878378776,0.5879082974573672,0.4724539460192448,-0.5236252549643043,0.3961914878378776,0.5879082974573672,0.4724539460192448,-0.5090290480123940,0.3891724695148966,0.6013309983363384,0.4773209064047945,-0.4559456035604816,0.4503201694366402,0.5570151933179707,0.5282607556930259,-0.4323769717329499,0.4729955631109240,0.5832410775114260,0.4991544821953759,-0.7250177464410861,0.6773523253669120,-0.0383310256467845,-0.1186331620517252,-0.7248647426879969,0.6862595698827679,0.0411230469385416,-0.0439067484866765,-0.7130162811087759,0.6750999934568717,0.1299357575100975,-0.1377115849470168,-0.7130162811087759,0.6750999934568717,0.1299357575100975,-0.1377115849470168,-0.5059851952012099,0.3739403733860716,0.6017432241182399,0.4919884872808143,-0.5675593480376234,0.2896092324066617,0.6465700295599488,0.4194640340181485,-0.5853974341815369,0.2516087540085620,0.6175464544549653,0.4611282419783385,-0.8399312505600439,0.5227670736683867,-0.1362691222869878,0.0515830139868308,-0.8500129356963407,0.5134145105594460,-0.0391380697673473,0.1111384766441335,-0.8572477285280627,0.5141461711887737,0.0279278142723950,-0.0002894397468351,-0.8572477285280627,0.5141461711887737,0.0279278142723950,-0.0002894397468351,-0.4744304583245041,0.4539458589805889,0.6384805139237985,0.4014866506721958,-0.1187460173865658,0.1874753387199872,0.7758773523425699,0.5905647423005698,0.2068516249562150,0.5647753593202726,0.5640580307122196,0.5657558985522664,0.0022888911831284,0.6126583688359376,0.3556739254607255,0.7057907216872417,0.2816286412986668,-0.3520932369880486,0.1206974126489712,0.8843912004579125,0.2492860123717811,-0.3729518667320040,0.1670311435301653,0.8779886025614991,0.2492860123717811,-0.3729518667320040,0.1670311435301653,0.8779886025614991,0.1967669628605343,0.0137630614870277,0.7941483915477908,0.5748231664322528,-0.1327661611839430,-0.4034295321087941,0.6841825065594110,0.5928845223018050,-0.0544509583888756,-0.4265462654497261,0.5741030759892795,0.6967776077781717,0.4156739556020658,-0.8129152031397681,0.4074675496925932,0.0188210277582033,0.5133700712311088,-0.7464451261784483,0.4204068661828126,0.0502882733343765,0.5133700712311088,-0.7464451261784483,0.4204068661828126,0.0502882733343765,-0.4740383385826917,0.4543553193541209,0.6388269248583731,0.4009352284401685
1.8264136379483529,1.7158669755547644,0.1461957316013401,-0.5216482519931803,0.3995324093577828,0.5923383956827224,0.4662533432215168,-0.0485275118754558,0.2179737935114895,0.1375520765350848,1.9605070276879717,-0.2192438410246053,-0.2607001134749579,-0.0689637931919368,-0.2703911856127313,-0.0939986808575115,1.9451570278251458,-0.2297455631038992,-0.2607268779820140,0.2147534662599481,-1.0138381629834758,1.1008688168020884,-0.6443952539950939,-2.2027526311160197,0.1100925715148393,-1.7374084230193321,-1.1025673298815530,-0.3513580043622550,-1.9354723459342993,-0.2471347280153702,0.0016976813207735,0.1853775625919040,-0.0282651977863741,0.0079023277751039,-0.2666487213666852,0.6833631751051721,0.3191667122957940,-0.2650086022593215,0.2742615525457661,1.5027806559228440,-0.3738958921825781,-0.0109301856400127,-0.0050490972871824,0.2576590028450406,0.0543955279528343,1.7845176365996944,-0.0214296857675084,-0.0041628936048144,-0.0017485170467500,-0.7167397795772058,0.0492967756746101,0.0473927400187506,0.6098294615440597,0.0247021188439110,-0.4678342161557034,-0.5367167893777838,-0.1734474251558274,-0.2395351177275657,-0.3129996516566440,-0.0408508724253103,-0.0011333660443848,0.0000000000000000,0.0000000000000000,-0.5216482519931803,0.3995324093577828,0.5923383956827224,0.4662533432215168,-0.5216482519931803,0.3995324093577828,0.5923383956827224,0.4662533432215168,-0.5052869659167605,0.3918499942622589,0.6071547768391197,0.4717009020902329,-0.4511251545106553,0.4554122057478548,0.5610553126900832,0.5237392041138818,-0.4194907539948078,0.4847078393107095,0.5949932822015143,0.4848389546629669,-0.7277953795351417,0.6725674189429545,-0.0174179240830263,-0.1329043581841751,-0.7253330563653686,0.6830697835420498,0.0623013314122271,-0.0585335139877356,-0.7115721702318950,0.6691776853966411,0.1505556722648234,-0.1523130377464461,-0.7115721702318950,0.6691776853966411,0.1505556722648234,-0.1523130377464461,-0.5050526754049951,0.3789596455747629,0.6052904658657994,0.4847007675092632,-0.5657964518042931,0.2938826867714510,0.6508609125290745,0.4121740094711024,-0.5794543711595053,0.2659422685517984,0.6299871217954824,0.4434225613492261,-0.8469129886705857,0.5161895952543399,-0.1240545505214143,0.0299526270491562,-0.8555503640827866,0.5093547735621629,-0.0261670862310864,0.0889189111799225,-0.8598497849311630,0.5084344005628122,0.0402673822928828,-0.0230509349364460,-0.8598497849311630,0.5084344005628122,0.0402673822928828,-0.0230509349364460,-0.4755009030250133,0.4534776027073139,0.6391821192234296,0.3996287946710903,-0.1197885065830295,0.1882943601490041,0.7770166924203001,0.5885923948938689,0.2057455053066682,0.5668804981797360,0.5637873776054236,0.5643217882400045,0.0044095122105138,0.6139830880570557,0.3600994380554934,0.7023771910406145,0.2864152529045974,-0.3480650459694925,0.1211164207029405,0.8843912252583455,0.2570263347571397,-0.3675005741367514,0.1636269437588730,0.8786962014977634,0.2570263347571397,-0.3675005741367514,0.1636269437588730,0.8786962014977634,0.2012756205385948,0.0114610543976222,0.7943663496560307,0.5730086136726480,-0.1285709483872934,-0.4061925748682794,0.6827567981028309,0.5935657149777421,-0.0483573553563639,-0.4288593115065567,0.5702884694838732,0.6989365627085198,0.4174818095615016,-0.8165087795067398,0.3985100712861705,0.0145627867236362,0.5157844583449470,-0.7497144236401363,0.4121487753350611,0.0450340149837376,0.5157844583449470,-0.7497144236401363,0.4121487753350611,0.0450340149837376,-0.4751152871233618,0.4538816022670021,0.6395215623877988,0.3990853621799375
1.8297058628161584,1.7150402767359854,0.1461634798206818,-0.5202554339835840,0.4023184459134482,0.5961984354269357,0.4604580079473190,-0.0542504068091187,0.2228921923891496,0.1645151728103714,1.9554417422581287,-0.2194303552346380,-0.2607916333761999,-0.0657378732523454,-0.2712397769198440,-0.0606972790397500,1.9462565892337242,-0.2297772356770253,-0.2607833112095832,0.2015482119023456,-1.0134545202799181,1.1001422430857415,-0.6325633257343941,-2.2023802460918800,0.1017219383036561,-1.7469349544100066,-1.1051786404714155,-0.3554461789439064,-1.9407832346348686,-0.2478052778001473,0.0016714564687292,0.1614217356705106,-0.0423713750676538,-0.0223369285189206,-0.2040910464456206,0.5888011434167371,0.3322262637761730,-0.2648945891579991,0.2415010027390938,1.2736891872637275,-0.1965064160130219,-0.0085040153081886,-0.0045810664921390,0.2215612980821849,-0.0005946083245862,1.6473475002783475,0.0315242684069165,-0.0026037803726966,-0.0024996900422708,-0.6173068382927165,0.0090248816231353,-0.0988513788630303,0.5769338382189110,0.0142540820967143,-0.3775073969044501,-0.3772765321148520,-0.1507560955370585,-0.1627578180692789,-0.1942620132382959,-0.0288725910267534,-0.0012320520897470,0.0000000000000000,0.0000000000000000,-0.5202554339835840,0.4023184459134482,0.5961984354269357,0.4604580079473190,-0.5202554339835840,0.4023184459134482,0.5961984354269357,0.4604580079473190,-0.5018046568396828,0.3938445044579558,0.6126805151762693,0.4665845893357554,-0.4469256042204063,0.4594043298222142,0.5651889676108282,0.5193906014974010,-0.4082971488785924,0.4940529042367685,0.6053529283727705,0.4719671579075572,-0.7301770949210927,0.6674716497064238,-0.0003737973644173,-0.1460235157990236,-0.7258283830584041,0.6794466201491119,0.0795731614220439,-0.0720663631389232,-0.7102966812423921,0.6633325990352382,0.1672407268218665,-0.1658283056817870,-0.7102966812423921,0.6633325990352382,0.1672407268218665,-0.1658283056817870,-0.5043628381951624,0.3829283943565520,0.6085550759578087,0.4781680580812753,-0.5643818802918478,0.2971332189471892,0.6547406248863614,0.4055855736089929,-0.5735984624515011,0.2789262635123371,0.6414306136933211,0.4263234818929499,-0.8530154434342587,0.5093764041872428,-0.1131948831545475,0.0093408001561213,-0.8603681644655850,0.5049477540878082,-0.0146645792246783,0.0676708011771720,-0.8618633759961088,0.5025681284716050,0.0511132124475357,-0.0447687041852905,-0.8618633759961088,0.5025681284716050,0.0511132124475357,-0.0447687041852905,-0.4768617739448643,0.4529113567375149,0.6397430725863890,0.3977473476543439,-0.1208666343038213,0.1888071945411802,0.7782044604550760,0.5866352510115447,0.2036807262921781,0.5678162804874529,0.5646547711620625,0.5632617710748729,0.0059192719423603,0.6139100098096720,0.3653749305607278,0.6997003803006704,0.2917765813402006,-0.3454739472858406,0.1223770818040759,0.8834806325988604,0.2648168139296579,-0.3637340907963979,0.1615941317338554,0.8783261938720961,0.2648168139296579,-0.3637340907963979,0.1615941317338554,0.8783261938720961,0.2047068908540695,0.0097241582307733,0.7948556417376589,0.5711436232519594,-0.1254597548957855,-0.4088344454082068,0.6817216783286612,0.5936074455783094,-0.0438570365680118,-0.4311061364466880,0.5677534964606824,0.6999142995525598,0.4187787139591437,-0.8189239166568361,0.3922566057929990,0.0110798318537639,0.5174879555441051,-0.7518897911184514,0.4064464191691436,0.0408566545768660,0.5174879555441051,-0.7518897911184514,0.4064464191691436,0.0408566545768660,-0.4764825381488196,0.4533103124250738,0.6400757472107476,0.3972117688600659
1.8324778450621326,1.7140969456745774,0.1456986617469715,-0.5191964473132726,0.4042581870472839,0.5998295383638252,0.4552086249279100,-0.0581808806398136,0.2273118378321382,0.1878654592915784,1.9517220563922899,-0.2196080852847897,-0.2608885127345975,-0.0619218291049636,-0.2715484896839350,-0.0292169567883478,1.9471802727457648,-0.2298149871535808,-0.2608407466659877,0.1897344203455281,-1.0133476969515167,1.0960254670650029,-0.6213247643463075,-2.2021244423348927,0.0949341569884580,-1.7528364984851399,-1.1089208179528121,-0.3579027240506444,-1.9435684782314491,-0.2482992092008204,0.0016456239823233,0.1314407122528932,-0.0443702733897766,-0.0361673710046253,-0.1820750925091445,0.5201969959593349,0.3426781325846584,-0.1567082326917643,0.2098801004383923,1.0843292768336146,-0.1736301900515684,-0.0090057844929928,-0.0049791922339844,0.1873875612641107,-0.0086953215492310,1.5228919689572362,0.0442547891895638,-0.0018292012464746,-0.0029628973174219,-0.5620155123961996,0.0040490827660825,-0.3023366769534467,0.5497519012454268,0.0120484548493586,-0.3130159889335983,-0.2241492617928417,-0.2299900836973869,-0.0917793592501965,-0.0948493076166916,-0.0222845298925920,-0.0012702851743718,0.0000000000000000,0.0000000000000000,-0.5191964473132726,0.4042581870472839,0.5998295383638252,0.4552086249279100,-0.5191964473132726,0.4042581870472839,0.5998295383638252,0.4552086249279100,-0.4991906312658345,0.3952561728290367,0.6174952725564153,0.4618234076651351,-0.4437020547548899,0.4626176522254650,0.5687818225280918,0.5153645630204978,-0.3988992692575420,0.5017628708165955,0.6141139516267891,0.4604100877185645,-0.7321673642254191,0.6624928558104756,0.0136939169003496,-0.1576281808662657,-0.7262581701331786,0.6757757472733330,0.0938383871967016,-0.0840866624399853,-0.7091513730123008,0.6578294018497713,0.1809391654023024,-0.1778365166107839,-0.7091513730123008,0.6578294018497713,0.1809391654023024,-0.1778365166107839,-0.5041589878401191,0.3861835030671514,0.6114878969887344,0.4719836530803835,-0.5634021667805229,0.2998656574890645,0.6581304837671422,0.3994031199954365,-0.5681658979922792,0.2907385877948849,0.6516022156757224,0.4099672407060728,-0.8583201486024503,0.5024987262894475,-0.1033656500872100,-0.0098536776179256,-0.8645112254911798,0.5003148044547210,-0.0042750572654015,0.0478242755151535,-0.8633889862703225,0.4966219421167196,0.0608261973117321,-0.0650098355321392,-0.8633889862703225,0.4966219421167196,0.0608261973117321,-0.0650098355321392,-0.4783146290190466,0.4518901950295586,0.6404746690294597,0.3959830370535112,-0.1217961694306511,0.1887591744963195,0.7795966497041789,0.5846064752681986,0.2007848122632220,0.5674526227977076,0.5669201734517081,0.5623917646782441,0.0068190699165641,0.6123708098208430,0.3716767882661356,0.6977190384596130,0.2978646874774937,-0.3442599285543090,0.1245812333516737,0.8816128661959802,0.2728225166568852,-0.3616190061616731,0.1610684806865655,0.8768446346514116,0.2728225166568852,-0.3616190061616731,0.1610684806865655,0.8768446346514116,0.2067518551047686,0.0086842678849372,0.7958261948057729,0.5690684682558002,-0.1236922350446270,-0.4114503508341328,0.6812659962497779,0.5926934132769914,-0.0410529686625621,-0.4334698704998151,0.5665431602215973,0.6996051548830875,0.4197473708355802,-0.8202011352243774,0.3886152861197241,0.0077718625402599,0.5186818199861102,-0.7529623579102172,0.4032815630950843,0.0371596293545453,0.5186818199861102,-0.7529623579102172,0.4032815630950843,0.0371596293545453,-0.4779420719461254,0.4522842121513036,0.6408007741182146,0.3954550988317325
1.8346918591288277,1.7130903760171914,0.1449671702306559,-0.5184838438794042,0.4056507969959308,0.6032592122830996,0.4502224531586320,-0.0609991663789678,0.2313227106623037,0.2075324252834868,1.9489862570337586,-0.2197824125840741,-0.2609862958534764,-0.0584644422028993,-0.2715540761065568,0.0000819925246052,1.9480983337734261,-0.2298530308082124,-0.2609027942436124,0.1790311322832545,-1.0132814217508481,1.0876052099476221,-0.6105621573694632,-2.2018898460654563,0.0891596196058232,-1.7553865678428711,-1.1146951521935864,-0.3590038170535618,-1.9445207137468905,-0.2487267357101901,0.0016205248650772,0.0997110577070516,-0.0434759220982083,-0.0425905545461099,-0.1792539259578705,0.4623286417047539,0.3602114548807935,-0.1212765746990681,0.1919045338149952,0.9646266979381755,-0.1450739043697516,-0.0092820738436230,-0.0052354733055473,0.1260213648544162,0.0373064414069880,1.4938482463648386,0.0436820412833559,-0.0034094416624836,-0.0033792934281645,-0.4518453954305153,0.0038588243244914,-0.5417333344974200,0.5299984762472680,0.0106997484706938,-0.2679480214750286,-0.0691400092808156,-0.3450300205646856,-0.0442196786293060,-0.0348419049106476,-0.0209716651638771,-0.0012893008581871,0.0000000000000000,0.0000000000000000,-0.5184838438794042,0.4056507969959308,0.6032592122830996,0.4502224531586320,-0.5184838438794042,0.4056507969959308,0.6032592122830996,0.4502224531586320,-0.4973568634656310,0.3963306465890945,0.6217318296144601,0.4571736004868990,-0.4413725143009871,0.4653230095605368,0.5719291443483172,0.5114311823091646,-0.3912905870243926,0.5081602858478383,0.6213930642030079,0.4500393984458968,-0.7338989567210281,0.6577225380938951,0.0250995031282262,-0.1678195434084662,-0.7267204160920080,0.6721590969816058,0.1054281772988419,-0.0946809622435976,-0.7082225309502465,0.6527266582022282,0.1919918276798141,-0.1884353852935854,-0.7082225309502465,0.6527266582022282,0.1919918276798141,-0.1884353852935854,-0.5042376020301209,0.3887713524296093,0.6142797375175912,0.4661133770921875,-0.5627047262982513,0.3020195551701347,0.6612616340673805,0.3935487652210085,-0.5631429219813174,0.3012017100314998,0.6606891682757244,0.3945090648129319,-0.8629658965281440,0.4955881963214364,-0.0944986194814579,-0.0274264837764370,-0.8681096175827576,0.4954641038544149,0.0050812906670501,0.0295836802513704,-0.8645821083689922,0.4905935340232242,0.0694872801144569,-0.0835899525369247,-0.8645821083689922,0.4905935340232242,0.0694872801144569,-0.0835899525369247,-0.4799407806385075,0.4505939552940054,0.6412701560262730,0.3942011181143984,-0.1228188356361505,0.1884588872122819,0.7811311973585808,0.5824369785280096,0.1965517814144916,0.5657348581162298,0.5706371613979860,0.5618582539810613,0.0066551770391713,0.6091683927209378,0.3790548161106017,0.6965536765474167,0.3045211476270068,-0.3445976585574169,0.1281668667124021,0.8786879870817631,0.2810510463828096,-0.3612317067835701,0.1622714320749209,0.8741795843382008,0.2810510463828096,-0.3612317067835701,0.1622714320749209,0.8741795843382008,0.2073972554466415,0.0084717667401650,0.7972520376150439,0.5668366573539154,-0.1236071013991415,-0.4142714672286459,0.6812207672651093,0.5907949747337582,-0.0401871112290473,-0.4362599401261306,0.5664197264098265,0.6980193079464385,0.4201725669875463,-0.8205290657510588,0.3875177014806452,0.0041348818540154,0.5192029842700735,-0.7531107844371682,0.4026576544890454,0.0334547570737258,0.5192029842700735,-0.7531107844371682,0.4026576544890454,0.0334547570737258,-0.4795749423247894,0.4509833036394709,0.6415898594164187,0.3936805644512090
1.8361067652021419,1.7121775235143342,0.1447413212471414,-0.5197633424478282,0.4059352982221054,0.6047510612972986,0.4464736894427055,-0.0654493552722982,0.2347985341990596,0.2277034022529988,1.9473542560210790,-0.2199479764255269,-0.2610878420972204,-0.0592524561868855,-0.2713991135243588,0.0311400717366290,1.9499816044109870,-0.2299312943786287,-0.2609954368134610,0.1750665157357714,-1.0132241450520905,1.0734384810951545,-0.6000717269564970,-2.2016630477210200,0.0840116600645646,-1.7564113423344574,-1.1232503781822725,-0.3596375532190380,-1.9462102094404046,-0.2491401104649962,0.0015942596532298,0.0514476328413532,-0.0386250708881996,-0.0087778120148100,-0.2122607749336645,0.0431059975821053,0.3187444997467602,-0.2236029702968648,0.1643027898976027,0.9821725541215771,-0.0683596404361843,-0.0082756879594569,-0.0050282563897332,-0.0784179519877613,-0.0081867857817806,1.4889324676421760,0.0949673874436277,-0.0032518286839811,-0.0047759805314969,-0.0953395470094729,0.0027755585706080,-0.8213144566947556,0.5031990177057554,0.0118778613232925,-0.2479428840941577,-0.0282466406044030,-0.5032209159194289,-0.0197535619936223,-0.1262585905369111,-0.0204710016731614,-0.0013271329645356,0.0000000000000000,0.0000000000000000,-0.5197633424478282,0.4059352982221054,0.6047510612972986,0.4464736894427055,-0.5197633424478282,0.4059352982221054,0.6047510612972986,0.4464736894427055,-0.4970927770578727,0.3960783814764842,0.6245010970079847,0.4538932325555017,-0.4405903080308750,0.4664054107237495,0.5738864846681948,0.5089208936878593,-0.3852555737702790,0.5130613701713118,0.6275546173579265,0.4410457748914663,-0.7355789245687128,0.6531898079618748,0.0342096568041305,-0.1763417701124923,-0.7273816137875911,0.6685969410926884,0.1147285614486643,-0.1035928350474974,-0.7077084508418143,0.6479744040988958,0.2007826787431140,-0.1973936071824458,-0.7077084508418143,0.6479744040988958,0.2007826787431140,-0.1973936071824458,-0.5053827306251321,0.3890428277705869,0.6159055626143316,0.4624870935354552,-0.5633003813884523,0.3021499170960351,0.6628720928639777,0.3898701019937435,-0.5589900737952708,0.3100515916293196,0.6682959974515522,0.3804977893716556,-0.8668463560665640,0.4889342744855871,-0.0875604807291904,-0.0430561542853486,-0.8711683930175586,0.4906458102573842,0.0124528638718928,0.0133133791903509,-0.8654939826662625,0.4848538734413296,0.0761912485176354,-0.1001587790797816,-0.8654939826662625,0.4848538734413296,0.0761912485176354,-0.1001587790797816,-0.4822430132069467,0.4498656184998944,0.6415044860735838,0.3918349089249932,-0.1247190406438942,0.1889152649399345,0.7825205144018290,0.5800153688600299,0.1898523550214075,0.5629426822122319,0.5754327669943092,0.5620753957484665,0.0043224311503887,0.6042519488029714,0.3871042632040961,0.6964274465915126,0.3108864705427607,-0.3467655851157935,0.1339232813619591,0.8747386959098189,0.2887456820116712,-0.3627590398877581,0.1658594231017984,0.8703576631866144,0.2887456820116712,-0.3627590398877581,0.1658594231017984,0.8703576631866144,0.2065124340760883,0.0096151109228983,0.7989606250425072,0.5647318689834977,-0.1256688866091523,-0.4170153596313368,0.6815634383958108,0.5880278906752987,-0.0415613260499074,-0.4393251388871159,0.5670369322108029,0.6955107447248743,0.4200072329621332,-0.8201385017829327,0.3885441241499023,-0.0004751224289857,0.5190352557737401,-0.7525580661622034,0.4042452663841593,0.0290607110045736,0.5190352557737401,-0.7525580661622034,0.4042452663841593,0.0290607110045736,-0.4818836611881130,0.4502505253468871,0.6418171448600832,0.3913225703539748
1.8368880904562019,1.7113316847729387,0.1444865726139382,-0.5218256623190179,0.4056664684889073,0.6054150922973844,0.4434019175732161,-0.0692883608672294,0.2377560073413323,0.2451077749509358,1.9462007067952936,-0.2201126305673234,-0.2611864070186135,-0.0606697880130115,-0.2722877184163372,0.0571905123345837,1.9517070967455521,-0.2299733290130305,-0.2610897666702905,0.1738315064886379,-1.0131755570640624,1.0548241900374733,-0.5906351440079727,-2.2014430475559221,0.0794409137487413,-1.7566542976551240,-1.1352755730752360,-0.3598697545492361,-1.9494208750335447,-0.2495460550840080,0.0015678087377639,0.0253775339644867,-0.0358750099993478,-0.0243609610919731,-0.2048748990520962,0.0359895227494809,0.3134846092048542,-0.1793588511830878,0.1430699580482730,0.7320212612636822,-0.0189596425553691,-0.0075902381714293,-0.0045501972616257,-0.0792266469759923,-0.1427667491625783,1.0576345444818307,0.0969049185592241,-0.0003429150805463,-0.0050861260022368,-0.0679576347139183,0.0008114377915623,-1.0070781712187049,0.4502214333028630,0.0101667931380029,-0.2113689583479525,-0.0025710057275738,-0.6775899025481477,-0.0043350247445646,-0.1673913404338002,-0.0201577634381586,-0.0013186050578785,0.0000000000000000,0.0000000000000000,-0.5218256623190179,0.4056664684889073,0.6054150922973844,0.4434019175732161,-0.5218256623190179,0.4056664684889073,0.6054150922973844,0.4434019175732161,-0.4977473269908849,0.3953212708842058,0.6263783714457455,0.4512414287772125,-0.4407905107857371,0.4667362925810302,0.5751399869738174,0.5070255951850162,-0.3808056085907573,0.5168424611783159,0.6324917023230341,0.4333765167628181,-0.7371344750514852,0.6490880559710466,0.0411270073338411,-0.1833740182088502,-0.7281585179422514,0.6653009276545442,0.1218352895913593,-0.1109775230410882,-0.7075072988224038,0.6437710404545059,0.2074319396812609,-0.2048518000536412,-0.7075072988224038,0.6437710404545059,0.2074319396812609,-0.2048518000536412,-0.5070726296092440,0.3884388252270932,0.6169142658660060,0.4597927967338854,-0.5647301017644344,0.3012094087404415,0.6638831406648544,0.3867970783089412,-0.5562224496187865,0.3166445677612535,0.6742815638723123,0.3683709772352768,-0.8701760982678102,0.4825501362159161,-0.0826595356956772,-0.0557344166560016,-0.8739135479616216,0.4857581282473821,0.0177243202167288,-0.0000018930963216,-0.8664778467889761,0.4793180243516459,0.0808043452865023,-0.1137586495102364,-0.8664778467889761,0.4793180243516459,0.0808043452865023,-0.1137586495102364,-0.4846109023831576,0.4494658816888386,0.6416463268348099,0.3891306795261098,-0.1267288664790851,0.1898184940906997,0.7838712409790072,0.5774552894104407,0.1816912160219602,0.5591316223698845,0.5812546877220439,0.5625860990885138,0.0005110131027977,0.5980055084849891,0.3956860016551104,0.6970091382337895,0.3171271692221240,-0.3502513110490293,0.1411947960880247,0.8699531063265761,0.2961352213165240,-0.3656730202201035,0.1711458148397051,0.8656190172597723,0.2961352213165240,-0.3656730202201035,0.1711458148397051,0.8656190172597723,0.2052077361425376,0.0114667496486176,0.8007142695888262,0.5626854868899520,-0.1291012770123287,-0.4203672570034364,0.6815909309183026,0.5848572752416726,-0.0442769706948936,-0.4432115429762786,0.5675778944522183,0.6924293550737545,0.4192595270898424,-0.8196775454839634,0.3902619557298050,-0.0067658172997239,0.5182380214617629,-0.7519768616657539,0.4067266904605499,0.0230987423408241,0.5182380214617629,-0.7519768616657539,0.4067266904605499,0.0230987423408241,-0.4842578220836168,0.4498462706989750,0.6419516833412691,0.3886267241767690
1.8372244015743875,1.7105015362565992,0.1438851273069008,-0.5238952741829513,0.4052848583850904,0.6060482632701604,0.4404354979333169,-0.0720477201522876,0.2402842620539730,0.2584276681866836,1.9453000222285564,-0.2202757617642616,-0.2612835720637962,-0.0618848404311595,-0.2734923859783496,0.0771112401985147,1.9531376881125542,-0.2300117727792165,-0.2611772424926548,0.1735738235056017,-1.0131359910184916,1.0325709053599963,-0.5821128320895341,-2.2013072505962912,0.0758952888067517,-1.7566554492967117,-1.1507944015157392,-0.3599395635428792,-1.9533895269662997,-0.2499467793398425,0.0015420943477147,0.0016609519718788,-0.0355784899256472,-0.0357692968955448,-0.1976408901927915,-0.0253364183536407,0.3059835995892229,-0.1433604871491429,0.1109378252079537,0.5806963705789748,-0.0284688168614077,-0.0078957850471295,-0.0047517550197369,-0.0369041461407758,-0.0307544173035371,0.9034265463280142,0.0592583483251133,-0.0022911832321164,-0.0042261427689712,0.0196222297342889,0.0018268357809786,-1.1874101079004837,0.4106152367380187,0.0038987777502701,-0.1455176357223879,0.0010235095806183,-0.8435138292094111,-0.0018710150526526,-0.2258769347194271,-0.0199069647070446,-0.0012501046816652,0.0000000000000000,0.0000000000000000,-0.5238952741829513,0.4052848583850904,0.6060482632701604,0.4404354979333169,-0.5238952741829513,0.4052848583850904,0.6060482632701604,0.4404354979333169,-0.4987953295017203,0.3946268448586450,0.6279006544382648,0.4485684348459876,-0.4414934387154310,0.4669742843509518,0.5761289753883297,0.5050682776062388,-0.3779430392555398,0.5197504187128137,0.6361585883584084,0.4269904118173808,-0.7385346978868785,0.6455288091172317,0.0458823547893371,-0.1890869274588025,-0.7290177068821364,0.6624001507713568,0.1267748930829322,-0.1169929476259376,-0.7075656510064229,0.6402414829799996,0.2119827274323925,-0.2109621204333873,-0.7075656510064229,0.6402414829799996,0.2119827274323925,-0.2109621204333873,-0.5087972876093362,0.3877554033735847,0.6178734600919570,0.4571689562841760,-0.5663572267804702,0.2999273162231317,0.6649552394820332,0.3835591559878547,-0.5546655621301085,0.3210342933864948,0.6789223772245999,0.3582561965415553,-0.8730870215135008,0.4765853386304925,-0.0794262738273374,-0.0653982789761802,-0.8764339187975215,0.4809416625699235,0.0212853492015227,-0.0102779908087762,-0.8676335973296380,0.4740752676941900,0.0837292627868838,-0.1243140856808967,-0.8676335973296380,0.4740752676941900,0.0837292627868838,-0.1243140856808967,-0.4868030609413143,0.4491601658713956,0.6419358193006891,0.3862594065538072,-0.1285106864693536,0.1908856907814978,0.7852716511152664,0.5748009137716710,0.1726606007197659,0.5543558908641256,0.5880293013572265,0.5631157997860317,-0.0042176831960803,0.5906548815634348,0.4048479439463026,0.6980022666984632,0.3235340259620493,-0.3546889094261886,0.1495067074725235,0.8643895279303034,0.3034150208028122,-0.3697026207580656,0.1778202984638548,0.8600228129590931,0.3034150208028122,-0.3697026207580656,0.1778202984638548,0.8600228129590931,0.2040191138037962,0.0135806970223724,0.8024435377401029,0.5606033665705616,-0.1334048419407860,-0.4246960091422636,0.6809797107191224,0.5814663202235257,-0.0477267301173501,-0.4482043560972996,0.5676049713396811,0.6889554491534191,0.4177485522167781,-0.8194595658830134,0.3921260137347335,-0.0144691518796307,0.5166735961320836,-0.7517162042051054,0.4095392420955593,0.0157718920616081,0.5166735961320836,-0.7517162042051054,0.4095392420955593,0.0157718920616081,-0.4864560306269137,0.4495359885639411,0.6422339349204457,0.3857635261259767
1.8371185280036098,1.7097183682260073,0.1430784440298007,-0.5260897194913162,0.4048510306858868,0.6064741985219946,0.4376234643220429,-0.0742826165005489,0.2422455735051404,0.2677798988384013,1.9446963080485715,-0.2204343173466284,-0.2613780764640275,-0.0625310348505823,-0.2744949012285587,0.0916016164048068,1.9543210380304104,-0.2300480735498012,-0.2612628322137679,0.1741157195274878,-1.0131053917928758,1.0073476678902997,-0.5743353977931945,-2.2012859687003252,0.0737809230139766,-1.7565486448463323,-1.1690942104247843,-0.3599256953670900,-1.9583497478766461,-0.2503421752178824,0.0015174923805531,-0.0186024042685124,-0.0321424183358200,-0.0470820282908512,-0.2004345891134195,-0.0279977978174012,0.2947186431977840,-0.0766139104540185,0.0868475283076429,0.3962489261717891,-0.0439072365066463,-0.0081866910267022,-0.0048138653593285,-0.0246423624989582,-0.0359295426393349,0.6177677818143510,0.0546216104660838,-0.0019500525538352,-0.0041111517427246,0.0451707320000605,0.0017231429483326,-1.3201328035243249,0.3710469974363888,-0.0013827207464487,-0.0723508321281337,0.0057996084669869,-0.9708805457504130,0.0024309708431192,-0.2674167419331112,-0.0196651560087934,-0.0012115090227060,0.0000000000000000,0.0000000000000000,-0.5260897194913162,0.4048510306858868,0.6064741985219946,0.4376234643220429,-0.5260897194913162,0.4048510306858868,0.6064741985219946,0.4376234643220429,-0.5001376625411963,0.3939545221149309,0.6290854607887131,0.4459973498097001,-0.4426286976935760,0.4670285620191685,0.5769168091925029,0.5031214103052428,-0.3765302394968689,0.5217861827492504,0.6387481803576892,0.4218588867454807,-0.7398652740319296,0.6424898882978893,0.0487199696991520,-0.1934747639076892,-0.7300180968396561,0.6598715061267331,0.1297992197682054,-0.1216360811445653,-0.7079424958629917,0.6373302882237734,0.2146819642238257,-0.2157294150107462,-0.7079424958629917,0.6373302882237734,0.2146819642238257,-0.2157294150107462,-0.5108077823562707,0.3871966140838770,0.6185132306938913,0.4545278594133191,-0.5681777798226395,0.2989563605942590,0.6656612719406537,0.3803868767641719,-0.5540947472226307,0.3243145172887537,0.6821630997246400,0.3499322939514460,-0.8754063519970867,0.4714817598327220,-0.0776608164314084,-0.0730579675285176,-0.8785349108509346,0.4767510888751771,0.0233215338642335,-0.0184639034521811,-0.8686450893369041,0.4696515773229611,0.0852225944424499,-0.1327411544526900,-0.8686450893369041,0.4696515773229611,0.0852225944424499,-0.1327411544526900,-0.4889166667470108,0.4490381308740595,0.6422105377201772,0.3832634540877631,-0.1302340167963850,0.1921742222025511,0.7866251486133797,0.5721267733281676,0.1628183014815459,0.5487574809960944,0.5954622432707201,0.5637199167959972,-0.0097881674289574,0.5823511558580015,0.4143638935883608,0.6993381776648010,0.3299361138218276,-0.3599608827765744,0.1586849755454305,0.8581313432121006,0.3102969995374369,-0.3748222332867695,0.1858737413118050,0.8536246351896911,0.3102969995374369,-0.3748222332867695,0.1858737413118050,0.8536246351896911,0.2028357633371907,0.0159340132894144,0.8041058532439225,0.5585852997625108,-0.1385211669373224,-0.4297749236399162,0.6798041122345083,0.5779029073379692,-0.0518676015792136,-0.4540749478601825,0.5671442404575060,0.6851810739856071,0.4155869773687504,-0.8194209267554532,0.3940631545332453,-0.0234742257816203,0.5144484692056319,-0.7517024169705155,0.4125950926898564,0.0071790208883133,0.5144484692056319,-0.7517024169705155,0.4125950926898564,0.0071790208883133,-0.4885752756116125,0.4494095571557347,0.6425016162551865,0.3827752906178704
1.8366288387278524,1.7089666459017345,0.1420636053787084,-0.5284265446202533,0.4042701502063313,0.6066371921347823,0.4351118818323353,-0.0760923572770626,0.2439199549995674,0.2738764501883136,1.9444837498586094,-0.2205837882937481,-0.2614680876375851,-0.0629209677784995,-0.2751440680213988,0.1016562523024931,1.9555184445671157,-0.2300823158240308,-0.2613454944422671,0.1758557789050396,-1.0130941373426097,0.9796952918778740,-0.5672988771758092,-2.2013637925344982,0.0729602481708428,-1.7564373349503235,-1.1895961683154530,-0.3598567887193652,-1.9643099003346229,-0.2507322767484089,0.0014937357751909,-0.0352403015539098,-0.0324871668752127,-0.0619775526136775,-0.1775919504996108,-0.0545213718531807,0.2787473746892948,-0.0435024105130830,0.0852808008657983,0.2304369165159463,-0.0304295629602681,-0.0077015714175697,-0.0045910718135893,-0.0313889476874749,-0.0679332275192884,0.3541647173853318,0.0649713317562429,-0.0009359159895357,-0.0041901886822909,0.0877812158208997,0.0004477327260508,-1.4262030958377281,0.3299199412643509,-0.0057807247849476,-0.0251492629836425,0.0108428366481529,-1.0670549313367959,0.0047522159989091,-0.3142306247742418,-0.0194069130223842,-0.0011824272860849,0.0000000000000000,0.0000000000000000,-0.5284265446202533,0.4042701502063313,0.6066371921347823,0.4351118818323353,-0.5284265446202533,0.4042701502063313,0.6066371921347823,0.4351118818323353,-0.5018067069364619,0.3932063734425438,0.6298705302357185,0.4436686735598094,-0.4441463140544953,0.4668651351261289,0.5773950836116669,0.5013839992825285,-0.3763769602516032,0.5230386089728902,0.6403378038842080,0.4180173372387990,-0.7410863692965828,0.6400449344815285,0.0498308391891634,-0.1965969545874188,-0.7310997449866854,0.6577941841338161,0.1310926472838613,-0.1249587613104381,-0.7085720205976469,0.6350923736536200,0.2157223859018214,-0.2191967626905180,-0.7085720205976469,0.6350923736536200,0.2157223859018214,-0.2191967626905180,-0.5130401851933577,0.3865657224465332,0.6188382157719841,0.4521017289353156,-0.5701678279878293,0.2980921059471162,0.6659841525460467,0.3775113943408561,-0.5544021947260462,0.3264788847433915,0.6841824010847661,0.3434300312225732,-0.8772067784561215,0.4672566906247259,-0.0773021299952712,-0.0787644183324900,-0.8802818412945079,0.4732093057741481,0.0239004468226782,-0.0246089710791638,-0.8695709665620035,0.4660610412602613,0.0853544623846690,-0.1390972885531827,-0.8695709665620035,0.4660610412602613,0.0853544623846690,-0.1390972885531827,-0.4909237312550249,0.4490688783447304,0.6424694685105401,0.3802157474706078,-0.1318699408030461,0.1936196751296430,0.7879155874918368,0.5694828944776880,0.1523792201447424,0.5424195434179337,0.6033909102134328,0.5643412280333279,-0.0160150063393198,0.5732337245861912,0.4241014428043597,0.7009169585480537,0.3362922014256401,-0.3658968891293032,0.1685125567919916,0.8512523362606530,0.3167595696756235,-0.3808610176614936,0.1950540894975196,0.8464999482664236,0.3167595696756235,-0.3808610176614936,0.1950540894975196,0.8464999482664236,0.2017139235614218,0.0184204117669773,0.8056739832978119,0.5566521482118147,-0.1442307462164156,-0.4354723518452768,0.6780956493821291,0.5742365478731105,-0.0565022863892119,-0.4606559406482919,0.5662042384983708,0.6811874604576247,0.4128988832545027,-0.8195257459044100,0.3959346093628663,-0.0335834649147200,0.5116856417620720,-0.7518903056560823,0.4157312884504451,-0.0025036130434396,0.5116856417620720,-0.7518903056560823,0.4157312884504451,-0.0025036130434396,-0.4905876678151391,0.4494359883174164,0.6427537092373415,0.3797350416467880
1.8358470323242997,1.7082537708597452,0.1408880129550995,-0.5307702379934476,0.4036951144956439,0.6066651884288083,0.4327476841548270,-0.0770261248921085,0.2457484571486920,0.2769020347381906,1.9442251174223564,-0.2207339429714104,-0.2615563201645873,-0.0631832727552179,-0.2756388527704315,0.1069116877249853,1.9567233559490207,-0.2301148510646069,-0.2614234664593963,0.1780909848287067,-1.0131050187601223,0.9501515691122576,-0.5610543011050545,-2.2015406289558648,0.0725908349950056,-1.7563376209339072,-1.2115900472845740,-0.3597683643091890,-1.9712073044311247,-0.2511174056759768,0.0014708483436666,-0.0499699989593734,-0.0298840915514132,-0.0619552308263224,-0.1897132283323761,-0.0896725115043770,0.2597672111681021,-0.0236099334116717,0.0957128727937967,0.0938610333540825,-0.0212860693576115,-0.0076605375742144,-0.0044613186643490,-0.0050855691793443,-0.0082404836422622,0.1732443361558565,0.0586152954818611,-0.0016051630567982,-0.0037771191414027,0.1236105760886501,-0.0008439697374623,-1.5108680771726364,0.2971041479219483,-0.0111942499552100,-0.0146702309890407,0.0017619990700985,-1.1195846536034293,0.0039289319501131,-0.3737094887714069,-0.0191432598827134,-0.0011198559851213,0.0000000000000000,0.0000000000000000,-0.5307702379934476,0.4036951144956439,0.6066651884288083,0.4327476841548270,-0.5307702379934476,0.4036951144956439,0.6066651884288083,0.4327476841548270,-0.5038075938954444,0.3925975456235444,0.6302538383766256,0.4413900482738389,-0.4459578608342532,0.4668295041952444,0.5774278722324745,0.4997687992882666,-0.3773129150169198,0.5238732325558116,0.6408361101787186,0.4153563292691804,-0.7420185546635334,0.6383442589360515,0.0494410809205958,-0.1986973858303792,-0.7320593361538097,0.6563445712436734,0.1308628453671992,-0.1271843066238990,-0.7092235048815597,0.6336755595590173,0.2153336149239298,-0.2215597879238802,-0.7092235048815597,0.6336755595590173,0.2153336149239298,-0.2215597879238802,-0.5152987828711566,0.3859542639462460,0.6190166141508787,0.4498054045010994,-0.5722054548279251,0.2972574092294288,0.6661683684409778,0.3747514576516822,-0.5555622370611740,0.3273097166724639,0.6851812393485602,0.3387412277360786,-0.8786359443248312,0.4637830123215809,-0.0782407013264655,-0.0823564659166161,-0.8818089351401650,0.4701713526719581,0.0231458832325160,-0.0285686738049858,-0.8705634609384609,0.4631439859140420,0.0842287426930125,-0.1432565101308012,-0.8705634609384609,0.4631439859140420,0.0842287426930125,-0.1432565101308012,-0.4928231527091907,0.4492350511269637,0.6426983335853652,0.3771631755610853,-0.1334218699802468,0.1951828022639091,0.7891288172234264,0.5669020974903316,0.1415115636836852,0.5354447479396700,0.6116531193216130,0.5649370415114959,-0.0227823703269141,0.5634452108330490,0.4338941974230804,0.7026708215332188,0.3425001015510318,-0.3723623708100858,0.1788150490345146,0.8438395128701952,0.3229211473790791,-0.3875268856889225,0.2048818796465425,0.8387897596156755,0.3229211473790791,-0.3875268856889225,0.2048818796465425,0.8387897596156755,0.2006373797224174,0.0209963347412013,0.8071412817044796,0.5548213650843010,-0.1503515299539994,-0.4415824546318419,0.6759606722771910,0.5705054975514052,-0.0614795355643821,-0.4677140328126294,0.5648691729625688,0.6770425892464356,0.4098405132204347,-0.8196887829934446,0.3976900434122133,-0.0445385465493425,0.5085363884488381,-0.7521797458424739,0.4188634731962376,-0.0130292896870239,0.5085363884488381,-0.7521797458424739,0.4188634731962376,-0.0130292896870239,-0.4924921376675528,0.4495979151896907,0.6429759565137356,0.3766896976796341
1.8348265247871824,1.7075399706171770,0.1396147144238702,-0.5332250230945262,0.4029804195230948,0.6064054098503655,0.4307555398727245,-0.0771669598149948,0.2479008446655447,0.2777456467573360,1.9441388644611568,-0.2208788820492231,-0.2616404252782221,-0.0632466715883603,-0.2756728763639544,0.1087920536508286,1.9580172119682779,-0.2301425330640627,-0.2614961224189188,0.1812325439112975,-1.0131760081943375,0.9194732197950460,-0.5554933325241888,-2.2017955807171297,0.0723485268376893,-1.7563558808375659,-1.2339676953675320,-0.3597039132469299,-1.9794324518862731,-0.2514971719928270,0.0014492164743764,-0.0603811439707767,-0.0302001954017784,-0.0667418451567205,-0.1721329647277094,-0.1258960297209018,0.2336937436620382,0.0663874573195748,0.1168061755447130,0.0187961232235147,-0.0365761474947182,-0.0077941755094333,-0.0042863912824270,-0.0063559785545840,-0.0010185270914245,0.0291242050155775,0.0659193208798857,-0.0011163788909463,-0.0032915846358351,0.1653238303520478,-0.0030976786316177,-1.5438286767016625,0.2630446863144408,-0.0143656979975435,-0.0098979251995537,-0.0023781622687780,-1.1138290270796509,0.0026914244881745,-0.4395416067463098,-0.0188878041406639,-0.0010587087462011,0.0000000000000000,0.0000000000000000,-0.5332250230945262,0.4029804195230948,0.6064054098503655,0.4307555398727245,-0.5332250230945262,0.4029804195230948,0.6064054098503655,0.4307555398727245,-0.5061634255325532,0.3919348076538385,0.6301623342678914,0.4394099744800314,-0.4480126715607727,0.4667695233063308,0.5769260551344425,0.4985651262777709,-0.3790959066323666,0.5242856428906136,0.6403788240180277,0.4139152328468323,-0.7426442503688161,0.6373917552406531,0.0477311436094638,-0.1998324440002444,-0.7328602001348268,0.6555321596132948,0.1292852340156045,-0.1283699460021743,-0.7098535110448825,0.6330667843605788,0.2136902678202642,-0.2228697126922193,-0.7098535110448825,0.6330667843605788,0.2136902678202642,-0.2228697126922193,-0.5177392710778512,0.3852633918665019,0.6188598233301345,0.4478065264587910,-0.5743572336298225,0.2965784886835953,0.6659253427335842,0.3724223491312117,-0.5573924997421090,0.3273509324929304,0.6851789039708353,0.3356856234344519,-0.8796048859731896,0.4612173642734793,-0.0803229343806870,-0.0843920237770873,-0.8830102116030442,0.4678567966501397,0.0212013070394063,-0.0308786109279156,-0.8714480577371535,0.4610996028315374,0.0820160585526260,-0.1457353940339586,-0.8714480577371535,0.4610996028315374,0.0820160585526260,-0.1457353940339586,-0.4946449735989507,0.4494980465657898,0.6428356271614616,0.3742194712715555,-0.1349306395910715,0.1967636273360933,0.7902239844154787,0.5644677598513598,0.1304136879511196,0.5279233551041775,0.6200538700173398,0.5655284249328728,-0.0298793121098858,0.5531206501922484,0.4435952286660602,0.7045481148533786,0.3485173261686844,-0.3792309516737697,0.1893435289431513,0.8359836043249838,0.3288455202945618,-0.3946156339698064,0.2149696573103712,0.8306185476165744,0.3288455202945618,-0.3946156339698064,0.2149696573103712,0.8306185476165744,0.1995962284615820,0.0235104121125007,0.8084851411789453,0.5531368570246186,-0.1566053188043320,-0.4478458601749604,0.6735243488612633,0.5668102073334204,-0.0665583937082746,-0.4749479358887402,0.5632246084595234,0.6728837038059522,0.4067041250687237,-0.8198456153049474,0.3991088162879133,-0.0561878499196857,0.5052849641405631,-0.7524785178489846,0.4217506032975200,-0.0242819646536927,0.5052849641405631,-0.7524785178489846,0.4217506032975200,-0.0242819646536927,-0.4943186575147587,0.4498568756904514,0.6431070165822471,0.3737528882156144
1.8336228926288329,1.7067992004306101,0.1381875270513274,-0.5357519824209380,0.4019166972709077,0.6058357995731778,0.4294132808174523,-0.0757337041252980,0.2505315203811490,0.2778587005768243,1.9441552289357324,-0.2210161781546119,-0.2617154160164109,-0.0633525088824770,-0.2757100794284830,0.1087939910976698,1.9594288490393128,-0.2301622086554375,-0.2615609243062928,0.1856307638381919,-1.0133962246440340,0.8885259154853288,-0.5506755174088123,-2.2021020159650613,0.0721861896029779,-1.7564371904090879,-1.2555414272014880,-0.3596614660268805,-1.9888308996874542,-0.2518719120901974,0.0014289548982926,-0.0690334621781194,-0.0346413529007099,-0.0740556394798221,-0.1187709145480759,-0.2035617830507515,0.2021160584639855,0.0512327693157485,0.1476449466456111,-0.0052232395919259,0.0546267933775785,-0.0058007213468583,-0.0030471851835049,-0.0059696215535636,-0.0022196624532452,-0.0221777574472161,0.0758139691760966,-0.0009343169237928,-0.0032936914035635,0.2608180466553274,-0.0232639612879725,-1.5398314594874494,0.2214381557494285,-0.0150606306715583,-0.0070983872923874,-0.0048060978531818,-1.0421619971080551,0.0020919788516527,-0.4845754890763292,-0.0186150077649033,-0.0009730857722176,0.0000000000000000,0.0000000000000000,-0.5357519824209380,0.4019166972709077,0.6058357995731778,0.4294132808174523,-0.5357519824209380,0.4019166972709077,0.6058357995731778,0.4294132808174523,-0.5092393881702894,0.3911604173297983,0.6292313211277961,0.4378775147939148,-0.4506150519228234,0.4666256792360773,0.5754989166378363,0.4980035616406141,-0.3816509009343776,0.5245341164861608,0.6389210045447860,0.4135051395201055,-0.7428761565120827,0.6372096419437381,0.0448606321664770,-0.2002159134069827,-0.7333981100504701,0.6554025117293865,0.1265095743686578,-0.1287248514711541,-0.7103318803180934,0.6332921395508057,0.2109459427703941,-0.2233192670049628,-0.7103318803180934,0.6332921395508057,0.2109459427703941,-0.2233192670049628,-0.5202471178296090,0.3841903472901596,0.6183992675758758,0.4464561112815807,-0.5766622000027860,0.2955673243251047,0.6653268624372621,0.3707301309559734,-0.5597319418935512,0.3264957723230562,0.6845068115531907,0.3339926478480167,-0.8802945627565577,0.4592762511589593,-0.0832520547487084,-0.0849464730446814,-0.8840314542349749,0.4659924976189151,0.0183796017866729,-0.0316475958683062,-0.8723555784458268,0.4596165295351531,0.0789902739393471,-0.1466592211744461,-0.8723555784458268,0.4596165295351531,0.0789902739393471,-0.1466592211744461,-0.4963127641679278,0.4497119726415013,0.6429301910295331,0.3715824958869940,-0.1362797902822706,0.1981255523909388,0.7912036747538136,0.5622906982215398,0.1194893645340776,0.5199147713352288,0.6284469906058823,0.5660965485754959,-0.0369390886101886,0.5424204199449814,0.4530571211911800,0.7065089077268020,0.3543683758130478,-0.3863619116785456,0.1997122404900143,0.8278058639718494,0.3345746240949781,-0.4019747758758569,0.2249164162766358,0.8221245076997357,0.3345746240949781,-0.4019747758758569,0.2249164162766358,0.8221245076997357,0.1986451709930261,0.0257314319824186,0.8096928045237028,0.5516117762990795,-0.1626265451922498,-0.4540421769301062,0.6709025606285127,0.5632832879728524,-0.0714169632864712,-0.4820772075388188,0.5613568870839667,0.6688644321907926,0.4037364171149534,-0.8199657928805971,0.4000063716449505,-0.0681755575284518,0.5021806175203363,-0.7527338920666998,0.4241636397544056,-0.0359377493912186,0.5021806175203363,-0.7527338920666998,0.4241636397544056,-0.0359377493912186,-0.4959908905003210,0.4500669447469099,0.6431958753541414,0.3711224160762855
1.8322789933318022,1.7060216245478135,0.1366469557235936,-0.5382997898372947,0.4005346693364460,0.6049915208945013,0.4287080295100921,-0.0728025450529061,0.2534540245198812,0.2775689573743860,1.9441043516393359,-0.2211511686277457,-0.2617840067154182,-0.0635754718408257,-0.2759153194579184,0.1069625724298543,1.9607859962714576,-0.2301757186228866,-0.2616202140387067,0.1905913892473294,-1.0138106930118402,0.8578524329572053,-0.5464831530850053,-2.2024617403673767,0.0721018327727281,-1.7566919956120113,-1.2754748900727009,-0.3596398226680984,-1.9989640891229257,-0.2522422194119294,0.0014097796103334,-0.0761164078321987,-0.0378876246286703,-0.0780761591840929,-0.0738153266270707,-0.2638469341588498,0.1680159741322202,0.1695767608013559,0.1468333331181224,-0.0222567524448933,-0.0016631092199431,-0.0065953206675042,-0.0033474338293423,-0.0153392700834378,-0.0158386451575298,-0.1242333427469572,0.0651556564714182,-0.0005567313745802,-0.0028610337709800,0.2606142929180524,-0.0281636506326509,-1.5198166698809996,0.1947162581525222,-0.0187998497428571,-0.0025610404467351,-0.0203116540017577,-0.9499402378510976,0.0010552010342544,-0.5156081928404376,-0.0184170198235667,-0.0009384536140104,0.0000000000000000,0.0000000000000000,-0.5382997898372947,0.4005346693364460,0.6049915208945013,0.4287080295100921,-0.5382997898372947,0.4005346693364460,0.6049915208945013,0.4287080295100921,-0.5127831562846900,0.3902202320855124,0.6276549709766669,0.4368418964684123,-0.4535326125222423,0.4663349307794227,0.5733710181510248,0.4980818981434252,-0.3846476805523635,0.5246010485425914,0.6367715444277069,0.4139588166966046,-0.7427909868203693,0.6376159456800971,0.0411507939848317,-0.2000351665765669,-0.7337143783142033,0.6557949746351757,0.1228619102983602,-0.1284566592127032,-0.7106728543264752,0.6341501497361010,0.2074022308187491,-0.2231187942880357,-0.7106728543264752,0.6341501497361010,0.2074022308187491,-0.2231187942880357,-0.5227573394327129,0.3827519229691885,0.6176789028852718,0.4457561019919596,-0.5790853157281207,0.2941824010875921,0.6644418533600240,0.3696402785166919,-0.5624912501573216,0.3247871325931057,0.6832926986779444,0.3335086204760127,-0.8807646800373512,0.4578642368381834,-0.0868268217133232,-0.0841131503063139,-0.8849088331565824,0.4644943565296379,0.0148887733406966,-0.0309786084578107,-0.8733083093734009,0.4585841357232033,0.0753476826616164,-0.1461366277149534,-0.8733083093734009,0.4585841357232033,0.0753476826616164,-0.1461366277149534,-0.4978631745861906,0.4498076749793095,0.6429425369228583,0.3693646018988105,-0.1374749375835386,0.1991212314155729,0.7920535940583023,0.5604484640671911,0.1089273642363749,0.5114624429933409,0.6367136955244576,0.5666892169958657,-0.0437611999537672,0.5314284550542934,0.4621786456677756,0.7085616797611295,0.3600489493040776,-0.3937088097701620,0.2096981987326649,0.8193807373026700,0.3401068024916408,-0.4095551172158939,0.2344978869987067,0.8133896420869450,0.3401068024916408,-0.4095551172158939,0.2344978869987067,0.8133896420869450,0.1977600375133043,0.0275081432757141,0.8107661376013805,0.5502658809477453,-0.1681956282979398,-0.4599773970031907,0.6682209380689197,0.5600105381097065,-0.0758730481809833,-0.4888727132262621,0.5593730967863140,0.6650928427025867,0.4010566690856007,-0.8200183166447620,0.4003909684500071,-0.0800661035190225,0.4993497907350203,-0.7529034911064794,0.4260557753622534,-0.0475667515501707,0.4993497907350203,-0.7529034911064794,0.4260557753622534,-0.0475667515501707,-0.4975455636284341,0.4501589688021284,0.6432030847201249,0.3689107029176351
1.8308456578848187,1.7052580324588513,0.1350792170901379,-0.5408110274183066,0.3991527407520774,0.6039181077814652,0.4283496717245328,-0.0691891268769309,0.2563000193181043,0.2762791719968633,1.9439695379964843,-0.2212856773026897,-0.2618372772951232,-0.0642353039873029,-0.2763212524240035,0.1031657299885605,1.9619609127417690,-0.2301854142734477,-0.2616744605755859,0.1948959034558384,-1.0148289395922179,0.8289325038006266,-0.5426258994145416,-2.2026577320490488,0.0710413633327281,-1.7575514346544421,-1.2927339494860826,-0.3596405164440256,-2.0093372458803973,-0.2526084246492912,0.0013939127438378,-0.0795394078594215,-0.0352937719712779,-0.0799206148068038,-0.0837944714190661,-0.2801496603601005,0.1351426290457346,0.1953581288424344,0.1347000663681893,-0.0881002161334799,-0.0144575745036277,-0.0067715924372233,-0.0018441739945224,-0.0397212317166869,-0.0251888448201073,-0.2311070760116154,0.0496659089411157,-0.0004555068733323,-0.0026250629315750,0.1903665974214254,-0.0843240697090064,-1.3876950750232768,0.1840065200335547,-0.0114345764370312,-0.0873422593063237,-0.0506947847279638,-0.7861069239592867,-0.0005313141799400,-0.5100487798021338,-0.0182235007454497,-0.0008076053734496,0.0000000000000000,0.0000000000000000,-0.5408110274183066,0.3991527407520774,0.6039181077814652,0.4283496717245328,-0.5408110274183066,0.3991527407520774,0.6039181077814652,0.4283496717245328,-0.5166001524791806,0.3893882815006071,0.6255788891370352,0.4360643325870211,-0.4567023641123614,0.4660671247261010,0.5707482943938317,0.4984483627320454,-0.3881278040432002,0.5245497324991006,0.6339845219738098,0.4150518181641474,-0.7424481872379221,0.6385007796317532,0.0367458248088201,-0.1993418873089290,-0.7338517864492973,0.6566064686118230,0.1184952399842794,-0.1276259338980662,-0.7109112535850052,0.6355189020912517,0.2031967066823449,-0.2223331127033823,-0.7109112535850052,0.6355189020912517,0.2031967066823449,-0.2223331127033823,-0.5251370191067716,0.3811880519453423,0.6168058133379560,0.4455079896593008,-0.5814797209814249,0.2926249959232216,0.6634186868594500,0.3689547286239624,-0.5655440698224584,0.3223475752047026,0.6816368073663610,0.3341005966646770,-0.8810342253285608,0.4569483770804579,-0.0908158899513629,-0.0820326070265980,-0.8856346194279425,0.4633457831147679,0.0109614295910129,-0.0290147066469253,-0.8742801079839222,0.4579556849160106,0.0713166062149892,-0.1443080909537129,-0.8742801079839222,0.4579556849160106,0.0713166062149892,-0.1443080909537129,-0.4994958073329643,0.4497815206118740,0.6426587244533675,0.3676823167584091,-0.1386863370683667,0.1996069910481012,0.7926946186697567,0.5590692180466491,0.0989815534353135,0.5028206546421883,0.6444991067553693,0.5674459822188050,-0.0500759392243234,0.5204514161157318,0.4706847165309661,0.7106888358473735,0.3653968243474444,-0.4010264923804783,0.2189776986652081,0.8109942543896979,0.3455310936156057,-0.4169136192055679,0.2431081370537703,0.8047917315454746,0.3455310936156057,-0.4169136192055679,0.2431081370537703,0.8047917315454746,0.1968226559122973,0.0286387922073247,0.8116931405349088,0.5491765720686853,-0.1732067757512180,-0.4654900838172175,0.6655711206763387,0.5570758278936089,-0.0798497915324230,-0.4951578962092584,0.5573469423222327,0.6616698984372100,0.3986939057855256,-0.8200050652182731,0.4003348221614836,-0.0914707202922968,0.4968327176710182,-0.7529864593253767,0.4274506791525275,-0.0587755018379789,0.4968327176710182,-0.7529864593253767,0.4274506791525275,-0.0587755018379789,-0.4991818444197987,0.4501299412711705,0.6429151234611824,0.3672338031795996
1.8293417544595489,1.7044758375743716,0.1335413454634727,-0.5431947581280858,0.3977912085757764,0.6027654491916349,0.4282235658891281,-0.0652188515377543,0.2588291567683150,0.2733214910722043,1.9440743648565568,-0.2214170924123129,-0.2618634514028627,-0.0649009099289825,-0.2769172872762982,0.0971654648948455,1.9629355051284771,-0.2301934255901925,-0.2617246526648552,0.1989790627368819,-1.0178490328146081,0.8003653333441905,-0.5404015209174702,-2.2031874545678742,0.0705440860117569,-1.7585859788185179,-1.3066412672767795,-0.3598459268215102,-2.0189587989919824,-0.2529703525982394,0.0013727937759307,-0.0827831074215377,-0.0394500644348500,-0.0746840239719825,-0.0622916214943717,-0.2699281775332323,0.1197328871488937,0.1987544596501278,0.1168721340434106,-0.1891974908675194,0.0103618330679650,-0.0064127989036208,-0.0010474402885678,-0.0349011734752749,-0.0333655305080227,-0.3451045150312457,0.0442045995480782,-0.0003529166985119,-0.0024265750957233,0.2194672705613546,-0.1894093573958509,-1.4297055825543510,0.0667278592258222,-0.0259050258158061,-0.0018111176484246,-0.0669171753862604,-0.5658943351828060,-0.0257629826454755,-0.4571978180886935,-0.0179994621320406,-0.0011006061847473,0.0000000000000000,0.0000000000000000,-0.5431947581280858,0.3977912085757764,0.6027654491916349,0.4282235658891281,-0.5431947581280858,0.3977912085757764,0.6027654491916349,0.4282235658891281,-0.5204268804143263,0.3886207005959992,0.6232875335256682,0.4354795790412872,-0.4599329620952352,0.4657420511071262,0.5679768835179503,0.4989471635334419,-0.3920948718439646,0.5241331884786871,0.6307346336400869,0.4167971138764469,-0.7420006408223033,0.6397021697373674,0.0316166984158797,-0.1980317334011776,-0.7339657956231255,0.6576641943061301,0.1133965495715897,-0.1261476948986362,-0.7112141943573241,0.6372304225889074,0.1982885736855146,-0.2208922810276298,-0.7112141943573241,0.6372304225889074,0.1982885736855146,-0.2208922810276298,-0.5273762887640046,0.3796199889858858,0.6158617340397841,0.4455078434296884,-0.5838044644356677,0.2910099016884259,0.6623520579053306,0.3684770492348875,-0.5688730046694279,0.3192145362199239,0.6795809953196751,0.3356415576542868,-0.8811307474823831,0.4564474165357555,-0.0951600256538438,-0.0787967721200021,-0.8862293489436007,0.4624766451765319,0.0066607591387896,-0.0258559088983016,-0.8752782833249555,0.4576533544531574,0.0669508790369288,-0.1412760195279952,-0.8752782833249555,0.4576533544531574,0.0669508790369288,-0.1412760195279952,-0.5010965531644493,0.4496672495131425,0.6422378937038041,0.3663769875591193,-0.1391914074054841,0.1992964181681998,0.7932895063163142,0.5582100401983340,0.0900897265928011,0.4935379740640669,0.6522634216963206,0.5682046621035236,-0.0556266981660708,0.5091552638908368,0.4786914834519979,0.7131066199201348,0.3707013757810174,-0.4088142289001557,0.2272721467717574,0.8023707294914174,0.3508365929291557,-0.4247761789466164,0.2508053532791658,0.7959745960945535,0.3508365929291557,-0.4247761789466164,0.2508053532791658,0.7959745960945535,0.1958795266713863,0.0293659574375608,0.8125109123711478,0.5482653270566857,-0.1773944402739245,-0.4701718124162125,0.6633059693592946,0.5545222000799264,-0.0831182862094459,-0.5004925863600059,0.5555706354775400,0.6587410648284799,0.3968650466441946,-0.8198685684557844,0.4000025700163561,-0.1015460939213064,0.4948616122071975,-0.7529011680496206,0.4284044214311916,-0.0687129362741608,0.4948616122071975,-0.7529011680496206,0.4284044214311916,-0.0687129362741608,-0.5007872896592198,0.4500116458423929,0.6424896251670583,0.3659353640667801
1.8277943387014952,1.7036559080601223,0.1320573100504706,-0.5454952618505775,0.3963728850561216,0.6015246671175289,0.4283591135250929,-0.0614028194732807,0.2609255799031934,0.2686104161726275,1.9443752279738620,-0.2215399059228376,-0.2618800703150649,-0.0659176402042621,-0.2775663816941562,0.0895199969929469,1.9637900628417051,-0.2301991131901721,-0.2617716162364087,0.2022625448107274,-1.0221638573342722,0.7741150352814603,-0.5391198165626594,-2.2034225748805452,0.0697633424179378,-1.7596913426811709,-1.3181329427883448,-0.3600043562302802,-2.0273472687434348,-0.2533281545399449,0.0013582107330585,-0.0837679096774634,-0.0376684689349078,-0.0743298524987607,-0.0622881915916531,-0.2966106704684724,0.0905400230775601,0.2067130447787840,0.0869330605912333,-0.2646404290444728,-0.0107568140230747,-0.0064308385653699,-0.0007935123536420,-0.0678865561406689,-0.0376672223233035,-0.4167699203528946,0.0334404484433776,-0.0002801494900475,-0.0022645553703500,0.1007692537385521,-0.2312420536862795,-1.1831183300501973,0.0815478416186736,0.0007413092885600,-0.1048691709358758,-0.0616219041664686,-0.5029210661449748,-0.0025004914979607,-0.3934505634738182,-0.0177997225087858,-0.0005563379751371,0.0000000000000000,0.0000000000000000,-0.5454952618505775,0.3963728850561216,0.6015246671175289,0.4283591135250929,-0.5454952618505775,0.3963728850561216,0.6015246671175289,0.4283591135250929,-0.5241087680261053,0.3877600179776470,0.6209466710939636,0.4351751364605506,-0.4630849740907589,0.4651964387692499,0.5652653122570919,0.4996195621537068,-0.3964856414414087,0.5231200206482505,0.6271858135327205,0.4192642787444082,-0.7415484113344510,0.6411354734774571,0.0258623706039799,-0.1959142569669997,-0.7341454418979871,0.6588623976866402,0.1076725531707822,-0.1238443876350731,-0.7116911434321216,0.6391640268311605,0.1927754771662594,-0.2186382367486905,-0.7116911434321216,0.6391640268311605,0.1927754771662594,-0.2186382367486905,-0.5294667447708776,0.3779090479505204,0.6148808214742676,0.4458377429536360,-0.5860384302793138,0.2892389331323534,0.6612371077761721,0.3683276871157257,-0.5723780612641919,0.3154101412244525,0.6771966448087808,0.3380894882363942,-0.8810532861095255,0.4563351427848358,-0.0997850078540441,-0.0744734630772574,-0.8866835381800225,0.4618686779451236,0.0020600673245090,-0.0215727507842605,-0.8762842430560882,0.4576494411996350,0.0623210118163982,-0.1371094665858700,-0.8762842430560882,0.4576494411996350,0.0623210118163982,-0.1371094665858700,-0.5027359884911947,0.4493696369192346,0.6416610986682059,0.3655057998811624,-0.1392450561884336,0.1982140296156100,0.7938310286910732,0.5578120746971110,0.0822837059603774,0.4839753826515372,0.6597153421260443,0.5690104463753205,-0.0603960681156402,0.4978829932403284,0.4859769607433129,0.7157452295509314,0.3756921000304350,-0.4166561064278225,0.2345754848181688,0.7938686773474882,0.3558001964340520,-0.4326919633744640,0.2575541610059500,0.7873053659141181,0.3558001964340520,-0.4326919633744640,0.2575541610059500,0.7873053659141181,0.1948301496481281,0.0296134408387349,0.8132720166998939,0.5474969258020241,-0.1809722197262076,-0.4742869314579499,0.6613170462596769,0.5522324933050828,-0.0858705842984780,-0.5051674813250838,0.5539963399104612,0.6561403157326356,0.3953107358817445,-0.8196609032209167,0.3996243824282484,-0.1103892150372795,0.4931848482489845,-0.7527239891941384,0.4291599412586821,-0.0774405989654925,0.4931848482489845,-0.7527239891941384,0.4291599412586821,-0.0774405989654925,-0.5024304530643929,0.4497112235008732,0.6419093707395648,0.3650696030178265
1.8262183760157555,1.7028051803155022,0.1306208282850622,-0.5477083437838330,0.3948861840428678,0.6001747631048729,0.4288014989871697,-0.0573562112906790,0.2624398823751332,0.2622886929575621,1.9446748407017458,-0.2216600202677624,-0.2618915860813859,-0.0671259362058204,-0.2783300536669331,0.0804015897476101,1.9645252661273611,-0.2302029081520094,-0.2618126370508109,0.2045146196105604,-1.0279701220445780,0.7498717323134161,-0.5384464981555296,-2.2038928224110110,0.0692559002674022,-1.7603390683898148,-1.3271749851107200,-0.3600074531218367,-2.0342788361005884,-0.2536813136902991,0.0013408880686194,-0.0850296591897647,-0.0426998928776963,-0.0665866812857859,-0.0198305833031795,-0.2820182994623160,0.0738021000089793,0.2416643379313513,0.0530182553646538,-0.3542749531076296,-0.0153643552177827,-0.0064894270312037,-0.0006288661514204,-0.0570317329938567,-0.0460446395923839,-0.5039186536892786,0.0312240247639105,-0.0001156285385945,-0.0015253238131325,0.0925697503202559,-0.3116877588189879,-1.2060961829540491,0.0140033441137970,-0.0284483026638182,0.0051938031168314,-0.0164946207553337,-0.3861611305860567,0.0000277876866080,-0.3197208477310728,-0.0175572556047845,-0.0009138228552799,0.0000000000000000,0.0000000000000000,-0.5477083437838330,0.3948861840428678,0.6001747631048729,0.4288014989871697,-0.5477083437838330,0.3948861840428678,0.6001747631048729,0.4288014989871697,-0.5277608588305989,0.3868434576080865,0.6184306727384882,0.4351598766067840,-0.4663123121662061,0.4644056980236953,0.5625226264969995,0.5004482688992435,-0.4013935461619569,0.5215391125641470,0.6232848550079171,0.4223697014264781,-0.7410942749860370,0.6427803400228154,0.0194952549516884,-0.1929576251342350,-0.7343918126527892,0.6601776088236447,0.1013383189680079,-0.1206844456638256,-0.7123467077315414,0.6412939056433126,0.1866709850729701,-0.2155417312277791,-0.7123467077315414,0.6412939056433126,0.1866709850729701,-0.2155417312277791,-0.5314041599527088,0.3760404807700756,0.6138428967721389,0.4465423537466034,-0.5881923503304709,0.2872853838944152,0.6600580681243422,0.3685379409468142,-0.5760144970791897,0.3109830090877202,0.6745084163219128,0.3413726168342465,-0.8807992538475056,0.4565804715572791,-0.1046278115806887,-0.0691373159592342,-0.8869873657693230,0.4614995855037073,-0.0027780388917046,-0.0162427844109534,-0.8772782845934846,0.4579137062804292,0.0574858462640876,-0.1318833820484475,-0.8772782845934846,0.4579137062804292,0.0574858462640876,-0.1318833820484475,-0.5045791402322437,0.4486863263359570,0.6407775083766829,0.3653555207742237,-0.1390608441924687,0.1960388441731920,0.7942602478639871,0.5580156914019140,0.0756397090670141,0.4740930272205861,0.6667206096278591,0.5700860151332742,-0.0640810630541331,0.4866169912314795,0.4926235638270394,0.7186233683683150,0.3806217802383798,-0.4246905252317130,0.2405834358263371,0.7854200332259005,0.3607406515845133,-0.4407504077144233,0.2629657968429648,0.7787517255741374,0.3607406515845133,-0.4407504077144233,0.2629657968429648,0.7787517255741374,0.1932433381376835,0.0291768341116826,0.8140607126183466,0.5469103041522763,-0.1844206961140293,-0.4781784755461591,0.6594630217091950,0.5499480660638305,-0.0885866477895491,-0.5095871601469026,0.5526165710941954,0.6535198982425253,0.3937089594594464,-0.8193102699317869,0.3996222561821975,-0.1184313691110328,0.4914656885709554,-0.7524085696905624,0.4301888383185799,-0.0853251697905770,0.4914656885709554,-0.7524085696905624,0.4301888383185799,-0.0853251697905770,-0.5042777974519870,0.4490249783646116,0.6410226482517339,0.3649252474548287
1.8246298140752930,1.7019346522045480,0.1292725062544943,-0.5498448081735141,0.3935380467705213,0.5987328080341981,0.4293221602155652,-0.0535285747916958,0.2633971926646691,0.2541141369464301,1.9448367549810666,-0.2217794380380552,-0.2618987021135874,-0.0689927853396083,-0.2791538840163866,0.0697972588576727,1.9650865234247952,-0.2302061373856207,-0.2618329012488236,0.2059727271462833,-1.0343292922117675,0.7281771255277555,-0.5377556143638215,-2.2040681891051221,0.0682765773006541,-1.7614679214383906,-1.3312960702107435,-0.3603632727528178,-2.0399985799339890,-0.2540300246255602,0.0013241639874157,-0.0849764712137111,-0.0434731367196551,-0.0668585828822305,-0.0210060188126557,-0.3084392434342232,0.0581501324652743,0.2114171052173036,0.0400881328618059,-0.4304616883157570,-0.0008758184630934,-0.0059741271028038,-0.0003550275909079,-0.0874223104278530,-0.0363650959492517,-0.5517317095667336,0.0212526338107249,-0.0001935969925957,-0.0007187864792277,0.0597007477832669,-0.3425855486106393,-1.0387387407815256,0.0277882766800953,-0.0200483682918231,-0.0209893696698467,-0.0369211517242591,-0.2251092486055060,-0.0062899634275830,-0.2510660757103662,-0.0173376658828605,-0.0008518903349695,0.0000000000000000,0.0000000000000000,-0.5498448081735141,0.3935380467705213,0.5987328080341981,0.4293221602155652,-0.5498448081735141,0.3935380467705213,0.5987328080341981,0.4293221602155652,-0.5312984748178481,0.3860480336685818,0.6158373742079499,0.4352392157027080,-0.4695628271194701,0.4635531854857236,0.5598278306736449,0.5012205059819985,-0.4068147783918730,0.5194925798010616,0.6190109401783574,0.4259749424005076,-0.7406180356218155,0.6445935300278340,0.0125591914630678,-0.1892785594507045,-0.7346799153002996,0.6615798172729408,0.0944363808755257,-0.1167875738192227,-0.7131403521600558,0.6435846147450984,0.1800136892549240,-0.2117185713754642,-0.7131403521600558,0.6435846147450984,0.1800136892549240,-0.2117185713754642,-0.5331275115376118,0.3741429599777696,0.6128270613235559,0.4474763623369646,-0.5901841818586208,0.2852692951792306,0.6589092432341022,0.3689751616199650,-0.5797025886962767,0.3060079213795293,0.6715728148828031,0.3453896567967906,-0.8803733051843354,0.4571413278908267,-0.1095809315053718,-0.0629020612018128,-0.8871331001796957,0.4613406435490697,-0.0077459406361085,-0.0099836656071440,-0.8782384077124157,0.4584040158760383,0.0525447163407388,-0.1257064446723153,-0.8782384077124157,0.4584040158760383,0.0525447163407388,-0.1257064446723153,-0.5065008015097791,0.4479491549286337,0.6396748665491421,0.3655332512563157,-0.1387945461509127,0.1934686710794557,0.7945664934985093,0.5585427778415868,0.0697928926061316,0.4644293231120322,0.6731058186596419,0.5712818156233428,-0.0670906096901326,0.4757764518349555,0.4986038520094455,0.7214775233727595,0.3852125050747577,-0.4323857278726699,0.2457372856647045,0.7773461871651496,0.3654117111220981,-0.4484031320299681,0.2674841172389656,0.7706238768591509,0.3654117111220981,-0.4484031320299681,0.2674841172389656,0.7706238768591509,0.1915785686642600,0.0283602641054198,0.8147600338451861,0.5464974242363971,-0.1866966933281696,-0.4807164684347248,0.6584450579260082,0.5481843917595526,-0.0902901160634941,-0.5124934866113365,0.5518451551146485,0.6516632918146361,0.3930265499831002,-0.8188863174018502,0.3993800029631953,-0.1243018238544295,0.4907043056515961,-0.7519321442070176,0.4307044846080630,-0.0911097242983778,0.4907043056515961,-0.7519321442070176,0.4307044846080630,-0.0911097242983778,-0.5062037295595799,0.4482848330150122,0.6399170503468178,0.3651091088210534
